q_id,name,event_type,event_date,date_precision,date_raw,source_url,source_field,verification_status,saturn_sign,saturn_degree,saturn_retrograde,jupiter_sign,jupiter_retrograde,venus_sign,mars_sign,planetary_data_status
Q8,Patrick Anthony Porteous,death,2000-10-09,day,9 October 2000,https://en.wikipedia.org/wiki/Patrick_Anthony_Porteous,death_date,candidate_extraction_only,Taurus,6.47165532,True,Taurus,True,Libra,Leo,date_only_midpoint
Q12,Dedee Pfeiffer,career_period_candidate,1985-07-01,year,1985,https://en.wikipedia.org/wiki/Dedee_Pfeiffer,career_active,candidate_extraction_only,,,,,,,,not_exact_day
Q23,Isaac Asimov,career_period_candidate,1939-07-01,year,1939,https://en.wikipedia.org/wiki/Isaac_Asimov,career_active,candidate_extraction_only,,,,,,,,not_exact_day
Q23,Isaac Asimov,career_period_candidate,1992-07-01,year,1992,https://en.wikipedia.org/wiki/Isaac_Asimov,career_active,candidate_extraction_only,,,,,,,,not_exact_day
Q28,Brian Boucher,career_period_candidate,1997-07-01,year,1997,https://en.wikipedia.org/wiki/Brian_Boucher,career_active,candidate_extraction_only,,,,,,,,not_exact_day
Q28,Brian Boucher,career_period_candidate,2013-07-01,year,2013,https://en.wikipedia.org/wiki/Brian_Boucher,career_active,candidate_extraction_only,,,,,,,,not_exact_day
Q33,Savitribai Phule,career_period_candidate,1848-07-01,year,1848,https://en.wikipedia.org/wiki/Savitribai_Phule,career_active,candidate_extraction_only,,,,,,,,not_exact_day
Q33,Savitribai Phule,career_period_candidate,1897-07-01,year,1897,https://en.wikipedia.org/wiki/Savitribai_Phule,career_active,candidate_extraction_only,,,,,,,,not_exact_day
Q37,Betty Furness,marriage_or_spouse_date_candidate,1937-07-01,year,1937,https://en.wikipedia.org/wiki/Betty_Furness,spouse,candidate_extraction_only,,,,,,,,not_exact_day
Q37,Betty Furness,marriage_or_spouse_date_candidate,1943-07-01,year,1943,https://en.wikipedia.org/wiki/Betty_Furness,spouse,candidate_extraction_only,,,,,,,,not_exact_day
Q37,Betty Furness,marriage_or_spouse_date_candidate,1945-07-01,year,1945,https://en.wikipedia.org/wiki/Betty_Furness,spouse,candidate_extraction_only,,,,,,,,not_exact_day
Q37,Betty Furness,marriage_or_spouse_date_candidate,1946-07-01,year,1946,https://en.wikipedia.org/wiki/Betty_Furness,spouse,candidate_extraction_only,,,,,,,,not_exact_day
Q37,Betty Furness,marriage_or_spouse_date_candidate,1950-07-01,year,1950,https://en.wikipedia.org/wiki/Betty_Furness,spouse,candidate_extraction_only,,,,,,,,not_exact_day
Q37,Betty Furness,marriage_or_spouse_date_candidate,1967-07-01,year,1967,https://en.wikipedia.org/wiki/Betty_Furness,spouse,candidate_extraction_only,,,,,,,,not_exact_day
Q37,Betty Furness,marriage_or_spouse_date_candidate,1994-07-01,year,1994,https://en.wikipedia.org/wiki/Betty_Furness,spouse,candidate_extraction_only,,,,,,,,not_exact_day
Q38,Jill Balcon,career_period_candidate,1946-07-01,year,1946,https://en.wikipedia.org/wiki/Jill_Balcon,career_active,candidate_extraction_only,,,,,,,,not_exact_day
Q38,Jill Balcon,career_period_candidate,1999-07-01,year,1999,https://en.wikipedia.org/wiki/Jill_Balcon,career_active,candidate_extraction_only,,,,,,,,not_exact_day
Q45,Rondae Hollis-Jefferson,career_period_candidate,2015-07-01,year,2015,https://en.wikipedia.org/wiki/Rondae_Hollis-Jefferson,career_active,candidate_extraction_only,,,,,,,,not_exact_day
Q52,Sorrell Booke,career_period_candidate,1939-07-01,year,1939,https://en.wikipedia.org/wiki/Sorrell_Booke,career_active,candidate_extraction_only,,,,,,,,not_exact_day
Q52,Sorrell Booke,career_period_candidate,1993-07-01,year,1993,https://en.wikipedia.org/wiki/Sorrell_Booke,career_active,candidate_extraction_only,,,,,,,,not_exact_day
Q54,Chris Cutler,career_period_candidate,1960-07-01,year,1960,https://en.wikipedia.org/wiki/Chris_Cutler,career_active,candidate_extraction_only,,,,,,,,not_exact_day
Q55,Patty Loveless,career_period_candidate,1973-07-01,year,1973,https://en.wikipedia.org/wiki/Patty_Loveless,career_active,candidate_extraction_only,,,,,,,,not_exact_day
Q56,Deana Carter,career_period_candidate,1994-07-01,year,1994,https://en.wikipedia.org/wiki/Deana_Carter,career_active,candidate_extraction_only,,,,,,,,not_exact_day
Q57,Shane Carwin,career_period_candidate,2005-07-01,year,2005,https://en.wikipedia.org/wiki/Shane_Carwin,career_active,candidate_extraction_only,,,,,,,,not_exact_day
Q57,Shane Carwin,career_period_candidate,2011-07-01,year,2011,https://en.wikipedia.org/wiki/Shane_Carwin,career_active,candidate_extraction_only,,,,,,,,not_exact_day
Q70,Pamela Sue Martin,career_period_candidate,1968-07-01,year,1968,https://en.wikipedia.org/wiki/Pamela_Sue_Martin,career_active,candidate_extraction_only,,,,,,,,not_exact_day
Q70,Pamela Sue Martin,career_period_candidate,2019-07-01,year,2019,https://en.wikipedia.org/wiki/Pamela_Sue_Martin,career_active,candidate_extraction_only,,,,,,,,not_exact_day
Q71,Iris DeMent,career_period_candidate,1991-07-01,year,1991,https://en.wikipedia.org/wiki/Iris_DeMent,career_active,candidate_extraction_only,,,,,,,,not_exact_day
Q76,Gertrude the Great,death,1302-07-01,year,1302,https://en.wikipedia.org/wiki/Gertrude_the_Great,death_date,candidate_extraction_only,,,,,,,,not_exact_day
Q81,Tom Mix,career_period_candidate,1909-07-01,year,1909,https://en.wikipedia.org/wiki/Tom_Mix,career_active,candidate_extraction_only,,,,,,,,not_exact_day
Q81,Tom Mix,career_period_candidate,1935-07-01,year,1935,https://en.wikipedia.org/wiki/Tom_Mix,career_active,candidate_extraction_only,,,,,,,,not_exact_day
Q83,Henry Corden,career_period_candidate,1947-07-01,year,1947,https://en.wikipedia.org/wiki/Henry_Corden,career_active,candidate_extraction_only,,,,,,,,not_exact_day
Q83,Henry Corden,career_period_candidate,2005-07-01,year,2005,https://en.wikipedia.org/wiki/Henry_Corden,career_active,candidate_extraction_only,,,,,,,,not_exact_day
Q84,Vic Tayback,career_period_candidate,1955-07-01,year,1955,https://en.wikipedia.org/wiki/Vic_Tayback,career_active,candidate_extraction_only,,,,,,,,not_exact_day
Q84,Vic Tayback,career_period_candidate,1989-07-01,year,1989,https://en.wikipedia.org/wiki/Vic_Tayback,career_active,candidate_extraction_only,,,,,,,,not_exact_day
Q87,Kapil Dev,marriage_or_spouse_date_candidate,1980-07-01,year,1980,https://en.wikipedia.org/wiki/Kapil_Dev,spouse,candidate_extraction_only,,,,,,,,not_exact_day
Q88,Norman Reedus,career_period_candidate,1992-07-01,year,1992,https://en.wikipedia.org/wiki/Norman_Reedus,career_active,candidate_extraction_only,,,,,,,,not_exact_day
Q89,Rinko Kikuchi,career_period_candidate,1999-07-01,year,1999,https://en.wikipedia.org/wiki/Rinko_Kikuchi,career_active,candidate_extraction_only,,,,,,,,not_exact_day
Q97,W. L. Jeyasingham,death,1989-12-01,month,December 1989,https://en.wikipedia.org/wiki/W._L._Jeyasingham,death_date,candidate_extraction_only,Sagittarius,18.41914246,False,Gemini,True,Capricorn,Libra,date_only_midpoint
Q102,Five for Fighting,career_period_candidate,1988-07-01,year,1988,https://en.wikipedia.org/wiki/Five_for_Fighting,career_active,candidate_extraction_only,,,,,,,,not_exact_day
Q105,Jarnell Stokes,career_period_candidate,2014-07-01,year,2014,https://en.wikipedia.org/wiki/Jarnell_Stokes,career_active,candidate_extraction_only,,,,,,,,not_exact_day
Q105,Jarnell Stokes,career_period_candidate,2020-07-01,year,2020,https://en.wikipedia.org/wiki/Jarnell_Stokes,career_active,candidate_extraction_only,,,,,,,,not_exact_day
Q114,Saeed Jaffrey,career_period_candidate,1961-07-01,year,1961,https://en.wikipedia.org/wiki/Saeed_Jaffrey,career_active,candidate_extraction_only,,,,,,,,not_exact_day
Q114,Saeed Jaffrey,career_period_candidate,2011-07-01,year,2011,https://en.wikipedia.org/wiki/Saeed_Jaffrey,career_active,candidate_extraction_only,,,,,,,,not_exact_day
Q117,Paul Hester,career_period_candidate,1976-07-01,year,1976,https://en.wikipedia.org/wiki/Paul_Hester,career_active,candidate_extraction_only,,,,,,,,not_exact_day
Q117,Paul Hester,career_period_candidate,2005-07-01,year,2005,https://en.wikipedia.org/wiki/Paul_Hester,career_active,candidate_extraction_only,,,,,,,,not_exact_day
Q133,Angela Bettis,marriage_or_spouse_date_candidate,2001-04-01,month,April 2001,https://en.wikipedia.org/wiki/Angela_Bettis,spouse,candidate_extraction_only,Taurus,3.96516159,False,Taurus,False,Pisces,Scorpio,date_only_midpoint
Q133,Angela Bettis,career_period_candidate,1993-07-01,year,1993,https://en.wikipedia.org/wiki/Angela_Bettis,career_active,candidate_extraction_only,,,,,,,,not_exact_day
Q135,Radek Faksa,career_period_candidate,2013-07-01,year,2013,https://en.wikipedia.org/wiki/Radek_Faksa,career_active,candidate_extraction_only,,,,,,,,not_exact_day
Q137,"Thomas Erskine, 1st Baron Erskine",marriage_or_spouse_date_candidate,1805-07-01,year,1805,https://en.wikipedia.org/wiki/Thomas_Erskine%2C_1st_Baron_Erskine,spouse,candidate_extraction_only,,,,,,,,not_exact_day
Q137,"Thomas Erskine, 1st Baron Erskine",marriage_or_spouse_date_candidate,1856-07-01,year,1856,https://en.wikipedia.org/wiki/Thomas_Erskine%2C_1st_Baron_Erskine,spouse,candidate_extraction_only,,,,,,,,not_exact_day
Q149,Sarah Shahi,career_period_candidate,1997-07-01,year,1997,https://en.wikipedia.org/wiki/Sarah_Shahi,career_active,candidate_extraction_only,,,,,,,,not_exact_day
Q153,Joseph Jackson Lister,death,1869-10-24,day,24 October 1869,https://en.wikipedia.org/wiki/Joseph_Jackson_Lister,death_date,candidate_extraction_only,Scorpio,22.23400361,False,Aries,True,Scorpio,Scorpio,date_only_midpoint
Q155,John Ernest Adamson,death,1950-04-25,day,25 April 1950,https://en.wikipedia.org/wiki/John_Ernest_Adamson,death_date,candidate_extraction_only,Leo,19.756771,True,Aquarius,False,Aquarius,Leo,date_only_midpoint
Q155,John Ernest Adamson,career_period_candidate,1891-07-01,year,1891,https://en.wikipedia.org/wiki/John_Ernest_Adamson,career_active,candidate_extraction_only,,,,,,,,not_exact_day
Q155,John Ernest Adamson,career_period_candidate,1950-07-01,year,1950,https://en.wikipedia.org/wiki/John_Ernest_Adamson,career_active,candidate_extraction_only,,,,,,,,not_exact_day
Q156,George Zucco,career_period_candidate,1907-07-01,year,1907,https://en.wikipedia.org/wiki/George_Zucco,career_active,candidate_extraction_only,,,,,,,,not_exact_day
Q156,George Zucco,career_period_candidate,1951-07-01,year,1951,https://en.wikipedia.org/wiki/George_Zucco,career_active,candidate_extraction_only,,,,,,,,not_exact_day
Q158,"Don ""Red"" Barry",career_period_candidate,1933-07-01,year,1933,https://en.wikipedia.org/wiki/Don_%22Red%22_Barry,career_active,candidate_extraction_only,,,,,,,,not_exact_day
Q158,"Don ""Red"" Barry",career_period_candidate,1980-07-01,year,1980,https://en.wikipedia.org/wiki/Don_%22Red%22_Barry,career_active,candidate_extraction_only,,,,,,,,not_exact_day
Q160,Felix Silla,career_period_candidate,1955-07-01,year,1955,https://en.wikipedia.org/wiki/Felix_Silla,career_active,candidate_extraction_only,,,,,,,,not_exact_day
Q160,Felix Silla,career_period_candidate,2021-07-01,year,2021,https://en.wikipedia.org/wiki/Felix_Silla,career_active,candidate_extraction_only,,,,,,,,not_exact_day
Q164,Darren Lynn Bousman,career_period_candidate,2000-07-01,year,2000,https://en.wikipedia.org/wiki/Darren_Lynn_Bousman,career_active,candidate_extraction_only,,,,,,,,not_exact_day
Q170,Ferenc Molnár,marriage_or_spouse_date_candidate,1906-07-01,year,1906,https://en.wikipedia.org/wiki/Ferenc_Moln%C3%A1r,spouse,candidate_extraction_only,,,,,,,,not_exact_day
Q170,Ferenc Molnár,marriage_or_spouse_date_candidate,1910-07-01,year,1910,https://en.wikipedia.org/wiki/Ferenc_Moln%C3%A1r,spouse,candidate_extraction_only,,,,,,,,not_exact_day
Q170,Ferenc Molnár,marriage_or_spouse_date_candidate,1922-07-01,year,1922,https://en.wikipedia.org/wiki/Ferenc_Moln%C3%A1r,spouse,candidate_extraction_only,,,,,,,,not_exact_day
Q170,Ferenc Molnár,marriage_or_spouse_date_candidate,1925-07-01,year,1925,https://en.wikipedia.org/wiki/Ferenc_Moln%C3%A1r,spouse,candidate_extraction_only,,,,,,,,not_exact_day
Q170,Ferenc Molnár,marriage_or_spouse_date_candidate,1926-07-01,year,1926,https://en.wikipedia.org/wiki/Ferenc_Moln%C3%A1r,spouse,candidate_extraction_only,,,,,,,,not_exact_day
Q170,Ferenc Molnár,marriage_or_spouse_date_candidate,1952-07-01,year,1952,https://en.wikipedia.org/wiki/Ferenc_Moln%C3%A1r,spouse,candidate_extraction_only,,,,,,,,not_exact_day
Q172,Jean Delannoy,career_period_candidate,1927-07-01,year,1927,https://en.wikipedia.org/wiki/Jean_Delannoy,career_active,candidate_extraction_only,,,,,,,,not_exact_day
Q172,Jean Delannoy,career_period_candidate,1995-07-01,year,1995,https://en.wikipedia.org/wiki/Jean_Delannoy,career_active,candidate_extraction_only,,,,,,,,not_exact_day
Q178,Brian Culbertson,career_period_candidate,1994-07-01,year,1994,https://en.wikipedia.org/wiki/Brian_Culbertson,career_active,candidate_extraction_only,,,,,,,,not_exact_day
Q180,Allisha Gray,career_period_candidate,2017-07-01,year,2017,https://en.wikipedia.org/wiki/Allisha_Gray,career_active,candidate_extraction_only,,,,,,,,not_exact_day
Q186,Shimizugawa Motokichi,debut_or_career_start,1917-01-01,month,January 1917,https://en.wikipedia.org/wiki/Shimizugawa_Motokichi,debut,candidate_extraction_only,Cancer,5.74846038,True,Aries,False,Scorpio,Capricorn,date_only_midpoint
Q188,Michael Bond,career_period_candidate,1945-07-01,year,1945,https://en.wikipedia.org/wiki/Michael_Bond,career_active,candidate_extraction_only,,,,,,,,not_exact_day
Q188,Michael Bond,career_period_candidate,2017-07-01,year,2017,https://en.wikipedia.org/wiki/Michael_Bond,career_active,candidate_extraction_only,,,,,,,,not_exact_day
Q192,Patrick Dempsey,career_period_candidate,1983-07-01,year,1983,https://en.wikipedia.org/wiki/Patrick_Dempsey,career_active,candidate_extraction_only,,,,,,,,not_exact_day
Q193,Rune Eriksen,career_period_candidate,1990-07-01,year,1990,https://en.wikipedia.org/wiki/Rune_Eriksen,career_active,candidate_extraction_only,,,,,,,,not_exact_day
Q194,Ender Arslan,career_period_candidate,2000-07-01,year,2000,https://en.wikipedia.org/wiki/Ender_Arslan,career_active,candidate_extraction_only,,,,,,,,not_exact_day
Q194,Ender Arslan,career_period_candidate,2021-07-01,year,2021,https://en.wikipedia.org/wiki/Ender_Arslan,career_active,candidate_extraction_only,,,,,,,,not_exact_day
Q204,Frank Costigan,death,2009-04-13,day,13 April 2009,https://en.wikipedia.org/wiki/Frank_Costigan,death_date,candidate_extraction_only,Leo,21.8635192,True,Capricorn,False,Pisces,Aquarius,date_only_midpoint
Q206,Lawrence Kasdan,career_period_candidate,1980-07-01,year,1980,https://en.wikipedia.org/wiki/Lawrence_Kasdan,career_active,candidate_extraction_only,,,,,,,,not_exact_day
Q210,Kacy Catanzaro,debut_or_career_start,2018-04-19,day,"April 19, 2018",https://en.wikipedia.org/wiki/Kacy_Catanzaro,debut,candidate_extraction_only,Sagittarius,15.03844243,True,Libra,True,Aries,Sagittarius,date_only_midpoint
Q214,Nathan Söderblom,marriage_or_spouse_date_candidate,1870-07-01,year,1870,https://en.wikipedia.org/wiki/Nathan_S%C3%B6derblom,spouse,candidate_extraction_only,,,,,,,,not_exact_day
Q214,Nathan Söderblom,marriage_or_spouse_date_candidate,1955-07-01,year,1955,https://en.wikipedia.org/wiki/Nathan_S%C3%B6derblom,spouse,candidate_extraction_only,,,,,,,,not_exact_day
Q216,Torin Thatcher,career_period_candidate,1927-07-01,year,1927,https://en.wikipedia.org/wiki/Torin_Thatcher,career_active,candidate_extraction_only,,,,,,,,not_exact_day
Q216,Torin Thatcher,career_period_candidate,1979-07-01,year,1979,https://en.wikipedia.org/wiki/Torin_Thatcher,career_active,candidate_extraction_only,,,,,,,,not_exact_day
Q218,Phyllis Coates,career_period_candidate,1944-07-01,year,1944,https://en.wikipedia.org/wiki/Phyllis_Coates,career_active,candidate_extraction_only,,,,,,,,not_exact_day
Q218,Phyllis Coates,career_period_candidate,1996-07-01,year,1996,https://en.wikipedia.org/wiki/Phyllis_Coates,career_active,candidate_extraction_only,,,,,,,,not_exact_day
Q220,Ko Chun-hsiung,career_period_candidate,1965-07-01,year,1965,https://en.wikipedia.org/wiki/Ko_Chun-hsiung,career_active,candidate_extraction_only,,,,,,,,not_exact_day
Q220,Ko Chun-hsiung,career_period_candidate,2015-07-01,year,2015,https://en.wikipedia.org/wiki/Ko_Chun-hsiung,career_active,candidate_extraction_only,,,,,,,,not_exact_day
Q231,Margaret Booth,career_period_candidate,1915-07-01,year,1915,https://en.wikipedia.org/wiki/Margaret_Booth,career_active,candidate_extraction_only,,,,,,,,not_exact_day
Q231,Margaret Booth,career_period_candidate,1985-07-01,year,1985,https://en.wikipedia.org/wiki/Margaret_Booth,career_active,candidate_extraction_only,,,,,,,,not_exact_day
Q233,Elliott Reid,career_period_candidate,1935-07-01,year,1935,https://en.wikipedia.org/wiki/Elliott_Reid,career_active,candidate_extraction_only,,,,,,,,not_exact_day
Q233,Elliott Reid,career_period_candidate,1995-07-01,year,1995,https://en.wikipedia.org/wiki/Elliott_Reid,career_active,candidate_extraction_only,,,,,,,,not_exact_day
Q235,Claire Gordon,career_period_candidate,1958-07-01,year,1958,https://en.wikipedia.org/wiki/Claire_Gordon,career_active,candidate_extraction_only,,,,,,,,not_exact_day
Q235,Claire Gordon,career_period_candidate,1984-07-01,year,1984,https://en.wikipedia.org/wiki/Claire_Gordon,career_active,candidate_extraction_only,,,,,,,,not_exact_day
Q236,Debbie Allen,career_period_candidate,1969-07-01,year,1969,https://en.wikipedia.org/wiki/Debbie_Allen,career_active,candidate_extraction_only,,,,,,,,not_exact_day
Q239,Lin-Manuel Miranda,career_period_candidate,2002-07-01,year,2002,https://en.wikipedia.org/wiki/Lin-Manuel_Miranda,career_active,candidate_extraction_only,,,,,,,,not_exact_day
Q249,John Cater,career_period_candidate,1958-07-01,year,1958,https://en.wikipedia.org/wiki/John_Cater,career_active,candidate_extraction_only,,,,,,,,not_exact_day
Q249,John Cater,career_period_candidate,2008-07-01,year,2008,https://en.wikipedia.org/wiki/John_Cater,career_active,candidate_extraction_only,,,,,,,,not_exact_day
Q251,Jeff Berlin,career_period_candidate,1970-07-01,year,1970,https://en.wikipedia.org/wiki/Jeff_Berlin,career_active,candidate_extraction_only,,,,,,,,not_exact_day
Q254,Calvin Harris,career_period_candidate,2002-07-01,year,2002,https://en.wikipedia.org/wiki/Calvin_Harris,career_active,candidate_extraction_only,,,,,,,,not_exact_day
Q255,Indya Moore,career_period_candidate,2010-07-01,year,2010,https://en.wikipedia.org/wiki/Indya_Moore,career_active,candidate_extraction_only,,,,,,,,not_exact_day
Q266,Brett Hudson,career_period_candidate,1965-07-01,year,1965,https://en.wikipedia.org/wiki/Brett_Hudson,career_active,candidate_extraction_only,,,,,,,,not_exact_day
Q275,Wakashima Gonshirō,debut_or_career_start,1891-07-01,year,1891,https://en.wikipedia.org/wiki/Wakashima_Gonshir%C5%8D,debut,candidate_extraction_only,,,,,,,,not_exact_day
Q280,Julian Barnes,career_period_candidate,1980-07-01,year,1980,https://en.wikipedia.org/wiki/Julian_Barnes,career_active,candidate_extraction_only,,,,,,,,not_exact_day
Q281,Katey Sagal,career_period_candidate,1971-07-01,year,1971,https://en.wikipedia.org/wiki/Katey_Sagal,career_active,candidate_extraction_only,,,,,,,,not_exact_day
Q283,Antero Manninen,career_period_candidate,1993-07-01,year,1993,https://en.wikipedia.org/wiki/Antero_Manninen,career_active,candidate_extraction_only,,,,,,,,not_exact_day
Q290,Steve Bloomer,death,1938-04-16,day,16 April 1938,https://en.wikipedia.org/wiki/Steve_Bloomer,death_date,candidate_extraction_only,Pisces,17.22351837,False,Aquarius,False,Aries,Taurus,date_only_midpoint
Q290,Steve Bloomer,death,2021-09-27,day,27 September 2021,https://en.wikipedia.org/wiki/Steve_Bloomer,death_date,candidate_extraction_only,Capricorn,12.87684476,True,Capricorn,True,Libra,Virgo,date_only_midpoint
Q293,Ray Anthony,career_period_candidate,1936-07-01,year,1936,https://en.wikipedia.org/wiki/Ray_Anthony,career_active,candidate_extraction_only,,,,,,,,not_exact_day
Q293,Ray Anthony,career_period_candidate,1998-07-01,year,1998,https://en.wikipedia.org/wiki/Ray_Anthony,career_active,candidate_extraction_only,,,,,,,,not_exact_day
Q297,Janey Godley,career_period_candidate,1994-07-01,year,1994,https://en.wikipedia.org/wiki/Janey_Godley,career_active,candidate_extraction_only,,,,,,,,not_exact_day
Q297,Janey Godley,career_period_candidate,2024-07-01,year,2024,https://en.wikipedia.org/wiki/Janey_Godley,career_active,candidate_extraction_only,,,,,,,,not_exact_day
Q298,Skeet Ulrich,career_period_candidate,1989-07-01,year,1989,https://en.wikipedia.org/wiki/Skeet_Ulrich,career_active,candidate_extraction_only,,,,,,,,not_exact_day
Q299,Karl Anderson,debut_or_career_start,2002-05-10,day,"May 10, 2002",https://en.wikipedia.org/wiki/Karl_Anderson,debut,candidate_extraction_only,Taurus,20.75224514,False,Gemini,False,Taurus,Taurus,date_only_midpoint
Q307,Cristóbal Balenciaga,career_period_candidate,1917-07-01,year,1917,https://en.wikipedia.org/wiki/Crist%C3%B3bal_Balenciaga,career_active,candidate_extraction_only,,,,,,,,not_exact_day
Q307,Cristóbal Balenciaga,career_period_candidate,1972-07-01,year,1972,https://en.wikipedia.org/wiki/Crist%C3%B3bal_Balenciaga,career_active,candidate_extraction_only,,,,,,,,not_exact_day
Q314,Alex Acker,career_period_candidate,2005-07-01,year,2005,https://en.wikipedia.org/wiki/Alex_Acker,career_active,candidate_extraction_only,,,,,,,,not_exact_day
Q314,Alex Acker,career_period_candidate,2021-07-01,year,2021,https://en.wikipedia.org/wiki/Alex_Acker,career_active,candidate_extraction_only,,,,,,,,not_exact_day
Q336,Django Reinhardt,career_period_candidate,1928-07-01,year,1928,https://en.wikipedia.org/wiki/Django_Reinhardt,career_active,candidate_extraction_only,,,,,,,,not_exact_day
Q336,Django Reinhardt,career_period_candidate,1953-07-01,year,1953,https://en.wikipedia.org/wiki/Django_Reinhardt,career_active,candidate_extraction_only,,,,,,,,not_exact_day
Q339,Giant Baba,debut_or_career_start,1960-09-30,day,"September 30, 1960",https://en.wikipedia.org/wiki/Giant_Baba,debut,candidate_extraction_only,Sagittarius,18.68731809,False,Sagittarius,False,Libra,Gemini,date_only_midpoint
Q342,Jonatha Brooke,career_period_candidate,1980-07-01,year,1980,https://en.wikipedia.org/wiki/Jonatha_Brooke,career_active,candidate_extraction_only,,,,,,,,not_exact_day
Q343,Ewen Bremner,career_period_candidate,1985-07-01,year,1985,https://en.wikipedia.org/wiki/Ewen_Bremner,career_active,candidate_extraction_only,,,,,,,,not_exact_day
Q346,Richard de Bury,death,1345-04-14,day,14 April 1345,https://en.wikipedia.org/wiki/Richard_de_Bury,death_date,candidate_extraction_only,Aquarius,5.34833495,False,Aquarius,False,Taurus,Aquarius,date_only_midpoint
Q347,William Congreve,career_period_candidate,1693-07-01,year,1693,https://en.wikipedia.org/wiki/William_Congreve,career_active,candidate_extraction_only,,,,,,,,not_exact_day
Q347,William Congreve,career_period_candidate,1700-07-01,year,1700,https://en.wikipedia.org/wiki/William_Congreve,career_active,candidate_extraction_only,,,,,,,,not_exact_day
Q351,Hoyt Vandenberg,marriage_or_spouse_date_candidate,1923-07-01,year,1923,https://en.wikipedia.org/wiki/Hoyt_Vandenberg,spouse,candidate_extraction_only,,,,,,,,not_exact_day
Q351,Hoyt Vandenberg,marriage_or_spouse_date_candidate,1954-07-01,year,1954,https://en.wikipedia.org/wiki/Hoyt_Vandenberg,spouse,candidate_extraction_only,,,,,,,,not_exact_day
Q357,Akira Maeda,career_period_candidate,1995-07-01,year,1995,https://en.wikipedia.org/wiki/Akira_Maeda,career_active,candidate_extraction_only,,,,,,,,not_exact_day
Q357,Akira Maeda,career_period_candidate,1999-07-01,year,1999,https://en.wikipedia.org/wiki/Akira_Maeda,career_active,candidate_extraction_only,,,,,,,,not_exact_day
Q365,W. Somerset Maugham,career_period_candidate,1897-07-01,year,1897,https://en.wikipedia.org/wiki/W._Somerset_Maugham,career_active,candidate_extraction_only,,,,,,,,not_exact_day
Q365,W. Somerset Maugham,career_period_candidate,1964-07-01,year,1964,https://en.wikipedia.org/wiki/W._Somerset_Maugham,career_active,candidate_extraction_only,,,,,,,,not_exact_day
Q370,Tobe Hooper,marriage_or_spouse_date_candidate,1961-07-01,year,1961,https://en.wikipedia.org/wiki/Tobe_Hooper,spouse,candidate_extraction_only,,,,,,,,not_exact_day
Q370,Tobe Hooper,marriage_or_spouse_date_candidate,1969-07-01,year,1969,https://en.wikipedia.org/wiki/Tobe_Hooper,spouse,candidate_extraction_only,,,,,,,,not_exact_day
Q370,Tobe Hooper,career_period_candidate,1964-07-01,year,1964,https://en.wikipedia.org/wiki/Tobe_Hooper,career_active,candidate_extraction_only,,,,,,,,not_exact_day
Q370,Tobe Hooper,career_period_candidate,2017-07-01,year,2017,https://en.wikipedia.org/wiki/Tobe_Hooper,career_active,candidate_extraction_only,,,,,,,,not_exact_day
Q371,The Honky Tonk Man,debut_or_career_start,1977-07-01,year,1977,https://en.wikipedia.org/wiki/The_Honky_Tonk_Man,debut,candidate_extraction_only,,,,,,,,not_exact_day
Q387,Jupiter Apple,career_period_candidate,1984-07-01,year,1984,https://en.wikipedia.org/wiki/Jupiter_Apple,career_active,candidate_extraction_only,,,,,,,,not_exact_day
Q387,Jupiter Apple,career_period_candidate,2015-07-01,year,2015,https://en.wikipedia.org/wiki/Jupiter_Apple,career_active,candidate_extraction_only,,,,,,,,not_exact_day
Q388,Sara Rue,career_period_candidate,1988-07-01,year,1988,https://en.wikipedia.org/wiki/Sara_Rue,career_active,candidate_extraction_only,,,,,,,,not_exact_day
Q391,Edward of Angoulême,death,1370-09-01,month,September 1370,https://en.wikipedia.org/wiki/Edward_of_Angoul%C3%AAme,death_date,candidate_extraction_only,Sagittarius,9.23119004,False,Pisces,True,Virgo,Leo,date_only_midpoint
Q401,Brian Engblom,career_period_candidate,1975-07-01,year,1975,https://en.wikipedia.org/wiki/Brian_Engblom,career_active,candidate_extraction_only,,,,,,,,not_exact_day
Q401,Brian Engblom,career_period_candidate,1987-07-01,year,1987,https://en.wikipedia.org/wiki/Brian_Engblom,career_active,candidate_extraction_only,,,,,,,,not_exact_day
Q403,Patrice Brisebois,career_period_candidate,1991-07-01,year,1991,https://en.wikipedia.org/wiki/Patrice_Brisebois,career_active,candidate_extraction_only,,,,,,,,not_exact_day
Q403,Patrice Brisebois,career_period_candidate,2009-07-01,year,2009,https://en.wikipedia.org/wiki/Patrice_Brisebois,career_active,candidate_extraction_only,,,,,,,,not_exact_day
Q413,Acker Bilk,career_period_candidate,1954-07-01,year,1954,https://en.wikipedia.org/wiki/Acker_Bilk,career_active,candidate_extraction_only,,,,,,,,not_exact_day
Q413,Acker Bilk,career_period_candidate,2013-07-01,year,2013,https://en.wikipedia.org/wiki/Acker_Bilk,career_active,candidate_extraction_only,,,,,,,,not_exact_day
Q419,Daniel Carcillo,career_period_candidate,2005-07-01,year,2005,https://en.wikipedia.org/wiki/Daniel_Carcillo,career_active,candidate_extraction_only,,,,,,,,not_exact_day
Q419,Daniel Carcillo,career_period_candidate,2015-07-01,year,2015,https://en.wikipedia.org/wiki/Daniel_Carcillo,career_active,candidate_extraction_only,,,,,,,,not_exact_day
Q421,Johann Reuchlin,death,1522-06-30,day,30 June 1522,https://en.wikipedia.org/wiki/Johann_Reuchlin,death_date,candidate_extraction_only,Aquarius,9.48845011,True,Capricorn,True,Gemini,Taurus,date_only_midpoint
Q428,Paddy Chayefsky,career_period_candidate,1944-07-01,year,1944,https://en.wikipedia.org/wiki/Paddy_Chayefsky,career_active,candidate_extraction_only,,,,,,,,not_exact_day
Q428,Paddy Chayefsky,career_period_candidate,1980-07-01,year,1980,https://en.wikipedia.org/wiki/Paddy_Chayefsky,career_active,candidate_extraction_only,,,,,,,,not_exact_day
Q430,Tony Blackburn,career_period_candidate,1964-07-01,year,1964,https://en.wikipedia.org/wiki/Tony_Blackburn,career_active,candidate_extraction_only,,,,,,,,not_exact_day
Q433,Sam Trammell,career_period_candidate,1996-07-01,year,1996,https://en.wikipedia.org/wiki/Sam_Trammell,career_active,candidate_extraction_only,,,,,,,,not_exact_day
Q434,Andrew Keegan,career_period_candidate,1993-07-01,year,1993,https://en.wikipedia.org/wiki/Andrew_Keegan,career_active,candidate_extraction_only,,,,,,,,not_exact_day
Q443,Tammy Grimes,career_period_candidate,1952-07-01,year,1952,https://en.wikipedia.org/wiki/Tammy_Grimes,career_active,candidate_extraction_only,,,,,,,,not_exact_day
Q443,Tammy Grimes,career_period_candidate,2016-07-01,year,2016,https://en.wikipedia.org/wiki/Tammy_Grimes,career_active,candidate_extraction_only,,,,,,,,not_exact_day
Q446,Jody Watley,career_period_candidate,1974-07-01,year,1974,https://en.wikipedia.org/wiki/Jody_Watley,career_active,candidate_extraction_only,,,,,,,,not_exact_day
Q448,Trevor Gillies,career_period_candidate,1999-07-01,year,1999,https://en.wikipedia.org/wiki/Trevor_Gillies,career_active,candidate_extraction_only,,,,,,,,not_exact_day
Q448,Trevor Gillies,career_period_candidate,2018-07-01,year,2018,https://en.wikipedia.org/wiki/Trevor_Gillies,career_active,candidate_extraction_only,,,,,,,,not_exact_day
Q449,Becky Lynch,debut_or_career_start,2002-11-11,day,11 November 2002,https://en.wikipedia.org/wiki/Becky_Lynch,debut,candidate_extraction_only,Gemini,4.33333115,True,Cancer,False,Libra,Virgo,date_only_midpoint
Q449,Becky Lynch,career_period_candidate,2002-07-01,year,2002,https://en.wikipedia.org/wiki/Becky_Lynch,career_active,candidate_extraction_only,,,,,,,,not_exact_day
Q451,"Henry, King of Portugal",death,1580-01-31,day,31 January 1580,https://en.wikipedia.org/wiki/Henry%2C_King_of_Portugal,death_date,candidate_extraction_only,Capricorn,20.02783465,False,Scorpio,False,Aquarius,Sagittarius,date_only_midpoint
Q463,Bobby Moynihan,career_period_candidate,1996-07-01,year,1996,https://en.wikipedia.org/wiki/Bobby_Moynihan,career_active,candidate_extraction_only,,,,,,,,not_exact_day
Q474,Tuncel Kurtiz,career_period_candidate,1958-07-01,year,1958,https://en.wikipedia.org/wiki/Tuncel_Kurtiz,career_active,candidate_extraction_only,,,,,,,,not_exact_day
Q474,Tuncel Kurtiz,career_period_candidate,2013-07-01,year,2013,https://en.wikipedia.org/wiki/Tuncel_Kurtiz,career_active,candidate_extraction_only,,,,,,,,not_exact_day
Q475,Normie Rowe,career_period_candidate,1960-07-01,year,1960,https://en.wikipedia.org/wiki/Normie_Rowe,career_active,candidate_extraction_only,,,,,,,,not_exact_day
Q475,Normie Rowe,career_period_candidate,2006-07-01,year,2006,https://en.wikipedia.org/wiki/Normie_Rowe,career_active,candidate_extraction_only,,,,,,,,not_exact_day
Q477,Lisa Marie Presley,career_period_candidate,1997-07-01,year,1997,https://en.wikipedia.org/wiki/Lisa_Marie_Presley,career_active,candidate_extraction_only,,,,,,,,not_exact_day
Q477,Lisa Marie Presley,career_period_candidate,2023-07-01,year,2023,https://en.wikipedia.org/wiki/Lisa_Marie_Presley,career_active,candidate_extraction_only,,,,,,,,not_exact_day
Q481,James I of Aragon,death,1276-07-27,day,27 July 1276,https://en.wikipedia.org/wiki/James_I_of_Aragon,death_date,candidate_extraction_only,Libra,5.89424632,False,Aries,False,Leo,Cancer,date_only_midpoint
Q483,William Phips,death,1695-02-18,day,"February 18, 1695",https://en.wikipedia.org/wiki/William_Phips,death_date,candidate_extraction_only,Sagittarius,22.95096938,False,Leo,True,Aquarius,Aquarius,date_only_midpoint
Q489,Sonny Stitt,career_period_candidate,1943-07-01,year,1943,https://en.wikipedia.org/wiki/Sonny_Stitt,career_active,candidate_extraction_only,,,,,,,,not_exact_day
Q489,Sonny Stitt,career_period_candidate,1982-07-01,year,1982,https://en.wikipedia.org/wiki/Sonny_Stitt,career_active,candidate_extraction_only,,,,,,,,not_exact_day
Q490,Pete Brown,career_period_candidate,1960-07-01,year,1960,https://en.wikipedia.org/wiki/Pete_Brown,career_active,candidate_extraction_only,,,,,,,,not_exact_day
Q490,Pete Brown,career_period_candidate,2023-07-01,year,2023,https://en.wikipedia.org/wiki/Pete_Brown,career_active,candidate_extraction_only,,,,,,,,not_exact_day
Q491,Greg Antonacci,career_period_candidate,1971-07-01,year,1971,https://en.wikipedia.org/wiki/Greg_Antonacci,career_active,candidate_extraction_only,,,,,,,,not_exact_day
Q491,Greg Antonacci,career_period_candidate,2017-07-01,year,2017,https://en.wikipedia.org/wiki/Greg_Antonacci,career_active,candidate_extraction_only,,,,,,,,not_exact_day
Q492,Phil Barney,career_period_candidate,1987-07-01,year,1987,https://en.wikipedia.org/wiki/Phil_Barney,career_active,candidate_extraction_only,,,,,,,,not_exact_day
Q494,Lance Allred,career_period_candidate,2005-07-01,year,2005,https://en.wikipedia.org/wiki/Lance_Allred,career_active,candidate_extraction_only,,,,,,,,not_exact_day
Q494,Lance Allred,career_period_candidate,2016-07-01,year,2016,https://en.wikipedia.org/wiki/Lance_Allred,career_active,candidate_extraction_only,,,,,,,,not_exact_day
Q503,Johannes Kotkas,death,1998-05-08,day,8 May 1998,https://en.wikipedia.org/wiki/Johannes_Kotkas,death_date,candidate_extraction_only,Aries,2.63740402,False,Aquarius,False,Pisces,Aries,date_only_midpoint
Q504,Kenneth Anger,career_period_candidate,1937-07-01,year,1937,https://en.wikipedia.org/wiki/Kenneth_Anger,career_active,candidate_extraction_only,,,,,,,,not_exact_day
Q504,Kenneth Anger,career_period_candidate,2010-07-01,year,2010,https://en.wikipedia.org/wiki/Kenneth_Anger,career_active,candidate_extraction_only,,,,,,,,not_exact_day
Q507,Michele Greene,career_period_candidate,1979-07-01,year,1979,https://en.wikipedia.org/wiki/Michele_Greene,career_active,candidate_extraction_only,,,,,,,,not_exact_day
Q509,Becky Bayless,debut_or_career_start,2002-07-01,year,2002,https://en.wikipedia.org/wiki/Becky_Bayless,debut,candidate_extraction_only,,,,,,,,not_exact_day
Q518,Bhimsen Joshi,career_period_candidate,1941-07-01,year,1941,https://en.wikipedia.org/wiki/Bhimsen_Joshi,career_active,candidate_extraction_only,,,,,,,,not_exact_day
Q518,Bhimsen Joshi,career_period_candidate,2000-07-01,year,2000,https://en.wikipedia.org/wiki/Bhimsen_Joshi,career_active,candidate_extraction_only,,,,,,,,not_exact_day
Q521,Michael Beck,career_period_candidate,1971-07-01,year,1971,https://en.wikipedia.org/wiki/Michael_Beck,career_active,candidate_extraction_only,,,,,,,,not_exact_day
Q522,Siobhan Dowd,career_period_candidate,2004-07-01,year,2004,https://en.wikipedia.org/wiki/Siobhan_Dowd,career_active,candidate_extraction_only,,,,,,,,not_exact_day
Q522,Siobhan Dowd,career_period_candidate,2007-07-01,year,2007,https://en.wikipedia.org/wiki/Siobhan_Dowd,career_active,candidate_extraction_only,,,,,,,,not_exact_day
Q524,Gavin DeGraw,career_period_candidate,1998-07-01,year,1998,https://en.wikipedia.org/wiki/Gavin_DeGraw,career_active,candidate_extraction_only,,,,,,,,not_exact_day
Q531,John Carradine,career_period_candidate,1930-07-01,year,1930,https://en.wikipedia.org/wiki/John_Carradine,career_active,candidate_extraction_only,,,,,,,,not_exact_day
Q531,John Carradine,career_period_candidate,1988-07-01,year,1988,https://en.wikipedia.org/wiki/John_Carradine,career_active,candidate_extraction_only,,,,,,,,not_exact_day
Q549,Kavi Pradeep,career_period_candidate,1939-07-01,year,1939,https://en.wikipedia.org/wiki/Kavi_Pradeep,career_active,candidate_extraction_only,,,,,,,,not_exact_day
Q549,Kavi Pradeep,career_period_candidate,1997-07-01,year,1997,https://en.wikipedia.org/wiki/Kavi_Pradeep,career_active,candidate_extraction_only,,,,,,,,not_exact_day
Q552,Jerry Marotta,career_period_candidate,1973-07-01,year,1973,https://en.wikipedia.org/wiki/Jerry_Marotta,career_active,candidate_extraction_only,,,,,,,,not_exact_day
Q553,Anita Cochran,career_period_candidate,1997-07-01,year,1997,https://en.wikipedia.org/wiki/Anita_Cochran,career_active,candidate_extraction_only,,,,,,,,not_exact_day
Q561,Buster Crabbe,career_period_candidate,1930-07-01,year,1930,https://en.wikipedia.org/wiki/Buster_Crabbe,career_active,candidate_extraction_only,,,,,,,,not_exact_day
Q561,Buster Crabbe,career_period_candidate,1983-07-01,year,1983,https://en.wikipedia.org/wiki/Buster_Crabbe,career_active,candidate_extraction_only,,,,,,,,not_exact_day
Q563,Gay Talese,career_period_candidate,1961-07-01,year,1961,https://en.wikipedia.org/wiki/Gay_Talese,career_active,candidate_extraction_only,,,,,,,,not_exact_day
Q567,Essence Atkins,career_period_candidate,1986-07-01,year,1986,https://en.wikipedia.org/wiki/Essence_Atkins,career_active,candidate_extraction_only,,,,,,,,not_exact_day
Q568,Dalibor Bagarić,career_period_candidate,1996-07-01,year,1996,https://en.wikipedia.org/wiki/Dalibor_Bagari%C4%87,career_active,candidate_extraction_only,,,,,,,,not_exact_day
Q568,Dalibor Bagarić,career_period_candidate,2016-07-01,year,2016,https://en.wikipedia.org/wiki/Dalibor_Bagari%C4%87,career_active,candidate_extraction_only,,,,,,,,not_exact_day
Q570,Aaron Ekblad,career_period_candidate,2014-07-01,year,2014,https://en.wikipedia.org/wiki/Aaron_Ekblad,career_active,candidate_extraction_only,,,,,,,,not_exact_day
Q573,Gia Long,death,1820-02-03,day,3 February 1820,https://en.wikipedia.org/wiki/Gia_Long,death_date,candidate_extraction_only,Pisces,6.3773993,False,Aquarius,False,Aquarius,Gemini,date_only_midpoint
Q576,Edith Evans,career_period_candidate,1910-07-01,year,1910,https://en.wikipedia.org/wiki/Edith_Evans,career_active,candidate_extraction_only,,,,,,,,not_exact_day
Q576,Edith Evans,career_period_candidate,1976-07-01,year,1976,https://en.wikipedia.org/wiki/Edith_Evans,career_active,candidate_extraction_only,,,,,,,,not_exact_day
Q577,Greta Keller,career_period_candidate,1977-07-01,year,1977,https://en.wikipedia.org/wiki/Greta_Keller,career_active,candidate_extraction_only,,,,,,,,not_exact_day
Q580,Dan Seals,career_period_candidate,1966-07-01,year,1966,https://en.wikipedia.org/wiki/Dan_Seals,career_active,candidate_extraction_only,,,,,,,,not_exact_day
Q580,Dan Seals,career_period_candidate,2009-07-01,year,2009,https://en.wikipedia.org/wiki/Dan_Seals,career_active,candidate_extraction_only,,,,,,,,not_exact_day
Q581,Sherri Martel,debut_or_career_start,1980-07-01,year,1980,https://en.wikipedia.org/wiki/Sherri_Martel,debut,candidate_extraction_only,,,,,,,,not_exact_day
Q582,Gary Coleman,marriage_or_spouse_date_candidate,2007-07-01,year,2007,https://en.wikipedia.org/wiki/Gary_Coleman,spouse,candidate_extraction_only,,,,,,,,not_exact_day
Q582,Gary Coleman,marriage_or_spouse_date_candidate,2008-07-01,year,2008,https://en.wikipedia.org/wiki/Gary_Coleman,spouse,candidate_extraction_only,,,,,,,,not_exact_day
Q582,Gary Coleman,career_period_candidate,1974-07-01,year,1974,https://en.wikipedia.org/wiki/Gary_Coleman,career_active,candidate_extraction_only,,,,,,,,not_exact_day
Q582,Gary Coleman,career_period_candidate,2010-07-01,year,2010,https://en.wikipedia.org/wiki/Gary_Coleman,career_active,candidate_extraction_only,,,,,,,,not_exact_day
Q589,Silas Adams,death,1896-05-05,day,"May 5, 1896",https://en.wikipedia.org/wiki/Silas_Adams,death_date,candidate_extraction_only,Libra,23.42207665,True,Cancer,False,Aries,Aquarius,date_only_midpoint
Q590,Howard Taylor Ricketts,death,1910-05-03,day,"May 3, 1910",https://en.wikipedia.org/wiki/Howard_Taylor_Ricketts,death_date,candidate_extraction_only,Aries,5.71088219,False,Virgo,True,Pisces,Gemini,date_only_midpoint
Q591,Peggy Wood,career_period_candidate,1910-07-01,year,1910,https://en.wikipedia.org/wiki/Peggy_Wood,career_active,candidate_extraction_only,,,,,,,,not_exact_day
Q591,Peggy Wood,career_period_candidate,1969-07-01,year,1969,https://en.wikipedia.org/wiki/Peggy_Wood,career_active,candidate_extraction_only,,,,,,,,not_exact_day
Q593,Fred Allen,career_period_candidate,1914-07-01,year,1914,https://en.wikipedia.org/wiki/Fred_Allen,career_active,candidate_extraction_only,,,,,,,,not_exact_day
Q593,Fred Allen,career_period_candidate,1956-07-01,year,1956,https://en.wikipedia.org/wiki/Fred_Allen,career_active,candidate_extraction_only,,,,,,,,not_exact_day
Q595,Barbara Lewis,career_period_candidate,1962-07-01,year,1962,https://en.wikipedia.org/wiki/Barbara_Lewis,career_active,candidate_extraction_only,,,,,,,,not_exact_day
Q595,Barbara Lewis,career_period_candidate,2017-07-01,year,2017,https://en.wikipedia.org/wiki/Barbara_Lewis,career_active,candidate_extraction_only,,,,,,,,not_exact_day
Q609,Michael Apted,career_period_candidate,1963-07-01,year,1963,https://en.wikipedia.org/wiki/Michael_Apted,career_active,candidate_extraction_only,,,,,,,,not_exact_day
Q609,Michael Apted,career_period_candidate,2019-07-01,year,2019,https://en.wikipedia.org/wiki/Michael_Apted,career_active,candidate_extraction_only,,,,,,,,not_exact_day
Q612,Lorena Rojas,career_period_candidate,1990-07-01,year,1990,https://en.wikipedia.org/wiki/Lorena_Rojas,career_active,candidate_extraction_only,,,,,,,,not_exact_day
Q612,Lorena Rojas,career_period_candidate,2015-07-01,year,2015,https://en.wikipedia.org/wiki/Lorena_Rojas,career_active,candidate_extraction_only,,,,,,,,not_exact_day
Q624,Sérgio Mendes,career_period_candidate,1961-07-01,year,1961,https://en.wikipedia.org/wiki/S%C3%A9rgio_Mendes,career_active,candidate_extraction_only,,,,,,,,not_exact_day
Q624,Sérgio Mendes,career_period_candidate,2023-07-01,year,2023,https://en.wikipedia.org/wiki/S%C3%A9rgio_Mendes,career_active,candidate_extraction_only,,,,,,,,not_exact_day
Q625,James Silas,career_period_candidate,1972-07-01,year,1972,https://en.wikipedia.org/wiki/James_Silas,career_active,candidate_extraction_only,,,,,,,,not_exact_day
Q625,James Silas,career_period_candidate,1982-07-01,year,1982,https://en.wikipedia.org/wiki/James_Silas,career_active,candidate_extraction_only,,,,,,,,not_exact_day
Q626,Carey Lowell,career_period_candidate,1986-07-01,year,1986,https://en.wikipedia.org/wiki/Carey_Lowell,career_active,candidate_extraction_only,,,,,,,,not_exact_day
Q627,Damian Lewis,career_period_candidate,1993-07-01,year,1993,https://en.wikipedia.org/wiki/Damian_Lewis,career_active,candidate_extraction_only,,,,,,,,not_exact_day
Q628,Roc Marciano,career_period_candidate,1999-07-01,year,1999,https://en.wikipedia.org/wiki/Roc_Marciano,career_active,candidate_extraction_only,,,,,,,,not_exact_day
Q634,Peter Cooper,career_period_candidate,1828-07-01,year,1828,https://en.wikipedia.org/wiki/Peter_Cooper,career_active,candidate_extraction_only,,,,,,,,not_exact_day
Q634,Peter Cooper,career_period_candidate,1883-07-01,year,1883,https://en.wikipedia.org/wiki/Peter_Cooper,career_active,candidate_extraction_only,,,,,,,,not_exact_day
Q636,Anna Pavlova,career_period_candidate,1899-07-01,year,1899,https://en.wikipedia.org/wiki/Anna_Pavlova,career_active,candidate_extraction_only,,,,,,,,not_exact_day
Q636,Anna Pavlova,career_period_candidate,1931-07-01,year,1931,https://en.wikipedia.org/wiki/Anna_Pavlova,career_active,candidate_extraction_only,,,,,,,,not_exact_day
Q640,Gene McDaniels,career_period_candidate,1960-07-01,year,1960,https://en.wikipedia.org/wiki/Gene_McDaniels,career_active,candidate_extraction_only,,,,,,,,not_exact_day
Q640,Gene McDaniels,career_period_candidate,2011-07-01,year,2011,https://en.wikipedia.org/wiki/Gene_McDaniels,career_active,candidate_extraction_only,,,,,,,,not_exact_day
Q642,Larry Nance,career_period_candidate,1981-07-01,year,1981,https://en.wikipedia.org/wiki/Larry_Nance,career_active,candidate_extraction_only,,,,,,,,not_exact_day
Q642,Larry Nance,career_period_candidate,1994-07-01,year,1994,https://en.wikipedia.org/wiki/Larry_Nance,career_active,candidate_extraction_only,,,,,,,,not_exact_day
Q643,Scott Menville,career_period_candidate,1979-07-01,year,1979,https://en.wikipedia.org/wiki/Scott_Menville,career_active,candidate_extraction_only,,,,,,,,not_exact_day
Q644,Jesse Spencer,career_period_candidate,1991-07-01,year,1991,https://en.wikipedia.org/wiki/Jesse_Spencer,career_active,candidate_extraction_only,,,,,,,,not_exact_day
Q658,Fonzworth Bentley,career_period_candidate,2002-07-01,year,2002,https://en.wikipedia.org/wiki/Fonzworth_Bentley,career_active,candidate_extraction_only,,,,,,,,not_exact_day
Q667,Stuart Erwin,career_period_candidate,1922-07-01,year,1922,https://en.wikipedia.org/wiki/Stuart_Erwin,career_active,candidate_extraction_only,,,,,,,,not_exact_day
Q667,Stuart Erwin,career_period_candidate,1967-07-01,year,1967,https://en.wikipedia.org/wiki/Stuart_Erwin,career_active,candidate_extraction_only,,,,,,,,not_exact_day
Q669,Florence Henderson,career_period_candidate,1952-07-01,year,1952,https://en.wikipedia.org/wiki/Florence_Henderson,career_active,candidate_extraction_only,,,,,,,,not_exact_day
Q669,Florence Henderson,career_period_candidate,2016-07-01,year,2016,https://en.wikipedia.org/wiki/Florence_Henderson,career_active,candidate_extraction_only,,,,,,,,not_exact_day
Q672,Enrico Colantoni,career_period_candidate,1987-07-01,year,1987,https://en.wikipedia.org/wiki/Enrico_Colantoni,career_active,candidate_extraction_only,,,,,,,,not_exact_day
Q675,Chris Babb,career_period_candidate,2013-07-01,year,2013,https://en.wikipedia.org/wiki/Chris_Babb,career_active,candidate_extraction_only,,,,,,,,not_exact_day
Q680,Rickman Godlee,death,1925-04-18,day,18 April 1925,https://en.wikipedia.org/wiki/Rickman_Godlee,death_date,candidate_extraction_only,Libra,19.20060076,True,Sagittarius,False,Aries,Taurus,date_only_midpoint
Q685,Mick Avory,career_period_candidate,1962-07-01,year,1962,https://en.wikipedia.org/wiki/Mick_Avory,career_active,candidate_extraction_only,,,,,,,,not_exact_day
Q689,Shameka Christon,career_period_candidate,2004-07-01,year,2004,https://en.wikipedia.org/wiki/Shameka_Christon,career_active,candidate_extraction_only,,,,,,,,not_exact_day
Q692,Gaspard II de Coligny,marriage_or_spouse_date_candidate,1571-07-01,year,1571,https://en.wikipedia.org/wiki/Gaspard_II_de_Coligny,spouse,candidate_extraction_only,,,,,,,,not_exact_day
Q696,Kathleen Clifford,career_period_candidate,1902-07-01,year,1902,https://en.wikipedia.org/wiki/Kathleen_Clifford,career_active,candidate_extraction_only,,,,,,,,not_exact_day
Q696,Kathleen Clifford,career_period_candidate,1932-07-01,year,1932,https://en.wikipedia.org/wiki/Kathleen_Clifford,career_active,candidate_extraction_only,,,,,,,,not_exact_day
Q703,Mahershala Ali,career_period_candidate,2001-07-01,year,2001,https://en.wikipedia.org/wiki/Mahershala_Ali,career_active,candidate_extraction_only,,,,,,,,not_exact_day
Q704,Agyness Deyn,career_period_candidate,2007-07-01,year,2007,https://en.wikipedia.org/wiki/Agyness_Deyn,career_active,candidate_extraction_only,,,,,,,,not_exact_day
Q712,Arthur Kennedy,career_period_candidate,1937-07-01,year,1937,https://en.wikipedia.org/wiki/Arthur_Kennedy,career_active,candidate_extraction_only,,,,,,,,not_exact_day
Q712,Arthur Kennedy,career_period_candidate,1990-07-01,year,1990,https://en.wikipedia.org/wiki/Arthur_Kennedy,career_active,candidate_extraction_only,,,,,,,,not_exact_day
Q713,Margaret Truman,career_period_candidate,1947-07-01,year,1947,https://en.wikipedia.org/wiki/Margaret_Truman,career_active,candidate_extraction_only,,,,,,,,not_exact_day
Q713,Margaret Truman,career_period_candidate,2008-07-01,year,2008,https://en.wikipedia.org/wiki/Margaret_Truman,career_active,candidate_extraction_only,,,,,,,,not_exact_day
Q714,Alan Bates,career_period_candidate,1956-07-01,year,1956,https://en.wikipedia.org/wiki/Alan_Bates,career_active,candidate_extraction_only,,,,,,,,not_exact_day
Q714,Alan Bates,career_period_candidate,2003-07-01,year,2003,https://en.wikipedia.org/wiki/Alan_Bates,career_active,candidate_extraction_only,,,,,,,,not_exact_day
Q715,Zina Bethune,career_period_candidate,1951-07-01,year,1951,https://en.wikipedia.org/wiki/Zina_Bethune,career_active,candidate_extraction_only,,,,,,,,not_exact_day
Q715,Zina Bethune,career_period_candidate,2006-07-01,year,2006,https://en.wikipedia.org/wiki/Zina_Bethune,career_active,candidate_extraction_only,,,,,,,,not_exact_day
Q716,Mo Yan,career_period_candidate,1981-07-01,year,1981,https://en.wikipedia.org/wiki/Mo_Yan,career_active,candidate_extraction_only,,,,,,,,not_exact_day
Q718,Drew Barry,career_period_candidate,1996-07-01,year,1996,https://en.wikipedia.org/wiki/Drew_Barry,career_active,candidate_extraction_only,,,,,,,,not_exact_day
Q718,Drew Barry,career_period_candidate,2003-07-01,year,2003,https://en.wikipedia.org/wiki/Drew_Barry,career_active,candidate_extraction_only,,,,,,,,not_exact_day
Q720,Phil Pressey,career_period_candidate,2013-07-01,year,2013,https://en.wikipedia.org/wiki/Phil_Pressey,career_active,candidate_extraction_only,,,,,,,,not_exact_day
Q720,Phil Pressey,career_period_candidate,2022-07-01,year,2022,https://en.wikipedia.org/wiki/Phil_Pressey,career_active,candidate_extraction_only,,,,,,,,not_exact_day
Q728,Eric Gairy,marriage_or_spouse_date_candidate,1949-07-01,year,1949,https://en.wikipedia.org/wiki/Eric_Gairy,spouse,candidate_extraction_only,,,,,,,,not_exact_day
Q728,Eric Gairy,marriage_or_spouse_date_candidate,1997-07-01,year,1997,https://en.wikipedia.org/wiki/Eric_Gairy,spouse,candidate_extraction_only,,,,,,,,not_exact_day
Q730,Michael Buerk,career_period_candidate,1970-07-01,year,1970,https://en.wikipedia.org/wiki/Michael_Buerk,career_active,candidate_extraction_only,,,,,,,,not_exact_day
Q733,Ike Barinholtz,career_period_candidate,2001-07-01,year,2001,https://en.wikipedia.org/wiki/Ike_Barinholtz,career_active,candidate_extraction_only,,,,,,,,not_exact_day
Q737,"Henry Frederick, Prince of Wales",death,1612-11-06,day,6 November 1612,https://en.wikipedia.org/wiki/Henry_Frederick%2C_Prince_of_Wales,death_date,candidate_extraction_only,Aquarius,22.6384247,True,Virgo,False,Virgo,Gemini,date_only_midpoint
Q741,Merle Oberon,career_period_candidate,1928-07-01,year,1928,https://en.wikipedia.org/wiki/Merle_Oberon,career_active,candidate_extraction_only,,,,,,,,not_exact_day
Q741,Merle Oberon,career_period_candidate,1973-07-01,year,1973,https://en.wikipedia.org/wiki/Merle_Oberon,career_active,candidate_extraction_only,,,,,,,,not_exact_day
Q745,Juice Leskinen,career_period_candidate,1973-07-01,year,1973,https://en.wikipedia.org/wiki/Juice_Leskinen,career_active,candidate_extraction_only,,,,,,,,not_exact_day
Q745,Juice Leskinen,career_period_candidate,2006-07-01,year,2006,https://en.wikipedia.org/wiki/Juice_Leskinen,career_active,candidate_extraction_only,,,,,,,,not_exact_day
Q747,Jon Fishman,career_period_candidate,1983-07-01,year,1983,https://en.wikipedia.org/wiki/Jon_Fishman,career_active,candidate_extraction_only,,,,,,,,not_exact_day
Q748,Eric Lange,career_period_candidate,1996-07-01,year,1996,https://en.wikipedia.org/wiki/Eric_Lange,career_active,candidate_extraction_only,,,,,,,,not_exact_day
Q749,Kotoōshū Katsunori,debut_or_career_start,2002-11-01,month,November 2002,https://en.wikipedia.org/wiki/Koto%C5%8Dsh%C5%AB_Katsunori,debut,candidate_extraction_only,Gemini,4.79223727,True,Cancer,False,Libra,Virgo,date_only_midpoint
Q750,Camille Kostek,career_period_candidate,2004-07-01,year,2004,https://en.wikipedia.org/wiki/Camille_Kostek,career_active,candidate_extraction_only,,,,,,,,not_exact_day
Q760,Antonio Inoki,debut_or_career_start,1960-09-30,day,30 September 1960,https://en.wikipedia.org/wiki/Antonio_Inoki,debut,candidate_extraction_only,Sagittarius,18.68731809,False,Sagittarius,False,Libra,Gemini,date_only_midpoint
Q760,Antonio Inoki,marriage_or_spouse_date_candidate,1965-07-01,year,1965,https://en.wikipedia.org/wiki/Antonio_Inoki,spouse,candidate_extraction_only,,,,,,,,not_exact_day
Q761,Walter Becker,career_period_candidate,1969-07-01,year,1969,https://en.wikipedia.org/wiki/Walter_Becker,career_active,candidate_extraction_only,,,,,,,,not_exact_day
Q761,Walter Becker,career_period_candidate,2017-07-01,year,2017,https://en.wikipedia.org/wiki/Walter_Becker,career_active,candidate_extraction_only,,,,,,,,not_exact_day
Q766,Abe no Seimei,death,1005-10-31,day,"October 31, 1005",https://en.wikipedia.org/wiki/Abe_no_Seimei,death_date,candidate_extraction_only,Leo,7.61260354,False,Cancer,False,Libra,Virgo,date_only_midpoint
Q772,Claudia Jones,career_period_candidate,1936-07-01,year,1936,https://en.wikipedia.org/wiki/Claudia_Jones,career_active,candidate_extraction_only,,,,,,,,not_exact_day
Q772,Claudia Jones,career_period_candidate,1964-07-01,year,1964,https://en.wikipedia.org/wiki/Claudia_Jones,career_active,candidate_extraction_only,,,,,,,,not_exact_day
Q775,Vince Welnick,career_period_candidate,1973-07-01,year,1973,https://en.wikipedia.org/wiki/Vince_Welnick,career_active,candidate_extraction_only,,,,,,,,not_exact_day
Q775,Vince Welnick,career_period_candidate,2006-07-01,year,2006,https://en.wikipedia.org/wiki/Vince_Welnick,career_active,candidate_extraction_only,,,,,,,,not_exact_day
Q777,James Dean Bradfield,career_period_candidate,1986-07-01,year,1986,https://en.wikipedia.org/wiki/James_Dean_Bradfield,career_active,candidate_extraction_only,,,,,,,,not_exact_day
Q778,Steve Francis,career_period_candidate,1999-07-01,year,1999,https://en.wikipedia.org/wiki/Steve_Francis,career_active,candidate_extraction_only,,,,,,,,not_exact_day
Q778,Steve Francis,career_period_candidate,2010-07-01,year,2010,https://en.wikipedia.org/wiki/Steve_Francis,career_active,candidate_extraction_only,,,,,,,,not_exact_day
Q788,Zenaida Manfugás,death,2012-05-02,day,"May 2, 2012",https://en.wikipedia.org/wiki/Zenaida_Manfug%C3%A1s,death_date,candidate_extraction_only,Libra,0.89127506,True,Aries,False,Taurus,Leo,date_only_midpoint
Q788,Zenaida Manfugás,career_period_candidate,1949-07-01,year,1949,https://en.wikipedia.org/wiki/Zenaida_Manfug%C3%A1s,career_active,candidate_extraction_only,,,,,,,,not_exact_day
Q788,Zenaida Manfugás,career_period_candidate,2012-07-01,year,2012,https://en.wikipedia.org/wiki/Zenaida_Manfug%C3%A1s,career_active,candidate_extraction_only,,,,,,,,not_exact_day
Q791,Julius Erving,career_period_candidate,1971-07-01,year,1971,https://en.wikipedia.org/wiki/Julius_Erving,career_active,candidate_extraction_only,,,,,,,,not_exact_day
Q791,Julius Erving,career_period_candidate,1987-07-01,year,1987,https://en.wikipedia.org/wiki/Julius_Erving,career_active,candidate_extraction_only,,,,,,,,not_exact_day
Q808,Michael Cornacchia,career_period_candidate,1998-07-01,year,1998,https://en.wikipedia.org/wiki/Michael_Cornacchia,career_active,candidate_extraction_only,,,,,,,,not_exact_day
Q821,Tommy Burleson,career_period_candidate,1974-07-01,year,1974,https://en.wikipedia.org/wiki/Tommy_Burleson,career_active,candidate_extraction_only,,,,,,,,not_exact_day
Q821,Tommy Burleson,career_period_candidate,1981-07-01,year,1981,https://en.wikipedia.org/wiki/Tommy_Burleson,career_active,candidate_extraction_only,,,,,,,,not_exact_day
Q825,Trace Cyrus,career_period_candidate,2006-07-01,year,2006,https://en.wikipedia.org/wiki/Trace_Cyrus,career_active,candidate_extraction_only,,,,,,,,not_exact_day
Q840,Mario Hezonja,career_period_candidate,2012-07-01,year,2012,https://en.wikipedia.org/wiki/Mario_Hezonja,career_active,candidate_extraction_only,,,,,,,,not_exact_day
Q847,Robert Alda,career_period_candidate,1935-07-01,year,1935,https://en.wikipedia.org/wiki/Robert_Alda,career_active,candidate_extraction_only,,,,,,,,not_exact_day
Q847,Robert Alda,career_period_candidate,1984-07-01,year,1984,https://en.wikipedia.org/wiki/Robert_Alda,career_active,candidate_extraction_only,,,,,,,,not_exact_day
Q848,Doris Belack,career_period_candidate,1955-07-01,year,1955,https://en.wikipedia.org/wiki/Doris_Belack,career_active,candidate_extraction_only,,,,,,,,not_exact_day
Q848,Doris Belack,career_period_candidate,2011-07-01,year,2011,https://en.wikipedia.org/wiki/Doris_Belack,career_active,candidate_extraction_only,,,,,,,,not_exact_day
Q850,Sandie Shaw,career_period_candidate,1964-07-01,year,1964,https://en.wikipedia.org/wiki/Sandie_Shaw,career_active,candidate_extraction_only,,,,,,,,not_exact_day
Q850,Sandie Shaw,career_period_candidate,2013-07-01,year,2013,https://en.wikipedia.org/wiki/Sandie_Shaw,career_active,candidate_extraction_only,,,,,,,,not_exact_day
Q855,Mikael Granlund,career_period_candidate,2008-07-01,year,2008,https://en.wikipedia.org/wiki/Mikael_Granlund,career_active,candidate_extraction_only,,,,,,,,not_exact_day
Q857,Carel Fabritius,death,1654-10-12,day,12 October 1654,https://en.wikipedia.org/wiki/Carel_Fabritius,death_date,candidate_extraction_only,Leo,16.70825926,False,Aquarius,True,Virgo,Virgo,date_only_midpoint
Q861,David Sarnoff,career_period_candidate,1919-07-01,year,1919,https://en.wikipedia.org/wiki/David_Sarnoff,career_active,candidate_extraction_only,,,,,,,,not_exact_day
Q861,David Sarnoff,career_period_candidate,1970-07-01,year,1970,https://en.wikipedia.org/wiki/David_Sarnoff,career_active,candidate_extraction_only,,,,,,,,not_exact_day
Q869,Brandon Beemer,career_period_candidate,2001-07-01,year,2001,https://en.wikipedia.org/wiki/Brandon_Beemer,career_active,candidate_extraction_only,,,,,,,,not_exact_day
Q878,Max Bentley,career_period_candidate,1940-07-01,year,1940,https://en.wikipedia.org/wiki/Max_Bentley,career_active,candidate_extraction_only,,,,,,,,not_exact_day
Q878,Max Bentley,career_period_candidate,1954-07-01,year,1954,https://en.wikipedia.org/wiki/Max_Bentley,career_active,candidate_extraction_only,,,,,,,,not_exact_day
Q883,Jack Davenport,career_period_candidate,1996-07-01,year,1996,https://en.wikipedia.org/wiki/Jack_Davenport,career_active,candidate_extraction_only,,,,,,,,not_exact_day
Q884,Travis Diener,career_period_candidate,2005-07-01,year,2005,https://en.wikipedia.org/wiki/Travis_Diener,career_active,candidate_extraction_only,,,,,,,,not_exact_day
Q884,Travis Diener,career_period_candidate,2020-07-01,year,2020,https://en.wikipedia.org/wiki/Travis_Diener,career_active,candidate_extraction_only,,,,,,,,not_exact_day
Q885,Tenille Dashwood,debut_or_career_start,2005-07-01,year,2005,https://en.wikipedia.org/wiki/Tenille_Dashwood,debut,candidate_extraction_only,,,,,,,,not_exact_day
Q887,George Sandys,death,1644-03-01,month,March 1644,https://en.wikipedia.org/wiki/George_Sandys,death_date,candidate_extraction_only,Pisces,18.15391821,False,Aries,False,Pisces,Capricorn,date_only_midpoint
Q887,George Sandys,career_period_candidate,1610-07-01,year,1610,https://en.wikipedia.org/wiki/George_Sandys,career_active,candidate_extraction_only,,,,,,,,not_exact_day
Q887,George Sandys,career_period_candidate,1640-07-01,year,1640,https://en.wikipedia.org/wiki/George_Sandys,career_active,candidate_extraction_only,,,,,,,,not_exact_day
Q891,Dr. Seuss,career_period_candidate,1921-07-01,year,1921,https://en.wikipedia.org/wiki/Dr._Seuss,career_active,candidate_extraction_only,,,,,,,,not_exact_day
Q891,Dr. Seuss,career_period_candidate,1991-07-01,year,1991,https://en.wikipedia.org/wiki/Dr._Seuss,career_active,candidate_extraction_only,,,,,,,,not_exact_day
Q893,John Cullum,career_period_candidate,1956-07-01,year,1956,https://en.wikipedia.org/wiki/John_Cullum,career_active,candidate_extraction_only,,,,,,,,not_exact_day
Q895,Larry Carlton,career_period_candidate,1962-07-01,year,1962,https://en.wikipedia.org/wiki/Larry_Carlton,career_active,candidate_extraction_only,,,,,,,,not_exact_day
Q897,Daniel Craig,career_period_candidate,1992-07-01,year,1992,https://en.wikipedia.org/wiki/Daniel_Craig,career_active,candidate_extraction_only,,,,,,,,not_exact_day
Q899,Jonathan D'Aversa,career_period_candidate,2007-07-01,year,2007,https://en.wikipedia.org/wiki/Jonathan_D%27Aversa,career_active,candidate_extraction_only,,,,,,,,not_exact_day
Q899,Jonathan D'Aversa,career_period_candidate,2019-07-01,year,2019,https://en.wikipedia.org/wiki/Jonathan_D%27Aversa,career_active,candidate_extraction_only,,,,,,,,not_exact_day
Q906,Ruby Dandridge,career_period_candidate,1917-07-01,year,1917,https://en.wikipedia.org/wiki/Ruby_Dandridge,career_active,candidate_extraction_only,,,,,,,,not_exact_day
Q906,Ruby Dandridge,career_period_candidate,1962-07-01,year,1962,https://en.wikipedia.org/wiki/Ruby_Dandridge,career_active,candidate_extraction_only,,,,,,,,not_exact_day
Q907,Arthur Kornberg,marriage_or_spouse_date_candidate,1943-07-01,year,1943,https://en.wikipedia.org/wiki/Arthur_Kornberg,spouse,candidate_extraction_only,,,,,,,,not_exact_day
Q907,Arthur Kornberg,marriage_or_spouse_date_candidate,1986-07-01,year,1986,https://en.wikipedia.org/wiki/Arthur_Kornberg,spouse,candidate_extraction_only,,,,,,,,not_exact_day
Q907,Arthur Kornberg,marriage_or_spouse_date_candidate,1988-07-01,year,1988,https://en.wikipedia.org/wiki/Arthur_Kornberg,spouse,candidate_extraction_only,,,,,,,,not_exact_day
Q907,Arthur Kornberg,marriage_or_spouse_date_candidate,1995-07-01,year,1995,https://en.wikipedia.org/wiki/Arthur_Kornberg,spouse,candidate_extraction_only,,,,,,,,not_exact_day
Q907,Arthur Kornberg,marriage_or_spouse_date_candidate,1998-07-01,year,1998,https://en.wikipedia.org/wiki/Arthur_Kornberg,spouse,candidate_extraction_only,,,,,,,,not_exact_day
Q907,Arthur Kornberg,marriage_or_spouse_date_candidate,2007-07-01,year,2007,https://en.wikipedia.org/wiki/Arthur_Kornberg,spouse,candidate_extraction_only,,,,,,,,not_exact_day
Q909,Mike Pender,career_period_candidate,1950-07-01,year,1950,https://en.wikipedia.org/wiki/Mike_Pender,career_active,candidate_extraction_only,,,,,,,,not_exact_day
Q911,Mary Page Keller,career_period_candidate,1982-07-01,year,1982,https://en.wikipedia.org/wiki/Mary_Page_Keller,career_active,candidate_extraction_only,,,,,,,,not_exact_day
Q912,Julie Bowen,career_period_candidate,1992-07-01,year,1992,https://en.wikipedia.org/wiki/Julie_Bowen,career_active,candidate_extraction_only,,,,,,,,not_exact_day
Q913,Ronan Keating,career_period_candidate,1993-07-01,year,1993,https://en.wikipedia.org/wiki/Ronan_Keating,career_active,candidate_extraction_only,,,,,,,,not_exact_day
Q922,Charles Corm,death,1963-09-19,day,"September 19, 1963",https://en.wikipedia.org/wiki/Charles_Corm,death_date,candidate_extraction_only,Capricorn,23.94097737,True,Pisces,True,Virgo,Libra,date_only_midpoint
Q926,Gloria Gaither,career_period_candidate,1962-07-01,year,1962,https://en.wikipedia.org/wiki/Gloria_Gaither,career_active,candidate_extraction_only,,,,,,,,not_exact_day
Q929,Pierre Dagenais,career_period_candidate,1998-07-01,year,1998,https://en.wikipedia.org/wiki/Pierre_Dagenais,career_active,candidate_extraction_only,,,,,,,,not_exact_day
Q929,Pierre Dagenais,career_period_candidate,2012-07-01,year,2012,https://en.wikipedia.org/wiki/Pierre_Dagenais,career_active,candidate_extraction_only,,,,,,,,not_exact_day
Q930,Andrea Bowen,career_period_candidate,1996-07-01,year,1996,https://en.wikipedia.org/wiki/Andrea_Bowen,career_active,candidate_extraction_only,,,,,,,,not_exact_day
Q931,Henry II of England,death,1189-07-06,day,6 July 1189,https://en.wikipedia.org/wiki/Henry_II_of_England,death_date,candidate_extraction_only,Libra,20.47000766,True,Sagittarius,True,Taurus,Taurus,date_only_midpoint
Q939,Paul Sand,career_period_candidate,1960-07-01,year,1960,https://en.wikipedia.org/wiki/Paul_Sand,career_active,candidate_extraction_only,,,,,,,,not_exact_day
Q943,Brian Grant,career_period_candidate,1994-07-01,year,1994,https://en.wikipedia.org/wiki/Brian_Grant,career_active,candidate_extraction_only,,,,,,,,not_exact_day
Q943,Brian Grant,career_period_candidate,2006-07-01,year,2006,https://en.wikipedia.org/wiki/Brian_Grant,career_active,candidate_extraction_only,,,,,,,,not_exact_day
Q946,John of Gaunt,death,1399-02-03,day,3 February 1399,https://en.wikipedia.org/wiki/John_of_Gaunt,death_date,candidate_extraction_only,Sagittarius,7.9551723,False,Leo,True,Capricorn,Libra,date_only_midpoint
Q948,Karol Kurpiński,marriage_or_spouse_date_candidate,1800-07-01,year,1800,https://en.wikipedia.org/wiki/Karol_Kurpi%C5%84ski,spouse,candidate_extraction_only,,,,,,,,not_exact_day
Q948,Karol Kurpiński,marriage_or_spouse_date_candidate,1879-07-01,year,1879,https://en.wikipedia.org/wiki/Karol_Kurpi%C5%84ski,spouse,candidate_extraction_only,,,,,,,,not_exact_day
Q954,Peter Brötzmann,career_period_candidate,1967-07-01,year,1967,https://en.wikipedia.org/wiki/Peter_Br%C3%B6tzmann,career_active,candidate_extraction_only,,,,,,,,not_exact_day
Q954,Peter Brötzmann,career_period_candidate,2023-07-01,year,2023,https://en.wikipedia.org/wiki/Peter_Br%C3%B6tzmann,career_active,candidate_extraction_only,,,,,,,,not_exact_day
Q956,Sleepy Floyd,career_period_candidate,1982-07-01,year,1982,https://en.wikipedia.org/wiki/Sleepy_Floyd,career_active,candidate_extraction_only,,,,,,,,not_exact_day
Q956,Sleepy Floyd,career_period_candidate,1995-07-01,year,1995,https://en.wikipedia.org/wiki/Sleepy_Floyd,career_active,candidate_extraction_only,,,,,,,,not_exact_day
Q957,Darrick Martin,career_period_candidate,1994-07-01,year,1994,https://en.wikipedia.org/wiki/Darrick_Martin,career_active,candidate_extraction_only,,,,,,,,not_exact_day
Q957,Darrick Martin,career_period_candidate,2009-07-01,year,2009,https://en.wikipedia.org/wiki/Darrick_Martin,career_active,candidate_extraction_only,,,,,,,,not_exact_day
Q959,Mário Bližňák,career_period_candidate,2008-07-01,year,2008,https://en.wikipedia.org/wiki/M%C3%A1rio_Bli%C5%BE%C5%88%C3%A1k,career_active,candidate_extraction_only,,,,,,,,not_exact_day
Q959,Mário Bližňák,career_period_candidate,2019-07-01,year,2019,https://en.wikipedia.org/wiki/M%C3%A1rio_Bli%C5%BE%C5%88%C3%A1k,career_active,candidate_extraction_only,,,,,,,,not_exact_day
Q960,Josh Hart,career_period_candidate,2017-07-01,year,2017,https://en.wikipedia.org/wiki/Josh_Hart,career_active,candidate_extraction_only,,,,,,,,not_exact_day
Q964,Julius Wagner-Jauregg,marriage_or_spouse_date_candidate,1903-07-01,year,1903,https://en.wikipedia.org/wiki/Julius_Wagner-Jauregg,spouse,candidate_extraction_only,,,,,,,,not_exact_day
Q964,Julius Wagner-Jauregg,marriage_or_spouse_date_candidate,1899-07-01,year,1899,https://en.wikipedia.org/wiki/Julius_Wagner-Jauregg,spouse,candidate_extraction_only,,,,,,,,not_exact_day
Q968,Michael Eisner,career_period_candidate,1966-07-01,year,1966,https://en.wikipedia.org/wiki/Michael_Eisner,career_active,candidate_extraction_only,,,,,,,,not_exact_day
Q970,Rick Bass,marriage_or_spouse_date_candidate,1987-07-01,year,1987,https://en.wikipedia.org/wiki/Rick_Bass,spouse,candidate_extraction_only,,,,,,,,not_exact_day
Q970,Rick Bass,marriage_or_spouse_date_candidate,2015-07-01,year,2015,https://en.wikipedia.org/wiki/Rick_Bass,spouse,candidate_extraction_only,,,,,,,,not_exact_day
Q972,Rachel Weisz,career_period_candidate,1992-07-01,year,1992,https://en.wikipedia.org/wiki/Rachel_Weisz,career_active,candidate_extraction_only,,,,,,,,not_exact_day
Q973,Paul Cattermole,career_period_candidate,1993-07-01,year,1993,https://en.wikipedia.org/wiki/Paul_Cattermole,career_active,candidate_extraction_only,,,,,,,,not_exact_day
Q973,Paul Cattermole,career_period_candidate,2023-07-01,year,2023,https://en.wikipedia.org/wiki/Paul_Cattermole,career_active,candidate_extraction_only,,,,,,,,not_exact_day
Q974,Ryan Ciminelli,career_period_candidate,2007-07-01,year,2007,https://en.wikipedia.org/wiki/Ryan_Ciminelli,career_active,candidate_extraction_only,,,,,,,,not_exact_day
Q981,Eileen Herlie,career_period_candidate,1938-07-01,year,1938,https://en.wikipedia.org/wiki/Eileen_Herlie,career_active,candidate_extraction_only,,,,,,,,not_exact_day
Q981,Eileen Herlie,career_period_candidate,2008-07-01,year,2008,https://en.wikipedia.org/wiki/Eileen_Herlie,career_active,candidate_extraction_only,,,,,,,,not_exact_day
Q984,Micky Dolenz,career_period_candidate,1956-07-01,year,1956,https://en.wikipedia.org/wiki/Micky_Dolenz,career_active,candidate_extraction_only,,,,,,,,not_exact_day
Q988,Tom Chaplin,career_period_candidate,1997-07-01,year,1997,https://en.wikipedia.org/wiki/Tom_Chaplin,career_active,candidate_extraction_only,,,,,,,,not_exact_day
Q989,Milana Vayntrub,career_period_candidate,1995-07-01,year,1995,https://en.wikipedia.org/wiki/Milana_Vayntrub,career_active,candidate_extraction_only,,,,,,,,not_exact_day
Q1001,Juliette Binoche,career_period_candidate,1983-07-01,year,1983,https://en.wikipedia.org/wiki/Juliette_Binoche,career_active,candidate_extraction_only,,,,,,,,not_exact_day
Q1003,Matt Barnes,career_period_candidate,2002-07-01,year,2002,https://en.wikipedia.org/wiki/Matt_Barnes,career_active,candidate_extraction_only,,,,,,,,not_exact_day
Q1003,Matt Barnes,career_period_candidate,2017-07-01,year,2017,https://en.wikipedia.org/wiki/Matt_Barnes,career_active,candidate_extraction_only,,,,,,,,not_exact_day
Q1013,Sara Montiel,career_period_candidate,1943-07-01,year,1943,https://en.wikipedia.org/wiki/Sara_Montiel,career_active,candidate_extraction_only,,,,,,,,not_exact_day
Q1013,Sara Montiel,career_period_candidate,2013-07-01,year,2013,https://en.wikipedia.org/wiki/Sara_Montiel,career_active,candidate_extraction_only,,,,,,,,not_exact_day
Q1015,Katharine Houghton,career_period_candidate,1965-07-01,year,1965,https://en.wikipedia.org/wiki/Katharine_Houghton,career_active,candidate_extraction_only,,,,,,,,not_exact_day
Q1016,Toshio Suzuki,career_period_candidate,1972-07-01,year,1972,https://en.wikipedia.org/wiki/Toshio_Suzuki,career_active,candidate_extraction_only,,,,,,,,not_exact_day
Q1021,Mary of Woodstock,death,1332-07-08,day,8 July 1332,https://en.wikipedia.org/wiki/Mary_of_Woodstock,death_date,candidate_extraction_only,Virgo,1.38828109,False,Sagittarius,True,Leo,Taurus,date_only_midpoint
Q1025,Robert Havemann,marriage_or_spouse_date_candidate,1934-07-01,year,1934,https://en.wikipedia.org/wiki/Robert_Havemann,spouse,candidate_extraction_only,,,,,,,,not_exact_day
Q1025,Robert Havemann,marriage_or_spouse_date_candidate,1949-07-01,year,1949,https://en.wikipedia.org/wiki/Robert_Havemann,spouse,candidate_extraction_only,,,,,,,,not_exact_day
Q1025,Robert Havemann,marriage_or_spouse_date_candidate,1974-07-01,year,1974,https://en.wikipedia.org/wiki/Robert_Havemann,spouse,candidate_extraction_only,,,,,,,,not_exact_day
Q1026,Astor Piazzolla,marriage_or_spouse_date_candidate,1943-07-01,year,1943,https://en.wikipedia.org/wiki/Astor_Piazzolla,spouse,candidate_extraction_only,,,,,,,,not_exact_day
Q1026,Astor Piazzolla,marriage_or_spouse_date_candidate,1988-07-01,year,1988,https://en.wikipedia.org/wiki/Astor_Piazzolla,spouse,candidate_extraction_only,,,,,,,,not_exact_day
Q1026,Astor Piazzolla,career_period_candidate,1933-07-01,year,1933,https://en.wikipedia.org/wiki/Astor_Piazzolla,career_active,candidate_extraction_only,,,,,,,,not_exact_day
Q1026,Astor Piazzolla,career_period_candidate,1990-07-01,year,1990,https://en.wikipedia.org/wiki/Astor_Piazzolla,career_active,candidate_extraction_only,,,,,,,,not_exact_day
Q1029,Bobby McFerrin,career_period_candidate,1970-07-01,year,1970,https://en.wikipedia.org/wiki/Bobby_McFerrin,career_active,candidate_extraction_only,,,,,,,,not_exact_day
Q1032,Terrence Howard,career_period_candidate,1992-07-01,year,1992,https://en.wikipedia.org/wiki/Terrence_Howard,career_active,candidate_extraction_only,,,,,,,,not_exact_day
Q1035,Jodie Comer,career_period_candidate,2007-07-01,year,2007,https://en.wikipedia.org/wiki/Jodie_Comer,career_active,candidate_extraction_only,,,,,,,,not_exact_day
Q1041,Jesse Fuller,career_period_candidate,1950-07-01,year,1950,https://en.wikipedia.org/wiki/Jesse_Fuller,career_active,candidate_extraction_only,,,,,,,,not_exact_day
Q1041,Jesse Fuller,career_period_candidate,1976-07-01,year,1976,https://en.wikipedia.org/wiki/Jesse_Fuller,career_active,candidate_extraction_only,,,,,,,,not_exact_day
Q1044,Myrna Fahey,career_period_candidate,1954-07-01,year,1954,https://en.wikipedia.org/wiki/Myrna_Fahey,career_active,candidate_extraction_only,,,,,,,,not_exact_day
Q1044,Myrna Fahey,career_period_candidate,1973-07-01,year,1973,https://en.wikipedia.org/wiki/Myrna_Fahey,career_active,candidate_extraction_only,,,,,,,,not_exact_day
Q1062,Tim Story,career_period_candidate,1997-07-01,year,1997,https://en.wikipedia.org/wiki/Tim_Story,career_active,candidate_extraction_only,,,,,,,,not_exact_day
Q1067,Johann Strauss I,death,1849-09-25,day,25 September 1849,https://en.wikipedia.org/wiki/Johann_Strauss_I,death_date,candidate_extraction_only,Pisces,12.97437845,True,Leo,False,Leo,Gemini,date_only_midpoint
Q1072,Max Shulman,marriage_or_spouse_date_candidate,1941-07-01,year,1941,https://en.wikipedia.org/wiki/Max_Shulman,spouse,candidate_extraction_only,,,,,,,,not_exact_day
Q1072,Max Shulman,marriage_or_spouse_date_candidate,1963-07-01,year,1963,https://en.wikipedia.org/wiki/Max_Shulman,spouse,candidate_extraction_only,,,,,,,,not_exact_day
Q1072,Max Shulman,marriage_or_spouse_date_candidate,1964-07-01,year,1964,https://en.wikipedia.org/wiki/Max_Shulman,spouse,candidate_extraction_only,,,,,,,,not_exact_day
Q1072,Max Shulman,marriage_or_spouse_date_candidate,1988-07-01,year,1988,https://en.wikipedia.org/wiki/Max_Shulman,spouse,candidate_extraction_only,,,,,,,,not_exact_day
Q1074,Raymond J. Barry,career_period_candidate,1970-07-01,year,1970,https://en.wikipedia.org/wiki/Raymond_J._Barry,career_active,candidate_extraction_only,,,,,,,,not_exact_day
Q1086,Zarah Leander,career_period_candidate,1929-07-01,year,1929,https://en.wikipedia.org/wiki/Zarah_Leander,career_active,candidate_extraction_only,,,,,,,,not_exact_day
Q1086,Zarah Leander,career_period_candidate,1979-07-01,year,1979,https://en.wikipedia.org/wiki/Zarah_Leander,career_active,candidate_extraction_only,,,,,,,,not_exact_day
Q1087,Madelyn Pugh,career_period_candidate,1951-07-01,year,1951,https://en.wikipedia.org/wiki/Madelyn_Pugh,career_active,candidate_extraction_only,,,,,,,,not_exact_day
Q1087,Madelyn Pugh,career_period_candidate,2009-07-01,year,2009,https://en.wikipedia.org/wiki/Madelyn_Pugh,career_active,candidate_extraction_only,,,,,,,,not_exact_day
Q1089,David Cronenberg,career_period_candidate,1966-07-01,year,1966,https://en.wikipedia.org/wiki/David_Cronenberg,career_active,candidate_extraction_only,,,,,,,,not_exact_day
Q1103,Alexis Chantraine,death,1987-04-24,day,24 April 1987,https://en.wikipedia.org/wiki/Alexis_Chantraine,death_date,candidate_extraction_only,Scorpio,27.00870534,True,Pisces,False,Pisces,Taurus,date_only_midpoint
Q1106,Roger Crozier,career_period_candidate,1960-07-01,year,1960,https://en.wikipedia.org/wiki/Roger_Crozier,career_active,candidate_extraction_only,,,,,,,,not_exact_day
Q1106,Roger Crozier,career_period_candidate,1977-07-01,year,1977,https://en.wikipedia.org/wiki/Roger_Crozier,career_active,candidate_extraction_only,,,,,,,,not_exact_day
Q1109,Brooke Burns,career_period_candidate,1996-07-01,year,1996,https://en.wikipedia.org/wiki/Brooke_Burns,career_active,candidate_extraction_only,,,,,,,,not_exact_day
Q1110,Blake Griffin,career_period_candidate,2009-07-01,year,2009,https://en.wikipedia.org/wiki/Blake_Griffin,career_active,candidate_extraction_only,,,,,,,,not_exact_day
Q1110,Blake Griffin,career_period_candidate,2023-07-01,year,2023,https://en.wikipedia.org/wiki/Blake_Griffin,career_active,candidate_extraction_only,,,,,,,,not_exact_day
Q1114,Joseph Baptista,death,1930-09-18,day,18 September 1930,https://en.wikipedia.org/wiki/Joseph_Baptista,death_date,candidate_extraction_only,Sagittarius,12.42928626,False,Gemini,False,Libra,Gemini,date_only_midpoint
Q1123,Mark Dolan,career_period_candidate,2000-07-01,year,2000,https://en.wikipedia.org/wiki/Mark_Dolan,career_active,candidate_extraction_only,,,,,,,,not_exact_day
Q1126,Al-Zamakhshari,death,1143-07-12,day,12 July 1143,https://en.wikipedia.org/wiki/Al-Zamakhshari,death_date,candidate_extraction_only,Pisces,29.94755199,False,Capricorn,True,Cancer,Virgo,date_only_midpoint
Q1129,Randal Cremer,death,1908-07-22,day,22 July 1908,https://en.wikipedia.org/wiki/Randal_Cremer,death_date,candidate_extraction_only,Pisces,17.60759431,False,Cancer,False,Gemini,Cancer,date_only_midpoint
Q1135,Dennis Linde,career_period_candidate,2006-07-01,year,2006,https://en.wikipedia.org/wiki/Dennis_Linde,career_active,candidate_extraction_only,,,,,,,,not_exact_day
Q1141,Güyük Khan,death,1248-04-20,day,20 April 1248,https://en.wikipedia.org/wiki/G%C3%BCy%C3%BCk_Khan,death_date,candidate_extraction_only,Libra,25.6748635,True,Scorpio,True,Pisces,Gemini,date_only_midpoint
Q1151,Nate Bowman,career_period_candidate,1965-07-01,year,1965,https://en.wikipedia.org/wiki/Nate_Bowman,career_active,candidate_extraction_only,,,,,,,,not_exact_day
Q1151,Nate Bowman,career_period_candidate,1973-07-01,year,1973,https://en.wikipedia.org/wiki/Nate_Bowman,career_active,candidate_extraction_only,,,,,,,,not_exact_day
Q1153,Yoko Kanno,career_period_candidate,1985-07-01,year,1985,https://en.wikipedia.org/wiki/Yoko_Kanno,career_active,candidate_extraction_only,,,,,,,,not_exact_day
Q1160,Philipp Frank,death,1966-07-21,day,"July 21, 1966",https://en.wikipedia.org/wiki/Philipp_Frank,death_date,candidate_extraction_only,Pisces,6.21817821,True,Gemini,False,Gemini,Gemini,date_only_midpoint
Q1166,William Hurt,career_period_candidate,1975-07-01,year,1975,https://en.wikipedia.org/wiki/William_Hurt,career_active,candidate_extraction_only,,,,,,,,not_exact_day
Q1166,William Hurt,career_period_candidate,2022-07-01,year,2022,https://en.wikipedia.org/wiki/William_Hurt,career_active,candidate_extraction_only,,,,,,,,not_exact_day
Q1169,Jamal Crawford,career_period_candidate,2000-07-01,year,2000,https://en.wikipedia.org/wiki/Jamal_Crawford,career_active,candidate_extraction_only,,,,,,,,not_exact_day
Q1169,Jamal Crawford,career_period_candidate,2020-07-01,year,2020,https://en.wikipedia.org/wiki/Jamal_Crawford,career_active,candidate_extraction_only,,,,,,,,not_exact_day
Q1178,Philip Abbott,career_period_candidate,1952-07-01,year,1952,https://en.wikipedia.org/wiki/Philip_Abbott,career_active,candidate_extraction_only,,,,,,,,not_exact_day
Q1178,Philip Abbott,career_period_candidate,1998-07-01,year,1998,https://en.wikipedia.org/wiki/Philip_Abbott,career_active,candidate_extraction_only,,,,,,,,not_exact_day
Q1183,Laura Allen,career_period_candidate,2000-07-01,year,2000,https://en.wikipedia.org/wiki/Laura_Allen,career_active,candidate_extraction_only,,,,,,,,not_exact_day
Q1184,Tarence Kinsey,career_period_candidate,2006-07-01,year,2006,https://en.wikipedia.org/wiki/Tarence_Kinsey,career_active,candidate_extraction_only,,,,,,,,not_exact_day
Q1184,Tarence Kinsey,career_period_candidate,2020-07-01,year,2020,https://en.wikipedia.org/wiki/Tarence_Kinsey,career_active,candidate_extraction_only,,,,,,,,not_exact_day
Q1185,Sven Andrighetto,career_period_candidate,2010-07-01,year,2010,https://en.wikipedia.org/wiki/Sven_Andrighetto,career_active,candidate_extraction_only,,,,,,,,not_exact_day
Q1195,Angelo Badalamenti,career_period_candidate,1962-07-01,year,1962,https://en.wikipedia.org/wiki/Angelo_Badalamenti,career_active,candidate_extraction_only,,,,,,,,not_exact_day
Q1195,Angelo Badalamenti,career_period_candidate,2022-07-01,year,2022,https://en.wikipedia.org/wiki/Angelo_Badalamenti,career_active,candidate_extraction_only,,,,,,,,not_exact_day
Q1198,Andreas Johnson,career_period_candidate,1997-07-01,year,1997,https://en.wikipedia.org/wiki/Andreas_Johnson,career_active,candidate_extraction_only,,,,,,,,not_exact_day
Q1211,Moses Malone,career_period_candidate,1974-07-01,year,1974,https://en.wikipedia.org/wiki/Moses_Malone,career_active,candidate_extraction_only,,,,,,,,not_exact_day
Q1211,Moses Malone,career_period_candidate,1995-07-01,year,1995,https://en.wikipedia.org/wiki/Moses_Malone,career_active,candidate_extraction_only,,,,,,,,not_exact_day
Q1223,Gene Nelson,career_period_candidate,1938-07-01,year,1938,https://en.wikipedia.org/wiki/Gene_Nelson,career_active,candidate_extraction_only,,,,,,,,not_exact_day
Q1223,Gene Nelson,career_period_candidate,1980-07-01,year,1980,https://en.wikipedia.org/wiki/Gene_Nelson,career_active,candidate_extraction_only,,,,,,,,not_exact_day
Q1235,Horatio Nelson Jackson,marriage_or_spouse_date_candidate,1899-07-01,year,1899,https://en.wikipedia.org/wiki/Horatio_Nelson_Jackson,spouse,candidate_extraction_only,,,,,,,,not_exact_day
Q1235,Horatio Nelson Jackson,marriage_or_spouse_date_candidate,1954-07-01,year,1954,https://en.wikipedia.org/wiki/Horatio_Nelson_Jackson,spouse,candidate_extraction_only,,,,,,,,not_exact_day
Q1237,Jean Sablon,career_period_candidate,1923-07-01,year,1923,https://en.wikipedia.org/wiki/Jean_Sablon,career_active,candidate_extraction_only,,,,,,,,not_exact_day
Q1239,Cecil Taylor,career_period_candidate,1956-07-01,year,1956,https://en.wikipedia.org/wiki/Cecil_Taylor,career_active,candidate_extraction_only,,,,,,,,not_exact_day
Q1239,Cecil Taylor,career_period_candidate,2018-07-01,year,2018,https://en.wikipedia.org/wiki/Cecil_Taylor,career_active,candidate_extraction_only,,,,,,,,not_exact_day
Q1242,Mike Aulby,career_period_candidate,1978-07-01,year,1978,https://en.wikipedia.org/wiki/Mike_Aulby,career_active,candidate_extraction_only,,,,,,,,not_exact_day
Q1242,Mike Aulby,career_period_candidate,2003-07-01,year,2003,https://en.wikipedia.org/wiki/Mike_Aulby,career_active,candidate_extraction_only,,,,,,,,not_exact_day
Q1244,Nate Bargatze,career_period_candidate,2002-07-01,year,2002,https://en.wikipedia.org/wiki/Nate_Bargatze,career_active,candidate_extraction_only,,,,,,,,not_exact_day
Q1252,Toru Kumon,death,1995-07-25,day,"July 25, 1995",https://en.wikipedia.org/wiki/Toru_Kumon,death_date,candidate_extraction_only,Pisces,0.65200587,True,Scorpio,True,Cancer,Virgo,date_only_midpoint
Q1256,Fiona Bruce,career_period_candidate,1989-07-01,year,1989,https://en.wikipedia.org/wiki/Fiona_Bruce,career_active,candidate_extraction_only,,,,,,,,not_exact_day
Q1258,Amy Smart,career_period_candidate,1996-07-01,year,1996,https://en.wikipedia.org/wiki/Amy_Smart,career_active,candidate_extraction_only,,,,,,,,not_exact_day
Q1259,Keira Knightley,career_period_candidate,1991-07-01,year,1991,https://en.wikipedia.org/wiki/Keira_Knightley,career_active,candidate_extraction_only,,,,,,,,not_exact_day
Q1263,Charles-Mathias Simons,death,1874-10-05,day,5 October 1874,https://en.wikipedia.org/wiki/Charles-Mathias_Simons,death_date,candidate_extraction_only,Capricorn,15.59297113,True,Virgo,False,Scorpio,Leo,date_only_midpoint
Q1276,Fra Bartolomeo,death,1517-10-31,day,31 October 1517,https://en.wikipedia.org/wiki/Fra_Bartolomeo,death_date,candidate_extraction_only,Sagittarius,8.98376491,False,Leo,False,Scorpio,Libra,date_only_midpoint
Q1285,Tony Barber,career_period_candidate,1961-07-01,year,1961,https://en.wikipedia.org/wiki/Tony_Barber,career_active,candidate_extraction_only,,,,,,,,not_exact_day
Q1288,Keith Tkachuk,career_period_candidate,1992-07-01,year,1992,https://en.wikipedia.org/wiki/Keith_Tkachuk,career_active,candidate_extraction_only,,,,,,,,not_exact_day
Q1288,Keith Tkachuk,career_period_candidate,2010-07-01,year,2010,https://en.wikipedia.org/wiki/Keith_Tkachuk,career_active,candidate_extraction_only,,,,,,,,not_exact_day
Q1291,"Arthur I, Duke of Brittany",death,1203-07-01,year,1203,https://en.wikipedia.org/wiki/Arthur_I%2C_Duke_of_Brittany,death_date,candidate_extraction_only,,,,,,,,not_exact_day
Q1295,Yvan Goll,marriage_or_spouse_date_candidate,1921-07-01,year,1921,https://en.wikipedia.org/wiki/Yvan_Goll,spouse,candidate_extraction_only,,,,,,,,not_exact_day
Q1295,Yvan Goll,marriage_or_spouse_date_candidate,1977-07-01,year,1977,https://en.wikipedia.org/wiki/Yvan_Goll,spouse,candidate_extraction_only,,,,,,,,not_exact_day
Q1300,Frank Bowe,death,2007-08-21,day,"August 21, 2007",https://en.wikipedia.org/wiki/Frank_Bowe,death_date,candidate_extraction_only,Leo,4.50205772,False,Scorpio,False,Cancer,Taurus,date_only_midpoint
Q1304,Nina Riggs,death,2017-02-26,day,"February 26, 2017",https://en.wikipedia.org/wiki/Nina_Riggs,death_date,candidate_extraction_only,Sagittarius,2.48382358,False,Virgo,True,Pisces,Pisces,date_only_midpoint
Q1308,Paul Verlaine,career_period_candidate,1858-07-01,year,1858,https://en.wikipedia.org/wiki/Paul_Verlaine,career_active,candidate_extraction_only,,,,,,,,not_exact_day
Q1308,Paul Verlaine,career_period_candidate,1896-07-01,year,1896,https://en.wikipedia.org/wiki/Paul_Verlaine,career_active,candidate_extraction_only,,,,,,,,not_exact_day
Q1312,Turhan Bey,career_period_candidate,1941-07-01,year,1941,https://en.wikipedia.org/wiki/Turhan_Bey,career_active,candidate_extraction_only,,,,,,,,not_exact_day
Q1312,Turhan Bey,career_period_candidate,1953-07-01,year,1953,https://en.wikipedia.org/wiki/Turhan_Bey,career_active,candidate_extraction_only,,,,,,,,not_exact_day
Q1312,Turhan Bey,career_period_candidate,1990-07-01,year,1990,https://en.wikipedia.org/wiki/Turhan_Bey,career_active,candidate_extraction_only,,,,,,,,not_exact_day
Q1312,Turhan Bey,career_period_candidate,1998-07-01,year,1998,https://en.wikipedia.org/wiki/Turhan_Bey,career_active,candidate_extraction_only,,,,,,,,not_exact_day
Q1315,Stuart Dryburgh,career_period_candidate,1980-07-01,year,1980,https://en.wikipedia.org/wiki/Stuart_Dryburgh,career_active,candidate_extraction_only,,,,,,,,not_exact_day
Q1327,Lucille Bliss,career_period_candidate,1935-07-01,year,1935,https://en.wikipedia.org/wiki/Lucille_Bliss,career_active,candidate_extraction_only,,,,,,,,not_exact_day
Q1327,Lucille Bliss,career_period_candidate,2007-07-01,year,2007,https://en.wikipedia.org/wiki/Lucille_Bliss,career_active,candidate_extraction_only,,,,,,,,not_exact_day
Q1330,Roy Andersson,career_period_candidate,1967-07-01,year,1967,https://en.wikipedia.org/wiki/Roy_Andersson,career_active,candidate_extraction_only,,,,,,,,not_exact_day
Q1332,Tom Barrasso,career_period_candidate,1983-07-01,year,1983,https://en.wikipedia.org/wiki/Tom_Barrasso,career_active,candidate_extraction_only,,,,,,,,not_exact_day
Q1332,Tom Barrasso,career_period_candidate,2002-07-01,year,2002,https://en.wikipedia.org/wiki/Tom_Barrasso,career_active,candidate_extraction_only,,,,,,,,not_exact_day
Q1333,Makis Dreliozis,career_period_candidate,1990-07-01,year,1990,https://en.wikipedia.org/wiki/Makis_Dreliozis,career_active,candidate_extraction_only,,,,,,,,not_exact_day
Q1333,Makis Dreliozis,career_period_candidate,2009-07-01,year,2009,https://en.wikipedia.org/wiki/Makis_Dreliozis,career_active,candidate_extraction_only,,,,,,,,not_exact_day
Q1340,Wallace Beery,career_period_candidate,1904-07-01,year,1904,https://en.wikipedia.org/wiki/Wallace_Beery,career_active,candidate_extraction_only,,,,,,,,not_exact_day
Q1340,Wallace Beery,career_period_candidate,1949-07-01,year,1949,https://en.wikipedia.org/wiki/Wallace_Beery,career_active,candidate_extraction_only,,,,,,,,not_exact_day
Q1349,Taran Killam,career_period_candidate,1993-07-01,year,1993,https://en.wikipedia.org/wiki/Taran_Killam,career_active,candidate_extraction_only,,,,,,,,not_exact_day
Q1350,Julia Fischer,career_period_candidate,1995-07-01,year,1995,https://en.wikipedia.org/wiki/Julia_Fischer,career_active,candidate_extraction_only,,,,,,,,not_exact_day
Q1357,Gloria Henry,career_period_candidate,1947-07-01,year,1947,https://en.wikipedia.org/wiki/Gloria_Henry,career_active,candidate_extraction_only,,,,,,,,not_exact_day
Q1357,Gloria Henry,career_period_candidate,2005-07-01,year,2005,https://en.wikipedia.org/wiki/Gloria_Henry,career_active,candidate_extraction_only,,,,,,,,not_exact_day
Q1357,Gloria Henry,career_period_candidate,2012-07-01,year,2012,https://en.wikipedia.org/wiki/Gloria_Henry,career_active,candidate_extraction_only,,,,,,,,not_exact_day
Q1360,Paul Gambaccini,career_period_candidate,1967-07-01,year,1967,https://en.wikipedia.org/wiki/Paul_Gambaccini,career_active,candidate_extraction_only,,,,,,,,not_exact_day
Q1363,Nate Huffman,career_period_candidate,1997-07-01,year,1997,https://en.wikipedia.org/wiki/Nate_Huffman,career_active,candidate_extraction_only,,,,,,,,not_exact_day
Q1363,Nate Huffman,career_period_candidate,2003-07-01,year,2003,https://en.wikipedia.org/wiki/Nate_Huffman,career_active,candidate_extraction_only,,,,,,,,not_exact_day
Q1372,Nanette Bordeaux,career_period_candidate,1942-07-01,year,1942,https://en.wikipedia.org/wiki/Nanette_Bordeaux,career_active,candidate_extraction_only,,,,,,,,not_exact_day
Q1372,Nanette Bordeaux,career_period_candidate,1956-07-01,year,1956,https://en.wikipedia.org/wiki/Nanette_Bordeaux,career_active,candidate_extraction_only,,,,,,,,not_exact_day
Q1373,Robert Karvelas,career_period_candidate,1965-07-01,year,1965,https://en.wikipedia.org/wiki/Robert_Karvelas,career_active,candidate_extraction_only,,,,,,,,not_exact_day
Q1373,Robert Karvelas,career_period_candidate,1989-07-01,year,1989,https://en.wikipedia.org/wiki/Robert_Karvelas,career_active,candidate_extraction_only,,,,,,,,not_exact_day
Q1375,Marsha Mason,career_period_candidate,1966-07-01,year,1966,https://en.wikipedia.org/wiki/Marsha_Mason,career_active,candidate_extraction_only,,,,,,,,not_exact_day
Q1379,Aaron Bertram,career_period_candidate,1998-07-01,year,1998,https://en.wikipedia.org/wiki/Aaron_Bertram,career_active,candidate_extraction_only,,,,,,,,not_exact_day
Q1388,Peter Vaughan,career_period_candidate,1939-07-01,year,1939,https://en.wikipedia.org/wiki/Peter_Vaughan,career_active,candidate_extraction_only,,,,,,,,not_exact_day
Q1388,Peter Vaughan,career_period_candidate,2015-07-01,year,2015,https://en.wikipedia.org/wiki/Peter_Vaughan,career_active,candidate_extraction_only,,,,,,,,not_exact_day
Q1394,Currensy,career_period_candidate,2002-07-01,year,2002,https://en.wikipedia.org/wiki/Currensy,career_active,candidate_extraction_only,,,,,,,,not_exact_day
Q1403,Raymond Bonney,career_period_candidate,1912-07-01,year,1912,https://en.wikipedia.org/wiki/Raymond_Bonney,career_active,candidate_extraction_only,,,,,,,,not_exact_day
Q1403,Raymond Bonney,career_period_candidate,1927-07-01,year,1927,https://en.wikipedia.org/wiki/Raymond_Bonney,career_active,candidate_extraction_only,,,,,,,,not_exact_day
Q1405,Christopher Hewett,career_period_candidate,1943-07-01,year,1943,https://en.wikipedia.org/wiki/Christopher_Hewett,career_active,candidate_extraction_only,,,,,,,,not_exact_day
Q1405,Christopher Hewett,career_period_candidate,1997-07-01,year,1997,https://en.wikipedia.org/wiki/Christopher_Hewett,career_active,candidate_extraction_only,,,,,,,,not_exact_day
Q1408,Lana Clarkson,career_period_candidate,1982-07-01,year,1982,https://en.wikipedia.org/wiki/Lana_Clarkson,career_active,candidate_extraction_only,,,,,,,,not_exact_day
Q1408,Lana Clarkson,career_period_candidate,2003-07-01,year,2003,https://en.wikipedia.org/wiki/Lana_Clarkson,career_active,candidate_extraction_only,,,,,,,,not_exact_day
Q1411,Maimonides,death,1204-12-12,day,12 December 1204,https://en.wikipedia.org/wiki/Maimonides,death_date,candidate_extraction_only,Aries,22.53318669,True,Pisces,False,Capricorn,Cancer,date_only_midpoint
Q1418,Gordon Chater,career_period_candidate,1944-07-01,year,1944,https://en.wikipedia.org/wiki/Gordon_Chater,career_active,candidate_extraction_only,,,,,,,,not_exact_day
Q1418,Gordon Chater,career_period_candidate,1993-07-01,year,1993,https://en.wikipedia.org/wiki/Gordon_Chater,career_active,candidate_extraction_only,,,,,,,,not_exact_day
Q1419,Connie Broden,career_period_candidate,1950-07-01,year,1950,https://en.wikipedia.org/wiki/Connie_Broden,career_active,candidate_extraction_only,,,,,,,,not_exact_day
Q1419,Connie Broden,career_period_candidate,1959-07-01,year,1959,https://en.wikipedia.org/wiki/Connie_Broden,career_active,candidate_extraction_only,,,,,,,,not_exact_day
Q1422,Rory Bremner,career_period_candidate,1985-07-01,year,1985,https://en.wikipedia.org/wiki/Rory_Bremner,career_active,candidate_extraction_only,,,,,,,,not_exact_day
Q1424,Travis Moen,career_period_candidate,2002-07-01,year,2002,https://en.wikipedia.org/wiki/Travis_Moen,career_active,candidate_extraction_only,,,,,,,,not_exact_day
Q1424,Travis Moen,career_period_candidate,2016-07-01,year,2016,https://en.wikipedia.org/wiki/Travis_Moen,career_active,candidate_extraction_only,,,,,,,,not_exact_day
Q1425,Adrián Alonso,career_period_candidate,1997-07-01,year,1997,https://en.wikipedia.org/wiki/Adri%C3%A1n_Alonso,career_active,candidate_extraction_only,,,,,,,,not_exact_day
Q1434,Ian Richardson,career_period_candidate,1954-07-01,year,1954,https://en.wikipedia.org/wiki/Ian_Richardson,career_active,candidate_extraction_only,,,,,,,,not_exact_day
Q1434,Ian Richardson,career_period_candidate,2007-07-01,year,2007,https://en.wikipedia.org/wiki/Ian_Richardson,career_active,candidate_extraction_only,,,,,,,,not_exact_day
Q1438,Leif Ove Andsnes,career_period_candidate,1987-07-01,year,1987,https://en.wikipedia.org/wiki/Leif_Ove_Andsnes,career_active,candidate_extraction_only,,,,,,,,not_exact_day
Q1448,Jacques Brel,marriage_or_spouse_date_candidate,1950-07-01,year,1950,https://en.wikipedia.org/wiki/Jacques_Brel,spouse,candidate_extraction_only,,,,,,,,not_exact_day
Q1448,Jacques Brel,career_period_candidate,1952-07-01,year,1952,https://en.wikipedia.org/wiki/Jacques_Brel,career_active,candidate_extraction_only,,,,,,,,not_exact_day
Q1448,Jacques Brel,career_period_candidate,1978-07-01,year,1978,https://en.wikipedia.org/wiki/Jacques_Brel,career_active,candidate_extraction_only,,,,,,,,not_exact_day
Q1453,Ana de la Reguera,career_period_candidate,1996-07-01,year,1996,https://en.wikipedia.org/wiki/Ana_de_la_Reguera,career_active,candidate_extraction_only,,,,,,,,not_exact_day
Q1456,Al-Muqtafi,death,1160-03-12,day,12 March 1160,https://en.wikipedia.org/wiki/Al-Muqtafi,death_date,candidate_extraction_only,Scorpio,1.99690466,True,Gemini,False,Aries,Leo,date_only_midpoint
Q1461,Sharkey Bonano,career_period_candidate,1920-07-01,year,1920,https://en.wikipedia.org/wiki/Sharkey_Bonano,career_active,candidate_extraction_only,,,,,,,,not_exact_day
Q1461,Sharkey Bonano,career_period_candidate,1960-07-01,year,1960,https://en.wikipedia.org/wiki/Sharkey_Bonano,career_active,candidate_extraction_only,,,,,,,,not_exact_day
Q1463,Tiny Hill,career_period_candidate,1931-07-01,year,1931,https://en.wikipedia.org/wiki/Tiny_Hill,career_active,candidate_extraction_only,,,,,,,,not_exact_day
Q1463,Tiny Hill,career_period_candidate,1971-07-01,year,1971,https://en.wikipedia.org/wiki/Tiny_Hill,career_active,candidate_extraction_only,,,,,,,,not_exact_day
Q1482,Warren DeMartini,career_period_candidate,1981-07-01,year,1981,https://en.wikipedia.org/wiki/Warren_DeMartini,career_active,candidate_extraction_only,,,,,,,,not_exact_day
Q1483,Guillaume Canet,career_period_candidate,1994-07-01,year,1994,https://en.wikipedia.org/wiki/Guillaume_Canet,career_active,candidate_extraction_only,,,,,,,,not_exact_day
Q1484,Laura Bell Bundy,career_period_candidate,1992-07-01,year,1992,https://en.wikipedia.org/wiki/Laura_Bell_Bundy,career_active,candidate_extraction_only,,,,,,,,not_exact_day
Q1489,Stefanos Thomopoulos,death,1939-07-31,day,31 July 1939,https://en.wikipedia.org/wiki/Stefanos_Thomopoulos,death_date,candidate_extraction_only,Aries,8.09498059,False,Pisces,True,Cancer,Capricorn,date_only_midpoint
Q1491,Misuzu Kaneko,career_period_candidate,1923-07-01,year,1923,https://en.wikipedia.org/wiki/Misuzu_Kaneko,career_active,candidate_extraction_only,,,,,,,,not_exact_day
Q1491,Misuzu Kaneko,career_period_candidate,1930-07-01,year,1930,https://en.wikipedia.org/wiki/Misuzu_Kaneko,career_active,candidate_extraction_only,,,,,,,,not_exact_day
Q1492,Norman McLaren,career_period_candidate,1933-07-01,year,1933,https://en.wikipedia.org/wiki/Norman_McLaren,career_active,candidate_extraction_only,,,,,,,,not_exact_day
Q1492,Norman McLaren,career_period_candidate,1985-07-01,year,1985,https://en.wikipedia.org/wiki/Norman_McLaren,career_active,candidate_extraction_only,,,,,,,,not_exact_day
Q1498,Balls Mahoney,debut_or_career_start,1987-07-01,year,1987,https://en.wikipedia.org/wiki/Balls_Mahoney,debut,candidate_extraction_only,,,,,,,,not_exact_day
Q1503,Lyman Hall,marriage_or_spouse_date_candidate,1752-07-01,year,1752,https://en.wikipedia.org/wiki/Lyman_Hall,spouse,candidate_extraction_only,,,,,,,,not_exact_day
Q1503,Lyman Hall,marriage_or_spouse_date_candidate,1753-07-01,year,1753,https://en.wikipedia.org/wiki/Lyman_Hall,spouse,candidate_extraction_only,,,,,,,,not_exact_day
Q1503,Lyman Hall,marriage_or_spouse_date_candidate,1757-07-01,year,1757,https://en.wikipedia.org/wiki/Lyman_Hall,spouse,candidate_extraction_only,,,,,,,,not_exact_day
Q1503,Lyman Hall,marriage_or_spouse_date_candidate,1790-07-01,year,1790,https://en.wikipedia.org/wiki/Lyman_Hall,spouse,candidate_extraction_only,,,,,,,,not_exact_day
Q1505,Henri Désiré Landru,incarceration_or_conviction_candidate,1921-11-30,day,30 November 1921,https://en.wikipedia.org/wiki/Henri_D%C3%A9sir%C3%A9_Landru,incarceration,candidate_extraction_only,Virgo,12.86928693,False,Virgo,False,Libra,Virgo,date_only_midpoint
Q1511,Joyce Banda,marriage_or_spouse_date_candidate,1981-07-01,year,1981,https://en.wikipedia.org/wiki/Joyce_Banda,spouse,candidate_extraction_only,,,,,,,,not_exact_day
Q1512,David Thirdkill,career_period_candidate,1982-07-01,year,1982,https://en.wikipedia.org/wiki/David_Thirdkill,career_active,candidate_extraction_only,,,,,,,,not_exact_day
Q1512,David Thirdkill,career_period_candidate,1996-07-01,year,1996,https://en.wikipedia.org/wiki/David_Thirdkill,career_active,candidate_extraction_only,,,,,,,,not_exact_day
Q1513,Alicia Coppola,career_period_candidate,1991-07-01,year,1991,https://en.wikipedia.org/wiki/Alicia_Coppola,career_active,candidate_extraction_only,,,,,,,,not_exact_day
Q1517,Hendrik van Rheede,death,1691-12-15,day,15 December 1691,https://en.wikipedia.org/wiki/Hendrik_van_Rheede,death_date,candidate_extraction_only,Scorpio,15.77928635,False,Aries,True,Sagittarius,Taurus,date_only_midpoint
Q1527,Steve Camp,career_period_candidate,1978-07-01,year,1978,https://en.wikipedia.org/wiki/Steve_Camp,career_active,candidate_extraction_only,,,,,,,,not_exact_day
Q1528,Dana Barros,career_period_candidate,1989-07-01,year,1989,https://en.wikipedia.org/wiki/Dana_Barros,career_active,candidate_extraction_only,,,,,,,,not_exact_day
Q1528,Dana Barros,career_period_candidate,2004-07-01,year,2004,https://en.wikipedia.org/wiki/Dana_Barros,career_active,candidate_extraction_only,,,,,,,,not_exact_day
Q1529,Baron Davis,career_period_candidate,1999-07-01,year,1999,https://en.wikipedia.org/wiki/Baron_Davis,career_active,candidate_extraction_only,,,,,,,,not_exact_day
Q1529,Baron Davis,career_period_candidate,2012-07-01,year,2012,https://en.wikipedia.org/wiki/Baron_Davis,career_active,candidate_extraction_only,,,,,,,,not_exact_day
Q1529,Baron Davis,career_period_candidate,2016-07-01,year,2016,https://en.wikipedia.org/wiki/Baron_Davis,career_active,candidate_extraction_only,,,,,,,,not_exact_day
Q1544,Rebecca DiPietro,debut_or_career_start,2006-10-17,day,"October 17, 2006",https://en.wikipedia.org/wiki/Rebecca_DiPietro,debut,candidate_extraction_only,Cancer,28.94273899,False,Libra,False,Virgo,Libra,date_only_midpoint
Q1545,Eric Gryba,career_period_candidate,2010-07-01,year,2010,https://en.wikipedia.org/wiki/Eric_Gryba,career_active,candidate_extraction_only,,,,,,,,not_exact_day
Q1545,Eric Gryba,career_period_candidate,2019-07-01,year,2019,https://en.wikipedia.org/wiki/Eric_Gryba,career_active,candidate_extraction_only,,,,,,,,not_exact_day
Q1552,John Williams,career_period_candidate,1952-07-01,year,1952,https://en.wikipedia.org/wiki/John_Williams,career_active,candidate_extraction_only,,,,,,,,not_exact_day
Q1553,Hans Conried,career_period_candidate,1937-07-01,year,1937,https://en.wikipedia.org/wiki/Hans_Conried,career_active,candidate_extraction_only,,,,,,,,not_exact_day
Q1553,Hans Conried,career_period_candidate,1981-07-01,year,1981,https://en.wikipedia.org/wiki/Hans_Conried,career_active,candidate_extraction_only,,,,,,,,not_exact_day
Q1556,Josiane Balasko,career_period_candidate,1973-07-01,year,1973,https://en.wikipedia.org/wiki/Josiane_Balasko,career_active,candidate_extraction_only,,,,,,,,not_exact_day
Q1557,Pierre Aubry,career_period_candidate,1980-07-01,year,1980,https://en.wikipedia.org/wiki/Pierre_Aubry,career_active,candidate_extraction_only,,,,,,,,not_exact_day
Q1557,Pierre Aubry,career_period_candidate,1991-07-01,year,1991,https://en.wikipedia.org/wiki/Pierre_Aubry,career_active,candidate_extraction_only,,,,,,,,not_exact_day
Q1559,Luke Evans,career_period_candidate,2000-07-01,year,2000,https://en.wikipedia.org/wiki/Luke_Evans,career_active,candidate_extraction_only,,,,,,,,not_exact_day
Q1569,Roy Hamilton,career_period_candidate,1947-07-01,year,1947,https://en.wikipedia.org/wiki/Roy_Hamilton,career_active,candidate_extraction_only,,,,,,,,not_exact_day
Q1569,Roy Hamilton,career_period_candidate,1969-07-01,year,1969,https://en.wikipedia.org/wiki/Roy_Hamilton,career_active,candidate_extraction_only,,,,,,,,not_exact_day
Q1571,Kareem Abdul-Jabbar,career_period_candidate,1969-07-01,year,1969,https://en.wikipedia.org/wiki/Kareem_Abdul-Jabbar,career_active,candidate_extraction_only,,,,,,,,not_exact_day
Q1571,Kareem Abdul-Jabbar,career_period_candidate,1989-07-01,year,1989,https://en.wikipedia.org/wiki/Kareem_Abdul-Jabbar,career_active,candidate_extraction_only,,,,,,,,not_exact_day
Q1574,Lukas Haas,career_period_candidate,1983-07-01,year,1983,https://en.wikipedia.org/wiki/Lukas_Haas,career_active,candidate_extraction_only,,,,,,,,not_exact_day
Q1582,Marta Eggerth,career_period_candidate,1922-07-01,year,1922,https://en.wikipedia.org/wiki/Marta_Eggerth,career_active,candidate_extraction_only,,,,,,,,not_exact_day
Q1582,Marta Eggerth,career_period_candidate,2013-07-01,year,2013,https://en.wikipedia.org/wiki/Marta_Eggerth,career_active,candidate_extraction_only,,,,,,,,not_exact_day
Q1587,Ken Daneyko,career_period_candidate,1983-07-01,year,1983,https://en.wikipedia.org/wiki/Ken_Daneyko,career_active,candidate_extraction_only,,,,,,,,not_exact_day
Q1587,Ken Daneyko,career_period_candidate,2003-07-01,year,2003,https://en.wikipedia.org/wiki/Ken_Daneyko,career_active,candidate_extraction_only,,,,,,,,not_exact_day
Q1589,Brad Boyes,career_period_candidate,2002-07-01,year,2002,https://en.wikipedia.org/wiki/Brad_Boyes,career_active,candidate_extraction_only,,,,,,,,not_exact_day
Q1589,Brad Boyes,career_period_candidate,2016-07-01,year,2016,https://en.wikipedia.org/wiki/Brad_Boyes,career_active,candidate_extraction_only,,,,,,,,not_exact_day
Q1597,Miklós Rózsa,career_period_candidate,1918-07-01,year,1918,https://en.wikipedia.org/wiki/Mikl%C3%B3s_R%C3%B3zsa,career_active,candidate_extraction_only,,,,,,,,not_exact_day
Q1597,Miklós Rózsa,career_period_candidate,1989-07-01,year,1989,https://en.wikipedia.org/wiki/Mikl%C3%B3s_R%C3%B3zsa,career_active,candidate_extraction_only,,,,,,,,not_exact_day
Q1601,Hayley Mills,career_period_candidate,1958-07-01,year,1958,https://en.wikipedia.org/wiki/Hayley_Mills,career_active,candidate_extraction_only,,,,,,,,not_exact_day
Q1602,Gabi Delgado-López,career_period_candidate,1978-07-01,year,1978,https://en.wikipedia.org/wiki/Gabi_Delgado-L%C3%B3pez,career_active,candidate_extraction_only,,,,,,,,not_exact_day
Q1602,Gabi Delgado-López,career_period_candidate,2020-07-01,year,2020,https://en.wikipedia.org/wiki/Gabi_Delgado-L%C3%B3pez,career_active,candidate_extraction_only,,,,,,,,not_exact_day
Q1605,Alia Shawkat,career_period_candidate,1999-07-01,year,1999,https://en.wikipedia.org/wiki/Alia_Shawkat,career_active,candidate_extraction_only,,,,,,,,not_exact_day
Q1610,Alice Salomon,death,1948-08-30,day,30 August 1948,https://en.wikipedia.org/wiki/Alice_Salomon,death_date,candidate_extraction_only,Leo,4.43659047,False,Scorpio,False,Gemini,Libra,date_only_midpoint
Q1611,Karl Tarvas,death,1975-12-26,day,26 December 1975,https://en.wikipedia.org/wiki/Karl_Tarvas,death_date,candidate_extraction_only,Cancer,7.92412161,True,Pisces,False,Libra,Taurus,date_only_midpoint
Q1612,Constance Talmadge,career_period_candidate,1914-07-01,year,1914,https://en.wikipedia.org/wiki/Constance_Talmadge,career_active,candidate_extraction_only,,,,,,,,not_exact_day
Q1612,Constance Talmadge,career_period_candidate,1929-07-01,year,1929,https://en.wikipedia.org/wiki/Constance_Talmadge,career_active,candidate_extraction_only,,,,,,,,not_exact_day
Q1614,Hugh O'Brian,career_period_candidate,1948-07-01,year,1948,https://en.wikipedia.org/wiki/Hugh_O%27Brian,career_active,candidate_extraction_only,,,,,,,,not_exact_day
Q1614,Hugh O'Brian,career_period_candidate,2000-07-01,year,2000,https://en.wikipedia.org/wiki/Hugh_O%27Brian,career_active,candidate_extraction_only,,,,,,,,not_exact_day
Q1615,Dudley Moore,career_period_candidate,1958-07-01,year,1958,https://en.wikipedia.org/wiki/Dudley_Moore,career_active,candidate_extraction_only,,,,,,,,not_exact_day
Q1615,Dudley Moore,career_period_candidate,1999-07-01,year,1999,https://en.wikipedia.org/wiki/Dudley_Moore,career_active,candidate_extraction_only,,,,,,,,not_exact_day
Q1616,Tim Curry,career_period_candidate,1968-07-01,year,1968,https://en.wikipedia.org/wiki/Tim_Curry,career_active,candidate_extraction_only,,,,,,,,not_exact_day
Q1618,Madeleine Peyroux,career_period_candidate,1990-07-01,year,1990,https://en.wikipedia.org/wiki/Madeleine_Peyroux,career_active,candidate_extraction_only,,,,,,,,not_exact_day
Q1620,Kelly Olynyk,career_period_candidate,2013-07-01,year,2013,https://en.wikipedia.org/wiki/Kelly_Olynyk,career_active,candidate_extraction_only,,,,,,,,not_exact_day
Q1628,Nina Foch,career_period_candidate,1943-07-01,year,1943,https://en.wikipedia.org/wiki/Nina_Foch,career_active,candidate_extraction_only,,,,,,,,not_exact_day
Q1628,Nina Foch,career_period_candidate,2007-07-01,year,2007,https://en.wikipedia.org/wiki/Nina_Foch,career_active,candidate_extraction_only,,,,,,,,not_exact_day
Q1631,Luther Vandross,career_period_candidate,1969-07-01,year,1969,https://en.wikipedia.org/wiki/Luther_Vandross,career_active,candidate_extraction_only,,,,,,,,not_exact_day
Q1631,Luther Vandross,career_period_candidate,2005-07-01,year,2005,https://en.wikipedia.org/wiki/Luther_Vandross,career_active,candidate_extraction_only,,,,,,,,not_exact_day
Q1633,Lara Jill Miller,career_period_candidate,1978-07-01,year,1978,https://en.wikipedia.org/wiki/Lara_Jill_Miller,career_active,candidate_extraction_only,,,,,,,,not_exact_day
Q1640,Vincent Scotto,death,1952-11-15,day,15 November 1952,https://en.wikipedia.org/wiki/Vincent_Scotto,death_date,candidate_extraction_only,Virgo,28.9199248,False,Aries,True,Sagittarius,Capricorn,date_only_midpoint
Q1643,Alistair MacLean,career_period_candidate,1955-07-01,year,1955,https://en.wikipedia.org/wiki/Alistair_MacLean,career_active,candidate_extraction_only,,,,,,,,not_exact_day
Q1643,Alistair MacLean,career_period_candidate,1986-07-01,year,1986,https://en.wikipedia.org/wiki/Alistair_MacLean,career_active,candidate_extraction_only,,,,,,,,not_exact_day
Q1645,Jacques Caron,career_period_candidate,1959-07-01,year,1959,https://en.wikipedia.org/wiki/Jacques_Caron,career_active,candidate_extraction_only,,,,,,,,not_exact_day
Q1645,Jacques Caron,career_period_candidate,1974-07-01,year,1974,https://en.wikipedia.org/wiki/Jacques_Caron,career_active,candidate_extraction_only,,,,,,,,not_exact_day
Q1646,Shivaji Satam,marriage_or_spouse_date_candidate,1976-07-01,year,1976,https://en.wikipedia.org/wiki/Shivaji_Satam,spouse,candidate_extraction_only,,,,,,,,not_exact_day
Q1646,Shivaji Satam,career_period_candidate,1980-07-01,year,1980,https://en.wikipedia.org/wiki/Shivaji_Satam,career_active,candidate_extraction_only,,,,,,,,not_exact_day
Q1648,Glen Hansard,career_period_candidate,1990-07-01,year,1990,https://en.wikipedia.org/wiki/Glen_Hansard,career_active,candidate_extraction_only,,,,,,,,not_exact_day
Q1648,Glen Hansard,career_period_candidate,2026-07-01,year,2026,https://en.wikipedia.org/wiki/Glen_Hansard,career_active,candidate_extraction_only,,,,,,,,not_exact_day
Q1658,Donald J. Cram,death,2001-06-17,day,"June 17, 2001",https://en.wikipedia.org/wiki/Donald_J._Cram,death_date,candidate_extraction_only,Taurus,13.42920499,False,Gemini,False,Aries,Scorpio,date_only_midpoint
Q1660,Alan Bond,career_period_candidate,1954-07-01,year,1954,https://en.wikipedia.org/wiki/Alan_Bond,career_active,candidate_extraction_only,,,,,,,,not_exact_day
Q1660,Alan Bond,career_period_candidate,1992-07-01,year,1992,https://en.wikipedia.org/wiki/Alan_Bond,career_active,candidate_extraction_only,,,,,,,,not_exact_day
Q1662,Tom Lysiak,career_period_candidate,1973-07-01,year,1973,https://en.wikipedia.org/wiki/Tom_Lysiak,career_active,candidate_extraction_only,,,,,,,,not_exact_day
Q1662,Tom Lysiak,career_period_candidate,1986-07-01,year,1986,https://en.wikipedia.org/wiki/Tom_Lysiak,career_active,candidate_extraction_only,,,,,,,,not_exact_day
Q1669,Winthrop M. Crane,marriage_or_spouse_date_candidate,1880-07-01,year,1880,https://en.wikipedia.org/wiki/Winthrop_M._Crane,spouse,candidate_extraction_only,,,,,,,,not_exact_day
Q1669,Winthrop M. Crane,marriage_or_spouse_date_candidate,1884-07-01,year,1884,https://en.wikipedia.org/wiki/Winthrop_M._Crane,spouse,candidate_extraction_only,,,,,,,,not_exact_day
Q1669,Winthrop M. Crane,marriage_or_spouse_date_candidate,1920-07-01,year,1920,https://en.wikipedia.org/wiki/Winthrop_M._Crane,spouse,candidate_extraction_only,,,,,,,,not_exact_day
Q1674,George Canseco,career_period_candidate,1972-07-01,year,1972,https://en.wikipedia.org/wiki/George_Canseco,career_active,candidate_extraction_only,,,,,,,,not_exact_day
Q1674,George Canseco,career_period_candidate,2004-07-01,year,2004,https://en.wikipedia.org/wiki/George_Canseco,career_active,candidate_extraction_only,,,,,,,,not_exact_day
Q1675,Blair Brown,career_period_candidate,1971-07-01,year,1971,https://en.wikipedia.org/wiki/Blair_Brown,career_active,candidate_extraction_only,,,,,,,,not_exact_day
Q1688,Dr. Rajkumar,career_period_candidate,1942-07-01,year,1942,https://en.wikipedia.org/wiki/Dr._Rajkumar,career_active,candidate_extraction_only,,,,,,,,not_exact_day
Q1688,Dr. Rajkumar,career_period_candidate,2005-07-01,year,2005,https://en.wikipedia.org/wiki/Dr._Rajkumar,career_active,candidate_extraction_only,,,,,,,,not_exact_day
Q1693,Gabby Logan,career_period_candidate,1995-07-01,year,1995,https://en.wikipedia.org/wiki/Gabby_Logan,career_active,candidate_extraction_only,,,,,,,,not_exact_day
Q1696,Louis IX of France,death,1270-08-25,day,25 August 1270,https://en.wikipedia.org/wiki/Louis_IX_of_France,death_date,candidate_extraction_only,Leo,1.0747197,False,Libra,False,Leo,Cancer,date_only_midpoint
Q1701,William Pereira,death,1985-11-13,day,"November 13, 1985",https://en.wikipedia.org/wiki/William_Pereira,death_date,candidate_extraction_only,Scorpio,5.91807456,False,Capricorn,False,Libra,Virgo,date_only_midpoint
Q1705,Stu Cook,career_period_candidate,1959-07-01,year,1959,https://en.wikipedia.org/wiki/Stu_Cook,career_active,candidate_extraction_only,,,,,,,,not_exact_day
Q1705,Stu Cook,career_period_candidate,2020-07-01,year,2020,https://en.wikipedia.org/wiki/Stu_Cook,career_active,candidate_extraction_only,,,,,,,,not_exact_day
Q1706,Ron Clements,career_period_candidate,1972-07-01,year,1972,https://en.wikipedia.org/wiki/Ron_Clements,career_active,candidate_extraction_only,,,,,,,,not_exact_day
Q1708,Joe Buck,career_period_candidate,1989-07-01,year,1989,https://en.wikipedia.org/wiki/Joe_Buck,career_active,candidate_extraction_only,,,,,,,,not_exact_day
Q1709,Daniel MacPherson,career_period_candidate,1990-07-01,year,1990,https://en.wikipedia.org/wiki/Daniel_MacPherson,career_active,candidate_extraction_only,,,,,,,,not_exact_day
Q1715,Anita Loos,career_period_candidate,1912-07-01,year,1912,https://en.wikipedia.org/wiki/Anita_Loos,career_active,candidate_extraction_only,,,,,,,,not_exact_day
Q1715,Anita Loos,career_period_candidate,1980-07-01,year,1980,https://en.wikipedia.org/wiki/Anita_Loos,career_active,candidate_extraction_only,,,,,,,,not_exact_day
Q1720,Gary Wright,career_period_candidate,1950-07-01,year,1950,https://en.wikipedia.org/wiki/Gary_Wright,career_active,candidate_extraction_only,,,,,,,,not_exact_day
Q1720,Gary Wright,career_period_candidate,2017-07-01,year,2017,https://en.wikipedia.org/wiki/Gary_Wright,career_active,candidate_extraction_only,,,,,,,,not_exact_day
Q1722,Joan Chen,career_period_candidate,1975-07-01,year,1975,https://en.wikipedia.org/wiki/Joan_Chen,career_active,candidate_extraction_only,,,,,,,,not_exact_day
Q1737,Anna Chancellor,marriage_or_spouse_date_candidate,1993-07-01,year,1993,https://en.wikipedia.org/wiki/Anna_Chancellor,spouse,candidate_extraction_only,,,,,,,,not_exact_day
Q1737,Anna Chancellor,career_period_candidate,1990-07-01,year,1990,https://en.wikipedia.org/wiki/Anna_Chancellor,career_active,candidate_extraction_only,,,,,,,,not_exact_day
Q1739,Jenna Coleman,career_period_candidate,1996-07-01,year,1996,https://en.wikipedia.org/wiki/Jenna_Coleman,career_active,candidate_extraction_only,,,,,,,,not_exact_day
Q1749,Ann-Margret,career_period_candidate,1961-07-01,year,1961,https://en.wikipedia.org/wiki/Ann-Margret,career_active,candidate_extraction_only,,,,,,,,not_exact_day
Q1751,Jimmy Barnes,career_period_candidate,1973-07-01,year,1973,https://en.wikipedia.org/wiki/Jimmy_Barnes,career_active,candidate_extraction_only,,,,,,,,not_exact_day
Q1766,Bill Drummond,career_period_candidate,1975-07-01,year,1975,https://en.wikipedia.org/wiki/Bill_Drummond,career_active,candidate_extraction_only,,,,,,,,not_exact_day
Q1784,Dianna Agron,career_period_candidate,2006-07-01,year,2006,https://en.wikipedia.org/wiki/Dianna_Agron,career_active,candidate_extraction_only,,,,,,,,not_exact_day
Q1785,Chae Seo-jin,marriage_or_spouse_date_candidate,2024-07-01,year,2024,https://en.wikipedia.org/wiki/Chae_Seo-jin,spouse,candidate_extraction_only,,,,,,,,not_exact_day
Q1785,Chae Seo-jin,career_period_candidate,2006-07-01,year,2006,https://en.wikipedia.org/wiki/Chae_Seo-jin,career_active,candidate_extraction_only,,,,,,,,not_exact_day
Q1795,Una Stubbs,career_period_candidate,1956-07-01,year,1956,https://en.wikipedia.org/wiki/Una_Stubbs,career_active,candidate_extraction_only,,,,,,,,not_exact_day
Q1795,Una Stubbs,career_period_candidate,2017-07-01,year,2017,https://en.wikipedia.org/wiki/Una_Stubbs,career_active,candidate_extraction_only,,,,,,,,not_exact_day
Q1797,Tim McGraw,career_period_candidate,1990-07-01,year,1990,https://en.wikipedia.org/wiki/Tim_McGraw,career_active,candidate_extraction_only,,,,,,,,not_exact_day
Q1800,William Nylander,career_period_candidate,2013-07-01,year,2013,https://en.wikipedia.org/wiki/William_Nylander,career_active,candidate_extraction_only,,,,,,,,not_exact_day
Q1807,Lorenz Hart,career_period_candidate,1919-07-01,year,1919,https://en.wikipedia.org/wiki/Lorenz_Hart,career_active,candidate_extraction_only,,,,,,,,not_exact_day
Q1807,Lorenz Hart,career_period_candidate,1943-07-01,year,1943,https://en.wikipedia.org/wiki/Lorenz_Hart,career_active,candidate_extraction_only,,,,,,,,not_exact_day
Q1808,Axel Springer,marriage_or_spouse_date_candidate,1933-07-01,year,1933,https://en.wikipedia.org/wiki/Axel_Springer,spouse,candidate_extraction_only,,,,,,,,not_exact_day
Q1808,Axel Springer,marriage_or_spouse_date_candidate,1938-07-01,year,1938,https://en.wikipedia.org/wiki/Axel_Springer,spouse,candidate_extraction_only,,,,,,,,not_exact_day
Q1808,Axel Springer,marriage_or_spouse_date_candidate,1939-07-01,year,1939,https://en.wikipedia.org/wiki/Axel_Springer,spouse,candidate_extraction_only,,,,,,,,not_exact_day
Q1808,Axel Springer,marriage_or_spouse_date_candidate,1953-07-01,year,1953,https://en.wikipedia.org/wiki/Axel_Springer,spouse,candidate_extraction_only,,,,,,,,not_exact_day
Q1808,Axel Springer,marriage_or_spouse_date_candidate,1961-07-01,year,1961,https://en.wikipedia.org/wiki/Axel_Springer,spouse,candidate_extraction_only,,,,,,,,not_exact_day
Q1808,Axel Springer,marriage_or_spouse_date_candidate,1962-07-01,year,1962,https://en.wikipedia.org/wiki/Axel_Springer,spouse,candidate_extraction_only,,,,,,,,not_exact_day
Q1808,Axel Springer,marriage_or_spouse_date_candidate,1978-07-01,year,1978,https://en.wikipedia.org/wiki/Axel_Springer,spouse,candidate_extraction_only,,,,,,,,not_exact_day
Q1808,Axel Springer,marriage_or_spouse_date_candidate,1985-07-01,year,1985,https://en.wikipedia.org/wiki/Axel_Springer,spouse,candidate_extraction_only,,,,,,,,not_exact_day
Q1821,Beulah Bondi,career_period_candidate,1895-07-01,year,1895,https://en.wikipedia.org/wiki/Beulah_Bondi,career_active,candidate_extraction_only,,,,,,,,not_exact_day
Q1821,Beulah Bondi,career_period_candidate,1976-07-01,year,1976,https://en.wikipedia.org/wiki/Beulah_Bondi,career_active,candidate_extraction_only,,,,,,,,not_exact_day
Q1823,Betty Comden,career_period_candidate,1944-07-01,year,1944,https://en.wikipedia.org/wiki/Betty_Comden,career_active,candidate_extraction_only,,,,,,,,not_exact_day
Q1823,Betty Comden,career_period_candidate,2005-07-01,year,2005,https://en.wikipedia.org/wiki/Betty_Comden,career_active,candidate_extraction_only,,,,,,,,not_exact_day
Q1827,Rod Langway,career_period_candidate,1977-07-01,year,1977,https://en.wikipedia.org/wiki/Rod_Langway,career_active,candidate_extraction_only,,,,,,,,not_exact_day
Q1827,Rod Langway,career_period_candidate,1993-07-01,year,1993,https://en.wikipedia.org/wiki/Rod_Langway,career_active,candidate_extraction_only,,,,,,,,not_exact_day
Q1830,Harvey Guillén,career_period_candidate,2008-07-01,year,2008,https://en.wikipedia.org/wiki/Harvey_Guill%C3%A9n,career_active,candidate_extraction_only,,,,,,,,not_exact_day
Q1836,Luther Adler,career_period_candidate,1908-07-01,year,1908,https://en.wikipedia.org/wiki/Luther_Adler,career_active,candidate_extraction_only,,,,,,,,not_exact_day
Q1836,Luther Adler,career_period_candidate,1982-07-01,year,1982,https://en.wikipedia.org/wiki/Luther_Adler,career_active,candidate_extraction_only,,,,,,,,not_exact_day
Q1841,Ryan Cayabyab,career_period_candidate,1970-07-01,year,1970,https://en.wikipedia.org/wiki/Ryan_Cayabyab,career_active,candidate_extraction_only,,,,,,,,not_exact_day
Q1843,Kimora Lee Simmons,career_period_candidate,1988-07-01,year,1988,https://en.wikipedia.org/wiki/Kimora_Lee_Simmons,career_active,candidate_extraction_only,,,,,,,,not_exact_day
Q1844,Brad Maddox,debut_or_career_start,2008-04-02,day,"April 2, 2008",https://en.wikipedia.org/wiki/Brad_Maddox,debut,candidate_extraction_only,Leo,8.50806151,True,Sagittarius,False,Pisces,Gemini,date_only_midpoint
Q1847,"Thomas Cecil, 1st Earl of Exeter",death,1623-02-08,day,8 February 1623,https://en.wikipedia.org/wiki/Thomas_Cecil%2C_1st_Earl_of_Exeter,death_date,candidate_extraction_only,Cancer,11.54424781,True,Cancer,True,Capricorn,Scorpio,date_only_midpoint
Q1855,Lance Henriksen,career_period_candidate,1961-07-01,year,1961,https://en.wikipedia.org/wiki/Lance_Henriksen,career_active,candidate_extraction_only,,,,,,,,not_exact_day
Q1857,Marg Downey,career_period_candidate,1984-07-01,year,1984,https://en.wikipedia.org/wiki/Marg_Downey,career_active,candidate_extraction_only,,,,,,,,not_exact_day
Q1866,Júlio César de Mello e Souza,death,1974-06-18,day,18 June 1974,https://en.wikipedia.org/wiki/J%C3%BAlio_C%C3%A9sar_de_Mello_e_Souza,death_date,candidate_extraction_only,Gemini,13.26454734,False,Aquarius,False,Aries,Cancer,date_only_midpoint
Q1870,Jimmie Dale Gilmore,career_period_candidate,1972-07-01,year,1972,https://en.wikipedia.org/wiki/Jimmie_Dale_Gilmore,career_active,candidate_extraction_only,,,,,,,,not_exact_day
Q1871,Tom Bergeron,career_period_candidate,1980-07-01,year,1980,https://en.wikipedia.org/wiki/Tom_Bergeron,career_active,candidate_extraction_only,,,,,,,,not_exact_day
Q1872,Lætitia Sadier,career_period_candidate,1987-07-01,year,1987,https://en.wikipedia.org/wiki/L%C3%A6titia_Sadier,career_active,candidate_extraction_only,,,,,,,,not_exact_day
Q1873,John Abraham,career_period_candidate,1999-07-01,year,1999,https://en.wikipedia.org/wiki/John_Abraham,career_active,candidate_extraction_only,,,,,,,,not_exact_day
Q1887,Owen Hart,debut_or_career_start,1986-05-30,day,"May 30, 1986",https://en.wikipedia.org/wiki/Owen_Hart,debut,candidate_extraction_only,Scorpio,12.56388561,True,Aquarius,False,Gemini,Sagittarius,date_only_midpoint
Q1888,Martina Topley-Bird,career_period_candidate,1993-07-01,year,1993,https://en.wikipedia.org/wiki/Martina_Topley-Bird,career_active,candidate_extraction_only,,,,,,,,not_exact_day
Q1898,Mary Lou Williams,career_period_candidate,1920-07-01,year,1920,https://en.wikipedia.org/wiki/Mary_Lou_Williams,career_active,candidate_extraction_only,,,,,,,,not_exact_day
Q1898,Mary Lou Williams,career_period_candidate,1981-07-01,year,1981,https://en.wikipedia.org/wiki/Mary_Lou_Williams,career_active,candidate_extraction_only,,,,,,,,not_exact_day
Q1901,Philip Bailey,career_period_candidate,1970-07-01,year,1970,https://en.wikipedia.org/wiki/Philip_Bailey,career_active,candidate_extraction_only,,,,,,,,not_exact_day
Q1905,Lars Eller,career_period_candidate,2007-07-01,year,2007,https://en.wikipedia.org/wiki/Lars_Eller,career_active,candidate_extraction_only,,,,,,,,not_exact_day
Q1906,Minamoto no Yoritomo,death,1199-02-09,day,"February 9, 1199",https://en.wikipedia.org/wiki/Minamoto_no_Yoritomo,death_date,candidate_extraction_only,Aquarius,12.45229876,False,Libra,True,Capricorn,Aries,date_only_midpoint
Q1909,Gustaf de Laval,death,1913-02-02,day,2 February 1913,https://en.wikipedia.org/wiki/Gustaf_de_Laval,death_date,candidate_extraction_only,Taurus,4.54299679,False,Sagittarius,False,Pisces,Sagittarius,date_only_midpoint
Q1910,Harry Vardon,marriage_or_spouse_date_candidate,1946-07-01,year,1946,https://en.wikipedia.org/wiki/Harry_Vardon,spouse,candidate_extraction_only,,,,,,,,not_exact_day
Q1913,Pedro Armendáriz,career_period_candidate,1935-07-01,year,1935,https://en.wikipedia.org/wiki/Pedro_Armend%C3%A1riz,career_active,candidate_extraction_only,,,,,,,,not_exact_day
Q1913,Pedro Armendáriz,career_period_candidate,1963-07-01,year,1963,https://en.wikipedia.org/wiki/Pedro_Armend%C3%A1riz,career_active,candidate_extraction_only,,,,,,,,not_exact_day
Q1915,Albert Finney,career_period_candidate,1956-07-01,year,1956,https://en.wikipedia.org/wiki/Albert_Finney,career_active,candidate_extraction_only,,,,,,,,not_exact_day
Q1915,Albert Finney,career_period_candidate,2012-07-01,year,2012,https://en.wikipedia.org/wiki/Albert_Finney,career_active,candidate_extraction_only,,,,,,,,not_exact_day
Q1918,Steve Yzerman,career_period_candidate,1983-07-01,year,1983,https://en.wikipedia.org/wiki/Steve_Yzerman,career_active,candidate_extraction_only,,,,,,,,not_exact_day
Q1918,Steve Yzerman,career_period_candidate,2006-07-01,year,2006,https://en.wikipedia.org/wiki/Steve_Yzerman,career_active,candidate_extraction_only,,,,,,,,not_exact_day
Q1919,Rosario Dawson,career_period_candidate,1994-07-01,year,1994,https://en.wikipedia.org/wiki/Rosario_Dawson,career_active,candidate_extraction_only,,,,,,,,not_exact_day
Q1927,Frieda Belinfante,career_period_candidate,1922-07-01,year,1922,https://en.wikipedia.org/wiki/Frieda_Belinfante,career_active,candidate_extraction_only,,,,,,,,not_exact_day
Q1927,Frieda Belinfante,career_period_candidate,1962-07-01,year,1962,https://en.wikipedia.org/wiki/Frieda_Belinfante,career_active,candidate_extraction_only,,,,,,,,not_exact_day
Q1928,Bert Weedon,career_period_candidate,1939-07-01,year,1939,https://en.wikipedia.org/wiki/Bert_Weedon,career_active,candidate_extraction_only,,,,,,,,not_exact_day
Q1928,Bert Weedon,career_period_candidate,2012-07-01,year,2012,https://en.wikipedia.org/wiki/Bert_Weedon,career_active,candidate_extraction_only,,,,,,,,not_exact_day
Q1931,Mike Hagerty,career_period_candidate,1983-07-01,year,1983,https://en.wikipedia.org/wiki/Mike_Hagerty,career_active,candidate_extraction_only,,,,,,,,not_exact_day
Q1931,Mike Hagerty,career_period_candidate,2022-07-01,year,2022,https://en.wikipedia.org/wiki/Mike_Hagerty,career_active,candidate_extraction_only,,,,,,,,not_exact_day
Q1947,Laetitia Casta,career_period_candidate,1993-07-01,year,1993,https://en.wikipedia.org/wiki/Laetitia_Casta,career_active,candidate_extraction_only,,,,,,,,not_exact_day
Q1956,Anton Korošec,death,1940-12-14,day,14 December 1940,https://en.wikipedia.org/wiki/Anton_Koro%C5%A1ec,death_date,candidate_extraction_only,Aries,15.47800573,True,Aries,True,Libra,Libra,date_only_midpoint
Q1957,Fritz Kortner,career_period_candidate,1915-07-01,year,1915,https://en.wikipedia.org/wiki/Fritz_Kortner,career_active,candidate_extraction_only,,,,,,,,not_exact_day
Q1957,Fritz Kortner,career_period_candidate,1968-07-01,year,1968,https://en.wikipedia.org/wiki/Fritz_Kortner,career_active,candidate_extraction_only,,,,,,,,not_exact_day
Q1959,Tony Hancock,career_period_candidate,1942-07-01,year,1942,https://en.wikipedia.org/wiki/Tony_Hancock,career_active,candidate_extraction_only,,,,,,,,not_exact_day
Q1959,Tony Hancock,career_period_candidate,1968-07-01,year,1968,https://en.wikipedia.org/wiki/Tony_Hancock,career_active,candidate_extraction_only,,,,,,,,not_exact_day
Q1962,Emilio Estevez,career_period_candidate,1973-07-01,year,1973,https://en.wikipedia.org/wiki/Emilio_Estevez,career_active,candidate_extraction_only,,,,,,,,not_exact_day
Q1964,Domhnall Gleeson,career_period_candidate,2001-07-01,year,2001,https://en.wikipedia.org/wiki/Domhnall_Gleeson,career_active,candidate_extraction_only,,,,,,,,not_exact_day
Q1974,Zohra Lampert,career_period_candidate,1954-07-01,year,1954,https://en.wikipedia.org/wiki/Zohra_Lampert,career_active,candidate_extraction_only,,,,,,,,not_exact_day
Q1974,Zohra Lampert,career_period_candidate,2016-07-01,year,2016,https://en.wikipedia.org/wiki/Zohra_Lampert,career_active,candidate_extraction_only,,,,,,,,not_exact_day
Q1975,Lasse Berghagen,career_period_candidate,1965-07-01,year,1965,https://en.wikipedia.org/wiki/Lasse_Berghagen,career_active,candidate_extraction_only,,,,,,,,not_exact_day
Q1975,Lasse Berghagen,career_period_candidate,2023-07-01,year,2023,https://en.wikipedia.org/wiki/Lasse_Berghagen,career_active,candidate_extraction_only,,,,,,,,not_exact_day
Q1979,Candice King,career_period_candidate,2006-07-01,year,2006,https://en.wikipedia.org/wiki/Candice_King,career_active,candidate_extraction_only,,,,,,,,not_exact_day
Q1990,Gene Cornish,career_period_candidate,1965-07-01,year,1965,https://en.wikipedia.org/wiki/Gene_Cornish,career_active,candidate_extraction_only,,,,,,,,not_exact_day
Q2002,Turk Broda,career_period_candidate,1935-07-01,year,1935,https://en.wikipedia.org/wiki/Turk_Broda,career_active,candidate_extraction_only,,,,,,,,not_exact_day
Q2002,Turk Broda,career_period_candidate,1943-07-01,year,1943,https://en.wikipedia.org/wiki/Turk_Broda,career_active,candidate_extraction_only,,,,,,,,not_exact_day
Q2002,Turk Broda,career_period_candidate,1946-07-01,year,1946,https://en.wikipedia.org/wiki/Turk_Broda,career_active,candidate_extraction_only,,,,,,,,not_exact_day
Q2002,Turk Broda,career_period_candidate,1951-07-01,year,1951,https://en.wikipedia.org/wiki/Turk_Broda,career_active,candidate_extraction_only,,,,,,,,not_exact_day
Q2005,Graeham Goble,career_period_candidate,1966-07-01,year,1966,https://en.wikipedia.org/wiki/Graeham_Goble,career_active,candidate_extraction_only,,,,,,,,not_exact_day
Q2010,Jordan Eberle,career_period_candidate,2009-07-01,year,2009,https://en.wikipedia.org/wiki/Jordan_Eberle,career_active,candidate_extraction_only,,,,,,,,not_exact_day
Q2022,Ralph Tresvant,career_period_candidate,1981-07-01,year,1981,https://en.wikipedia.org/wiki/Ralph_Tresvant,career_active,candidate_extraction_only,,,,,,,,not_exact_day
Q2023,Tony Kakko,career_period_candidate,1996-07-01,year,1996,https://en.wikipedia.org/wiki/Tony_Kakko,career_active,candidate_extraction_only,,,,,,,,not_exact_day
Q2036,Howard Ashman,career_period_candidate,1977-07-01,year,1977,https://en.wikipedia.org/wiki/Howard_Ashman,career_active,candidate_extraction_only,,,,,,,,not_exact_day
Q2036,Howard Ashman,career_period_candidate,1991-07-01,year,1991,https://en.wikipedia.org/wiki/Howard_Ashman,career_active,candidate_extraction_only,,,,,,,,not_exact_day
Q2050,Gail Strickland,career_period_candidate,1966-07-01,year,1966,https://en.wikipedia.org/wiki/Gail_Strickland,career_active,candidate_extraction_only,,,,,,,,not_exact_day
Q2050,Gail Strickland,career_period_candidate,2008-07-01,year,2008,https://en.wikipedia.org/wiki/Gail_Strickland,career_active,candidate_extraction_only,,,,,,,,not_exact_day
Q2051,Wreckless Eric,career_period_candidate,1974-07-01,year,1974,https://en.wikipedia.org/wiki/Wreckless_Eric,career_active,candidate_extraction_only,,,,,,,,not_exact_day
Q2052,Marty McSorley,career_period_candidate,1982-07-01,year,1982,https://en.wikipedia.org/wiki/Marty_McSorley,career_active,candidate_extraction_only,,,,,,,,not_exact_day
Q2052,Marty McSorley,career_period_candidate,2001-07-01,year,2001,https://en.wikipedia.org/wiki/Marty_McSorley,career_active,candidate_extraction_only,,,,,,,,not_exact_day
Q2053,Turner Stevenson,career_period_candidate,1992-07-01,year,1992,https://en.wikipedia.org/wiki/Turner_Stevenson,career_active,candidate_extraction_only,,,,,,,,not_exact_day
Q2053,Turner Stevenson,career_period_candidate,2006-07-01,year,2006,https://en.wikipedia.org/wiki/Turner_Stevenson,career_active,candidate_extraction_only,,,,,,,,not_exact_day
Q2070,Jordan Pruitt,career_period_candidate,2005-07-01,year,2005,https://en.wikipedia.org/wiki/Jordan_Pruitt,career_active,candidate_extraction_only,,,,,,,,not_exact_day
Q2070,Jordan Pruitt,career_period_candidate,2017-07-01,year,2017,https://en.wikipedia.org/wiki/Jordan_Pruitt,career_active,candidate_extraction_only,,,,,,,,not_exact_day
Q2070,Jordan Pruitt,career_period_candidate,2026-07-01,year,2026,https://en.wikipedia.org/wiki/Jordan_Pruitt,career_active,candidate_extraction_only,,,,,,,,not_exact_day
Q2071,Bonne of Luxembourg,death,1349-09-11,day,11 September 1349,https://en.wikipedia.org/wiki/Bonne_of_Luxembourg,death_date,candidate_extraction_only,Pisces,25.66598964,True,Gemini,False,Leo,Cancer,date_only_midpoint
Q2077,George Gobel,career_period_candidate,1950-07-01,year,1950,https://en.wikipedia.org/wiki/George_Gobel,career_active,candidate_extraction_only,,,,,,,,not_exact_day
Q2077,George Gobel,career_period_candidate,1988-07-01,year,1988,https://en.wikipedia.org/wiki/George_Gobel,career_active,candidate_extraction_only,,,,,,,,not_exact_day
Q2080,Cher,career_period_candidate,1963-07-01,year,1963,https://en.wikipedia.org/wiki/Cher,career_active,candidate_extraction_only,,,,,,,,not_exact_day
Q2094,Terry Lightfoot,career_period_candidate,1950-07-01,year,1950,https://en.wikipedia.org/wiki/Terry_Lightfoot,career_active,candidate_extraction_only,,,,,,,,not_exact_day
Q2094,Terry Lightfoot,career_period_candidate,2013-07-01,year,2013,https://en.wikipedia.org/wiki/Terry_Lightfoot,career_active,candidate_extraction_only,,,,,,,,not_exact_day
Q2096,Nora Aunor,career_period_candidate,1967-07-01,year,1967,https://en.wikipedia.org/wiki/Nora_Aunor,career_active,candidate_extraction_only,,,,,,,,not_exact_day
Q2096,Nora Aunor,career_period_candidate,2025-07-01,year,2025,https://en.wikipedia.org/wiki/Nora_Aunor,career_active,candidate_extraction_only,,,,,,,,not_exact_day
Q2106,Friedrich Pollock,death,1970-12-16,day,16 December 1970,https://en.wikipedia.org/wiki/Friedrich_Pollock,death_date,candidate_extraction_only,Aries,23.1694549,True,Scorpio,False,Libra,Libra,date_only_midpoint
Q2115,Anna Baryshnikov,career_period_candidate,2014-07-01,year,2014,https://en.wikipedia.org/wiki/Anna_Baryshnikov,career_active,candidate_extraction_only,,,,,,,,not_exact_day
Q2121,Herbert Marshall,career_period_candidate,1911-07-01,year,1911,https://en.wikipedia.org/wiki/Herbert_Marshall,career_active,candidate_extraction_only,,,,,,,,not_exact_day
Q2121,Herbert Marshall,career_period_candidate,1965-07-01,year,1965,https://en.wikipedia.org/wiki/Herbert_Marshall,career_active,candidate_extraction_only,,,,,,,,not_exact_day
Q2130,Esa Lindell,career_period_candidate,2012-07-01,year,2012,https://en.wikipedia.org/wiki/Esa_Lindell,career_active,candidate_extraction_only,,,,,,,,not_exact_day
Q2137,Roden Cutler,marriage_or_spouse_date_candidate,1946-07-01,year,1946,https://en.wikipedia.org/wiki/Roden_Cutler,spouse,candidate_extraction_only,,,,,,,,not_exact_day
Q2137,Roden Cutler,marriage_or_spouse_date_candidate,1993-07-01,year,1993,https://en.wikipedia.org/wiki/Roden_Cutler,spouse,candidate_extraction_only,,,,,,,,not_exact_day
Q2139,Prince Buster,career_period_candidate,1961-07-01,year,1961,https://en.wikipedia.org/wiki/Prince_Buster,career_active,candidate_extraction_only,,,,,,,,not_exact_day
Q2139,Prince Buster,career_period_candidate,2016-07-01,year,2016,https://en.wikipedia.org/wiki/Prince_Buster,career_active,candidate_extraction_only,,,,,,,,not_exact_day
Q2141,Pelle Lindbergh,career_period_candidate,1978-07-01,year,1978,https://en.wikipedia.org/wiki/Pelle_Lindbergh,career_active,candidate_extraction_only,,,,,,,,not_exact_day
Q2141,Pelle Lindbergh,career_period_candidate,1985-07-01,year,1985,https://en.wikipedia.org/wiki/Pelle_Lindbergh,career_active,candidate_extraction_only,,,,,,,,not_exact_day
Q2142,Tamer Karadağlı,career_period_candidate,1992-07-01,year,1992,https://en.wikipedia.org/wiki/Tamer_Karada%C4%9Fl%C4%B1,career_active,candidate_extraction_only,,,,,,,,not_exact_day
Q2150,Miles Malleson,career_period_candidate,1921-07-01,year,1921,https://en.wikipedia.org/wiki/Miles_Malleson,career_active,candidate_extraction_only,,,,,,,,not_exact_day
Q2150,Miles Malleson,career_period_candidate,1965-07-01,year,1965,https://en.wikipedia.org/wiki/Miles_Malleson,career_active,candidate_extraction_only,,,,,,,,not_exact_day
Q2152,Hal David,career_period_candidate,1940-07-01,year,1940,https://en.wikipedia.org/wiki/Hal_David,career_active,candidate_extraction_only,,,,,,,,not_exact_day
Q2152,Hal David,career_period_candidate,2012-07-01,year,2012,https://en.wikipedia.org/wiki/Hal_David,career_active,candidate_extraction_only,,,,,,,,not_exact_day
Q2154,Dixie Carter,career_period_candidate,1960-07-01,year,1960,https://en.wikipedia.org/wiki/Dixie_Carter,career_active,candidate_extraction_only,,,,,,,,not_exact_day
Q2154,Dixie Carter,career_period_candidate,2009-07-01,year,2009,https://en.wikipedia.org/wiki/Dixie_Carter,career_active,candidate_extraction_only,,,,,,,,not_exact_day
Q2159,Michalis Pelekanos,career_period_candidate,1999-07-01,year,1999,https://en.wikipedia.org/wiki/Michalis_Pelekanos,career_active,candidate_extraction_only,,,,,,,,not_exact_day
Q2162,"John Churchill, 1st Duke of Marlborough",marriage_or_spouse_date_candidate,1677-07-01,year,1677,https://en.wikipedia.org/wiki/John_Churchill%2C_1st_Duke_of_Marlborough,spouse,candidate_extraction_only,,,,,,,,not_exact_day
Q2162,"John Churchill, 1st Duke of Marlborough",marriage_or_spouse_date_candidate,1678-07-01,year,1678,https://en.wikipedia.org/wiki/John_Churchill%2C_1st_Duke_of_Marlborough,spouse,candidate_extraction_only,,,,,,,,not_exact_day
Q2173,Lauryn Hill,career_period_candidate,1988-07-01,year,1988,https://en.wikipedia.org/wiki/Lauryn_Hill,career_active,candidate_extraction_only,,,,,,,,not_exact_day
Q2175,Ah Young,career_period_candidate,2011-07-01,year,2011,https://en.wikipedia.org/wiki/Ah_Young,career_active,candidate_extraction_only,,,,,,,,not_exact_day
Q2178,John Rudolph Niernsee,death,1885-06-07,day,"June 7, 1885",https://en.wikipedia.org/wiki/John_Rudolph_Niernsee,death_date,candidate_extraction_only,Gemini,4.04033377,False,Leo,False,Gemini,Aries,date_only_midpoint
Q2180,Anna Cervin,marriage_or_spouse_date_candidate,1904-07-01,year,1904,https://en.wikipedia.org/wiki/Anna_Cervin,spouse,candidate_extraction_only,,,,,,,,not_exact_day
Q2180,Anna Cervin,marriage_or_spouse_date_candidate,1912-07-01,year,1912,https://en.wikipedia.org/wiki/Anna_Cervin,spouse,candidate_extraction_only,,,,,,,,not_exact_day
Q2182,John Cheever,career_period_candidate,1935-07-01,year,1935,https://en.wikipedia.org/wiki/John_Cheever,career_active,candidate_extraction_only,,,,,,,,not_exact_day
Q2182,John Cheever,career_period_candidate,1982-07-01,year,1982,https://en.wikipedia.org/wiki/John_Cheever,career_active,candidate_extraction_only,,,,,,,,not_exact_day
Q2184,Allan Carr,career_period_candidate,1966-07-01,year,1966,https://en.wikipedia.org/wiki/Allan_Carr,career_active,candidate_extraction_only,,,,,,,,not_exact_day
Q2184,Allan Carr,career_period_candidate,1999-07-01,year,1999,https://en.wikipedia.org/wiki/Allan_Carr,career_active,candidate_extraction_only,,,,,,,,not_exact_day
Q2197,D. V. Paluskar,death,1955-10-26,day,26 October 1955,https://en.wikipedia.org/wiki/D._V._Paluskar,death_date,candidate_extraction_only,Libra,28.02972535,False,Leo,False,Libra,Virgo,date_only_midpoint
Q2197,D. V. Paluskar,career_period_candidate,1935-07-01,year,1935,https://en.wikipedia.org/wiki/D._V._Paluskar,career_active,candidate_extraction_only,,,,,,,,not_exact_day
Q2197,D. V. Paluskar,career_period_candidate,1955-07-01,year,1955,https://en.wikipedia.org/wiki/D._V._Paluskar,career_active,candidate_extraction_only,,,,,,,,not_exact_day
Q2201,Jerry Douglas,career_period_candidate,1970-07-01,year,1970,https://en.wikipedia.org/wiki/Jerry_Douglas,career_active,candidate_extraction_only,,,,,,,,not_exact_day
Q2202,Roger Kumble,career_period_candidate,1994-07-01,year,1994,https://en.wikipedia.org/wiki/Roger_Kumble,career_active,candidate_extraction_only,,,,,,,,not_exact_day
Q2202,Roger Kumble,career_period_candidate,2010-07-01,year,2010,https://en.wikipedia.org/wiki/Roger_Kumble,career_active,candidate_extraction_only,,,,,,,,not_exact_day
Q2202,Roger Kumble,career_period_candidate,2019-07-01,year,2019,https://en.wikipedia.org/wiki/Roger_Kumble,career_active,candidate_extraction_only,,,,,,,,not_exact_day
Q2204,Laura Bailey,career_period_candidate,1999-07-01,year,1999,https://en.wikipedia.org/wiki/Laura_Bailey,career_active,candidate_extraction_only,,,,,,,,not_exact_day
Q2207,Charles II of England,death,1685-02-06,day,6 February 1685,https://en.wikipedia.org/wiki/Charles_II_of_England,death_date,candidate_extraction_only,Leo,26.26136368,True,Libra,True,Sagittarius,Scorpio,date_only_midpoint
Q2207,Charles II of England,death,1685-02-16,day,16 February 1685,https://en.wikipedia.org/wiki/Charles_II_of_England,death_date,candidate_extraction_only,Leo,25.55618339,True,Libra,True,Capricorn,Scorpio,date_only_midpoint
Q2215,Danny Elfman,career_period_candidate,1971-07-01,year,1971,https://en.wikipedia.org/wiki/Danny_Elfman,career_active,candidate_extraction_only,,,,,,,,not_exact_day
Q2216,Thomas Baumer,career_period_candidate,1986-07-01,year,1986,https://en.wikipedia.org/wiki/Thomas_Baumer,career_active,candidate_extraction_only,,,,,,,,not_exact_day
Q2217,Natarsha Belling,career_period_candidate,1995-07-01,year,1995,https://en.wikipedia.org/wiki/Natarsha_Belling,career_active,candidate_extraction_only,,,,,,,,not_exact_day
Q2222,"Wills Hill, 1st Marquess of Downshire",marriage_or_spouse_date_candidate,1766-07-01,year,1766,https://en.wikipedia.org/wiki/Wills_Hill%2C_1st_Marquess_of_Downshire,spouse,candidate_extraction_only,,,,,,,,not_exact_day
Q2222,"Wills Hill, 1st Marquess of Downshire",marriage_or_spouse_date_candidate,1726-07-01,year,1726,https://en.wikipedia.org/wiki/Wills_Hill%2C_1st_Marquess_of_Downshire,spouse,candidate_extraction_only,,,,,,,,not_exact_day
Q2222,"Wills Hill, 1st Marquess of Downshire",marriage_or_spouse_date_candidate,1780-07-01,year,1780,https://en.wikipedia.org/wiki/Wills_Hill%2C_1st_Marquess_of_Downshire,spouse,candidate_extraction_only,,,,,,,,not_exact_day
Q2234,Mike Bishai,career_period_candidate,2002-07-01,year,2002,https://en.wikipedia.org/wiki/Mike_Bishai,career_active,candidate_extraction_only,,,,,,,,not_exact_day
Q2234,Mike Bishai,career_period_candidate,2013-07-01,year,2013,https://en.wikipedia.org/wiki/Mike_Bishai,career_active,candidate_extraction_only,,,,,,,,not_exact_day
Q2242,Akira Ifukube,career_period_candidate,1935-07-01,year,1935,https://en.wikipedia.org/wiki/Akira_Ifukube,career_active,candidate_extraction_only,,,,,,,,not_exact_day
Q2242,Akira Ifukube,career_period_candidate,2006-07-01,year,2006,https://en.wikipedia.org/wiki/Akira_Ifukube,career_active,candidate_extraction_only,,,,,,,,not_exact_day
Q2243,Julian Beck,career_period_candidate,1943-07-01,year,1943,https://en.wikipedia.org/wiki/Julian_Beck,career_active,candidate_extraction_only,,,,,,,,not_exact_day
Q2243,Julian Beck,career_period_candidate,1985-07-01,year,1985,https://en.wikipedia.org/wiki/Julian_Beck,career_active,candidate_extraction_only,,,,,,,,not_exact_day
Q2244,Jim Hutton,career_period_candidate,1956-07-01,year,1956,https://en.wikipedia.org/wiki/Jim_Hutton,career_active,candidate_extraction_only,,,,,,,,not_exact_day
Q2244,Jim Hutton,career_period_candidate,1979-07-01,year,1979,https://en.wikipedia.org/wiki/Jim_Hutton,career_active,candidate_extraction_only,,,,,,,,not_exact_day
Q2245,Rainer Werner Fassbinder,career_period_candidate,1965-07-01,year,1965,https://en.wikipedia.org/wiki/Rainer_Werner_Fassbinder,career_active,candidate_extraction_only,,,,,,,,not_exact_day
Q2245,Rainer Werner Fassbinder,career_period_candidate,1982-07-01,year,1982,https://en.wikipedia.org/wiki/Rainer_Werner_Fassbinder,career_active,candidate_extraction_only,,,,,,,,not_exact_day
Q2246,Pirkka-Pekka Petelius,marriage_or_spouse_date_candidate,2019-07-01,year,2019,https://en.wikipedia.org/wiki/Pirkka-Pekka_Petelius,spouse,candidate_extraction_only,,,,,,,,not_exact_day
Q2246,Pirkka-Pekka Petelius,marriage_or_spouse_date_candidate,2023-07-01,year,2023,https://en.wikipedia.org/wiki/Pirkka-Pekka_Petelius,spouse,candidate_extraction_only,,,,,,,,not_exact_day
Q2246,Pirkka-Pekka Petelius,career_period_candidate,1975-07-01,year,1975,https://en.wikipedia.org/wiki/Pirkka-Pekka_Petelius,career_active,candidate_extraction_only,,,,,,,,not_exact_day
Q2247,Ray Cote,career_period_candidate,1981-07-01,year,1981,https://en.wikipedia.org/wiki/Ray_Cote,career_active,candidate_extraction_only,,,,,,,,not_exact_day
Q2247,Ray Cote,career_period_candidate,1999-07-01,year,1999,https://en.wikipedia.org/wiki/Ray_Cote,career_active,candidate_extraction_only,,,,,,,,not_exact_day
Q2248,Arun Luthra,career_period_candidate,1990-07-01,year,1990,https://en.wikipedia.org/wiki/Arun_Luthra,career_active,candidate_extraction_only,,,,,,,,not_exact_day
Q2250,Azealia Banks,career_period_candidate,2008-07-01,year,2008,https://en.wikipedia.org/wiki/Azealia_Banks,career_active,candidate_extraction_only,,,,,,,,not_exact_day
Q2268,Daniel Pollen,marriage_or_spouse_date_candidate,1846-07-01,year,1846,https://en.wikipedia.org/wiki/Daniel_Pollen,spouse,candidate_extraction_only,,,,,,,,not_exact_day
Q2272,Erzsi Kovács,death,2014-04-06,day,6 April 2014,https://en.wikipedia.org/wiki/Erzsi_Kov%C3%A1cs,death_date,candidate_extraction_only,Libra,28.28146197,True,Gemini,False,Aquarius,Virgo,date_only_midpoint
Q2272,Erzsi Kovács,career_period_candidate,1950-07-01,year,1950,https://en.wikipedia.org/wiki/Erzsi_Kov%C3%A1cs,career_active,candidate_extraction_only,,,,,,,,not_exact_day
Q2272,Erzsi Kovács,career_period_candidate,2014-07-01,year,2014,https://en.wikipedia.org/wiki/Erzsi_Kov%C3%A1cs,career_active,candidate_extraction_only,,,,,,,,not_exact_day
Q2273,Kevin Brownlow,marriage_or_spouse_date_candidate,1969-07-01,year,1969,https://en.wikipedia.org/wiki/Kevin_Brownlow,spouse,candidate_extraction_only,,,,,,,,not_exact_day
Q2273,Kevin Brownlow,career_period_candidate,1953-07-01,year,1953,https://en.wikipedia.org/wiki/Kevin_Brownlow,career_active,candidate_extraction_only,,,,,,,,not_exact_day
Q2275,Dennis Haysbert,career_period_candidate,1978-07-01,year,1978,https://en.wikipedia.org/wiki/Dennis_Haysbert,career_active,candidate_extraction_only,,,,,,,,not_exact_day
Q2281,Conon of Naso,death,1236-03-28,day,28 March 1236,https://en.wikipedia.org/wiki/Conon_of_Naso,death_date,candidate_extraction_only,Taurus,16.71548306,False,Scorpio,True,Pisces,Aquarius,date_only_midpoint
Q2287,Ellen Corby,career_period_candidate,1933-07-01,year,1933,https://en.wikipedia.org/wiki/Ellen_Corby,career_active,candidate_extraction_only,,,,,,,,not_exact_day
Q2287,Ellen Corby,career_period_candidate,1999-07-01,year,1999,https://en.wikipedia.org/wiki/Ellen_Corby,career_active,candidate_extraction_only,,,,,,,,not_exact_day
Q2289,Françoise Arnoul,marriage_or_spouse_date_candidate,1956-07-01,year,1956,https://en.wikipedia.org/wiki/Fran%C3%A7oise_Arnoul,spouse,candidate_extraction_only,,,,,,,,not_exact_day
Q2289,Françoise Arnoul,marriage_or_spouse_date_candidate,1960-07-01,year,1960,https://en.wikipedia.org/wiki/Fran%C3%A7oise_Arnoul,spouse,candidate_extraction_only,,,,,,,,not_exact_day
Q2292,Anderson Cooper,career_period_candidate,1990-07-01,year,1990,https://en.wikipedia.org/wiki/Anderson_Cooper,career_active,candidate_extraction_only,,,,,,,,not_exact_day
Q2294,Al Horford,career_period_candidate,2007-07-01,year,2007,https://en.wikipedia.org/wiki/Al_Horford,career_active,candidate_extraction_only,,,,,,,,not_exact_day
Q2295,Louis Hofmann,career_period_candidate,2006-07-01,year,2006,https://en.wikipedia.org/wiki/Louis_Hofmann,career_active,candidate_extraction_only,,,,,,,,not_exact_day
Q2298,Jinmaku Kyūgorō,debut_or_career_start,1850-07-01,year,1850,https://en.wikipedia.org/wiki/Jinmaku_Ky%C5%ABgor%C5%8D,debut,candidate_extraction_only,,,,,,,,not_exact_day
Q2304,Anthony Braxton,career_period_candidate,1968-07-01,year,1968,https://en.wikipedia.org/wiki/Anthony_Braxton,career_active,candidate_extraction_only,,,,,,,,not_exact_day
Q2306,El DeBarge,career_period_candidate,1979-07-01,year,1979,https://en.wikipedia.org/wiki/El_DeBarge,career_active,candidate_extraction_only,,,,,,,,not_exact_day
Q2322,Susan Lynch,career_period_candidate,1991-07-01,year,1991,https://en.wikipedia.org/wiki/Susan_Lynch,career_active,candidate_extraction_only,,,,,,,,not_exact_day
Q2332,Kenneth Connor,career_period_candidate,1936-07-01,year,1936,https://en.wikipedia.org/wiki/Kenneth_Connor,career_active,candidate_extraction_only,,,,,,,,not_exact_day
Q2332,Kenneth Connor,career_period_candidate,1993-07-01,year,1993,https://en.wikipedia.org/wiki/Kenneth_Connor,career_active,candidate_extraction_only,,,,,,,,not_exact_day
Q2335,Monty Alexander,career_period_candidate,1958-07-01,year,1958,https://en.wikipedia.org/wiki/Monty_Alexander,career_active,candidate_extraction_only,,,,,,,,not_exact_day
Q2336,Harvey Fierstein,career_period_candidate,1981-07-01,year,1981,https://en.wikipedia.org/wiki/Harvey_Fierstein,career_active,candidate_extraction_only,,,,,,,,not_exact_day
Q2337,Hirokazu Kore-eda,career_period_candidate,1991-07-01,year,1991,https://en.wikipedia.org/wiki/Hirokazu_Kore-eda,career_active,candidate_extraction_only,,,,,,,,not_exact_day
Q2340,Vic Mensa,career_period_candidate,2009-07-01,year,2009,https://en.wikipedia.org/wiki/Vic_Mensa,career_active,candidate_extraction_only,,,,,,,,not_exact_day
Q2349,Paul Salamunovich,career_period_candidate,1946-07-01,year,1946,https://en.wikipedia.org/wiki/Paul_Salamunovich,career_active,candidate_extraction_only,,,,,,,,not_exact_day
Q2349,Paul Salamunovich,career_period_candidate,2009-07-01,year,2009,https://en.wikipedia.org/wiki/Paul_Salamunovich,career_active,candidate_extraction_only,,,,,,,,not_exact_day
Q2353,Gordon Gano,career_period_candidate,1981-07-01,year,1981,https://en.wikipedia.org/wiki/Gordon_Gano,career_active,candidate_extraction_only,,,,,,,,not_exact_day
Q2354,Eric D. Johnson,career_period_candidate,1997-07-01,year,1997,https://en.wikipedia.org/wiki/Eric_D._Johnson,career_active,candidate_extraction_only,,,,,,,,not_exact_day
Q2366,Annie Haslam,career_period_candidate,1971-07-01,year,1971,https://en.wikipedia.org/wiki/Annie_Haslam,career_active,candidate_extraction_only,,,,,,,,not_exact_day
Q2367,Scott Adams,career_period_candidate,1989-07-01,year,1989,https://en.wikipedia.org/wiki/Scott_Adams,career_active,candidate_extraction_only,,,,,,,,not_exact_day
Q2367,Scott Adams,career_period_candidate,2026-07-01,year,2026,https://en.wikipedia.org/wiki/Scott_Adams,career_active,candidate_extraction_only,,,,,,,,not_exact_day
Q2373,George Stephenson,marriage_or_spouse_date_candidate,1802-07-01,year,1802,https://en.wikipedia.org/wiki/George_Stephenson,spouse,candidate_extraction_only,,,,,,,,not_exact_day
Q2373,George Stephenson,marriage_or_spouse_date_candidate,1806-07-01,year,1806,https://en.wikipedia.org/wiki/George_Stephenson,spouse,candidate_extraction_only,,,,,,,,not_exact_day
Q2373,George Stephenson,marriage_or_spouse_date_candidate,1820-07-01,year,1820,https://en.wikipedia.org/wiki/George_Stephenson,spouse,candidate_extraction_only,,,,,,,,not_exact_day
Q2373,George Stephenson,marriage_or_spouse_date_candidate,1845-07-01,year,1845,https://en.wikipedia.org/wiki/George_Stephenson,spouse,candidate_extraction_only,,,,,,,,not_exact_day
Q2373,George Stephenson,marriage_or_spouse_date_candidate,1848-07-01,year,1848,https://en.wikipedia.org/wiki/George_Stephenson,spouse,candidate_extraction_only,,,,,,,,not_exact_day
Q2376,Fred Waring,career_period_candidate,1923-07-01,year,1923,https://en.wikipedia.org/wiki/Fred_Waring,career_active,candidate_extraction_only,,,,,,,,not_exact_day
Q2376,Fred Waring,career_period_candidate,1984-07-01,year,1984,https://en.wikipedia.org/wiki/Fred_Waring,career_active,candidate_extraction_only,,,,,,,,not_exact_day
Q2385,Jason Demers,career_period_candidate,2008-07-01,year,2008,https://en.wikipedia.org/wiki/Jason_Demers,career_active,candidate_extraction_only,,,,,,,,not_exact_day
Q2385,Jason Demers,career_period_candidate,2023-07-01,year,2023,https://en.wikipedia.org/wiki/Jason_Demers,career_active,candidate_extraction_only,,,,,,,,not_exact_day
Q2393,Leo Gravelle,career_period_candidate,1945-07-01,year,1945,https://en.wikipedia.org/wiki/Leo_Gravelle,career_active,candidate_extraction_only,,,,,,,,not_exact_day
Q2393,Leo Gravelle,career_period_candidate,1956-07-01,year,1956,https://en.wikipedia.org/wiki/Leo_Gravelle,career_active,candidate_extraction_only,,,,,,,,not_exact_day
Q2398,Faith Evans,career_period_candidate,1994-07-01,year,1994,https://en.wikipedia.org/wiki/Faith_Evans,career_active,candidate_extraction_only,,,,,,,,not_exact_day
Q2410,Parris Glendening,marriage_or_spouse_date_candidate,1970-07-01,year,1970,https://en.wikipedia.org/wiki/Parris_Glendening,spouse,candidate_extraction_only,,,,,,,,not_exact_day
Q2411,Yuriy Sedykh,career_period_candidate,1976-07-01,year,1976,https://en.wikipedia.org/wiki/Yuriy_Sedykh,career_active,candidate_extraction_only,,,,,,,,not_exact_day
Q2411,Yuriy Sedykh,career_period_candidate,1995-07-01,year,1995,https://en.wikipedia.org/wiki/Yuriy_Sedykh,career_active,candidate_extraction_only,,,,,,,,not_exact_day
Q2413,Ryan Dunn,career_period_candidate,1997-07-01,year,1997,https://en.wikipedia.org/wiki/Ryan_Dunn,career_active,candidate_extraction_only,,,,,,,,not_exact_day
Q2413,Ryan Dunn,career_period_candidate,2011-07-01,year,2011,https://en.wikipedia.org/wiki/Ryan_Dunn,career_active,candidate_extraction_only,,,,,,,,not_exact_day
Q2420,William Attewell,death,1927-06-11,day,11 June 1927,https://en.wikipedia.org/wiki/William_Attewell,death_date,candidate_extraction_only,Scorpio,10.37912008,True,Pisces,False,Cancer,Cancer,date_only_midpoint
Q2425,Marv Albert,career_period_candidate,1963-07-01,year,1963,https://en.wikipedia.org/wiki/Marv_Albert,career_active,candidate_extraction_only,,,,,,,,not_exact_day
Q2425,Marv Albert,career_period_candidate,2021-07-01,year,2021,https://en.wikipedia.org/wiki/Marv_Albert,career_active,candidate_extraction_only,,,,,,,,not_exact_day
Q2428,Mark Henry,debut_or_career_start,1996-09-21,day,"September 21, 1996",https://en.wikipedia.org/wiki/Mark_Henry,debut,candidate_extraction_only,Pisces,10.56643443,True,Sagittarius,False,Cancer,Cancer,date_only_midpoint
Q2430,Emma Eliasson,career_period_candidate,2005-07-01,year,2005,https://en.wikipedia.org/wiki/Emma_Eliasson,career_active,candidate_extraction_only,,,,,,,,not_exact_day
Q2430,Emma Eliasson,career_period_candidate,2017-07-01,year,2017,https://en.wikipedia.org/wiki/Emma_Eliasson,career_active,candidate_extraction_only,,,,,,,,not_exact_day
Q2437,Hector de Saint-Denys Garneau,death,1943-10-24,day,"October 24, 1943",https://en.wikipedia.org/wiki/Hector_de_Saint-Denys_Garneau,death_date,candidate_extraction_only,Gemini,3.36410206,True,Leo,False,Leo,Taurus,date_only_midpoint
Q2438,Etienne Leroux,death,1989-12-30,day,30 December 1989,https://en.wikipedia.org/wiki/Etienne_Leroux,death_date,candidate_extraction_only,Sagittarius,21.70056147,False,Gemini,True,Capricorn,Scorpio,date_only_midpoint
Q2443,Natalie MacMaster,career_period_candidate,1989-07-01,year,1989,https://en.wikipedia.org/wiki/Natalie_MacMaster,career_active,candidate_extraction_only,,,,,,,,not_exact_day
Q2451,Jack Adams,career_period_candidate,1917-07-01,year,1917,https://en.wikipedia.org/wiki/Jack_Adams,career_active,candidate_extraction_only,,,,,,,,not_exact_day
Q2451,Jack Adams,career_period_candidate,1927-07-01,year,1927,https://en.wikipedia.org/wiki/Jack_Adams,career_active,candidate_extraction_only,,,,,,,,not_exact_day
Q2452,Burl Ives,career_period_candidate,1929-07-01,year,1929,https://en.wikipedia.org/wiki/Burl_Ives,career_active,candidate_extraction_only,,,,,,,,not_exact_day
Q2452,Burl Ives,career_period_candidate,1993-07-01,year,1993,https://en.wikipedia.org/wiki/Burl_Ives,career_active,candidate_extraction_only,,,,,,,,not_exact_day
Q2453,Martha Greenhouse,career_period_candidate,1956-07-01,year,1956,https://en.wikipedia.org/wiki/Martha_Greenhouse,career_active,candidate_extraction_only,,,,,,,,not_exact_day
Q2453,Martha Greenhouse,career_period_candidate,1999-07-01,year,1999,https://en.wikipedia.org/wiki/Martha_Greenhouse,career_active,candidate_extraction_only,,,,,,,,not_exact_day
Q2454,Renaldo Benson,career_period_candidate,1953-07-01,year,1953,https://en.wikipedia.org/wiki/Renaldo_Benson,career_active,candidate_extraction_only,,,,,,,,not_exact_day
Q2454,Renaldo Benson,career_period_candidate,2005-07-01,year,2005,https://en.wikipedia.org/wiki/Renaldo_Benson,career_active,candidate_extraction_only,,,,,,,,not_exact_day
Q2455,Robert Louis-Dreyfus,marriage_or_spouse_date_candidate,1989-07-01,year,1989,https://en.wikipedia.org/wiki/Robert_Louis-Dreyfus,spouse,candidate_extraction_only,,,,,,,,not_exact_day
Q2456,Will Patton,career_period_candidate,1981-07-01,year,1981,https://en.wikipedia.org/wiki/Will_Patton,career_active,candidate_extraction_only,,,,,,,,not_exact_day
Q2457,Faizon Love,career_period_candidate,1983-07-01,year,1983,https://en.wikipedia.org/wiki/Faizon_Love,career_active,candidate_extraction_only,,,,,,,,not_exact_day
Q2465,Harry Langdon,career_period_candidate,1903-07-01,year,1903,https://en.wikipedia.org/wiki/Harry_Langdon,career_active,candidate_extraction_only,,,,,,,,not_exact_day
Q2465,Harry Langdon,career_period_candidate,1944-07-01,year,1944,https://en.wikipedia.org/wiki/Harry_Langdon,career_active,candidate_extraction_only,,,,,,,,not_exact_day
Q2473,Jesse Bélanger,career_period_candidate,1991-07-01,year,1991,https://en.wikipedia.org/wiki/Jesse_B%C3%A9langer,career_active,candidate_extraction_only,,,,,,,,not_exact_day
Q2473,Jesse Bélanger,career_period_candidate,2013-07-01,year,2013,https://en.wikipedia.org/wiki/Jesse_B%C3%A9langer,career_active,candidate_extraction_only,,,,,,,,not_exact_day
Q2478,Salawat Yulayev,death,1800-10-08,day,8 October 1800,https://en.wikipedia.org/wiki/Salawat_Yulayev,death_date,candidate_extraction_only,Leo,0.06915768,False,Cancer,False,Libra,Taurus,date_only_midpoint
Q2480,Francisco León de la Barra,death,1939-09-23,day,"September 23, 1939",https://en.wikipedia.org/wiki/Francisco_Le%C3%B3n_de_la_Barra,death_date,candidate_extraction_only,Aries,6.90319541,True,Pisces,True,Virgo,Capricorn,date_only_midpoint
Q2480,Francisco León de la Barra,death,1939-09-22,day,"September 22, 1939",https://en.wikipedia.org/wiki/Francisco_Le%C3%B3n_de_la_Barra,death_date,candidate_extraction_only,Aries,6.96527646,True,Pisces,True,Virgo,Capricorn,date_only_midpoint
Q2480,Francisco León de la Barra,marriage_or_spouse_date_candidate,1909-07-01,year,1909,https://en.wikipedia.org/wiki/Francisco_Le%C3%B3n_de_la_Barra,spouse,candidate_extraction_only,,,,,,,,not_exact_day
Q2483,Faith Domergue,career_period_candidate,1941-07-01,year,1941,https://en.wikipedia.org/wiki/Faith_Domergue,career_active,candidate_extraction_only,,,,,,,,not_exact_day
Q2483,Faith Domergue,career_period_candidate,1974-07-01,year,1974,https://en.wikipedia.org/wiki/Faith_Domergue,career_active,candidate_extraction_only,,,,,,,,not_exact_day
Q2486,Grete Faremo,marriage_or_spouse_date_candidate,2014-07-01,year,2014,https://en.wikipedia.org/wiki/Grete_Faremo,spouse,candidate_extraction_only,,,,,,,,not_exact_day
Q2487,Danny Burstein,career_period_candidate,1986-07-01,year,1986,https://en.wikipedia.org/wiki/Danny_Burstein,career_active,candidate_extraction_only,,,,,,,,not_exact_day
Q2488,John Cho,career_period_candidate,1996-07-01,year,1996,https://en.wikipedia.org/wiki/John_Cho,career_active,candidate_extraction_only,,,,,,,,not_exact_day
Q2490,Joe McElderry,career_period_candidate,2007-07-01,year,2007,https://en.wikipedia.org/wiki/Joe_McElderry,career_active,candidate_extraction_only,,,,,,,,not_exact_day
Q2496,Ralph Bellamy,career_period_candidate,1925-07-01,year,1925,https://en.wikipedia.org/wiki/Ralph_Bellamy,career_active,candidate_extraction_only,,,,,,,,not_exact_day
Q2496,Ralph Bellamy,career_period_candidate,1990-07-01,year,1990,https://en.wikipedia.org/wiki/Ralph_Bellamy,career_active,candidate_extraction_only,,,,,,,,not_exact_day
Q2500,Snakefinger,career_period_candidate,1971-07-01,year,1971,https://en.wikipedia.org/wiki/Snakefinger,career_active,candidate_extraction_only,,,,,,,,not_exact_day
Q2500,Snakefinger,career_period_candidate,1987-07-01,year,1987,https://en.wikipedia.org/wiki/Snakefinger,career_active,candidate_extraction_only,,,,,,,,not_exact_day
Q2504,Lee Ryan,career_period_candidate,2000-07-01,year,2000,https://en.wikipedia.org/wiki/Lee_Ryan,career_active,candidate_extraction_only,,,,,,,,not_exact_day
Q2506,"Eleanor of England, Countess of Bar",death,1298-08-29,day,29 August 1298,https://en.wikipedia.org/wiki/Eleanor_of_England%2C_Countess_of_Bar,death_date,candidate_extraction_only,Cancer,13.70434965,False,Aquarius,True,Leo,Gemini,date_only_midpoint
Q2511,Keye Luke,career_period_candidate,1934-07-01,year,1934,https://en.wikipedia.org/wiki/Keye_Luke,career_active,candidate_extraction_only,,,,,,,,not_exact_day
Q2511,Keye Luke,career_period_candidate,1990-07-01,year,1990,https://en.wikipedia.org/wiki/Keye_Luke,career_active,candidate_extraction_only,,,,,,,,not_exact_day
Q2512,E. G. Marshall,career_period_candidate,1945-07-01,year,1945,https://en.wikipedia.org/wiki/E._G._Marshall,career_active,candidate_extraction_only,,,,,,,,not_exact_day
Q2512,E. G. Marshall,career_period_candidate,1998-07-01,year,1998,https://en.wikipedia.org/wiki/E._G._Marshall,career_active,candidate_extraction_only,,,,,,,,not_exact_day
Q2518,Julie Depardieu,career_period_candidate,1994-07-01,year,1994,https://en.wikipedia.org/wiki/Julie_Depardieu,career_active,candidate_extraction_only,,,,,,,,not_exact_day
Q2520,Dennis Lloyd,career_period_candidate,2015-07-01,year,2015,https://en.wikipedia.org/wiki/Dennis_Lloyd,career_active,candidate_extraction_only,,,,,,,,not_exact_day
Q2529,Gena Rowlands,career_period_candidate,1949-07-01,year,1949,https://en.wikipedia.org/wiki/Gena_Rowlands,career_active,candidate_extraction_only,,,,,,,,not_exact_day
Q2529,Gena Rowlands,career_period_candidate,2014-07-01,year,2014,https://en.wikipedia.org/wiki/Gena_Rowlands,career_active,candidate_extraction_only,,,,,,,,not_exact_day
Q2534,Jean Carroll,career_period_candidate,1949-07-01,year,1949,https://en.wikipedia.org/wiki/Jean_Carroll,career_active,candidate_extraction_only,,,,,,,,not_exact_day
Q2534,Jean Carroll,career_period_candidate,1968-07-01,year,1968,https://en.wikipedia.org/wiki/Jean_Carroll,career_active,candidate_extraction_only,,,,,,,,not_exact_day
Q2542,Jimmy Driftwood,career_period_candidate,1925-07-01,year,1925,https://en.wikipedia.org/wiki/Jimmy_Driftwood,career_active,candidate_extraction_only,,,,,,,,not_exact_day
Q2542,Jimmy Driftwood,career_period_candidate,1975-07-01,year,1975,https://en.wikipedia.org/wiki/Jimmy_Driftwood,career_active,candidate_extraction_only,,,,,,,,not_exact_day
Q2548,Rodney Rogers,career_period_candidate,1993-07-01,year,1993,https://en.wikipedia.org/wiki/Rodney_Rogers,career_active,candidate_extraction_only,,,,,,,,not_exact_day
Q2548,Rodney Rogers,career_period_candidate,2005-07-01,year,2005,https://en.wikipedia.org/wiki/Rodney_Rogers,career_active,candidate_extraction_only,,,,,,,,not_exact_day
Q2574,Ralph Waite,career_period_candidate,1954-07-01,year,1954,https://en.wikipedia.org/wiki/Ralph_Waite,career_active,candidate_extraction_only,,,,,,,,not_exact_day
Q2574,Ralph Waite,career_period_candidate,2014-07-01,year,2014,https://en.wikipedia.org/wiki/Ralph_Waite,career_active,candidate_extraction_only,,,,,,,,not_exact_day
Q2576,Larry Junstrom,career_period_candidate,1964-07-01,year,1964,https://en.wikipedia.org/wiki/Larry_Junstrom,career_active,candidate_extraction_only,,,,,,,,not_exact_day
Q2576,Larry Junstrom,career_period_candidate,2014-07-01,year,2014,https://en.wikipedia.org/wiki/Larry_Junstrom,career_active,candidate_extraction_only,,,,,,,,not_exact_day
Q2579,Ilya Bryzgalov,career_period_candidate,1999-07-01,year,1999,https://en.wikipedia.org/wiki/Ilya_Bryzgalov,career_active,candidate_extraction_only,,,,,,,,not_exact_day
Q2579,Ilya Bryzgalov,career_period_candidate,2015-07-01,year,2015,https://en.wikipedia.org/wiki/Ilya_Bryzgalov,career_active,candidate_extraction_only,,,,,,,,not_exact_day
Q2585,Blanche Noyes,marriage_or_spouse_date_candidate,1900-07-01,year,1900,https://en.wikipedia.org/wiki/Blanche_Noyes,spouse,candidate_extraction_only,,,,,,,,not_exact_day
Q2585,Blanche Noyes,marriage_or_spouse_date_candidate,1935-07-01,year,1935,https://en.wikipedia.org/wiki/Blanche_Noyes,spouse,candidate_extraction_only,,,,,,,,not_exact_day
Q2590,Bryan Brown,career_period_candidate,1972-07-01,year,1972,https://en.wikipedia.org/wiki/Bryan_Brown,career_active,candidate_extraction_only,,,,,,,,not_exact_day
Q2593,Wade Barrett,debut_or_career_start,2004-07-01,year,2004,https://en.wikipedia.org/wiki/Wade_Barrett,debut,candidate_extraction_only,,,,,,,,not_exact_day
Q2594,Brooks Laich,career_period_candidate,2004-07-01,year,2004,https://en.wikipedia.org/wiki/Brooks_Laich,career_active,candidate_extraction_only,,,,,,,,not_exact_day
Q2594,Brooks Laich,career_period_candidate,2018-07-01,year,2018,https://en.wikipedia.org/wiki/Brooks_Laich,career_active,candidate_extraction_only,,,,,,,,not_exact_day
Q2595,Katie Armiger,career_period_candidate,2007-07-01,year,2007,https://en.wikipedia.org/wiki/Katie_Armiger,career_active,candidate_extraction_only,,,,,,,,not_exact_day
Q2595,Katie Armiger,career_period_candidate,2015-07-01,year,2015,https://en.wikipedia.org/wiki/Katie_Armiger,career_active,candidate_extraction_only,,,,,,,,not_exact_day
Q2597,Johannes Bugenhagen,marriage_or_spouse_date_candidate,1522-10-13,day,13 October 1522,https://en.wikipedia.org/wiki/Johannes_Bugenhagen,spouse,candidate_extraction_only,Aquarius,3.33818297,True,Capricorn,False,Scorpio,Cancer,date_only_midpoint
Q2597,Johannes Bugenhagen,marriage_or_spouse_date_candidate,2000-07-01,year,2000,https://en.wikipedia.org/wiki/Johannes_Bugenhagen,spouse,candidate_extraction_only,,,,,,,,not_exact_day
Q2604,Al Molinaro,career_period_candidate,1940-07-01,year,1940,https://en.wikipedia.org/wiki/Al_Molinaro,career_active,candidate_extraction_only,,,,,,,,not_exact_day
Q2604,Al Molinaro,career_period_candidate,2003-07-01,year,2003,https://en.wikipedia.org/wiki/Al_Molinaro,career_active,candidate_extraction_only,,,,,,,,not_exact_day
Q2611,Beatrice of England,death,1275-03-24,day,24 March 1275,https://en.wikipedia.org/wiki/Beatrice_of_England,death_date,candidate_extraction_only,Virgo,26.73400877,True,Pisces,False,Taurus,Scorpio,date_only_midpoint
Q2615,Marta Abba,marriage_or_spouse_date_candidate,1938-07-01,year,1938,https://en.wikipedia.org/wiki/Marta_Abba,spouse,candidate_extraction_only,,,,,,,,not_exact_day
Q2615,Marta Abba,marriage_or_spouse_date_candidate,1952-07-01,year,1952,https://en.wikipedia.org/wiki/Marta_Abba,spouse,candidate_extraction_only,,,,,,,,not_exact_day
Q2616,William Howard Stein,marriage_or_spouse_date_candidate,1936-07-01,year,1936,https://en.wikipedia.org/wiki/William_Howard_Stein,spouse,candidate_extraction_only,,,,,,,,not_exact_day
Q2616,William Howard Stein,marriage_or_spouse_date_candidate,1980-07-01,year,1980,https://en.wikipedia.org/wiki/William_Howard_Stein,spouse,candidate_extraction_only,,,,,,,,not_exact_day
Q2616,William Howard Stein,marriage_or_spouse_date_candidate,1913-07-01,year,1913,https://en.wikipedia.org/wiki/William_Howard_Stein,spouse,candidate_extraction_only,,,,,,,,not_exact_day
Q2616,William Howard Stein,marriage_or_spouse_date_candidate,1989-07-01,year,1989,https://en.wikipedia.org/wiki/William_Howard_Stein,spouse,candidate_extraction_only,,,,,,,,not_exact_day
Q2619,Eddie Floyd,career_period_candidate,1956-07-01,year,1956,https://en.wikipedia.org/wiki/Eddie_Floyd,career_active,candidate_extraction_only,,,,,,,,not_exact_day
Q2621,Mario Lessard,career_period_candidate,1977-07-01,year,1977,https://en.wikipedia.org/wiki/Mario_Lessard,career_active,candidate_extraction_only,,,,,,,,not_exact_day
Q2621,Mario Lessard,career_period_candidate,1984-07-01,year,1984,https://en.wikipedia.org/wiki/Mario_Lessard,career_active,candidate_extraction_only,,,,,,,,not_exact_day
Q2623,Roope Latvala,career_period_candidate,1985-07-01,year,1985,https://en.wikipedia.org/wiki/Roope_Latvala,career_active,candidate_extraction_only,,,,,,,,not_exact_day
Q2625,Jhonas Enroth,career_period_candidate,2007-07-01,year,2007,https://en.wikipedia.org/wiki/Jhonas_Enroth,career_active,candidate_extraction_only,,,,,,,,not_exact_day
Q2628,Wolfgang Menzel,career_period_candidate,1823-07-01,year,1823,https://en.wikipedia.org/wiki/Wolfgang_Menzel,career_active,candidate_extraction_only,,,,,,,,not_exact_day
Q2628,Wolfgang Menzel,career_period_candidate,1873-07-01,year,1873,https://en.wikipedia.org/wiki/Wolfgang_Menzel,career_active,candidate_extraction_only,,,,,,,,not_exact_day
Q2630,George Hainsworth,career_period_candidate,1926-07-01,year,1926,https://en.wikipedia.org/wiki/George_Hainsworth,career_active,candidate_extraction_only,,,,,,,,not_exact_day
Q2630,George Hainsworth,career_period_candidate,1937-07-01,year,1937,https://en.wikipedia.org/wiki/George_Hainsworth,career_active,candidate_extraction_only,,,,,,,,not_exact_day
Q2635,Georgie Fame,career_period_candidate,1959-07-01,year,1959,https://en.wikipedia.org/wiki/Georgie_Fame,career_active,candidate_extraction_only,,,,,,,,not_exact_day
Q2639,J. J. Barea,career_period_candidate,2001-07-01,year,2001,https://en.wikipedia.org/wiki/J._J._Barea,career_active,candidate_extraction_only,,,,,,,,not_exact_day
Q2639,J. J. Barea,career_period_candidate,2022-07-01,year,2022,https://en.wikipedia.org/wiki/J._J._Barea,career_active,candidate_extraction_only,,,,,,,,not_exact_day
Q2647,Muriel Pavlow,career_period_candidate,1934-07-01,year,1934,https://en.wikipedia.org/wiki/Muriel_Pavlow,career_active,candidate_extraction_only,,,,,,,,not_exact_day
Q2647,Muriel Pavlow,career_period_candidate,2009-07-01,year,2009,https://en.wikipedia.org/wiki/Muriel_Pavlow,career_active,candidate_extraction_only,,,,,,,,not_exact_day
Q2651,Craig Hodges,career_period_candidate,1982-07-01,year,1982,https://en.wikipedia.org/wiki/Craig_Hodges,career_active,candidate_extraction_only,,,,,,,,not_exact_day
Q2651,Craig Hodges,career_period_candidate,1998-07-01,year,1998,https://en.wikipedia.org/wiki/Craig_Hodges,career_active,candidate_extraction_only,,,,,,,,not_exact_day
Q2667,Peter Baynham,career_period_candidate,1987-07-01,year,1987,https://en.wikipedia.org/wiki/Peter_Baynham,career_active,candidate_extraction_only,,,,,,,,not_exact_day
Q2669,Felicia Day,career_period_candidate,2001-07-01,year,2001,https://en.wikipedia.org/wiki/Felicia_Day,career_active,candidate_extraction_only,,,,,,,,not_exact_day
Q2670,Seohyun,career_period_candidate,2007-07-01,year,2007,https://en.wikipedia.org/wiki/Seohyun,career_active,candidate_extraction_only,,,,,,,,not_exact_day
Q2676,Yvonne Lefébure,death,1986-01-23,day,23 January 1986,https://en.wikipedia.org/wiki/Yvonne_Lef%C3%A9bure,death_date,candidate_extraction_only,Scorpio,13.62777384,False,Capricorn,False,Capricorn,Scorpio,date_only_midpoint
Q2679,Pat Crawford Brown,career_period_candidate,1985-07-01,year,1985,https://en.wikipedia.org/wiki/Pat_Crawford_Brown,career_active,candidate_extraction_only,,,,,,,,not_exact_day
Q2679,Pat Crawford Brown,career_period_candidate,2012-07-01,year,2012,https://en.wikipedia.org/wiki/Pat_Crawford_Brown,career_active,candidate_extraction_only,,,,,,,,not_exact_day
Q2682,Sharon Lawrence,career_period_candidate,1987-07-01,year,1987,https://en.wikipedia.org/wiki/Sharon_Lawrence,career_active,candidate_extraction_only,,,,,,,,not_exact_day
Q2685,Oliver Tree,career_period_candidate,2010-07-01,year,2010,https://en.wikipedia.org/wiki/Oliver_Tree,career_active,candidate_extraction_only,,,,,,,,not_exact_day
Q2685,Oliver Tree,career_period_candidate,2026-07-01,year,2026,https://en.wikipedia.org/wiki/Oliver_Tree,career_active,candidate_extraction_only,,,,,,,,not_exact_day
Q2686,"John de Warenne, 7th Earl of Surrey",death,1347-06-01,month,June 1347,https://en.wikipedia.org/wiki/John_de_Warenne%2C_7th_Earl_of_Surrey,death_date,candidate_extraction_only,Pisces,1.11566144,False,Aries,False,Aries,Aries,date_only_midpoint
Q2689,Archibald Frazer-Nash,death,1965-03-10,day,10 March 1965,https://en.wikipedia.org/wiki/Archibald_Frazer-Nash,death_date,candidate_extraction_only,Aquarius,15.69612791,False,Aries,False,Aquarius,Leo,date_only_midpoint
Q2694,Tony Hatch,career_period_candidate,1959-07-01,year,1959,https://en.wikipedia.org/wiki/Tony_Hatch,career_active,candidate_extraction_only,,,,,,,,not_exact_day
Q2695,Stanley Clarke,career_period_candidate,1966-07-01,year,1966,https://en.wikipedia.org/wiki/Stanley_Clarke,career_active,candidate_extraction_only,,,,,,,,not_exact_day
Q2696,Pam Royle,career_period_candidate,1981-07-01,year,1981,https://en.wikipedia.org/wiki/Pam_Royle,career_active,candidate_extraction_only,,,,,,,,not_exact_day
Q2697,Steve Duchesne,career_period_candidate,1985-07-01,year,1985,https://en.wikipedia.org/wiki/Steve_Duchesne,career_active,candidate_extraction_only,,,,,,,,not_exact_day
Q2697,Steve Duchesne,career_period_candidate,2002-07-01,year,2002,https://en.wikipedia.org/wiki/Steve_Duchesne,career_active,candidate_extraction_only,,,,,,,,not_exact_day
Q2706,William Wyler,career_period_candidate,1925-07-01,year,1925,https://en.wikipedia.org/wiki/William_Wyler,career_active,candidate_extraction_only,,,,,,,,not_exact_day
Q2706,William Wyler,career_period_candidate,1970-07-01,year,1970,https://en.wikipedia.org/wiki/William_Wyler,career_active,candidate_extraction_only,,,,,,,,not_exact_day
Q2709,Leslie Caron,career_period_candidate,1951-07-01,year,1951,https://en.wikipedia.org/wiki/Leslie_Caron,career_active,candidate_extraction_only,,,,,,,,not_exact_day
Q2709,Leslie Caron,career_period_candidate,2020-07-01,year,2020,https://en.wikipedia.org/wiki/Leslie_Caron,career_active,candidate_extraction_only,,,,,,,,not_exact_day
Q2710,Rod Gilbert,career_period_candidate,1960-07-01,year,1960,https://en.wikipedia.org/wiki/Rod_Gilbert,career_active,candidate_extraction_only,,,,,,,,not_exact_day
Q2710,Rod Gilbert,career_period_candidate,1978-07-01,year,1978,https://en.wikipedia.org/wiki/Rod_Gilbert,career_active,candidate_extraction_only,,,,,,,,not_exact_day
Q2724,Polly Holliday,career_period_candidate,1963-07-01,year,1963,https://en.wikipedia.org/wiki/Polly_Holliday,career_active,candidate_extraction_only,,,,,,,,not_exact_day
Q2724,Polly Holliday,career_period_candidate,2010-07-01,year,2010,https://en.wikipedia.org/wiki/Polly_Holliday,career_active,candidate_extraction_only,,,,,,,,not_exact_day
Q2738,Amalia Aguilar,marriage_or_spouse_date_candidate,1956-07-01,year,1956,https://en.wikipedia.org/wiki/Amalia_Aguilar,spouse,candidate_extraction_only,,,,,,,,not_exact_day
Q2738,Amalia Aguilar,marriage_or_spouse_date_candidate,1962-07-01,year,1962,https://en.wikipedia.org/wiki/Amalia_Aguilar,spouse,candidate_extraction_only,,,,,,,,not_exact_day
Q2738,Amalia Aguilar,career_period_candidate,1946-07-01,year,1946,https://en.wikipedia.org/wiki/Amalia_Aguilar,career_active,candidate_extraction_only,,,,,,,,not_exact_day
Q2738,Amalia Aguilar,career_period_candidate,2003-07-01,year,2003,https://en.wikipedia.org/wiki/Amalia_Aguilar,career_active,candidate_extraction_only,,,,,,,,not_exact_day
Q2750,Henry Armetta,marriage_or_spouse_date_candidate,1920-07-01,year,1920,https://en.wikipedia.org/wiki/Henry_Armetta,spouse,candidate_extraction_only,,,,,,,,not_exact_day
Q2750,Henry Armetta,marriage_or_spouse_date_candidate,1945-07-01,year,1945,https://en.wikipedia.org/wiki/Henry_Armetta,spouse,candidate_extraction_only,,,,,,,,not_exact_day
Q2750,Henry Armetta,career_period_candidate,1915-07-01,year,1915,https://en.wikipedia.org/wiki/Henry_Armetta,career_active,candidate_extraction_only,,,,,,,,not_exact_day
Q2750,Henry Armetta,career_period_candidate,1945-07-01,year,1945,https://en.wikipedia.org/wiki/Henry_Armetta,career_active,candidate_extraction_only,,,,,,,,not_exact_day
Q2752,Timmie Rogers,career_period_candidate,1927-07-01,year,1927,https://en.wikipedia.org/wiki/Timmie_Rogers,career_active,candidate_extraction_only,,,,,,,,not_exact_day
Q2752,Timmie Rogers,career_period_candidate,1993-07-01,year,1993,https://en.wikipedia.org/wiki/Timmie_Rogers,career_active,candidate_extraction_only,,,,,,,,not_exact_day
Q2753,Eva Marie Saint,career_period_candidate,1944-07-01,year,1944,https://en.wikipedia.org/wiki/Eva_Marie_Saint,career_active,candidate_extraction_only,,,,,,,,not_exact_day
Q2753,Eva Marie Saint,career_period_candidate,2021-07-01,year,2021,https://en.wikipedia.org/wiki/Eva_Marie_Saint,career_active,candidate_extraction_only,,,,,,,,not_exact_day
Q2757,Victoria Abril,career_period_candidate,1974-07-01,year,1974,https://en.wikipedia.org/wiki/Victoria_Abril,career_active,candidate_extraction_only,,,,,,,,not_exact_day
Q2760,Angelique Boyer,career_period_candidate,2004-07-01,year,2004,https://en.wikipedia.org/wiki/Angelique_Boyer,career_active,candidate_extraction_only,,,,,,,,not_exact_day
Q2768,George Costakis,death,1990-03-09,day,9 March 1990,https://en.wikipedia.org/wiki/George_Costakis,death_date,candidate_extraction_only,Sagittarius,29.13627698,False,Gemini,False,Capricorn,Capricorn,date_only_midpoint
Q2770,Ronnie Self,career_period_candidate,1956-07-01,year,1956,https://en.wikipedia.org/wiki/Ronnie_Self,career_active,candidate_extraction_only,,,,,,,,not_exact_day
Q2770,Ronnie Self,career_period_candidate,1980-07-01,year,1980,https://en.wikipedia.org/wiki/Ronnie_Self,career_active,candidate_extraction_only,,,,,,,,not_exact_day
Q2781,Earle S. MacPherson,career_period_candidate,1920-07-01,year,1920,https://en.wikipedia.org/wiki/Earle_S._MacPherson,career_active,candidate_extraction_only,,,,,,,,not_exact_day
Q2781,Earle S. MacPherson,career_period_candidate,1958-07-01,year,1958,https://en.wikipedia.org/wiki/Earle_S._MacPherson,career_active,candidate_extraction_only,,,,,,,,not_exact_day
Q2784,Ruth Cracknell,career_period_candidate,1945-07-01,year,1945,https://en.wikipedia.org/wiki/Ruth_Cracknell,career_active,candidate_extraction_only,,,,,,,,not_exact_day
Q2784,Ruth Cracknell,career_period_candidate,2002-07-01,year,2002,https://en.wikipedia.org/wiki/Ruth_Cracknell,career_active,candidate_extraction_only,,,,,,,,not_exact_day
Q2786,Burt Ward,career_period_candidate,1965-07-01,year,1965,https://en.wikipedia.org/wiki/Burt_Ward,career_active,candidate_extraction_only,,,,,,,,not_exact_day
Q2787,Nanci Griffith,career_period_candidate,1977-07-01,year,1977,https://en.wikipedia.org/wiki/Nanci_Griffith,career_active,candidate_extraction_only,,,,,,,,not_exact_day
Q2787,Nanci Griffith,career_period_candidate,2013-07-01,year,2013,https://en.wikipedia.org/wiki/Nanci_Griffith,career_active,candidate_extraction_only,,,,,,,,not_exact_day
Q2788,Heather Nova,career_period_candidate,1990-07-01,year,1990,https://en.wikipedia.org/wiki/Heather_Nova,career_active,candidate_extraction_only,,,,,,,,not_exact_day
Q2789,Adam Busch,career_period_candidate,1994-07-01,year,1994,https://en.wikipedia.org/wiki/Adam_Busch,career_active,candidate_extraction_only,,,,,,,,not_exact_day
Q2790,David Karp,career_period_candidate,1995-07-01,year,1995,https://en.wikipedia.org/wiki/David_Karp,career_active,candidate_extraction_only,,,,,,,,not_exact_day
Q2802,Mo Collins,career_period_candidate,1996-07-01,year,1996,https://en.wikipedia.org/wiki/Mo_Collins,career_active,candidate_extraction_only,,,,,,,,not_exact_day
Q2810,Leonid Amalrik,career_period_candidate,1928-07-01,year,1928,https://en.wikipedia.org/wiki/Leonid_Amalrik,career_active,candidate_extraction_only,,,,,,,,not_exact_day
Q2810,Leonid Amalrik,career_period_candidate,1971-07-01,year,1971,https://en.wikipedia.org/wiki/Leonid_Amalrik,career_active,candidate_extraction_only,,,,,,,,not_exact_day
Q2815,Raffi,career_period_candidate,1970-07-01,year,1970,https://en.wikipedia.org/wiki/Raffi,career_active,candidate_extraction_only,,,,,,,,not_exact_day
Q2816,Pauline Quirke,career_period_candidate,1970-07-01,year,1970,https://en.wikipedia.org/wiki/Pauline_Quirke,career_active,candidate_extraction_only,,,,,,,,not_exact_day
Q2816,Pauline Quirke,career_period_candidate,2022-07-01,year,2022,https://en.wikipedia.org/wiki/Pauline_Quirke,career_active,candidate_extraction_only,,,,,,,,not_exact_day
Q2818,Kathleen Robertson,career_period_candidate,1985-07-01,year,1985,https://en.wikipedia.org/wiki/Kathleen_Robertson,career_active,candidate_extraction_only,,,,,,,,not_exact_day
Q2829,June Jordan,marriage_or_spouse_date_candidate,1955-07-01,year,1955,https://en.wikipedia.org/wiki/June_Jordan,spouse,candidate_extraction_only,,,,,,,,not_exact_day
Q2829,June Jordan,marriage_or_spouse_date_candidate,1965-07-01,year,1965,https://en.wikipedia.org/wiki/June_Jordan,spouse,candidate_extraction_only,,,,,,,,not_exact_day
Q2831,John Tesh,marriage_or_spouse_date_candidate,1982-07-01,year,1982,https://en.wikipedia.org/wiki/John_Tesh,spouse,candidate_extraction_only,,,,,,,,not_exact_day
Q2831,John Tesh,marriage_or_spouse_date_candidate,1991-07-01,year,1991,https://en.wikipedia.org/wiki/John_Tesh,spouse,candidate_extraction_only,,,,,,,,not_exact_day
Q2847,Derry Grehan,career_period_candidate,1974-07-01,year,1974,https://en.wikipedia.org/wiki/Derry_Grehan,career_active,candidate_extraction_only,,,,,,,,not_exact_day
Q2850,Daishōmaru Shōgo,debut_or_career_start,2014-03-01,month,March 2014,https://en.wikipedia.org/wiki/Daish%C5%8Dmaru_Sh%C5%8Dgo,debut,candidate_extraction_only,Libra,29.26047263,False,Gemini,True,Capricorn,Libra,date_only_midpoint
Q2856,Rudolf Abel,marriage_or_spouse_date_candidate,2004-07-01,year,2004,https://en.wikipedia.org/wiki/Rudolf_Abel,spouse,candidate_extraction_only,,,,,,,,not_exact_day
Q2860,Jeff Hanna,career_period_candidate,1966-07-01,year,1966,https://en.wikipedia.org/wiki/Jeff_Hanna,career_active,candidate_extraction_only,,,,,,,,not_exact_day
Q2863,Alanas Chošnau,career_period_candidate,1992-07-01,year,1992,https://en.wikipedia.org/wiki/Alanas_Cho%C5%A1nau,career_active,candidate_extraction_only,,,,,,,,not_exact_day
Q2871,Joe DeRita,career_period_candidate,1920-07-01,year,1920,https://en.wikipedia.org/wiki/Joe_DeRita,career_active,candidate_extraction_only,,,,,,,,not_exact_day
Q2871,Joe DeRita,career_period_candidate,1975-07-01,year,1975,https://en.wikipedia.org/wiki/Joe_DeRita,career_active,candidate_extraction_only,,,,,,,,not_exact_day
Q2873,Victor Poor,career_period_candidate,1952-07-01,year,1952,https://en.wikipedia.org/wiki/Victor_Poor,career_active,candidate_extraction_only,,,,,,,,not_exact_day
Q2873,Victor Poor,career_period_candidate,2012-07-01,year,2012,https://en.wikipedia.org/wiki/Victor_Poor,career_active,candidate_extraction_only,,,,,,,,not_exact_day
Q2880,Kanako Momota,career_period_candidate,2008-07-01,year,2008,https://en.wikipedia.org/wiki/Kanako_Momota,career_active,candidate_extraction_only,,,,,,,,not_exact_day
Q2881,Francesco Armellini Pantalassi de' Medici,death,1527-01-08,day,8 January 1527,https://en.wikipedia.org/wiki/Francesco_Armellini_Pantalassi_de%27_Medici,death_date,candidate_extraction_only,Pisces,23.9519648,False,Taurus,True,Sagittarius,Libra,date_only_midpoint
Q2883,Arthur Böttcher,death,1889-08-10,day,10 August 1889,https://en.wikipedia.org/wiki/Arthur_B%C3%B6ttcher,death_date,candidate_extraction_only,Leo,0.74303718,False,Sagittarius,True,Gemini,Cancer,date_only_midpoint
Q2886,Lien Gisolf,death,1993-05-30,day,30 May 1993,https://en.wikipedia.org/wiki/Lien_Gisolf,death_date,candidate_extraction_only,Aquarius,6.46385624,False,Virgo,True,Aries,Cancer,date_only_midpoint
Q2894,Ida Maria,career_period_candidate,2007-07-01,year,2007,https://en.wikipedia.org/wiki/Ida_Maria,career_active,candidate_extraction_only,,,,,,,,not_exact_day
Q2904,René Favaloro,death,2000-07-29,day,"July 29, 2000",https://en.wikipedia.org/wiki/Ren%C3%A9_Favaloro,death_date,candidate_extraction_only,Taurus,5.37761703,False,Taurus,False,Cancer,Cancer,date_only_midpoint
Q2904,René Favaloro,career_period_candidate,1949-07-01,year,1949,https://en.wikipedia.org/wiki/Ren%C3%A9_Favaloro,career_active,candidate_extraction_only,,,,,,,,not_exact_day
Q2904,René Favaloro,career_period_candidate,2000-07-01,year,2000,https://en.wikipedia.org/wiki/Ren%C3%A9_Favaloro,career_active,candidate_extraction_only,,,,,,,,not_exact_day
Q2905,Jacqueline de Ribes,death,2025-12-30,day,"December 30, 2025",https://en.wikipedia.org/wiki/Jacqueline_de_Ribes,death_date,candidate_extraction_only,Pisces,1.85984533,False,Gemini,True,Sagittarius,Sagittarius,date_only_midpoint
Q2905,Jacqueline de Ribes,marriage_or_spouse_date_candidate,1948-07-01,year,1948,https://en.wikipedia.org/wiki/Jacqueline_de_Ribes,spouse,candidate_extraction_only,,,,,,,,not_exact_day
Q2908,Anna Bligh,marriage_or_spouse_date_candidate,1986-07-01,year,1986,https://en.wikipedia.org/wiki/Anna_Bligh,spouse,candidate_extraction_only,,,,,,,,not_exact_day
Q2908,Anna Bligh,marriage_or_spouse_date_candidate,2015-07-01,year,2015,https://en.wikipedia.org/wiki/Anna_Bligh,spouse,candidate_extraction_only,,,,,,,,not_exact_day
Q2908,Anna Bligh,marriage_or_spouse_date_candidate,2017-07-01,year,2017,https://en.wikipedia.org/wiki/Anna_Bligh,spouse,candidate_extraction_only,,,,,,,,not_exact_day
Q2910,Conor McGregor,career_period_candidate,2008-07-01,year,2008,https://en.wikipedia.org/wiki/Conor_McGregor,career_active,candidate_extraction_only,,,,,,,,not_exact_day
Q2915,Denny Barry,death,1923-11-20,day,20 November 1923,https://en.wikipedia.org/wiki/Denny_Barry,death_date,candidate_extraction_only,Libra,4.28334137,False,Scorpio,False,Scorpio,Virgo,date_only_midpoint
Q2922,Nikos Filippou,career_period_candidate,1982-07-01,year,1982,https://en.wikipedia.org/wiki/Nikos_Filippou,career_active,candidate_extraction_only,,,,,,,,not_exact_day
Q2922,Nikos Filippou,career_period_candidate,1994-07-01,year,1994,https://en.wikipedia.org/wiki/Nikos_Filippou,career_active,candidate_extraction_only,,,,,,,,not_exact_day
Q2923,Scott Foley,career_period_candidate,1995-07-01,year,1995,https://en.wikipedia.org/wiki/Scott_Foley,career_active,candidate_extraction_only,,,,,,,,not_exact_day
Q2925,Tobias Harris,career_period_candidate,2011-07-01,year,2011,https://en.wikipedia.org/wiki/Tobias_Harris,career_active,candidate_extraction_only,,,,,,,,not_exact_day
Q2931,Amy Patterson,career_period_candidate,1930-07-01,year,1930,https://en.wikipedia.org/wiki/Amy_Patterson,career_active,candidate_extraction_only,,,,,,,,not_exact_day
Q2931,Amy Patterson,career_period_candidate,2019-07-01,year,2019,https://en.wikipedia.org/wiki/Amy_Patterson,career_active,candidate_extraction_only,,,,,,,,not_exact_day
Q2933,John Chilton,career_period_candidate,1944-07-01,year,1944,https://en.wikipedia.org/wiki/John_Chilton,career_active,candidate_extraction_only,,,,,,,,not_exact_day
Q2933,John Chilton,career_period_candidate,2016-07-01,year,2016,https://en.wikipedia.org/wiki/John_Chilton,career_active,candidate_extraction_only,,,,,,,,not_exact_day
Q2934,Desmond Dekker,career_period_candidate,1963-07-01,year,1963,https://en.wikipedia.org/wiki/Desmond_Dekker,career_active,candidate_extraction_only,,,,,,,,not_exact_day
Q2934,Desmond Dekker,career_period_candidate,2006-07-01,year,2006,https://en.wikipedia.org/wiki/Desmond_Dekker,career_active,candidate_extraction_only,,,,,,,,not_exact_day
Q2939,Katrina Kaif,career_period_candidate,2003-07-01,year,2003,https://en.wikipedia.org/wiki/Katrina_Kaif,career_active,candidate_extraction_only,,,,,,,,not_exact_day
Q2940,James Maslow,career_period_candidate,2008-07-01,year,2008,https://en.wikipedia.org/wiki/James_Maslow,career_active,candidate_extraction_only,,,,,,,,not_exact_day
Q2946,Eleanor Steber,career_period_candidate,1940-07-01,year,1940,https://en.wikipedia.org/wiki/Eleanor_Steber,career_active,candidate_extraction_only,,,,,,,,not_exact_day
Q2946,Eleanor Steber,career_period_candidate,1990-07-01,year,1990,https://en.wikipedia.org/wiki/Eleanor_Steber,career_active,candidate_extraction_only,,,,,,,,not_exact_day
Q2951,Sylvie Léonard,career_period_candidate,1979-07-01,year,1979,https://en.wikipedia.org/wiki/Sylvie_L%C3%A9onard,career_active,candidate_extraction_only,,,,,,,,not_exact_day
Q2952,Regina Belle,career_period_candidate,1982-07-01,year,1982,https://en.wikipedia.org/wiki/Regina_Belle,career_active,candidate_extraction_only,,,,,,,,not_exact_day
Q2955,Billie Lourd,career_period_candidate,2015-07-01,year,2015,https://en.wikipedia.org/wiki/Billie_Lourd,career_active,candidate_extraction_only,,,,,,,,not_exact_day
Q2963,Inge Sørensen,death,2011-03-09,day,9 March 2011,https://en.wikipedia.org/wiki/Inge_S%C3%B8rensen,death_date,candidate_extraction_only,Virgo,21.73053225,True,Pisces,False,Capricorn,Aquarius,date_only_midpoint
Q2966,Ricky Skaggs,career_period_candidate,1961-07-01,year,1961,https://en.wikipedia.org/wiki/Ricky_Skaggs,career_active,candidate_extraction_only,,,,,,,,not_exact_day
Q2967,Vesselina Kasarova,career_period_candidate,1989-07-01,year,1989,https://en.wikipedia.org/wiki/Vesselina_Kasarova,career_active,candidate_extraction_only,,,,,,,,not_exact_day
Q2969,Chace Crawford,career_period_candidate,2006-07-01,year,2006,https://en.wikipedia.org/wiki/Chace_Crawford,career_active,candidate_extraction_only,,,,,,,,not_exact_day
Q2974,Xenophon Stratigos,death,1927-03-11,day,11 March 1927,https://en.wikipedia.org/wiki/Xenophon_Stratigos,death_date,candidate_extraction_only,Scorpio,14.79564881,False,Aquarius,False,Pisces,Taurus,date_only_midpoint
Q2980,André Forcier,career_period_candidate,1971-07-01,year,1971,https://en.wikipedia.org/wiki/Andr%C3%A9_Forcier,career_active,candidate_extraction_only,,,,,,,,not_exact_day
Q2983,Rey Bucanero,debut_or_career_start,1991-11-18,day,"November 18, 1991",https://en.wikipedia.org/wiki/Rey_Bucanero,debut,candidate_extraction_only,Capricorn,8.04642361,False,Leo,False,Virgo,Libra,date_only_midpoint
Q2984,Helen Skelton,career_period_candidate,1999-07-01,year,1999,https://en.wikipedia.org/wiki/Helen_Skelton,career_active,candidate_extraction_only,,,,,,,,not_exact_day
Q2999,Antoine Vermette,career_period_candidate,2002-07-01,year,2002,https://en.wikipedia.org/wiki/Antoine_Vermette,career_active,candidate_extraction_only,,,,,,,,not_exact_day
Q2999,Antoine Vermette,career_period_candidate,2018-07-01,year,2018,https://en.wikipedia.org/wiki/Antoine_Vermette,career_active,candidate_extraction_only,,,,,,,,not_exact_day
Q3000,Chiyoshōma Fujio,debut_or_career_start,2009-07-01,year,2009,https://en.wikipedia.org/wiki/Chiyosh%C5%8Dma_Fujio,debut,candidate_extraction_only,,,,,,,,not_exact_day
Q3012,Arija Bareikis,career_period_candidate,1992-07-01,year,1992,https://en.wikipedia.org/wiki/Arija_Bareikis,career_active,candidate_extraction_only,,,,,,,,not_exact_day
Q3015,Sara Sampaio,career_period_candidate,2006-07-01,year,2006,https://en.wikipedia.org/wiki/Sara_Sampaio,career_active,candidate_extraction_only,,,,,,,,not_exact_day
Q3016,"Joan of England, Queen of Scotland",death,1238-03-04,day,4 March 1238,https://en.wikipedia.org/wiki/Joan_of_England%2C_Queen_of_Scotland,death_date,candidate_extraction_only,Gemini,12.05749477,False,Capricorn,False,Pisces,Aquarius,date_only_midpoint
Q3023,Orson Bean,career_period_candidate,1952-07-01,year,1952,https://en.wikipedia.org/wiki/Orson_Bean,career_active,candidate_extraction_only,,,,,,,,not_exact_day
Q3023,Orson Bean,career_period_candidate,2020-07-01,year,2020,https://en.wikipedia.org/wiki/Orson_Bean,career_active,candidate_extraction_only,,,,,,,,not_exact_day
Q3026,Mick Pointer,career_period_candidate,1979-07-01,year,1979,https://en.wikipedia.org/wiki/Mick_Pointer,career_active,candidate_extraction_only,,,,,,,,not_exact_day
Q3030,Kevin Fiala,career_period_candidate,2013-07-01,year,2013,https://en.wikipedia.org/wiki/Kevin_Fiala,career_active,candidate_extraction_only,,,,,,,,not_exact_day
Q3040,Gardner Dozois,marriage_or_spouse_date_candidate,1970-07-01,year,1970,https://en.wikipedia.org/wiki/Gardner_Dozois,spouse,candidate_extraction_only,,,,,,,,not_exact_day
Q3040,Gardner Dozois,marriage_or_spouse_date_candidate,2017-07-01,year,2017,https://en.wikipedia.org/wiki/Gardner_Dozois,spouse,candidate_extraction_only,,,,,,,,not_exact_day
Q3042,Philip Seymour Hoffman,career_period_candidate,1991-07-01,year,1991,https://en.wikipedia.org/wiki/Philip_Seymour_Hoffman,career_active,candidate_extraction_only,,,,,,,,not_exact_day
Q3042,Philip Seymour Hoffman,career_period_candidate,2014-07-01,year,2014,https://en.wikipedia.org/wiki/Philip_Seymour_Hoffman,career_active,candidate_extraction_only,,,,,,,,not_exact_day
Q3053,Alex Katz,marriage_or_spouse_date_candidate,1958-07-01,year,1958,https://en.wikipedia.org/wiki/Alex_Katz,spouse,candidate_extraction_only,,,,,,,,not_exact_day
Q3054,Ruth Buzzi,career_period_candidate,1956-07-01,year,1956,https://en.wikipedia.org/wiki/Ruth_Buzzi,career_active,candidate_extraction_only,,,,,,,,not_exact_day
Q3054,Ruth Buzzi,career_period_candidate,2021-07-01,year,2021,https://en.wikipedia.org/wiki/Ruth_Buzzi,career_active,candidate_extraction_only,,,,,,,,not_exact_day
Q3058,Kaiō Hiroyuki,debut_or_career_start,1988-03-01,month,March 1988,https://en.wikipedia.org/wiki/Kai%C5%8D_Hiroyuki,debut,candidate_extraction_only,Sagittarius,7.53270949,False,Aries,False,Aries,Sagittarius,date_only_midpoint
Q3064,"Santiago de Liniers, 1st Count of Buenos Aires",death,1810-08-26,day,"August 26, 1810",https://en.wikipedia.org/wiki/Santiago_de_Liniers%2C_1st_Count_of_Buenos_Aires,death_date,candidate_extraction_only,Scorpio,17.59240847,False,Taurus,False,Virgo,Cancer,date_only_midpoint
Q3064,"Santiago de Liniers, 1st Count of Buenos Aires",marriage_or_spouse_date_candidate,1772-07-01,year,1772,https://en.wikipedia.org/wiki/Santiago_de_Liniers%2C_1st_Count_of_Buenos_Aires,spouse,candidate_extraction_only,,,,,,,,not_exact_day
Q3064,"Santiago de Liniers, 1st Count of Buenos Aires",marriage_or_spouse_date_candidate,1805-07-01,year,1805,https://en.wikipedia.org/wiki/Santiago_de_Liniers%2C_1st_Count_of_Buenos_Aires,spouse,candidate_extraction_only,,,,,,,,not_exact_day
Q3070,Bruce Woodley,career_period_candidate,1959-07-01,year,1959,https://en.wikipedia.org/wiki/Bruce_Woodley,career_active,candidate_extraction_only,,,,,,,,not_exact_day
Q3073,Lauren Faust,career_period_candidate,1994-07-01,year,1994,https://en.wikipedia.org/wiki/Lauren_Faust,career_active,candidate_extraction_only,,,,,,,,not_exact_day
Q3074,Jason Dundas,career_period_candidate,2003-07-01,year,2003,https://en.wikipedia.org/wiki/Jason_Dundas,career_active,candidate_extraction_only,,,,,,,,not_exact_day
Q3083,James Best,marriage_or_spouse_date_candidate,1949-07-01,year,1949,https://en.wikipedia.org/wiki/James_Best,spouse,candidate_extraction_only,,,,,,,,not_exact_day
Q3083,James Best,career_period_candidate,1949-07-01,year,1949,https://en.wikipedia.org/wiki/James_Best,career_active,candidate_extraction_only,,,,,,,,not_exact_day
Q3083,James Best,career_period_candidate,2013-07-01,year,2013,https://en.wikipedia.org/wiki/James_Best,career_active,candidate_extraction_only,,,,,,,,not_exact_day
Q3085,Helen Mirren,career_period_candidate,1963-07-01,year,1963,https://en.wikipedia.org/wiki/Helen_Mirren,career_active,candidate_extraction_only,,,,,,,,not_exact_day
Q3087,Sandra Bullock,career_period_candidate,1987-07-01,year,1987,https://en.wikipedia.org/wiki/Sandra_Bullock,career_active,candidate_extraction_only,,,,,,,,not_exact_day
Q3088,Kate Beckinsale,career_period_candidate,1991-07-01,year,1991,https://en.wikipedia.org/wiki/Kate_Beckinsale,career_active,candidate_extraction_only,,,,,,,,not_exact_day
Q3089,Gilad Hochman,career_period_candidate,2000-07-01,year,2000,https://en.wikipedia.org/wiki/Gilad_Hochman,career_active,candidate_extraction_only,,,,,,,,not_exact_day
Q3090,Tyson Barrie,career_period_candidate,2011-07-01,year,2011,https://en.wikipedia.org/wiki/Tyson_Barrie,career_active,candidate_extraction_only,,,,,,,,not_exact_day
Q3090,Tyson Barrie,career_period_candidate,2025-07-01,year,2025,https://en.wikipedia.org/wiki/Tyson_Barrie,career_active,candidate_extraction_only,,,,,,,,not_exact_day
Q3098,Adolfo Celi,career_period_candidate,1946-07-01,year,1946,https://en.wikipedia.org/wiki/Adolfo_Celi,career_active,candidate_extraction_only,,,,,,,,not_exact_day
Q3098,Adolfo Celi,career_period_candidate,1985-07-01,year,1985,https://en.wikipedia.org/wiki/Adolfo_Celi,career_active,candidate_extraction_only,,,,,,,,not_exact_day
Q3105,Maya Ali,career_period_candidate,2012-07-01,year,2012,https://en.wikipedia.org/wiki/Maya_Ali,career_active,candidate_extraction_only,,,,,,,,not_exact_day
Q3106,Margaret of Durazzo,marriage_or_spouse_date_candidate,1369-07-01,year,1369,https://en.wikipedia.org/wiki/Margaret_of_Durazzo,spouse,candidate_extraction_only,,,,,,,,not_exact_day
Q3111,Andrew V. McLaglen,marriage_or_spouse_date_candidate,1943-07-01,year,1943,https://en.wikipedia.org/wiki/Andrew_V._McLaglen,spouse,candidate_extraction_only,,,,,,,,not_exact_day
Q3111,Andrew V. McLaglen,career_period_candidate,1945-07-01,year,1945,https://en.wikipedia.org/wiki/Andrew_V._McLaglen,career_active,candidate_extraction_only,,,,,,,,not_exact_day
Q3111,Andrew V. McLaglen,career_period_candidate,1991-07-01,year,1991,https://en.wikipedia.org/wiki/Andrew_V._McLaglen,career_active,candidate_extraction_only,,,,,,,,not_exact_day
Q3113,Neil McKendrick,marriage_or_spouse_date_candidate,1974-07-04,day,4 July 1974,https://en.wikipedia.org/wiki/Neil_McKendrick,spouse,candidate_extraction_only,Gemini,15.34191473,False,Aquarius,False,Taurus,Cancer,date_only_midpoint
Q3114,Mike Bloomfield,career_period_candidate,1959-07-01,year,1959,https://en.wikipedia.org/wiki/Mike_Bloomfield,career_active,candidate_extraction_only,,,,,,,,not_exact_day
Q3114,Mike Bloomfield,career_period_candidate,1981-07-01,year,1981,https://en.wikipedia.org/wiki/Mike_Bloomfield,career_active,candidate_extraction_only,,,,,,,,not_exact_day
Q3117,Alexis Arquette,career_period_candidate,1982-07-01,year,1982,https://en.wikipedia.org/wiki/Alexis_Arquette,career_active,candidate_extraction_only,,,,,,,,not_exact_day
Q3117,Alexis Arquette,career_period_candidate,2014-07-01,year,2014,https://en.wikipedia.org/wiki/Alexis_Arquette,career_active,candidate_extraction_only,,,,,,,,not_exact_day
Q3120,Spencer Boldman,career_period_candidate,2009-07-01,year,2009,https://en.wikipedia.org/wiki/Spencer_Boldman,career_active,candidate_extraction_only,,,,,,,,not_exact_day
Q3124,Booth Tarkington,career_period_candidate,1899-07-01,year,1899,https://en.wikipedia.org/wiki/Booth_Tarkington,career_active,candidate_extraction_only,,,,,,,,not_exact_day
Q3124,Booth Tarkington,career_period_candidate,1946-07-01,year,1946,https://en.wikipedia.org/wiki/Booth_Tarkington,career_active,candidate_extraction_only,,,,,,,,not_exact_day
Q3125,Theda Bara,career_period_candidate,1908-07-01,year,1908,https://en.wikipedia.org/wiki/Theda_Bara,career_active,candidate_extraction_only,,,,,,,,not_exact_day
Q3125,Theda Bara,career_period_candidate,1926-07-01,year,1926,https://en.wikipedia.org/wiki/Theda_Bara,career_active,candidate_extraction_only,,,,,,,,not_exact_day
Q3130,Doug Ashdown,career_period_candidate,1959-07-01,year,1959,https://en.wikipedia.org/wiki/Doug_Ashdown,career_active,candidate_extraction_only,,,,,,,,not_exact_day
Q3142,Buddy Guy,marriage_or_spouse_date_candidate,1959-07-01,year,1959,https://en.wikipedia.org/wiki/Buddy_Guy,spouse,candidate_extraction_only,,,,,,,,not_exact_day
Q3142,Buddy Guy,marriage_or_spouse_date_candidate,1975-07-01,year,1975,https://en.wikipedia.org/wiki/Buddy_Guy,spouse,candidate_extraction_only,,,,,,,,not_exact_day
Q3142,Buddy Guy,marriage_or_spouse_date_candidate,2002-07-01,year,2002,https://en.wikipedia.org/wiki/Buddy_Guy,spouse,candidate_extraction_only,,,,,,,,not_exact_day
Q3142,Buddy Guy,career_period_candidate,1953-07-01,year,1953,https://en.wikipedia.org/wiki/Buddy_Guy,career_active,candidate_extraction_only,,,,,,,,not_exact_day
Q3146,Ron Block,career_period_candidate,1984-07-01,year,1984,https://en.wikipedia.org/wiki/Ron_Block,career_active,candidate_extraction_only,,,,,,,,not_exact_day
Q3147,Elvis Crespo,career_period_candidate,1988-07-01,year,1988,https://en.wikipedia.org/wiki/Elvis_Crespo,career_active,candidate_extraction_only,,,,,,,,not_exact_day
Q3148,Carlos Arroyo,career_period_candidate,2001-07-01,year,2001,https://en.wikipedia.org/wiki/Carlos_Arroyo,career_active,candidate_extraction_only,,,,,,,,not_exact_day
Q3148,Carlos Arroyo,career_period_candidate,2019-07-01,year,2019,https://en.wikipedia.org/wiki/Carlos_Arroyo,career_active,candidate_extraction_only,,,,,,,,not_exact_day
Q3155,Premchand,marriage_or_spouse_date_candidate,1895-07-01,year,1895,https://en.wikipedia.org/wiki/Premchand,spouse,candidate_extraction_only,,,,,,,,not_exact_day
Q3155,Premchand,career_period_candidate,1920-07-01,year,1920,https://en.wikipedia.org/wiki/Premchand,career_active,candidate_extraction_only,,,,,,,,not_exact_day
Q3155,Premchand,career_period_candidate,1936-07-01,year,1936,https://en.wikipedia.org/wiki/Premchand,career_active,candidate_extraction_only,,,,,,,,not_exact_day
Q3161,Michael Biehn,career_period_candidate,1977-07-01,year,1977,https://en.wikipedia.org/wiki/Michael_Biehn,career_active,candidate_extraction_only,,,,,,,,not_exact_day
Q3162,Jim Corr,career_period_candidate,1991-07-01,year,1991,https://en.wikipedia.org/wiki/Jim_Corr,career_active,candidate_extraction_only,,,,,,,,not_exact_day
Q3169,Antonio Cotogni,career_period_candidate,1851-07-01,year,1851,https://en.wikipedia.org/wiki/Antonio_Cotogni,career_active,candidate_extraction_only,,,,,,,,not_exact_day
Q3169,Antonio Cotogni,career_period_candidate,1918-07-01,year,1918,https://en.wikipedia.org/wiki/Antonio_Cotogni,career_active,candidate_extraction_only,,,,,,,,not_exact_day
Q3176,Robert Cray,career_period_candidate,1974-07-01,year,1974,https://en.wikipedia.org/wiki/Robert_Cray,career_active,candidate_extraction_only,,,,,,,,not_exact_day
Q3180,Austin Rivers,career_period_candidate,2012-07-01,year,2012,https://en.wikipedia.org/wiki/Austin_Rivers,career_active,candidate_extraction_only,,,,,,,,not_exact_day
Q3180,Austin Rivers,career_period_candidate,2023-07-01,year,2023,https://en.wikipedia.org/wiki/Austin_Rivers,career_active,candidate_extraction_only,,,,,,,,not_exact_day
Q3181,Kyawswa of Pagan,marriage_or_spouse_date_candidate,2006-07-01,year,2006,https://en.wikipedia.org/wiki/Kyawswa_of_Pagan,spouse,candidate_extraction_only,,,,,,,,not_exact_day
Q3181,Kyawswa of Pagan,marriage_or_spouse_date_candidate,2003-07-01,year,2003,https://en.wikipedia.org/wiki/Kyawswa_of_Pagan,spouse,candidate_extraction_only,,,,,,,,not_exact_day
Q3190,Joanna Cassidy,career_period_candidate,1968-07-01,year,1968,https://en.wikipedia.org/wiki/Joanna_Cassidy,career_active,candidate_extraction_only,,,,,,,,not_exact_day
Q3199,Vernon Louis Parrington,marriage_or_spouse_date_candidate,1901-07-01,year,1901,https://en.wikipedia.org/wiki/Vernon_Louis_Parrington,spouse,candidate_extraction_only,,,,,,,,not_exact_day
Q3203,Cécile Aubry,career_period_candidate,1949-07-01,year,1949,https://en.wikipedia.org/wiki/C%C3%A9cile_Aubry,career_active,candidate_extraction_only,,,,,,,,not_exact_day
Q3203,Cécile Aubry,career_period_candidate,1960-07-01,year,1960,https://en.wikipedia.org/wiki/C%C3%A9cile_Aubry,career_active,candidate_extraction_only,,,,,,,,not_exact_day
Q3204,Jimmie Nicol,career_period_candidate,1957-07-01,year,1957,https://en.wikipedia.org/wiki/Jimmie_Nicol,career_active,candidate_extraction_only,,,,,,,,not_exact_day
Q3204,Jimmie Nicol,career_period_candidate,1971-07-01,year,1971,https://en.wikipedia.org/wiki/Jimmie_Nicol,career_active,candidate_extraction_only,,,,,,,,not_exact_day
Q3206,Kirk Brandon,career_period_candidate,1978-07-01,year,1978,https://en.wikipedia.org/wiki/Kirk_Brandon,career_active,candidate_extraction_only,,,,,,,,not_exact_day
Q3207,Brent Butt,career_period_candidate,1989-07-01,year,1989,https://en.wikipedia.org/wiki/Brent_Butt,career_active,candidate_extraction_only,,,,,,,,not_exact_day
Q3210,Jourdan Dunn,career_period_candidate,2006-07-01,year,2006,https://en.wikipedia.org/wiki/Jourdan_Dunn,career_active,candidate_extraction_only,,,,,,,,not_exact_day
Q3216,Ezra Taft Benson,marriage_or_spouse_date_candidate,1926-07-01,year,1926,https://en.wikipedia.org/wiki/Ezra_Taft_Benson,spouse,candidate_extraction_only,,,,,,,,not_exact_day
Q3216,Ezra Taft Benson,marriage_or_spouse_date_candidate,1992-07-01,year,1992,https://en.wikipedia.org/wiki/Ezra_Taft_Benson,spouse,candidate_extraction_only,,,,,,,,not_exact_day
Q3218,Helen Thomas,career_period_candidate,1943-07-01,year,1943,https://en.wikipedia.org/wiki/Helen_Thomas,career_active,candidate_extraction_only,,,,,,,,not_exact_day
Q3218,Helen Thomas,career_period_candidate,2013-07-01,year,2013,https://en.wikipedia.org/wiki/Helen_Thomas,career_active,candidate_extraction_only,,,,,,,,not_exact_day
Q3220,Don S. Davis,career_period_candidate,1981-07-01,year,1981,https://en.wikipedia.org/wiki/Don_S._Davis,career_active,candidate_extraction_only,,,,,,,,not_exact_day
Q3220,Don S. Davis,career_period_candidate,2008-07-01,year,2008,https://en.wikipedia.org/wiki/Don_S._Davis,career_active,candidate_extraction_only,,,,,,,,not_exact_day
Q3221,Caldwell Jones,career_period_candidate,1973-07-01,year,1973,https://en.wikipedia.org/wiki/Caldwell_Jones,career_active,candidate_extraction_only,,,,,,,,not_exact_day
Q3221,Caldwell Jones,career_period_candidate,1990-07-01,year,1990,https://en.wikipedia.org/wiki/Caldwell_Jones,career_active,candidate_extraction_only,,,,,,,,not_exact_day
Q3222,Robbin Crosby,career_period_candidate,1977-07-01,year,1977,https://en.wikipedia.org/wiki/Robbin_Crosby,career_active,candidate_extraction_only,,,,,,,,not_exact_day
Q3229,Joseph Merrick,career_period_candidate,1884-07-01,year,1884,https://en.wikipedia.org/wiki/Joseph_Merrick,career_active,candidate_extraction_only,,,,,,,,not_exact_day
Q3229,Joseph Merrick,career_period_candidate,1885-07-01,year,1885,https://en.wikipedia.org/wiki/Joseph_Merrick,career_active,candidate_extraction_only,,,,,,,,not_exact_day
Q3231,Wassily Leontief,marriage_or_spouse_date_candidate,1932-07-01,year,1932,https://en.wikipedia.org/wiki/Wassily_Leontief,spouse,candidate_extraction_only,,,,,,,,not_exact_day
Q3232,Tom Drake,career_period_candidate,1938-07-01,year,1938,https://en.wikipedia.org/wiki/Tom_Drake,career_active,candidate_extraction_only,,,,,,,,not_exact_day
Q3232,Tom Drake,career_period_candidate,1978-07-01,year,1978,https://en.wikipedia.org/wiki/Tom_Drake,career_active,candidate_extraction_only,,,,,,,,not_exact_day
Q3234,Bob Clark,career_period_candidate,1966-07-01,year,1966,https://en.wikipedia.org/wiki/Bob_Clark,career_active,candidate_extraction_only,,,,,,,,not_exact_day
Q3234,Bob Clark,career_period_candidate,2007-07-01,year,2007,https://en.wikipedia.org/wiki/Bob_Clark,career_active,candidate_extraction_only,,,,,,,,not_exact_day
Q3235,Luiz Gushiken,marriage_or_spouse_date_candidate,2002-12-24,day,24 December 2002,https://en.wikipedia.org/wiki/Luiz_Gushiken,spouse,candidate_extraction_only,Gemini,1.14882029,True,Cancer,True,Libra,Libra,date_only_midpoint
Q3236,Pete Burns,career_period_candidate,1977-07-01,year,1977,https://en.wikipedia.org/wiki/Pete_Burns,career_active,candidate_extraction_only,,,,,,,,not_exact_day
Q3236,Pete Burns,career_period_candidate,2016-07-01,year,2016,https://en.wikipedia.org/wiki/Pete_Burns,career_active,candidate_extraction_only,,,,,,,,not_exact_day
Q3237,Matthew Caws,career_period_candidate,1985-07-01,year,1985,https://en.wikipedia.org/wiki/Matthew_Caws,career_active,candidate_extraction_only,,,,,,,,not_exact_day
Q3238,Jeff Friesen,career_period_candidate,1994-07-01,year,1994,https://en.wikipedia.org/wiki/Jeff_Friesen,career_active,candidate_extraction_only,,,,,,,,not_exact_day
Q3238,Jeff Friesen,career_period_candidate,2011-07-01,year,2011,https://en.wikipedia.org/wiki/Jeff_Friesen,career_active,candidate_extraction_only,,,,,,,,not_exact_day
Q3251,Allan Holdsworth,career_period_candidate,1969-07-01,year,1969,https://en.wikipedia.org/wiki/Allan_Holdsworth,career_active,candidate_extraction_only,,,,,,,,not_exact_day
Q3251,Allan Holdsworth,career_period_candidate,2017-07-01,year,2017,https://en.wikipedia.org/wiki/Allan_Holdsworth,career_active,candidate_extraction_only,,,,,,,,not_exact_day
Q3259,Johannes Kotze,death,1931-07-07,day,7 July 1931,https://en.wikipedia.org/wiki/Johannes_Kotze,death_date,candidate_extraction_only,Sagittarius,27.49181202,True,Cancer,False,Gemini,Leo,date_only_midpoint
Q3261,Stan Freberg,career_period_candidate,1943-07-01,year,1943,https://en.wikipedia.org/wiki/Stan_Freberg,career_active,candidate_extraction_only,,,,,,,,not_exact_day
Q3261,Stan Freberg,career_period_candidate,2014-07-01,year,2014,https://en.wikipedia.org/wiki/Stan_Freberg,career_active,candidate_extraction_only,,,,,,,,not_exact_day
Q3266,John Birmingham,career_period_candidate,1994-07-01,year,1994,https://en.wikipedia.org/wiki/John_Birmingham,career_active,candidate_extraction_only,,,,,,,,not_exact_day
Q3269,Stratos Perperoglou,career_period_candidate,2002-07-01,year,2002,https://en.wikipedia.org/wiki/Stratos_Perperoglou,career_active,candidate_extraction_only,,,,,,,,not_exact_day
Q3269,Stratos Perperoglou,career_period_candidate,2020-07-01,year,2020,https://en.wikipedia.org/wiki/Stratos_Perperoglou,career_active,candidate_extraction_only,,,,,,,,not_exact_day
Q3278,Terry Nation,career_period_candidate,1955-07-01,year,1955,https://en.wikipedia.org/wiki/Terry_Nation,career_active,candidate_extraction_only,,,,,,,,not_exact_day
Q3278,Terry Nation,career_period_candidate,1997-07-01,year,1997,https://en.wikipedia.org/wiki/Terry_Nation,career_active,candidate_extraction_only,,,,,,,,not_exact_day
Q3279,Jana Andrsová,marriage_or_spouse_date_candidate,1964-07-01,year,1964,https://en.wikipedia.org/wiki/Jana_Andrsov%C3%A1,spouse,candidate_extraction_only,,,,,,,,not_exact_day
Q3279,Jana Andrsová,marriage_or_spouse_date_candidate,1989-07-01,year,1989,https://en.wikipedia.org/wiki/Jana_Andrsov%C3%A1,spouse,candidate_extraction_only,,,,,,,,not_exact_day
Q3282,Yūki Amami,career_period_candidate,1987-07-01,year,1987,https://en.wikipedia.org/wiki/Y%C5%ABki_Amami,career_active,candidate_extraction_only,,,,,,,,not_exact_day
Q3283,JC Chasez,career_period_candidate,1991-07-01,year,1991,https://en.wikipedia.org/wiki/JC_Chasez,career_active,candidate_extraction_only,,,,,,,,not_exact_day
Q3288,Adoniram Judson,marriage_or_spouse_date_candidate,1812-07-01,year,1812,https://en.wikipedia.org/wiki/Adoniram_Judson,spouse,candidate_extraction_only,,,,,,,,not_exact_day
Q3288,Adoniram Judson,marriage_or_spouse_date_candidate,1834-07-01,year,1834,https://en.wikipedia.org/wiki/Adoniram_Judson,spouse,candidate_extraction_only,,,,,,,,not_exact_day
Q3288,Adoniram Judson,marriage_or_spouse_date_candidate,1846-07-01,year,1846,https://en.wikipedia.org/wiki/Adoniram_Judson,spouse,candidate_extraction_only,,,,,,,,not_exact_day
Q3296,Kurtis Blow,career_period_candidate,1979-07-01,year,1979,https://en.wikipedia.org/wiki/Kurtis_Blow,career_active,candidate_extraction_only,,,,,,,,not_exact_day
Q3297,Gillian Anderson,career_period_candidate,1983-07-01,year,1983,https://en.wikipedia.org/wiki/Gillian_Anderson,career_active,candidate_extraction_only,,,,,,,,not_exact_day
Q3300,Jun.Q,career_period_candidate,2011-07-01,year,2011,https://en.wikipedia.org/wiki/Jun.Q,career_active,candidate_extraction_only,,,,,,,,not_exact_day
Q3301,Lê Hoàn,death,1005-03-18,day,18 March 1005,https://en.wikipedia.org/wiki/L%C3%AA_Ho%C3%A0n,death_date,candidate_extraction_only,Cancer,18.01165197,True,Taurus,False,Aries,Aries,date_only_midpoint
Q3310,Kate O'Mara,career_period_candidate,1963-07-01,year,1963,https://en.wikipedia.org/wiki/Kate_O%27Mara,career_active,candidate_extraction_only,,,,,,,,not_exact_day
Q3310,Kate O'Mara,career_period_candidate,2012-07-01,year,2012,https://en.wikipedia.org/wiki/Kate_O%27Mara,career_active,candidate_extraction_only,,,,,,,,not_exact_day
Q3316,"Henry V, Holy Roman Emperor",death,1125-05-23,day,23 May 1125,https://en.wikipedia.org/wiki/Henry_V%2C_Holy_Roman_Emperor,death_date,candidate_extraction_only,Leo,18.13609386,False,Cancer,False,Aries,Aries,date_only_midpoint
Q3324,Jim Kale,career_period_candidate,1962-07-01,year,1962,https://en.wikipedia.org/wiki/Jim_Kale,career_active,candidate_extraction_only,,,,,,,,not_exact_day
Q3324,Jim Kale,career_period_candidate,2016-07-01,year,2016,https://en.wikipedia.org/wiki/Jim_Kale,career_active,candidate_extraction_only,,,,,,,,not_exact_day
Q3327,Anna Gunn,career_period_candidate,1992-07-01,year,1992,https://en.wikipedia.org/wiki/Anna_Gunn,career_active,candidate_extraction_only,,,,,,,,not_exact_day
Q3328,Gemma Hayes,career_period_candidate,2000-07-01,year,2000,https://en.wikipedia.org/wiki/Gemma_Hayes,career_active,candidate_extraction_only,,,,,,,,not_exact_day
Q3329,Jacqueline Fernandez,career_period_candidate,2009-07-01,year,2009,https://en.wikipedia.org/wiki/Jacqueline_Fernandez,career_active,candidate_extraction_only,,,,,,,,not_exact_day
Q3339,Kjell Grede,career_period_candidate,1967-07-01,year,1967,https://en.wikipedia.org/wiki/Kjell_Grede,career_active,candidate_extraction_only,,,,,,,,not_exact_day
Q3339,Kjell Grede,career_period_candidate,2003-07-01,year,2003,https://en.wikipedia.org/wiki/Kjell_Grede,career_active,candidate_extraction_only,,,,,,,,not_exact_day
Q3350,John Ireland,career_period_candidate,1932-07-01,year,1932,https://en.wikipedia.org/wiki/John_Ireland,career_active,candidate_extraction_only,,,,,,,,not_exact_day
Q3350,John Ireland,career_period_candidate,1992-07-01,year,1992,https://en.wikipedia.org/wiki/John_Ireland,career_active,candidate_extraction_only,,,,,,,,not_exact_day
Q3352,Grace Bates,death,1996-11-19,day,"November 19, 1996",https://en.wikipedia.org/wiki/Grace_Bates,death_date,candidate_extraction_only,Pisces,6.97029888,True,Sagittarius,False,Libra,Leo,date_only_midpoint
Q3355,Jim Brunzell,debut_or_career_start,1972-12-27,day,"December 27, 1972",https://en.wikipedia.org/wiki/Jim_Brunzell,debut,candidate_extraction_only,Taurus,22.14296892,True,Sagittarius,False,Scorpio,Scorpio,date_only_midpoint
Q3357,Scooter Barry,career_period_candidate,1989-07-01,year,1989,https://en.wikipedia.org/wiki/Scooter_Barry,career_active,candidate_extraction_only,,,,,,,,not_exact_day
Q3357,Scooter Barry,career_period_candidate,2006-07-01,year,2006,https://en.wikipedia.org/wiki/Scooter_Barry,career_active,candidate_extraction_only,,,,,,,,not_exact_day
Q3360,Dave Days,career_period_candidate,2007-07-01,year,2007,https://en.wikipedia.org/wiki/Dave_Days,career_active,candidate_extraction_only,,,,,,,,not_exact_day
Q3360,Dave Days,career_period_candidate,2021-07-01,year,2021,https://en.wikipedia.org/wiki/Dave_Days,career_active,candidate_extraction_only,,,,,,,,not_exact_day
Q3360,Dave Days,career_period_candidate,2026-07-01,year,2026,https://en.wikipedia.org/wiki/Dave_Days,career_active,candidate_extraction_only,,,,,,,,not_exact_day
Q3369,David Crosby,career_period_candidate,1963-07-01,year,1963,https://en.wikipedia.org/wiki/David_Crosby,career_active,candidate_extraction_only,,,,,,,,not_exact_day
Q3369,David Crosby,career_period_candidate,2023-07-01,year,2023,https://en.wikipedia.org/wiki/David_Crosby,career_active,candidate_extraction_only,,,,,,,,not_exact_day
Q3370,Bob Backlund,debut_or_career_start,1973-07-01,year,1973,https://en.wikipedia.org/wiki/Bob_Backlund,debut,candidate_extraction_only,,,,,,,,not_exact_day
Q3371,Frank Brickowski,career_period_candidate,1981-07-01,year,1981,https://en.wikipedia.org/wiki/Frank_Brickowski,career_active,candidate_extraction_only,,,,,,,,not_exact_day
Q3371,Frank Brickowski,career_period_candidate,1997-07-01,year,1997,https://en.wikipedia.org/wiki/Frank_Brickowski,career_active,candidate_extraction_only,,,,,,,,not_exact_day
Q3372,Halle Berry,career_period_candidate,1989-07-01,year,1989,https://en.wikipedia.org/wiki/Halle_Berry,career_active,candidate_extraction_only,,,,,,,,not_exact_day
Q3373,Chucky Atkins,career_period_candidate,1996-07-01,year,1996,https://en.wikipedia.org/wiki/Chucky_Atkins,career_active,candidate_extraction_only,,,,,,,,not_exact_day
Q3373,Chucky Atkins,career_period_candidate,2010-07-01,year,2010,https://en.wikipedia.org/wiki/Chucky_Atkins,career_active,candidate_extraction_only,,,,,,,,not_exact_day
Q3374,Earl Barron,career_period_candidate,2003-07-01,year,2003,https://en.wikipedia.org/wiki/Earl_Barron,career_active,candidate_extraction_only,,,,,,,,not_exact_day
Q3374,Earl Barron,career_period_candidate,2017-07-01,year,2017,https://en.wikipedia.org/wiki/Earl_Barron,career_active,candidate_extraction_only,,,,,,,,not_exact_day
Q3382,Estelle Brody,career_period_candidate,1926-07-01,year,1926,https://en.wikipedia.org/wiki/Estelle_Brody,career_active,candidate_extraction_only,,,,,,,,not_exact_day
Q3382,Estelle Brody,career_period_candidate,1980-07-01,year,1980,https://en.wikipedia.org/wiki/Estelle_Brody,career_active,candidate_extraction_only,,,,,,,,not_exact_day
Q3386,Patsy Gallant,career_period_candidate,1953-07-01,year,1953,https://en.wikipedia.org/wiki/Patsy_Gallant,career_active,candidate_extraction_only,,,,,,,,not_exact_day
Q3388,Debra Messing,career_period_candidate,1993-07-01,year,1993,https://en.wikipedia.org/wiki/Debra_Messing,career_active,candidate_extraction_only,,,,,,,,not_exact_day
Q3389,Waleed Aly,career_period_candidate,1996-07-01,year,1996,https://en.wikipedia.org/wiki/Waleed_Aly,career_active,candidate_extraction_only,,,,,,,,not_exact_day
Q3391,"Philippa, 5th Countess of Ulster",death,1377-07-01,year,1377,https://en.wikipedia.org/wiki/Philippa%2C_5th_Countess_of_Ulster,death_date,candidate_extraction_only,,,,,,,,not_exact_day
Q3396,Ida Browne,death,1976-10-21,day,21 October 1976,https://en.wikipedia.org/wiki/Ida_Browne,death_date,candidate_extraction_only,Cancer,22.07899525,False,Taurus,True,Scorpio,Libra,date_only_midpoint
Q3398,Fess Parker,career_period_candidate,1950-07-01,year,1950,https://en.wikipedia.org/wiki/Fess_Parker,career_active,candidate_extraction_only,,,,,,,,not_exact_day
Q3398,Fess Parker,career_period_candidate,2007-07-01,year,2007,https://en.wikipedia.org/wiki/Fess_Parker,career_active,candidate_extraction_only,,,,,,,,not_exact_day
Q3400,Kevin Ayers,career_period_candidate,1960-07-01,year,1960,https://en.wikipedia.org/wiki/Kevin_Ayers,career_active,candidate_extraction_only,,,,,,,,not_exact_day
Q3400,Kevin Ayers,career_period_candidate,2013-07-01,year,2013,https://en.wikipedia.org/wiki/Kevin_Ayers,career_active,candidate_extraction_only,,,,,,,,not_exact_day
Q3401,Reginald VelJohnson,career_period_candidate,1979-07-01,year,1979,https://en.wikipedia.org/wiki/Reginald_VelJohnson,career_active,candidate_extraction_only,,,,,,,,not_exact_day
Q3402,Rosita Baltazar,career_period_candidate,1980-07-01,year,1980,https://en.wikipedia.org/wiki/Rosita_Baltazar,career_active,candidate_extraction_only,,,,,,,,not_exact_day
Q3402,Rosita Baltazar,career_period_candidate,2015-07-01,year,2015,https://en.wikipedia.org/wiki/Rosita_Baltazar,career_active,candidate_extraction_only,,,,,,,,not_exact_day
Q3403,Bonnie Bernstein,career_period_candidate,1992-07-01,year,1992,https://en.wikipedia.org/wiki/Bonnie_Bernstein,career_active,candidate_extraction_only,,,,,,,,not_exact_day
Q3404,Cam Gigandet,marriage_or_spouse_date_candidate,2008-07-01,year,2008,https://en.wikipedia.org/wiki/Cam_Gigandet,spouse,candidate_extraction_only,,,,,,,,not_exact_day
Q3404,Cam Gigandet,marriage_or_spouse_date_candidate,2024-07-01,year,2024,https://en.wikipedia.org/wiki/Cam_Gigandet,spouse,candidate_extraction_only,,,,,,,,not_exact_day
Q3404,Cam Gigandet,career_period_candidate,2003-07-01,year,2003,https://en.wikipedia.org/wiki/Cam_Gigandet,career_active,candidate_extraction_only,,,,,,,,not_exact_day
Q3406,"William IX, Count of Poitiers",death,1156-07-01,year,1156,https://en.wikipedia.org/wiki/William_IX%2C_Count_of_Poitiers,death_date,candidate_extraction_only,,,,,,,,not_exact_day
Q3417,Colin James,career_period_candidate,1983-07-01,year,1983,https://en.wikipedia.org/wiki/Colin_James,career_active,candidate_extraction_only,,,,,,,,not_exact_day
Q3424,Ernest Noel,death,1931-05-20,day,20 May 1931,https://en.wikipedia.org/wiki/Ernest_Noel,death_date,candidate_extraction_only,Capricorn,0.15092615,True,Gemini,False,Aries,Cancer,date_only_midpoint
Q3424,Ernest Noel,marriage_or_spouse_date_candidate,1857-07-01,year,1857,https://en.wikipedia.org/wiki/Ernest_Noel,spouse,candidate_extraction_only,,,,,,,,not_exact_day
Q3424,Ernest Noel,marriage_or_spouse_date_candidate,1870-07-01,year,1870,https://en.wikipedia.org/wiki/Ernest_Noel,spouse,candidate_extraction_only,,,,,,,,not_exact_day
Q3424,Ernest Noel,marriage_or_spouse_date_candidate,1873-07-01,year,1873,https://en.wikipedia.org/wiki/Ernest_Noel,spouse,candidate_extraction_only,,,,,,,,not_exact_day
Q3424,Ernest Noel,marriage_or_spouse_date_candidate,1902-07-01,year,1902,https://en.wikipedia.org/wiki/Ernest_Noel,spouse,candidate_extraction_only,,,,,,,,not_exact_day
Q3424,Ernest Noel,marriage_or_spouse_date_candidate,1909-07-01,year,1909,https://en.wikipedia.org/wiki/Ernest_Noel,spouse,candidate_extraction_only,,,,,,,,not_exact_day
Q3424,Ernest Noel,marriage_or_spouse_date_candidate,1931-07-01,year,1931,https://en.wikipedia.org/wiki/Ernest_Noel,spouse,candidate_extraction_only,,,,,,,,not_exact_day
Q3431,Elayne Boosler,career_period_candidate,1973-07-01,year,1973,https://en.wikipedia.org/wiki/Elayne_Boosler,career_active,candidate_extraction_only,,,,,,,,not_exact_day
Q3435,Liz Cambage,career_period_candidate,2007-07-01,year,2007,https://en.wikipedia.org/wiki/Liz_Cambage,career_active,candidate_extraction_only,,,,,,,,not_exact_day
Q3438,Madame du Barry,death,1793-12-08,day,8 December 1793,https://en.wikipedia.org/wiki/Madame_du_Barry,death_date,candidate_extraction_only,Aries,18.84880037,True,Scorpio,False,Scorpio,Virgo,date_only_midpoint
Q3443,Angus Scrimm,career_period_candidate,1973-07-01,year,1973,https://en.wikipedia.org/wiki/Angus_Scrimm,career_active,candidate_extraction_only,,,,,,,,not_exact_day
Q3443,Angus Scrimm,career_period_candidate,2016-07-01,year,2016,https://en.wikipedia.org/wiki/Angus_Scrimm,career_active,candidate_extraction_only,,,,,,,,not_exact_day
Q3447,John Stamos,career_period_candidate,1982-07-01,year,1982,https://en.wikipedia.org/wiki/John_Stamos,career_active,candidate_extraction_only,,,,,,,,not_exact_day
Q3457,Frank Rosolino,career_period_candidate,1945-07-01,year,1945,https://en.wikipedia.org/wiki/Frank_Rosolino,career_active,candidate_extraction_only,,,,,,,,not_exact_day
Q3457,Frank Rosolino,career_period_candidate,1978-07-01,year,1978,https://en.wikipedia.org/wiki/Frank_Rosolino,career_active,candidate_extraction_only,,,,,,,,not_exact_day
Q3459,Dave Brock,career_period_candidate,1960-07-01,year,1960,https://en.wikipedia.org/wiki/Dave_Brock,career_active,candidate_extraction_only,,,,,,,,not_exact_day
Q3467,Afonso VI of Portugal,death,1683-09-12,day,12 September 1683,https://en.wikipedia.org/wiki/Afonso_VI_of_Portugal,death_date,candidate_extraction_only,Leo,7.81665488,False,Leo,False,Leo,Scorpio,date_only_midpoint
Q3471,Blossom Rock,career_period_candidate,1923-07-01,year,1923,https://en.wikipedia.org/wiki/Blossom_Rock,career_active,candidate_extraction_only,,,,,,,,not_exact_day
Q3471,Blossom Rock,career_period_candidate,1966-07-01,year,1966,https://en.wikipedia.org/wiki/Blossom_Rock,career_active,candidate_extraction_only,,,,,,,,not_exact_day
Q3474,Janet Baker,career_period_candidate,1950-07-01,year,1950,https://en.wikipedia.org/wiki/Janet_Baker,career_active,candidate_extraction_only,,,,,,,,not_exact_day
Q3474,Janet Baker,career_period_candidate,1980-07-01,year,1980,https://en.wikipedia.org/wiki/Janet_Baker,career_active,candidate_extraction_only,,,,,,,,not_exact_day
Q3485,Lutz Graf Schwerin von Krosigk,marriage_or_spouse_date_candidate,1918-07-01,year,1918,https://en.wikipedia.org/wiki/Lutz_Graf_Schwerin_von_Krosigk,spouse,candidate_extraction_only,,,,,,,,not_exact_day
Q3487,John Lee Hooker,death,2001-06-21,day,"June 21, 2001",https://en.wikipedia.org/wiki/John_Lee_Hooker,death_date,candidate_extraction_only,Taurus,13.92568991,False,Gemini,False,Aries,Scorpio,date_only_midpoint
Q3490,David Marks,career_period_candidate,1962-07-01,year,1962,https://en.wikipedia.org/wiki/David_Marks,career_active,candidate_extraction_only,,,,,,,,not_exact_day
Q3491,Colm Feore,career_period_candidate,1981-07-01,year,1981,https://en.wikipedia.org/wiki/Colm_Feore,career_active,candidate_extraction_only,,,,,,,,not_exact_day
Q3492,GZA,career_period_candidate,1991-07-01,year,1991,https://en.wikipedia.org/wiki/GZA,career_active,candidate_extraction_only,,,,,,,,not_exact_day
Q3501,Zoltan Sarosy,marriage_or_spouse_date_candidate,1931-07-01,year,1931,https://en.wikipedia.org/wiki/Zoltan_Sarosy,spouse,candidate_extraction_only,,,,,,,,not_exact_day
Q3501,Zoltan Sarosy,marriage_or_spouse_date_candidate,1950-07-01,year,1950,https://en.wikipedia.org/wiki/Zoltan_Sarosy,spouse,candidate_extraction_only,,,,,,,,not_exact_day
Q3501,Zoltan Sarosy,marriage_or_spouse_date_candidate,1998-07-01,year,1998,https://en.wikipedia.org/wiki/Zoltan_Sarosy,spouse,candidate_extraction_only,,,,,,,,not_exact_day
Q3505,Atef Bseiso,death,1992-06-08,day,8 June 1992,https://en.wikipedia.org/wiki/Atef_Bseiso,death_date,candidate_extraction_only,Capricorn,24.63551642,True,Leo,False,Taurus,Aries,date_only_midpoint
Q3507,Roger Avary,career_period_candidate,1983-07-01,year,1983,https://en.wikipedia.org/wiki/Roger_Avary,career_active,candidate_extraction_only,,,,,,,,not_exact_day
Q3509,Natalie Coughlin,marriage_or_spouse_date_candidate,2009-07-01,year,2009,https://en.wikipedia.org/wiki/Natalie_Coughlin,spouse,candidate_extraction_only,,,,,,,,not_exact_day
Q3510,Seth Curry,career_period_candidate,2013-07-01,year,2013,https://en.wikipedia.org/wiki/Seth_Curry,career_active,candidate_extraction_only,,,,,,,,not_exact_day
Q3516,Preston Foster,career_period_candidate,1929-07-01,year,1929,https://en.wikipedia.org/wiki/Preston_Foster,career_active,candidate_extraction_only,,,,,,,,not_exact_day
Q3516,Preston Foster,career_period_candidate,1968-07-01,year,1968,https://en.wikipedia.org/wiki/Preston_Foster,career_active,candidate_extraction_only,,,,,,,,not_exact_day
Q3521,Kevin Dunn,career_period_candidate,1986-07-01,year,1986,https://en.wikipedia.org/wiki/Kevin_Dunn,career_active,candidate_extraction_only,,,,,,,,not_exact_day
Q3523,Jennifer Lien,career_period_candidate,1990-07-01,year,1990,https://en.wikipedia.org/wiki/Jennifer_Lien,career_active,candidate_extraction_only,,,,,,,,not_exact_day
Q3523,Jennifer Lien,career_period_candidate,2001-07-01,year,2001,https://en.wikipedia.org/wiki/Jennifer_Lien,career_active,candidate_extraction_only,,,,,,,,not_exact_day
Q3532,Van Johnson,career_period_candidate,1935-07-01,year,1935,https://en.wikipedia.org/wiki/Van_Johnson,career_active,candidate_extraction_only,,,,,,,,not_exact_day
Q3532,Van Johnson,career_period_candidate,1992-07-01,year,1992,https://en.wikipedia.org/wiki/Van_Johnson,career_active,candidate_extraction_only,,,,,,,,not_exact_day
Q3536,John McGeoch,career_period_candidate,1970-07-01,year,1970,https://en.wikipedia.org/wiki/John_McGeoch,career_active,candidate_extraction_only,,,,,,,,not_exact_day
Q3536,John McGeoch,career_period_candidate,1995-07-01,year,1995,https://en.wikipedia.org/wiki/John_McGeoch,career_active,candidate_extraction_only,,,,,,,,not_exact_day
Q3539,Rachel Bilson,career_period_candidate,1997-07-01,year,1997,https://en.wikipedia.org/wiki/Rachel_Bilson,career_active,candidate_extraction_only,,,,,,,,not_exact_day
Q3545,Peggy Guggenheim,marriage_or_spouse_date_candidate,1922-07-01,year,1922,https://en.wikipedia.org/wiki/Peggy_Guggenheim,spouse,candidate_extraction_only,,,,,,,,not_exact_day
Q3567,Stephan Elliott,career_period_candidate,1992-07-01,year,1992,https://en.wikipedia.org/wiki/Stephan_Elliott,career_active,candidate_extraction_only,,,,,,,,not_exact_day
Q3569,Patrick J. Adams,career_period_candidate,2001-07-01,year,2001,https://en.wikipedia.org/wiki/Patrick_J._Adams,career_active,candidate_extraction_only,,,,,,,,not_exact_day
Q3570,Lee Sung-yeol,career_period_candidate,2010-07-01,year,2010,https://en.wikipedia.org/wiki/Lee_Sung-yeol,career_active,candidate_extraction_only,,,,,,,,not_exact_day
Q3587,"John Granville, 1st Earl of Bath",marriage_or_spouse_date_candidate,1652-07-01,year,1652,https://en.wikipedia.org/wiki/John_Granville%2C_1st_Earl_of_Bath,spouse,candidate_extraction_only,,,,,,,,not_exact_day
Q3587,"John Granville, 1st Earl of Bath",marriage_or_spouse_date_candidate,1692-07-01,year,1692,https://en.wikipedia.org/wiki/John_Granville%2C_1st_Earl_of_Bath,spouse,candidate_extraction_only,,,,,,,,not_exact_day
Q3593,Jimmy C. Newman,career_period_candidate,1954-07-01,year,1954,https://en.wikipedia.org/wiki/Jimmy_C._Newman,career_active,candidate_extraction_only,,,,,,,,not_exact_day
Q3593,Jimmy C. Newman,career_period_candidate,2014-07-01,year,2014,https://en.wikipedia.org/wiki/Jimmy_C._Newman,career_active,candidate_extraction_only,,,,,,,,not_exact_day
Q3600,Charlotte Ritchie,career_period_candidate,2004-07-01,year,2004,https://en.wikipedia.org/wiki/Charlotte_Ritchie,career_active,candidate_extraction_only,,,,,,,,not_exact_day
Q3603,Andrew Onderdonk,death,1905-06-21,day,21 June 1905,https://en.wikipedia.org/wiki/Andrew_Onderdonk,death_date,candidate_extraction_only,Aquarius,10.31125119,True,Taurus,False,Aries,Libra,date_only_midpoint
Q3612,Dave Brockie,career_period_candidate,1982-07-01,year,1982,https://en.wikipedia.org/wiki/Dave_Brockie,career_active,candidate_extraction_only,,,,,,,,not_exact_day
Q3612,Dave Brockie,career_period_candidate,2014-07-01,year,2014,https://en.wikipedia.org/wiki/Dave_Brockie,career_active,candidate_extraction_only,,,,,,,,not_exact_day
Q3615,Johanna Braddy,career_period_candidate,2004-07-01,year,2004,https://en.wikipedia.org/wiki/Johanna_Braddy,career_active,candidate_extraction_only,,,,,,,,not_exact_day
Q3621,Ferenc Fejtő,death,2008-06-02,day,2 June 2008,https://en.wikipedia.org/wiki/Ferenc_Fejt%C5%91,death_date,candidate_extraction_only,Leo,8.50076527,False,Sagittarius,True,Taurus,Cancer,date_only_midpoint
Q3628,Jeff Hardy,debut_or_career_start,1994-05-23,day,"May 23, 1994",https://en.wikipedia.org/wiki/Jeff_Hardy,debut,candidate_extraction_only,Aquarius,17.85420027,False,Libra,True,Gemini,Aries,date_only_midpoint
Q3628,Jeff Hardy,debut_or_career_start,2021-10-29,day,"October 29, 2021",https://en.wikipedia.org/wiki/Jeff_Hardy,debut,candidate_extraction_only,Capricorn,13.00482826,False,Capricorn,False,Scorpio,Libra,date_only_midpoint
Q3639,George Maharis,career_period_candidate,1953-07-01,year,1953,https://en.wikipedia.org/wiki/George_Maharis,career_active,candidate_extraction_only,,,,,,,,not_exact_day
Q3639,George Maharis,career_period_candidate,1993-07-01,year,1993,https://en.wikipedia.org/wiki/George_Maharis,career_active,candidate_extraction_only,,,,,,,,not_exact_day
Q3642,Brian Bellows,career_period_candidate,1982-07-01,year,1982,https://en.wikipedia.org/wiki/Brian_Bellows,career_active,candidate_extraction_only,,,,,,,,not_exact_day
Q3642,Brian Bellows,career_period_candidate,1999-07-01,year,1999,https://en.wikipedia.org/wiki/Brian_Bellows,career_active,candidate_extraction_only,,,,,,,,not_exact_day
Q3643,Burn Gorman,career_period_candidate,1998-07-01,year,1998,https://en.wikipedia.org/wiki/Burn_Gorman,career_active,candidate_extraction_only,,,,,,,,not_exact_day
Q3644,Ludwig Göransson,career_period_candidate,2008-07-01,year,2008,https://en.wikipedia.org/wiki/Ludwig_G%C3%B6ransson,career_active,candidate_extraction_only,,,,,,,,not_exact_day
Q3653,Ed Conlin,career_period_candidate,1955-07-01,year,1955,https://en.wikipedia.org/wiki/Ed_Conlin,career_active,candidate_extraction_only,,,,,,,,not_exact_day
Q3653,Ed Conlin,career_period_candidate,1962-07-01,year,1962,https://en.wikipedia.org/wiki/Ed_Conlin,career_active,candidate_extraction_only,,,,,,,,not_exact_day
Q3654,Rosalind Ashford,career_period_candidate,1957-07-01,year,1957,https://en.wikipedia.org/wiki/Rosalind_Ashford,career_active,candidate_extraction_only,,,,,,,,not_exact_day
Q3658,Jill Janus,career_period_candidate,1998-07-01,year,1998,https://en.wikipedia.org/wiki/Jill_Janus,career_active,candidate_extraction_only,,,,,,,,not_exact_day
Q3658,Jill Janus,career_period_candidate,2018-07-01,year,2018,https://en.wikipedia.org/wiki/Jill_Janus,career_active,candidate_extraction_only,,,,,,,,not_exact_day
Q3661,Emperor Go-Sanjō,death,1073-06-15,day,"June 15, 1073",https://en.wikipedia.org/wiki/Emperor_Go-Sanj%C5%8D,death_date,candidate_extraction_only,Scorpio,12.19274749,True,Pisces,False,Cancer,Cancer,date_only_midpoint
Q3668,Freddie King,career_period_candidate,1952-07-01,year,1952,https://en.wikipedia.org/wiki/Freddie_King,career_active,candidate_extraction_only,,,,,,,,not_exact_day
Q3668,Freddie King,career_period_candidate,1976-07-01,year,1976,https://en.wikipedia.org/wiki/Freddie_King,career_active,candidate_extraction_only,,,,,,,,not_exact_day
Q3670,Shakti Kapoor,career_period_candidate,1974-07-01,year,1974,https://en.wikipedia.org/wiki/Shakti_Kapoor,career_active,candidate_extraction_only,,,,,,,,not_exact_day
Q3672,Noah Baumbach,career_period_candidate,1995-07-01,year,1995,https://en.wikipedia.org/wiki/Noah_Baumbach,career_active,candidate_extraction_only,,,,,,,,not_exact_day
Q3686,Kim Thayil,career_period_candidate,1980-07-01,year,1980,https://en.wikipedia.org/wiki/Kim_Thayil,career_active,candidate_extraction_only,,,,,,,,not_exact_day
Q3687,John DiMaggio,career_period_candidate,1994-07-01,year,1994,https://en.wikipedia.org/wiki/John_DiMaggio,career_active,candidate_extraction_only,,,,,,,,not_exact_day
Q3689,Yuichi Nakamaru,career_period_candidate,1998-07-01,year,1998,https://en.wikipedia.org/wiki/Yuichi_Nakamaru,career_active,candidate_extraction_only,,,,,,,,not_exact_day
Q3697,Florence Eldridge,marriage_or_spouse_date_candidate,1921-07-01,year,1921,https://en.wikipedia.org/wiki/Florence_Eldridge,spouse,candidate_extraction_only,,,,,,,,not_exact_day
Q3697,Florence Eldridge,career_period_candidate,1918-07-01,year,1918,https://en.wikipedia.org/wiki/Florence_Eldridge,career_active,candidate_extraction_only,,,,,,,,not_exact_day
Q3697,Florence Eldridge,career_period_candidate,1978-07-01,year,1978,https://en.wikipedia.org/wiki/Florence_Eldridge,career_active,candidate_extraction_only,,,,,,,,not_exact_day
Q3705,Elena Delle Donne,career_period_candidate,2013-07-01,year,2013,https://en.wikipedia.org/wiki/Elena_Delle_Donne,career_active,candidate_extraction_only,,,,,,,,not_exact_day
Q3705,Elena Delle Donne,career_period_candidate,2023-07-01,year,2023,https://en.wikipedia.org/wiki/Elena_Delle_Donne,career_active,candidate_extraction_only,,,,,,,,not_exact_day
Q3708,Emir Abdelkader,death,1883-05-26,day,26 May 1883,https://en.wikipedia.org/wiki/Emir_Abdelkader,death_date,candidate_extraction_only,Taurus,8.01924044,False,Gemini,False,Aries,Aries,date_only_midpoint
Q3711,Anthony Wagner,death,1995-05-05,day,5 May 1995,https://en.wikipedia.org/wiki/Anthony_Wagner,death_date,candidate_extraction_only,Aquarius,27.97120646,False,Scorpio,True,Pisces,Cancer,date_only_midpoint
Q3715,Claydes Charles Smith,career_period_candidate,1964-07-01,year,1964,https://en.wikipedia.org/wiki/Claydes_Charles_Smith,career_active,candidate_extraction_only,,,,,,,,not_exact_day
Q3715,Claydes Charles Smith,career_period_candidate,2006-07-01,year,2006,https://en.wikipedia.org/wiki/Claydes_Charles_Smith,career_active,candidate_extraction_only,,,,,,,,not_exact_day
Q3718,Cisco Adler,career_period_candidate,2000-07-01,year,2000,https://en.wikipedia.org/wiki/Cisco_Adler,career_active,candidate_extraction_only,,,,,,,,not_exact_day
Q3719,Emir Preldžić,career_period_candidate,2003-07-01,year,2003,https://en.wikipedia.org/wiki/Emir_Preld%C5%BEi%C4%87,career_active,candidate_extraction_only,,,,,,,,not_exact_day
Q3729,Clyde Lovellette,career_period_candidate,1951-07-01,year,1951,https://en.wikipedia.org/wiki/Clyde_Lovellette,career_active,candidate_extraction_only,,,,,,,,not_exact_day
Q3729,Clyde Lovellette,career_period_candidate,1964-07-01,year,1964,https://en.wikipedia.org/wiki/Clyde_Lovellette,career_active,candidate_extraction_only,,,,,,,,not_exact_day
Q3733,Monique Gabriela Curnen,career_period_candidate,2001-07-01,year,2001,https://en.wikipedia.org/wiki/Monique_Gabriela_Curnen,career_active,candidate_extraction_only,,,,,,,,not_exact_day
Q3735,Jonathan Majors,career_period_candidate,2017-07-01,year,2017,https://en.wikipedia.org/wiki/Jonathan_Majors,career_active,candidate_extraction_only,,,,,,,,not_exact_day
Q3737,Ludovico Ariosto,death,1533-07-06,day,6 July 1533,https://en.wikipedia.org/wiki/Ludovico_Ariosto,death_date,candidate_extraction_only,Gemini,27.42373948,False,Sagittarius,True,Gemini,Aries,date_only_midpoint
Q3744,Marion Brown,career_period_candidate,1962-07-01,year,1962,https://en.wikipedia.org/wiki/Marion_Brown,career_active,candidate_extraction_only,,,,,,,,not_exact_day
Q3744,Marion Brown,career_period_candidate,1993-07-01,year,1993,https://en.wikipedia.org/wiki/Marion_Brown,career_active,candidate_extraction_only,,,,,,,,not_exact_day
Q3746,Will Lee,career_period_candidate,1930-07-01,year,1930,https://en.wikipedia.org/wiki/Will_Lee,career_active,candidate_extraction_only,,,,,,,,not_exact_day
Q3746,Will Lee,career_period_candidate,1982-07-01,year,1982,https://en.wikipedia.org/wiki/Will_Lee,career_active,candidate_extraction_only,,,,,,,,not_exact_day
Q3756,Joseph E. Levine,career_period_candidate,1937-07-01,year,1937,https://en.wikipedia.org/wiki/Joseph_E._Levine,career_active,candidate_extraction_only,,,,,,,,not_exact_day
Q3756,Joseph E. Levine,career_period_candidate,1987-07-01,year,1987,https://en.wikipedia.org/wiki/Joseph_E._Levine,career_active,candidate_extraction_only,,,,,,,,not_exact_day
Q3763,Emma de Caunes,career_period_candidate,1986-07-01,year,1986,https://en.wikipedia.org/wiki/Emma_de_Caunes,career_active,candidate_extraction_only,,,,,,,,not_exact_day
Q3774,Bo Goldman,career_period_candidate,1958-07-01,year,1958,https://en.wikipedia.org/wiki/Bo_Goldman,career_active,candidate_extraction_only,,,,,,,,not_exact_day
Q3774,Bo Goldman,career_period_candidate,2016-07-01,year,2016,https://en.wikipedia.org/wiki/Bo_Goldman,career_active,candidate_extraction_only,,,,,,,,not_exact_day
Q3775,Danny Hutton,marriage_or_spouse_date_candidate,1981-07-01,year,1981,https://en.wikipedia.org/wiki/Danny_Hutton,spouse,candidate_extraction_only,,,,,,,,not_exact_day
Q3775,Danny Hutton,career_period_candidate,1964-07-01,year,1964,https://en.wikipedia.org/wiki/Danny_Hutton,career_active,candidate_extraction_only,,,,,,,,not_exact_day
Q3779,Misty Copeland,career_period_candidate,1995-07-01,year,1995,https://en.wikipedia.org/wiki/Misty_Copeland,career_active,candidate_extraction_only,,,,,,,,not_exact_day
Q3788,Betsy Drake,career_period_candidate,1948-07-01,year,1948,https://en.wikipedia.org/wiki/Betsy_Drake,career_active,candidate_extraction_only,,,,,,,,not_exact_day
Q3788,Betsy Drake,career_period_candidate,1965-07-01,year,1965,https://en.wikipedia.org/wiki/Betsy_Drake,career_active,candidate_extraction_only,,,,,,,,not_exact_day
Q3789,Margaret Booth,career_period_candidate,1915-07-01,year,1915,https://en.wikipedia.org/wiki/Margaret_Booth,career_active,candidate_extraction_only,,,,,,,,not_exact_day
Q3789,Margaret Booth,career_period_candidate,1985-07-01,year,1985,https://en.wikipedia.org/wiki/Margaret_Booth,career_active,candidate_extraction_only,,,,,,,,not_exact_day
Q3790,Lola Falana,career_period_candidate,1961-07-01,year,1961,https://en.wikipedia.org/wiki/Lola_Falana,career_active,candidate_extraction_only,,,,,,,,not_exact_day
Q3790,Lola Falana,career_period_candidate,1997-07-01,year,1997,https://en.wikipedia.org/wiki/Lola_Falana,career_active,candidate_extraction_only,,,,,,,,not_exact_day
Q3794,Charles Kelley,career_period_candidate,1995-07-01,year,1995,https://en.wikipedia.org/wiki/Charles_Kelley,career_active,candidate_extraction_only,,,,,,,,not_exact_day
Q3804,Linda Gray,career_period_candidate,1963-07-01,year,1963,https://en.wikipedia.org/wiki/Linda_Gray,career_active,candidate_extraction_only,,,,,,,,not_exact_day
Q3806,Leslie Cheung,career_period_candidate,1977-07-01,year,1977,https://en.wikipedia.org/wiki/Leslie_Cheung,career_active,candidate_extraction_only,,,,,,,,not_exact_day
Q3806,Leslie Cheung,career_period_candidate,2003-07-01,year,2003,https://en.wikipedia.org/wiki/Leslie_Cheung,career_active,candidate_extraction_only,,,,,,,,not_exact_day
Q3807,Einstein Kristiansen,career_period_candidate,1984-07-01,year,1984,https://en.wikipedia.org/wiki/Einstein_Kristiansen,career_active,candidate_extraction_only,,,,,,,,not_exact_day
Q3808,Kara David,career_period_candidate,1997-07-01,year,1997,https://en.wikipedia.org/wiki/Kara_David,career_active,candidate_extraction_only,,,,,,,,not_exact_day
Q3809,Jennifer Hudson,career_period_candidate,2004-07-01,year,2004,https://en.wikipedia.org/wiki/Jennifer_Hudson,career_active,candidate_extraction_only,,,,,,,,not_exact_day
Q3810,Alexia Fast,career_period_candidate,2002-07-01,year,2002,https://en.wikipedia.org/wiki/Alexia_Fast,career_active,candidate_extraction_only,,,,,,,,not_exact_day
Q3816,Chu Berry,career_period_candidate,1930-07-01,year,1930,https://en.wikipedia.org/wiki/Chu_Berry,career_active,candidate_extraction_only,,,,,,,,not_exact_day
Q3817,Ray Charles,career_period_candidate,1945-07-01,year,1945,https://en.wikipedia.org/wiki/Ray_Charles,career_active,candidate_extraction_only,,,,,,,,not_exact_day
Q3817,Ray Charles,career_period_candidate,2004-07-01,year,2004,https://en.wikipedia.org/wiki/Ray_Charles,career_active,candidate_extraction_only,,,,,,,,not_exact_day
Q3818,Laura Cardoso,career_period_candidate,1952-07-01,year,1952,https://en.wikipedia.org/wiki/Laura_Cardoso,career_active,candidate_extraction_only,,,,,,,,not_exact_day
Q3818,Laura Cardoso,career_period_candidate,2020-07-01,year,2020,https://en.wikipedia.org/wiki/Laura_Cardoso,career_active,candidate_extraction_only,,,,,,,,not_exact_day
Q3834,Harry Sinden,career_period_candidate,1949-07-01,year,1949,https://en.wikipedia.org/wiki/Harry_Sinden,career_active,candidate_extraction_only,,,,,,,,not_exact_day
Q3834,Harry Sinden,career_period_candidate,1966-07-01,year,1966,https://en.wikipedia.org/wiki/Harry_Sinden,career_active,candidate_extraction_only,,,,,,,,not_exact_day
Q3840,Jimmy Butler,career_period_candidate,2011-07-01,year,2011,https://en.wikipedia.org/wiki/Jimmy_Butler,career_active,candidate_extraction_only,,,,,,,,not_exact_day
Q3841,Marco Polo,death,1324-01-08,day,8 January 1324,https://en.wikipedia.org/wiki/Marco_Polo,death_date,candidate_extraction_only,Taurus,8.80886796,True,Aries,False,Sagittarius,Scorpio,date_only_midpoint
Q3844,M. Visvesvaraya,death,1962-04-14,day,14 April 1962,https://en.wikipedia.org/wiki/M._Visvesvaraya,death_date,candidate_extraction_only,Capricorn,16.95154983,False,Aquarius,False,Aries,Pisces,date_only_midpoint
Q3846,J. Slauerhoff,marriage_or_spouse_date_candidate,1930-07-01,year,1930,https://en.wikipedia.org/wiki/J._Slauerhoff,spouse,candidate_extraction_only,,,,,,,,not_exact_day
Q3846,J. Slauerhoff,marriage_or_spouse_date_candidate,1935-07-01,year,1935,https://en.wikipedia.org/wiki/J._Slauerhoff,spouse,candidate_extraction_only,,,,,,,,not_exact_day
Q3849,Cannonball Adderley,career_period_candidate,1955-07-01,year,1955,https://en.wikipedia.org/wiki/Cannonball_Adderley,career_active,candidate_extraction_only,,,,,,,,not_exact_day
Q3849,Cannonball Adderley,career_period_candidate,1975-07-01,year,1975,https://en.wikipedia.org/wiki/Cannonball_Adderley,career_active,candidate_extraction_only,,,,,,,,not_exact_day
Q3861,Alexander Korda,career_period_candidate,1914-07-01,year,1914,https://en.wikipedia.org/wiki/Alexander_Korda,career_active,candidate_extraction_only,,,,,,,,not_exact_day
Q3861,Alexander Korda,career_period_candidate,1955-07-01,year,1955,https://en.wikipedia.org/wiki/Alexander_Korda,career_active,candidate_extraction_only,,,,,,,,not_exact_day
Q3862,Allen Funt,marriage_or_spouse_date_candidate,1946-07-01,year,1946,https://en.wikipedia.org/wiki/Allen_Funt,spouse,candidate_extraction_only,,,,,,,,not_exact_day
Q3862,Allen Funt,marriage_or_spouse_date_candidate,1964-07-01,year,1964,https://en.wikipedia.org/wiki/Allen_Funt,spouse,candidate_extraction_only,,,,,,,,not_exact_day
Q3862,Allen Funt,marriage_or_spouse_date_candidate,1978-07-01,year,1978,https://en.wikipedia.org/wiki/Allen_Funt,spouse,candidate_extraction_only,,,,,,,,not_exact_day
Q3862,Allen Funt,career_period_candidate,1948-07-01,year,1948,https://en.wikipedia.org/wiki/Allen_Funt,career_active,candidate_extraction_only,,,,,,,,not_exact_day
Q3862,Allen Funt,career_period_candidate,1993-07-01,year,1993,https://en.wikipedia.org/wiki/Allen_Funt,career_active,candidate_extraction_only,,,,,,,,not_exact_day
Q3865,Sonny LeMaire,career_period_candidate,1977-07-01,year,1977,https://en.wikipedia.org/wiki/Sonny_LeMaire,career_active,candidate_extraction_only,,,,,,,,not_exact_day
Q3866,Ron Brewer,career_period_candidate,1978-07-01,year,1978,https://en.wikipedia.org/wiki/Ron_Brewer,career_active,candidate_extraction_only,,,,,,,,not_exact_day
Q3866,Ron Brewer,career_period_candidate,1986-07-01,year,1986,https://en.wikipedia.org/wiki/Ron_Brewer,career_active,candidate_extraction_only,,,,,,,,not_exact_day
Q3867,Mary Coustas,marriage_or_spouse_date_candidate,2005-07-01,year,2005,https://en.wikipedia.org/wiki/Mary_Coustas,spouse,candidate_extraction_only,,,,,,,,not_exact_day
Q3870,Vytenis Čižauskas,career_period_candidate,2009-07-01,year,2009,https://en.wikipedia.org/wiki/Vytenis_%C4%8Ci%C5%BEauskas,career_active,candidate_extraction_only,,,,,,,,not_exact_day
Q3872,Hans Herr,death,1725-10-11,day,"October 11, 1725",https://en.wikipedia.org/wiki/Hans_Herr,death_date,candidate_extraction_only,Sagittarius,25.86903013,False,Aquarius,True,Libra,Cancer,date_only_midpoint
Q3879,Robert B. Parker,marriage_or_spouse_date_candidate,1956-07-01,year,1956,https://en.wikipedia.org/wiki/Robert_B._Parker,spouse,candidate_extraction_only,,,,,,,,not_exact_day
Q3883,Nate Berkus,career_period_candidate,1995-07-01,year,1995,https://en.wikipedia.org/wiki/Nate_Berkus,career_active,candidate_extraction_only,,,,,,,,not_exact_day
Q3884,Garth Murray,career_period_candidate,2002-07-01,year,2002,https://en.wikipedia.org/wiki/Garth_Murray,career_active,candidate_extraction_only,,,,,,,,not_exact_day
Q3884,Garth Murray,career_period_candidate,2012-07-01,year,2012,https://en.wikipedia.org/wiki/Garth_Murray,career_active,candidate_extraction_only,,,,,,,,not_exact_day
Q3885,Alfonzo McKinnie,career_period_candidate,2015-07-01,year,2015,https://en.wikipedia.org/wiki/Alfonzo_McKinnie,career_active,candidate_extraction_only,,,,,,,,not_exact_day
Q3891,Fay Compton,career_period_candidate,1911-07-01,year,1911,https://en.wikipedia.org/wiki/Fay_Compton,career_active,candidate_extraction_only,,,,,,,,not_exact_day
Q3891,Fay Compton,career_period_candidate,1977-07-01,year,1977,https://en.wikipedia.org/wiki/Fay_Compton,career_active,candidate_extraction_only,,,,,,,,not_exact_day
Q3892,Leon Askin,career_period_candidate,1930-07-01,year,1930,https://en.wikipedia.org/wiki/Leon_Askin,career_active,candidate_extraction_only,,,,,,,,not_exact_day
Q3892,Leon Askin,career_period_candidate,2001-07-01,year,2001,https://en.wikipedia.org/wiki/Leon_Askin,career_active,candidate_extraction_only,,,,,,,,not_exact_day
Q3893,Johnny Mantz,career_period_candidate,1952-07-01,year,1952,https://en.wikipedia.org/wiki/Johnny_Mantz,career_active,candidate_extraction_only,,,,,,,,not_exact_day
Q3893,Johnny Mantz,career_period_candidate,1954-07-01,year,1954,https://en.wikipedia.org/wiki/Johnny_Mantz,career_active,candidate_extraction_only,,,,,,,,not_exact_day
Q3893,Johnny Mantz,career_period_candidate,1956-07-01,year,1956,https://en.wikipedia.org/wiki/Johnny_Mantz,career_active,candidate_extraction_only,,,,,,,,not_exact_day
Q3893,Johnny Mantz,career_period_candidate,1959-07-01,year,1959,https://en.wikipedia.org/wiki/Johnny_Mantz,career_active,candidate_extraction_only,,,,,,,,not_exact_day
Q3894,John Tolos,debut_or_career_start,1951-07-01,year,1951,https://en.wikipedia.org/wiki/John_Tolos,debut,candidate_extraction_only,,,,,,,,not_exact_day
Q3895,Gerry Harvey,career_period_candidate,1956-07-01,year,1956,https://en.wikipedia.org/wiki/Gerry_Harvey,career_active,candidate_extraction_only,,,,,,,,not_exact_day
Q3897,Stephen Flaherty,career_period_candidate,1982-07-01,year,1982,https://en.wikipedia.org/wiki/Stephen_Flaherty,career_active,candidate_extraction_only,,,,,,,,not_exact_day
Q3903,"Henry Brougham, 1st Baron Brougham and Vaux",marriage_or_spouse_date_candidate,1785-07-01,year,1785,https://en.wikipedia.org/wiki/Henry_Brougham%2C_1st_Baron_Brougham_and_Vaux,spouse,candidate_extraction_only,,,,,,,,not_exact_day
Q3903,"Henry Brougham, 1st Baron Brougham and Vaux",marriage_or_spouse_date_candidate,1865-07-01,year,1865,https://en.wikipedia.org/wiki/Henry_Brougham%2C_1st_Baron_Brougham_and_Vaux,spouse,candidate_extraction_only,,,,,,,,not_exact_day
Q3905,Lovie Austin,career_period_candidate,1920-07-01,year,1920,https://en.wikipedia.org/wiki/Lovie_Austin,career_active,candidate_extraction_only,,,,,,,,not_exact_day
Q3905,Lovie Austin,career_period_candidate,1972-07-01,year,1972,https://en.wikipedia.org/wiki/Lovie_Austin,career_active,candidate_extraction_only,,,,,,,,not_exact_day
Q3915,Saki Fukuda,career_period_candidate,2004-07-01,year,2004,https://en.wikipedia.org/wiki/Saki_Fukuda,career_active,candidate_extraction_only,,,,,,,,not_exact_day
Q3923,Anne Meara,career_period_candidate,1948-07-01,year,1948,https://en.wikipedia.org/wiki/Anne_Meara,career_active,candidate_extraction_only,,,,,,,,not_exact_day
Q3923,Anne Meara,career_period_candidate,2015-07-01,year,2015,https://en.wikipedia.org/wiki/Anne_Meara,career_active,candidate_extraction_only,,,,,,,,not_exact_day
Q3924,Eric Gale,career_period_candidate,1960-07-01,year,1960,https://en.wikipedia.org/wiki/Eric_Gale,career_active,candidate_extraction_only,,,,,,,,not_exact_day
Q3924,Eric Gale,career_period_candidate,1990-07-01,year,1990,https://en.wikipedia.org/wiki/Eric_Gale,career_active,candidate_extraction_only,,,,,,,,not_exact_day
Q3929,Jason Bacashihua,career_period_candidate,2002-07-01,year,2002,https://en.wikipedia.org/wiki/Jason_Bacashihua,career_active,candidate_extraction_only,,,,,,,,not_exact_day
Q3929,Jason Bacashihua,career_period_candidate,2022-07-01,year,2022,https://en.wikipedia.org/wiki/Jason_Bacashihua,career_active,candidate_extraction_only,,,,,,,,not_exact_day
Q3942,Jorge Drexler,career_period_candidate,1996-07-01,year,1996,https://en.wikipedia.org/wiki/Jorge_Drexler,career_active,candidate_extraction_only,,,,,,,,not_exact_day
Q3943,Olivia Bonamy,career_period_candidate,1993-07-01,year,1993,https://en.wikipedia.org/wiki/Olivia_Bonamy,career_active,candidate_extraction_only,,,,,,,,not_exact_day
Q3944,Nicole Richie,career_period_candidate,1996-07-01,year,1996,https://en.wikipedia.org/wiki/Nicole_Richie,career_active,candidate_extraction_only,,,,,,,,not_exact_day
Q3945,Al-Farouq Aminu,career_period_candidate,2010-07-01,year,2010,https://en.wikipedia.org/wiki/Al-Farouq_Aminu,career_active,candidate_extraction_only,,,,,,,,not_exact_day
Q3945,Al-Farouq Aminu,career_period_candidate,2021-07-01,year,2021,https://en.wikipedia.org/wiki/Al-Farouq_Aminu,career_active,candidate_extraction_only,,,,,,,,not_exact_day
Q3957,Scott Baio,career_period_candidate,1976-07-01,year,1976,https://en.wikipedia.org/wiki/Scott_Baio,career_active,candidate_extraction_only,,,,,,,,not_exact_day
Q3966,Tiny Bradshaw,career_period_candidate,1933-07-01,year,1933,https://en.wikipedia.org/wiki/Tiny_Bradshaw,career_active,candidate_extraction_only,,,,,,,,not_exact_day
Q3966,Tiny Bradshaw,career_period_candidate,1958-07-01,year,1958,https://en.wikipedia.org/wiki/Tiny_Bradshaw,career_active,candidate_extraction_only,,,,,,,,not_exact_day
Q3970,Christian Bordeleau,career_period_candidate,1967-07-01,year,1967,https://en.wikipedia.org/wiki/Christian_Bordeleau,career_active,candidate_extraction_only,,,,,,,,not_exact_day
Q3970,Christian Bordeleau,career_period_candidate,1980-07-01,year,1980,https://en.wikipedia.org/wiki/Christian_Bordeleau,career_active,candidate_extraction_only,,,,,,,,not_exact_day
Q3973,Ingrid Fliter,career_period_candidate,1984-07-01,year,1984,https://en.wikipedia.org/wiki/Ingrid_Fliter,career_active,candidate_extraction_only,,,,,,,,not_exact_day
Q3982,Jean Servais,career_period_candidate,1932-07-01,year,1932,https://en.wikipedia.org/wiki/Jean_Servais,career_active,candidate_extraction_only,,,,,,,,not_exact_day
Q3982,Jean Servais,career_period_candidate,1939-07-01,year,1939,https://en.wikipedia.org/wiki/Jean_Servais,career_active,candidate_extraction_only,,,,,,,,not_exact_day
Q3982,Jean Servais,career_period_candidate,1948-07-01,year,1948,https://en.wikipedia.org/wiki/Jean_Servais,career_active,candidate_extraction_only,,,,,,,,not_exact_day
Q3982,Jean Servais,career_period_candidate,1973-07-01,year,1973,https://en.wikipedia.org/wiki/Jean_Servais,career_active,candidate_extraction_only,,,,,,,,not_exact_day
Q3983,Jim McKay,career_period_candidate,1955-07-01,year,1955,https://en.wikipedia.org/wiki/Jim_McKay,career_active,candidate_extraction_only,,,,,,,,not_exact_day
Q3983,Jim McKay,career_period_candidate,2000-07-01,year,2000,https://en.wikipedia.org/wiki/Jim_McKay,career_active,candidate_extraction_only,,,,,,,,not_exact_day
Q3983,Jim McKay,career_period_candidate,2002-07-01,year,2002,https://en.wikipedia.org/wiki/Jim_McKay,career_active,candidate_extraction_only,,,,,,,,not_exact_day
Q3983,Jim McKay,career_period_candidate,2006-07-01,year,2006,https://en.wikipedia.org/wiki/Jim_McKay,career_active,candidate_extraction_only,,,,,,,,not_exact_day
Q3985,Gerry Marsden,career_period_candidate,1959-07-01,year,1959,https://en.wikipedia.org/wiki/Gerry_Marsden,career_active,candidate_extraction_only,,,,,,,,not_exact_day
Q3985,Gerry Marsden,career_period_candidate,2020-07-01,year,2020,https://en.wikipedia.org/wiki/Gerry_Marsden,career_active,candidate_extraction_only,,,,,,,,not_exact_day
Q3987,Amy Sky,career_period_candidate,1989-07-01,year,1989,https://en.wikipedia.org/wiki/Amy_Sky,career_active,candidate_extraction_only,,,,,,,,not_exact_day
Q3988,Michael S. Engel,marriage_or_spouse_date_candidate,2009-07-01,year,2009,https://en.wikipedia.org/wiki/Michael_S._Engel,spouse,candidate_extraction_only,,,,,,,,not_exact_day
Q3990,Karl Alzner,career_period_candidate,2008-07-01,year,2008,https://en.wikipedia.org/wiki/Karl_Alzner,career_active,candidate_extraction_only,,,,,,,,not_exact_day
Q3990,Karl Alzner,career_period_candidate,2020-07-01,year,2020,https://en.wikipedia.org/wiki/Karl_Alzner,career_active,candidate_extraction_only,,,,,,,,not_exact_day
Q3996,Robert Bresson,marriage_or_spouse_date_candidate,1926-07-01,year,1926,https://en.wikipedia.org/wiki/Robert_Bresson,spouse,candidate_extraction_only,,,,,,,,not_exact_day
Q3996,Robert Bresson,career_period_candidate,1933-07-01,year,1933,https://en.wikipedia.org/wiki/Robert_Bresson,career_active,candidate_extraction_only,,,,,,,,not_exact_day
Q3996,Robert Bresson,career_period_candidate,1983-07-01,year,1983,https://en.wikipedia.org/wiki/Robert_Bresson,career_active,candidate_extraction_only,,,,,,,,not_exact_day
Q4002,Gary Ayles,career_period_candidate,1988-07-01,year,1988,https://en.wikipedia.org/wiki/Gary_Ayles,career_active,candidate_extraction_only,,,,,,,,not_exact_day
Q4002,Gary Ayles,career_period_candidate,1989-07-01,year,1989,https://en.wikipedia.org/wiki/Gary_Ayles,career_active,candidate_extraction_only,,,,,,,,not_exact_day
Q4002,Gary Ayles,career_period_candidate,1991-07-01,year,1991,https://en.wikipedia.org/wiki/Gary_Ayles,career_active,candidate_extraction_only,,,,,,,,not_exact_day
Q4002,Gary Ayles,career_period_candidate,1992-07-01,year,1992,https://en.wikipedia.org/wiki/Gary_Ayles,career_active,candidate_extraction_only,,,,,,,,not_exact_day
Q4002,Gary Ayles,career_period_candidate,1996-07-01,year,1996,https://en.wikipedia.org/wiki/Gary_Ayles,career_active,candidate_extraction_only,,,,,,,,not_exact_day
Q4003,Douglas September,career_period_candidate,1990-07-01,year,1990,https://en.wikipedia.org/wiki/Douglas_September,career_active,candidate_extraction_only,,,,,,,,not_exact_day
Q4005,Calle Järnkrok,career_period_candidate,2009-07-01,year,2009,https://en.wikipedia.org/wiki/Calle_J%C3%A4rnkrok,career_active,candidate_extraction_only,,,,,,,,not_exact_day
Q4009,Komitas,career_period_candidate,1891-07-01,year,1891,https://en.wikipedia.org/wiki/Komitas,career_active,candidate_extraction_only,,,,,,,,not_exact_day
Q4009,Komitas,career_period_candidate,1915-07-01,year,1915,https://en.wikipedia.org/wiki/Komitas,career_active,candidate_extraction_only,,,,,,,,not_exact_day
Q4010,Jack Bickell,death,1951-08-22,day,"August 22, 1951",https://en.wikipedia.org/wiki/Jack_Bickell,death_date,candidate_extraction_only,Virgo,7.76411663,False,Pisces,True,Leo,Cancer,date_only_midpoint
Q4013,Norm Dussault,career_period_candidate,1945-07-01,year,1945,https://en.wikipedia.org/wiki/Norm_Dussault,career_active,candidate_extraction_only,,,,,,,,not_exact_day
Q4013,Norm Dussault,career_period_candidate,1955-07-01,year,1955,https://en.wikipedia.org/wiki/Norm_Dussault,career_active,candidate_extraction_only,,,,,,,,not_exact_day
Q4013,Norm Dussault,career_period_candidate,1962-07-01,year,1962,https://en.wikipedia.org/wiki/Norm_Dussault,career_active,candidate_extraction_only,,,,,,,,not_exact_day
Q4016,Carlene Carter,career_period_candidate,1978-07-01,year,1978,https://en.wikipedia.org/wiki/Carlene_Carter,career_active,candidate_extraction_only,,,,,,,,not_exact_day
Q4017,Lysette Anthony,career_period_candidate,1980-07-01,year,1980,https://en.wikipedia.org/wiki/Lysette_Anthony,career_active,candidate_extraction_only,,,,,,,,not_exact_day
Q4018,Marty Casey,career_period_candidate,1987-07-01,year,1987,https://en.wikipedia.org/wiki/Marty_Casey,career_active,candidate_extraction_only,,,,,,,,not_exact_day
Q4022,Guillaume Rondelet,death,1566-07-30,day,30 July 1566,https://en.wikipedia.org/wiki/Guillaume_Rondelet,death_date,candidate_extraction_only,Leo,12.89996964,False,Virgo,False,Gemini,Leo,date_only_midpoint
Q4029,Wilford Brimley,career_period_candidate,1967-07-01,year,1967,https://en.wikipedia.org/wiki/Wilford_Brimley,career_active,candidate_extraction_only,,,,,,,,not_exact_day
Q4029,Wilford Brimley,career_period_candidate,2017-07-01,year,2017,https://en.wikipedia.org/wiki/Wilford_Brimley,career_active,candidate_extraction_only,,,,,,,,not_exact_day
Q4034,Jay Bouwmeester,career_period_candidate,2002-07-01,year,2002,https://en.wikipedia.org/wiki/Jay_Bouwmeester,career_active,candidate_extraction_only,,,,,,,,not_exact_day
Q4034,Jay Bouwmeester,career_period_candidate,2020-07-01,year,2020,https://en.wikipedia.org/wiki/Jay_Bouwmeester,career_active,candidate_extraction_only,,,,,,,,not_exact_day
Q4043,Koko Taylor,career_period_candidate,1958-07-01,year,1958,https://en.wikipedia.org/wiki/Koko_Taylor,career_active,candidate_extraction_only,,,,,,,,not_exact_day
Q4043,Koko Taylor,career_period_candidate,2009-07-01,year,2009,https://en.wikipedia.org/wiki/Koko_Taylor,career_active,candidate_extraction_only,,,,,,,,not_exact_day
Q4044,Ben E. King,career_period_candidate,1958-07-01,year,1958,https://en.wikipedia.org/wiki/Ben_E._King,career_active,candidate_extraction_only,,,,,,,,not_exact_day
Q4044,Ben E. King,career_period_candidate,2015-07-01,year,2015,https://en.wikipedia.org/wiki/Ben_E._King,career_active,candidate_extraction_only,,,,,,,,not_exact_day
Q4047,Scott Adams,career_period_candidate,1989-07-01,year,1989,https://en.wikipedia.org/wiki/Scott_Adams,career_active,candidate_extraction_only,,,,,,,,not_exact_day
Q4047,Scott Adams,career_period_candidate,2026-07-01,year,2026,https://en.wikipedia.org/wiki/Scott_Adams,career_active,candidate_extraction_only,,,,,,,,not_exact_day
Q4051,Margaret of England,death,1275-02-26,day,26 February 1275,https://en.wikipedia.org/wiki/Margaret_of_England,death_date,candidate_extraction_only,Virgo,28.51122461,True,Aquarius,False,Aries,Scorpio,date_only_midpoint
Q4052,"Algernon Percy, 10th Earl of Northumberland",marriage_or_spouse_date_candidate,1637-07-01,year,1637,https://en.wikipedia.org/wiki/Algernon_Percy%2C_10th_Earl_of_Northumberland,spouse,candidate_extraction_only,,,,,,,,not_exact_day
Q4055,Clarence Ashley,career_period_candidate,1960-07-01,year,1960,https://en.wikipedia.org/wiki/Clarence_Ashley,career_active,candidate_extraction_only,,,,,,,,not_exact_day
Q4055,Clarence Ashley,career_period_candidate,1967-07-01,year,1967,https://en.wikipedia.org/wiki/Clarence_Ashley,career_active,candidate_extraction_only,,,,,,,,not_exact_day
Q4056,Gene Autry,career_period_candidate,1925-07-01,year,1925,https://en.wikipedia.org/wiki/Gene_Autry,career_active,candidate_extraction_only,,,,,,,,not_exact_day
Q4056,Gene Autry,career_period_candidate,1964-07-01,year,1964,https://en.wikipedia.org/wiki/Gene_Autry,career_active,candidate_extraction_only,,,,,,,,not_exact_day
Q4057,Vincent DeDomenico,death,2007-10-18,day,"October 18, 2007",https://en.wikipedia.org/wiki/Vincent_DeDomenico,death_date,candidate_extraction_only,Leo,11.31081472,False,Scorpio,False,Leo,Gemini,date_only_midpoint
Q4059,Jerry Lee Lewis,career_period_candidate,1949-07-01,year,1949,https://en.wikipedia.org/wiki/Jerry_Lee_Lewis,career_active,candidate_extraction_only,,,,,,,,not_exact_day
Q4059,Jerry Lee Lewis,career_period_candidate,2022-07-01,year,2022,https://en.wikipedia.org/wiki/Jerry_Lee_Lewis,career_active,candidate_extraction_only,,,,,,,,not_exact_day
Q4065,Kevin Durant,career_period_candidate,2007-07-01,year,2007,https://en.wikipedia.org/wiki/Kevin_Durant,career_active,candidate_extraction_only,,,,,,,,not_exact_day
Q4066,Rumi,death,1273-12-17,day,17 December 1273,https://en.wikipedia.org/wiki/Rumi,death_date,candidate_extraction_only,Virgo,16.85211664,False,Capricorn,False,Libra,Aquarius,date_only_midpoint
Q4077,Omid Djalili,career_period_candidate,1991-07-01,year,1991,https://en.wikipedia.org/wiki/Omid_Djalili,career_active,candidate_extraction_only,,,,,,,,not_exact_day
Q4078,Rubén Wolkowyski,career_period_candidate,1994-07-01,year,1994,https://en.wikipedia.org/wiki/Rub%C3%A9n_Wolkowyski,career_active,candidate_extraction_only,,,,,,,,not_exact_day
Q4078,Rubén Wolkowyski,career_period_candidate,2015-07-01,year,2015,https://en.wikipedia.org/wiki/Rub%C3%A9n_Wolkowyski,career_active,candidate_extraction_only,,,,,,,,not_exact_day
Q4079,Lacey Chabert,career_period_candidate,1985-07-01,year,1985,https://en.wikipedia.org/wiki/Lacey_Chabert,career_active,candidate_extraction_only,,,,,,,,not_exact_day
Q4089,Julie Andrews,career_period_candidate,1945-07-01,year,1945,https://en.wikipedia.org/wiki/Julie_Andrews,career_active,candidate_extraction_only,,,,,,,,not_exact_day
Q4091,Howard Hewett,career_period_candidate,1977-07-01,year,1977,https://en.wikipedia.org/wiki/Howard_Hewett,career_active,candidate_extraction_only,,,,,,,,not_exact_day
Q4096,Richard III of England,death,1485-08-22,day,22 August 1485,https://en.wikipedia.org/wiki/Richard_III_of_England,death_date,candidate_extraction_only,Scorpio,7.60884405,False,Scorpio,False,Leo,Leo,date_only_midpoint
Q4103,Dick Barnett,career_period_candidate,1959-07-01,year,1959,https://en.wikipedia.org/wiki/Dick_Barnett,career_active,candidate_extraction_only,,,,,,,,not_exact_day
Q4103,Dick Barnett,career_period_candidate,1973-07-01,year,1973,https://en.wikipedia.org/wiki/Dick_Barnett,career_active,candidate_extraction_only,,,,,,,,not_exact_day
Q4105,Mike Rutherford,career_period_candidate,1967-07-01,year,1967,https://en.wikipedia.org/wiki/Mike_Rutherford,career_active,candidate_extraction_only,,,,,,,,not_exact_day
Q4108,Melissa Harris-Perry,marriage_or_spouse_date_candidate,1999-07-01,year,1999,https://en.wikipedia.org/wiki/Melissa_Harris-Perry,spouse,candidate_extraction_only,,,,,,,,not_exact_day
Q4108,Melissa Harris-Perry,marriage_or_spouse_date_candidate,2005-07-01,year,2005,https://en.wikipedia.org/wiki/Melissa_Harris-Perry,spouse,candidate_extraction_only,,,,,,,,not_exact_day
Q4108,Melissa Harris-Perry,marriage_or_spouse_date_candidate,2010-07-01,year,2010,https://en.wikipedia.org/wiki/Melissa_Harris-Perry,spouse,candidate_extraction_only,,,,,,,,not_exact_day
Q4111,"Humphrey, Duke of Gloucester",death,1447-02-23,day,23 February 1447,https://en.wikipedia.org/wiki/Humphrey%2C_Duke_of_Gloucester,death_date,candidate_extraction_only,Cancer,22.83023762,True,Virgo,True,Aquarius,Pisces,date_only_midpoint
Q4115,Wade Boteler,marriage_or_spouse_date_candidate,1918-07-01,year,1918,https://en.wikipedia.org/wiki/Wade_Boteler,spouse,candidate_extraction_only,,,,,,,,not_exact_day
Q4115,Wade Boteler,marriage_or_spouse_date_candidate,1943-05-07,day,"May 7, 1943",https://en.wikipedia.org/wiki/Wade_Boteler,spouse,candidate_extraction_only,Taurus,18.97800671,False,Gemini,False,Gemini,Aquarius,date_only_midpoint
Q4115,Wade Boteler,career_period_candidate,1919-07-01,year,1919,https://en.wikipedia.org/wiki/Wade_Boteler,career_active,candidate_extraction_only,,,,,,,,not_exact_day
Q4115,Wade Boteler,career_period_candidate,1943-07-01,year,1943,https://en.wikipedia.org/wiki/Wade_Boteler,career_active,candidate_extraction_only,,,,,,,,not_exact_day
Q4116,Gertrude Berg,career_period_candidate,1929-07-01,year,1929,https://en.wikipedia.org/wiki/Gertrude_Berg,career_active,candidate_extraction_only,,,,,,,,not_exact_day
Q4116,Gertrude Berg,career_period_candidate,1961-07-01,year,1961,https://en.wikipedia.org/wiki/Gertrude_Berg,career_active,candidate_extraction_only,,,,,,,,not_exact_day
Q4119,Bob Armstrong,debut_or_career_start,1960-07-01,year,1960,https://en.wikipedia.org/wiki/Bob_Armstrong,debut,candidate_extraction_only,,,,,,,,not_exact_day
Q4129,François Guizot,marriage_or_spouse_date_candidate,1812-07-01,year,1812,https://en.wikipedia.org/wiki/Fran%C3%A7ois_Guizot,spouse,candidate_extraction_only,,,,,,,,not_exact_day
Q4129,François Guizot,marriage_or_spouse_date_candidate,1827-07-01,year,1827,https://en.wikipedia.org/wiki/Fran%C3%A7ois_Guizot,spouse,candidate_extraction_only,,,,,,,,not_exact_day
Q4129,François Guizot,marriage_or_spouse_date_candidate,1828-07-01,year,1828,https://en.wikipedia.org/wiki/Fran%C3%A7ois_Guizot,spouse,candidate_extraction_only,,,,,,,,not_exact_day
Q4129,François Guizot,marriage_or_spouse_date_candidate,1833-07-01,year,1833,https://en.wikipedia.org/wiki/Fran%C3%A7ois_Guizot,spouse,candidate_extraction_only,,,,,,,,not_exact_day
Q4132,August Mälk,career_period_candidate,1926-07-01,year,1926,https://en.wikipedia.org/wiki/August_M%C3%A4lk,career_active,candidate_extraction_only,,,,,,,,not_exact_day
Q4132,August Mälk,career_period_candidate,1987-07-01,year,1987,https://en.wikipedia.org/wiki/August_M%C3%A4lk,career_active,candidate_extraction_only,,,,,,,,not_exact_day
Q4133,Violeta Parra,career_period_candidate,1939-07-01,year,1939,https://en.wikipedia.org/wiki/Violeta_Parra,career_active,candidate_extraction_only,,,,,,,,not_exact_day
Q4133,Violeta Parra,career_period_candidate,1967-07-01,year,1967,https://en.wikipedia.org/wiki/Violeta_Parra,career_active,candidate_extraction_only,,,,,,,,not_exact_day
Q4136,Julien Clerc,career_period_candidate,1969-07-01,year,1969,https://en.wikipedia.org/wiki/Julien_Clerc,career_active,candidate_extraction_only,,,,,,,,not_exact_day
Q4137,Bill Fagerbakke,career_period_candidate,1984-07-01,year,1984,https://en.wikipedia.org/wiki/Bill_Fagerbakke,career_active,candidate_extraction_only,,,,,,,,not_exact_day
Q4138,Vicky Bullett,career_period_candidate,1990-07-01,year,1990,https://en.wikipedia.org/wiki/Vicky_Bullett,career_active,candidate_extraction_only,,,,,,,,not_exact_day
Q4138,Vicky Bullett,career_period_candidate,2006-07-01,year,2006,https://en.wikipedia.org/wiki/Vicky_Bullett,career_active,candidate_extraction_only,,,,,,,,not_exact_day
Q4140,Melissa Benoist,career_period_candidate,2000-07-01,year,2000,https://en.wikipedia.org/wiki/Melissa_Benoist,career_active,candidate_extraction_only,,,,,,,,not_exact_day
Q4141,Al-Dhahabi,death,1348-02-03,day,3 February 1348,https://en.wikipedia.org/wiki/Al-Dhahabi,death_date,candidate_extraction_only,Pisces,0.2458289,False,Aries,False,Capricorn,Cancer,date_only_midpoint
Q4145,Louise Dresser,career_period_candidate,1900-07-01,year,1900,https://en.wikipedia.org/wiki/Louise_Dresser,career_active,candidate_extraction_only,,,,,,,,not_exact_day
Q4145,Louise Dresser,career_period_candidate,1937-07-01,year,1937,https://en.wikipedia.org/wiki/Louise_Dresser,career_active,candidate_extraction_only,,,,,,,,not_exact_day
Q4157,"Roger Manners, 5th Earl of Rutland",death,1612-06-26,day,26 June 1612,https://en.wikipedia.org/wiki/Roger_Manners%2C_5th_Earl_of_Rutland,death_date,candidate_extraction_only,Aquarius,29.35111366,False,Leo,False,Leo,Aries,date_only_midpoint
Q4163,Flora MacNeil,death,2015-05-15,day,15 May 2015,https://en.wikipedia.org/wiki/Flora_MacNeil,death_date,candidate_extraction_only,Scorpio,8.12676518,True,Cancer,False,Gemini,Taurus,date_only_midpoint
Q4165,Patxi Andión,marriage_or_spouse_date_candidate,1976-07-01,year,1976,https://en.wikipedia.org/wiki/Patxi_Andi%C3%B3n,spouse,candidate_extraction_only,,,,,,,,not_exact_day
Q4165,Patxi Andión,marriage_or_spouse_date_candidate,1983-07-01,year,1983,https://en.wikipedia.org/wiki/Patxi_Andi%C3%B3n,spouse,candidate_extraction_only,,,,,,,,not_exact_day
Q4168,Jeff B. Davis,career_period_candidate,1984-07-01,year,1984,https://en.wikipedia.org/wiki/Jeff_B._Davis,career_active,candidate_extraction_only,,,,,,,,not_exact_day
Q4180,Judee Sill,career_period_candidate,1960-07-01,year,1960,https://en.wikipedia.org/wiki/Judee_Sill,career_active,candidate_extraction_only,,,,,,,,not_exact_day
Q4180,Judee Sill,career_period_candidate,1970-07-01,year,1970,https://en.wikipedia.org/wiki/Judee_Sill,career_active,candidate_extraction_only,,,,,,,,not_exact_day
Q4181,Mary Badham,career_period_candidate,1962-07-01,year,1962,https://en.wikipedia.org/wiki/Mary_Badham,career_active,candidate_extraction_only,,,,,,,,not_exact_day
Q4181,Mary Badham,career_period_candidate,1966-07-01,year,1966,https://en.wikipedia.org/wiki/Mary_Badham,career_active,candidate_extraction_only,,,,,,,,not_exact_day
Q4181,Mary Badham,career_period_candidate,2005-07-01,year,2005,https://en.wikipedia.org/wiki/Mary_Badham,career_active,candidate_extraction_only,,,,,,,,not_exact_day
Q4181,Mary Badham,career_period_candidate,2022-07-01,year,2022,https://en.wikipedia.org/wiki/Mary_Badham,career_active,candidate_extraction_only,,,,,,,,not_exact_day
Q4186,Narapatisithu,death,1211-08-18,day,18 August 1211,https://en.wikipedia.org/wiki/Narapatisithu,death_date,candidate_extraction_only,Cancer,29.00438729,False,Libra,False,Gemini,Scorpio,date_only_midpoint
Q4186,Narapatisithu,death,1964-07-01,year,1964,https://en.wikipedia.org/wiki/Narapatisithu,death_date,candidate_extraction_only,,,,,,,,not_exact_day
Q4186,Narapatisithu,death,1970-07-01,year,1970,https://en.wikipedia.org/wiki/Narapatisithu,death_date,candidate_extraction_only,,,,,,,,not_exact_day
Q4191,Rouben Mamoulian,career_period_candidate,1927-07-01,year,1927,https://en.wikipedia.org/wiki/Rouben_Mamoulian,career_active,candidate_extraction_only,,,,,,,,not_exact_day
Q4191,Rouben Mamoulian,career_period_candidate,1963-07-01,year,1963,https://en.wikipedia.org/wiki/Rouben_Mamoulian,career_active,candidate_extraction_only,,,,,,,,not_exact_day
Q4193,Raaj Kumar,career_period_candidate,1952-07-01,year,1952,https://en.wikipedia.org/wiki/Raaj_Kumar,career_active,candidate_extraction_only,,,,,,,,not_exact_day
Q4193,Raaj Kumar,career_period_candidate,1995-07-01,year,1995,https://en.wikipedia.org/wiki/Raaj_Kumar,career_active,candidate_extraction_only,,,,,,,,not_exact_day
Q4200,Chelsea Gray,career_period_candidate,2014-07-01,year,2014,https://en.wikipedia.org/wiki/Chelsea_Gray,career_active,candidate_extraction_only,,,,,,,,not_exact_day
Q4203,Simeon Solomon,death,1905-08-14,day,14 August 1905,https://en.wikipedia.org/wiki/Simeon_Solomon,death_date,candidate_extraction_only,Aquarius,7.65130277,True,Taurus,False,Gemini,Scorpio,date_only_midpoint
Q4210,France Gall,career_period_candidate,1963-07-01,year,1963,https://en.wikipedia.org/wiki/France_Gall,career_active,candidate_extraction_only,,,,,,,,not_exact_day
Q4210,France Gall,career_period_candidate,1997-07-01,year,1997,https://en.wikipedia.org/wiki/France_Gall,career_active,candidate_extraction_only,,,,,,,,not_exact_day
Q4211,Linwood Boomer,career_period_candidate,1978-07-01,year,1978,https://en.wikipedia.org/wiki/Linwood_Boomer,career_active,candidate_extraction_only,,,,,,,,not_exact_day
Q4213,Keith Booth,career_period_candidate,1997-07-01,year,1997,https://en.wikipedia.org/wiki/Keith_Booth,career_active,candidate_extraction_only,,,,,,,,not_exact_day
Q4213,Keith Booth,career_period_candidate,2000-07-01,year,2000,https://en.wikipedia.org/wiki/Keith_Booth,career_active,candidate_extraction_only,,,,,,,,not_exact_day
Q4215,Jerian Grant,career_period_candidate,2015-07-01,year,2015,https://en.wikipedia.org/wiki/Jerian_Grant,career_active,candidate_extraction_only,,,,,,,,not_exact_day
Q4222,Robert F. Boyle,career_period_candidate,1933-07-01,year,1933,https://en.wikipedia.org/wiki/Robert_F._Boyle,career_active,candidate_extraction_only,,,,,,,,not_exact_day
Q4222,Robert F. Boyle,career_period_candidate,2010-07-01,year,2010,https://en.wikipedia.org/wiki/Robert_F._Boyle,career_active,candidate_extraction_only,,,,,,,,not_exact_day
Q4226,Bob Nystrom,career_period_candidate,1972-07-01,year,1972,https://en.wikipedia.org/wiki/Bob_Nystrom,career_active,candidate_extraction_only,,,,,,,,not_exact_day
Q4226,Bob Nystrom,career_period_candidate,1986-07-01,year,1986,https://en.wikipedia.org/wiki/Bob_Nystrom,career_active,candidate_extraction_only,,,,,,,,not_exact_day
Q4229,Kangta,career_period_candidate,1996-07-01,year,1996,https://en.wikipedia.org/wiki/Kangta,career_active,candidate_extraction_only,,,,,,,,not_exact_day
Q4239,Lester Bowie,career_period_candidate,1965-07-01,year,1965,https://en.wikipedia.org/wiki/Lester_Bowie,career_active,candidate_extraction_only,,,,,,,,not_exact_day
Q4239,Lester Bowie,career_period_candidate,1999-07-01,year,1999,https://en.wikipedia.org/wiki/Lester_Bowie,career_active,candidate_extraction_only,,,,,,,,not_exact_day
Q4242,Luke Perry,career_period_candidate,1981-07-01,year,1981,https://en.wikipedia.org/wiki/Luke_Perry,career_active,candidate_extraction_only,,,,,,,,not_exact_day
Q4242,Luke Perry,career_period_candidate,2019-07-01,year,2019,https://en.wikipedia.org/wiki/Luke_Perry,career_active,candidate_extraction_only,,,,,,,,not_exact_day
Q4244,Denis Grebeshkov,career_period_candidate,2001-07-01,year,2001,https://en.wikipedia.org/wiki/Denis_Grebeshkov,career_active,candidate_extraction_only,,,,,,,,not_exact_day
Q4244,Denis Grebeshkov,career_period_candidate,2015-07-01,year,2015,https://en.wikipedia.org/wiki/Denis_Grebeshkov,career_active,candidate_extraction_only,,,,,,,,not_exact_day
Q4256,Clémentine Célarié,career_period_candidate,1973-07-01,year,1973,https://en.wikipedia.org/wiki/Cl%C3%A9mentine_C%C3%A9lari%C3%A9,career_active,candidate_extraction_only,,,,,,,,not_exact_day
Q4257,Jonathan Crombie,career_period_candidate,1982-07-01,year,1982,https://en.wikipedia.org/wiki/Jonathan_Crombie,career_active,candidate_extraction_only,,,,,,,,not_exact_day
Q4257,Jonathan Crombie,career_period_candidate,2015-07-01,year,2015,https://en.wikipedia.org/wiki/Jonathan_Crombie,career_active,candidate_extraction_only,,,,,,,,not_exact_day
Q4263,Charles Frederick Worth,marriage_or_spouse_date_candidate,1825-07-01,year,1825,https://en.wikipedia.org/wiki/Charles_Frederick_Worth,spouse,candidate_extraction_only,,,,,,,,not_exact_day
Q4263,Charles Frederick Worth,marriage_or_spouse_date_candidate,1898-07-01,year,1898,https://en.wikipedia.org/wiki/Charles_Frederick_Worth,spouse,candidate_extraction_only,,,,,,,,not_exact_day
Q4265,Irene Rich,career_period_candidate,1918-07-01,year,1918,https://en.wikipedia.org/wiki/Irene_Rich,career_active,candidate_extraction_only,,,,,,,,not_exact_day
Q4265,Irene Rich,career_period_candidate,1949-07-01,year,1949,https://en.wikipedia.org/wiki/Irene_Rich,career_active,candidate_extraction_only,,,,,,,,not_exact_day
Q4267,Yves Montand,career_period_candidate,1946-07-01,year,1946,https://en.wikipedia.org/wiki/Yves_Montand,career_active,candidate_extraction_only,,,,,,,,not_exact_day
Q4267,Yves Montand,career_period_candidate,1991-07-01,year,1991,https://en.wikipedia.org/wiki/Yves_Montand,career_active,candidate_extraction_only,,,,,,,,not_exact_day
Q4269,Shirley Caesar,career_period_candidate,1951-07-01,year,1951,https://en.wikipedia.org/wiki/Shirley_Caesar,career_active,candidate_extraction_only,,,,,,,,not_exact_day
Q4272,T'Keyah Crystal Keymáh,career_period_candidate,1982-07-01,year,1982,https://en.wikipedia.org/wiki/T%27Keyah_Crystal_Keym%C3%A1h,career_active,candidate_extraction_only,,,,,,,,not_exact_day
Q4273,Serena Altschul,career_period_candidate,1993-07-01,year,1993,https://en.wikipedia.org/wiki/Serena_Altschul,career_active,candidate_extraction_only,,,,,,,,not_exact_day
Q4279,John See,marriage_or_spouse_date_candidate,1876-07-01,year,1876,https://en.wikipedia.org/wiki/John_See,spouse,candidate_extraction_only,,,,,,,,not_exact_day
Q4279,John See,marriage_or_spouse_date_candidate,1904-07-01,year,1904,https://en.wikipedia.org/wiki/John_See,spouse,candidate_extraction_only,,,,,,,,not_exact_day
Q4281,Alicja Dorabialska,death,1975-07-01,year,1975,https://en.wikipedia.org/wiki/Alicja_Dorabialska,death_date,candidate_extraction_only,,,,,,,,not_exact_day
Q4297,Edwin O. Reischauer,marriage_or_spouse_date_candidate,1956-07-01,year,1956,https://en.wikipedia.org/wiki/Edwin_O._Reischauer,spouse,candidate_extraction_only,,,,,,,,not_exact_day
Q4303,Fred Hoiberg,career_period_candidate,1995-07-01,year,1995,https://en.wikipedia.org/wiki/Fred_Hoiberg,career_active,candidate_extraction_only,,,,,,,,not_exact_day
Q4303,Fred Hoiberg,career_period_candidate,2005-07-01,year,2005,https://en.wikipedia.org/wiki/Fred_Hoiberg,career_active,candidate_extraction_only,,,,,,,,not_exact_day
Q4305,Brock Nelson,career_period_candidate,2012-07-01,year,2012,https://en.wikipedia.org/wiki/Brock_Nelson,career_active,candidate_extraction_only,,,,,,,,not_exact_day
Q4318,Randall Batinkoff,career_period_candidate,1974-07-01,year,1974,https://en.wikipedia.org/wiki/Randall_Batinkoff,career_active,candidate_extraction_only,,,,,,,,not_exact_day
Q4319,Sue Bird,career_period_candidate,2002-07-01,year,2002,https://en.wikipedia.org/wiki/Sue_Bird,career_active,candidate_extraction_only,,,,,,,,not_exact_day
Q4319,Sue Bird,career_period_candidate,2022-07-01,year,2022,https://en.wikipedia.org/wiki/Sue_Bird,career_active,candidate_extraction_only,,,,,,,,not_exact_day
Q4329,Luiz Bonfá,career_period_candidate,1940-07-01,year,1940,https://en.wikipedia.org/wiki/Luiz_Bonf%C3%A1,career_active,candidate_extraction_only,,,,,,,,not_exact_day
Q4329,Luiz Bonfá,career_period_candidate,2001-07-01,year,2001,https://en.wikipedia.org/wiki/Luiz_Bonf%C3%A1,career_active,candidate_extraction_only,,,,,,,,not_exact_day
Q4335,Sergiy Gladyr,career_period_candidate,2004-07-01,year,2004,https://en.wikipedia.org/wiki/Sergiy_Gladyr,career_active,candidate_extraction_only,,,,,,,,not_exact_day
Q4335,Sergiy Gladyr,career_period_candidate,2019-07-01,year,2019,https://en.wikipedia.org/wiki/Sergiy_Gladyr,career_active,candidate_extraction_only,,,,,,,,not_exact_day
Q4344,Chris Albertson,career_period_candidate,1948-07-01,year,1948,https://en.wikipedia.org/wiki/Chris_Albertson,career_active,candidate_extraction_only,,,,,,,,not_exact_day
Q4344,Chris Albertson,career_period_candidate,2019-07-01,year,2019,https://en.wikipedia.org/wiki/Chris_Albertson,career_active,candidate_extraction_only,,,,,,,,not_exact_day
Q4347,Wynton Marsalis,career_period_candidate,1980-07-01,year,1980,https://en.wikipedia.org/wiki/Wynton_Marsalis,career_active,candidate_extraction_only,,,,,,,,not_exact_day
Q4362,Sinitta,career_period_candidate,1981-07-01,year,1981,https://en.wikipedia.org/wiki/Sinitta,career_active,candidate_extraction_only,,,,,,,,not_exact_day
Q4365,Colton Dixon,career_period_candidate,2010-07-01,year,2010,https://en.wikipedia.org/wiki/Colton_Dixon,career_active,candidate_extraction_only,,,,,,,,not_exact_day
Q4368,George Ormerod,death,1873-10-09,day,9 October 1873,https://en.wikipedia.org/wiki/George_Ormerod,death_date,candidate_extraction_only,Capricorn,4.06641968,False,Leo,False,Leo,Sagittarius,date_only_midpoint
Q4371,Frank Churchill,career_period_candidate,1916-07-01,year,1916,https://en.wikipedia.org/wiki/Frank_Churchill,career_active,candidate_extraction_only,,,,,,,,not_exact_day
Q4371,Frank Churchill,career_period_candidate,1942-07-01,year,1942,https://en.wikipedia.org/wiki/Frank_Churchill,career_active,candidate_extraction_only,,,,,,,,not_exact_day
Q4372,Stéphane Hessel,career_period_candidate,1946-07-01,year,1946,https://en.wikipedia.org/wiki/St%C3%A9phane_Hessel,career_active,candidate_extraction_only,,,,,,,,not_exact_day
Q4372,Stéphane Hessel,career_period_candidate,2013-07-01,year,2013,https://en.wikipedia.org/wiki/St%C3%A9phane_Hessel,career_active,candidate_extraction_only,,,,,,,,not_exact_day
Q4380,Humberto Carrillo,debut_or_career_start,2012-12-16,day,"December 16, 2012",https://en.wikipedia.org/wiki/Humberto_Carrillo,debut,candidate_extraction_only,Libra,14.15935743,False,Taurus,True,Scorpio,Sagittarius,date_only_midpoint
Q4389,Said Afandi al-Chirkawi,death,2012-08-28,day,28 August 2012,https://en.wikipedia.org/wiki/Said_Afandi_al-Chirkawi,death_date,candidate_extraction_only,Libra,1.88171131,False,Taurus,False,Gemini,Libra,date_only_midpoint
Q4390,Everett McGill,career_period_candidate,1972-07-01,year,1972,https://en.wikipedia.org/wiki/Everett_McGill,career_active,candidate_extraction_only,,,,,,,,not_exact_day
Q4390,Everett McGill,career_period_candidate,1999-07-01,year,1999,https://en.wikipedia.org/wiki/Everett_McGill,career_active,candidate_extraction_only,,,,,,,,not_exact_day
Q4390,Everett McGill,career_period_candidate,2015-07-01,year,2015,https://en.wikipedia.org/wiki/Everett_McGill,career_active,candidate_extraction_only,,,,,,,,not_exact_day
Q4390,Everett McGill,career_period_candidate,2017-07-01,year,2017,https://en.wikipedia.org/wiki/Everett_McGill,career_active,candidate_extraction_only,,,,,,,,not_exact_day
Q4392,Jon Carin,career_period_candidate,1981-07-01,year,1981,https://en.wikipedia.org/wiki/Jon_Carin,career_active,candidate_extraction_only,,,,,,,,not_exact_day
Q4394,Kim Kardashian,career_period_candidate,2003-07-01,year,2003,https://en.wikipedia.org/wiki/Kim_Kardashian,career_active,candidate_extraction_only,,,,,,,,not_exact_day
Q4395,Tonje Brenna,marriage_or_spouse_date_candidate,2022-07-01,year,2022,https://en.wikipedia.org/wiki/Tonje_Brenna,spouse,candidate_extraction_only,,,,,,,,not_exact_day
Q4395,Tonje Brenna,marriage_or_spouse_date_candidate,2023-07-01,month,July 2023,https://en.wikipedia.org/wiki/Tonje_Brenna,spouse,candidate_extraction_only,Aquarius,12.87214852,True,Aries,False,Cancer,Leo,date_only_midpoint
Q4403,Slater Martin,career_period_candidate,1949-07-01,year,1949,https://en.wikipedia.org/wiki/Slater_Martin,career_active,candidate_extraction_only,,,,,,,,not_exact_day
Q4403,Slater Martin,career_period_candidate,1960-07-01,year,1960,https://en.wikipedia.org/wiki/Slater_Martin,career_active,candidate_extraction_only,,,,,,,,not_exact_day
Q4404,Alan Ladd Jr.,career_period_candidate,1963-07-01,year,1963,https://en.wikipedia.org/wiki/Alan_Ladd_Jr.,career_active,candidate_extraction_only,,,,,,,,not_exact_day
Q4404,Alan Ladd Jr.,career_period_candidate,2007-07-01,year,2007,https://en.wikipedia.org/wiki/Alan_Ladd_Jr.,career_active,candidate_extraction_only,,,,,,,,not_exact_day
Q4407,Dražen Petrović,career_period_candidate,1979-07-01,year,1979,https://en.wikipedia.org/wiki/Dra%C5%BEen_Petrovi%C4%87,career_active,candidate_extraction_only,,,,,,,,not_exact_day
Q4407,Dražen Petrović,career_period_candidate,1993-07-01,year,1993,https://en.wikipedia.org/wiki/Dra%C5%BEen_Petrovi%C4%87,career_active,candidate_extraction_only,,,,,,,,not_exact_day
Q4408,Saffron Burrows,career_period_candidate,1991-07-01,year,1991,https://en.wikipedia.org/wiki/Saffron_Burrows,career_active,candidate_extraction_only,,,,,,,,not_exact_day
Q4418,Unto Mononen,career_period_candidate,1950-07-01,year,1950,https://en.wikipedia.org/wiki/Unto_Mononen,career_active,candidate_extraction_only,,,,,,,,not_exact_day
Q4418,Unto Mononen,career_period_candidate,1968-07-01,year,1968,https://en.wikipedia.org/wiki/Unto_Mononen,career_active,candidate_extraction_only,,,,,,,,not_exact_day
Q4423,Michelle Beadle,career_period_candidate,1997-07-01,year,1997,https://en.wikipedia.org/wiki/Michelle_Beadle,career_active,candidate_extraction_only,,,,,,,,not_exact_day
Q4426,"David Stewart, Duke of Rothesay",marriage_or_spouse_date_candidate,1400-07-01,year,1400,https://en.wikipedia.org/wiki/David_Stewart%2C_Duke_of_Rothesay,spouse,candidate_extraction_only,,,,,,,,not_exact_day
Q4429,Emil Fjellström,marriage_or_spouse_date_candidate,1913-07-01,year,1913,https://en.wikipedia.org/wiki/Emil_Fjellstr%C3%B6m,spouse,candidate_extraction_only,,,,,,,,not_exact_day
Q4429,Emil Fjellström,marriage_or_spouse_date_candidate,1944-07-01,year,1944,https://en.wikipedia.org/wiki/Emil_Fjellstr%C3%B6m,spouse,candidate_extraction_only,,,,,,,,not_exact_day
Q4429,Emil Fjellström,career_period_candidate,1906-07-01,year,1906,https://en.wikipedia.org/wiki/Emil_Fjellstr%C3%B6m,career_active,candidate_extraction_only,,,,,,,,not_exact_day
Q4429,Emil Fjellström,career_period_candidate,1944-07-01,year,1944,https://en.wikipedia.org/wiki/Emil_Fjellstr%C3%B6m,career_active,candidate_extraction_only,,,,,,,,not_exact_day
Q4433,Hubert Aquin,marriage_or_spouse_date_candidate,1955-07-01,year,1955,https://en.wikipedia.org/wiki/Hubert_Aquin,spouse,candidate_extraction_only,,,,,,,,not_exact_day
Q4433,Hubert Aquin,marriage_or_spouse_date_candidate,1975-07-01,year,1975,https://en.wikipedia.org/wiki/Hubert_Aquin,spouse,candidate_extraction_only,,,,,,,,not_exact_day
Q4435,Jerry Edmonton,career_period_candidate,1964-07-01,year,1964,https://en.wikipedia.org/wiki/Jerry_Edmonton,career_active,candidate_extraction_only,,,,,,,,not_exact_day
Q4435,Jerry Edmonton,career_period_candidate,1993-07-01,year,1993,https://en.wikipedia.org/wiki/Jerry_Edmonton,career_active,candidate_extraction_only,,,,,,,,not_exact_day
Q4447,Nell Shipman,career_period_candidate,1910-07-01,year,1910,https://en.wikipedia.org/wiki/Nell_Shipman,career_active,candidate_extraction_only,,,,,,,,not_exact_day
Q4447,Nell Shipman,career_period_candidate,1947-07-01,year,1947,https://en.wikipedia.org/wiki/Nell_Shipman,career_active,candidate_extraction_only,,,,,,,,not_exact_day
Q4451,Terumasa Hino,career_period_candidate,1955-07-01,year,1955,https://en.wikipedia.org/wiki/Terumasa_Hino,career_active,candidate_extraction_only,,,,,,,,not_exact_day
Q4452,Mike Eruzione,career_period_candidate,1977-07-01,year,1977,https://en.wikipedia.org/wiki/Mike_Eruzione,career_active,candidate_extraction_only,,,,,,,,not_exact_day
Q4452,Mike Eruzione,career_period_candidate,1980-07-01,year,1980,https://en.wikipedia.org/wiki/Mike_Eruzione,career_active,candidate_extraction_only,,,,,,,,not_exact_day
Q4458,Ivan Mane Jarnović,career_period_candidate,1770-07-01,year,1770,https://en.wikipedia.org/wiki/Ivan_Mane_Jarnovi%C4%87,career_active,candidate_extraction_only,,,,,,,,not_exact_day
Q4458,Ivan Mane Jarnović,career_period_candidate,1804-07-01,year,1804,https://en.wikipedia.org/wiki/Ivan_Mane_Jarnovi%C4%87,career_active,candidate_extraction_only,,,,,,,,not_exact_day
Q4464,Warne Marsh,career_period_candidate,1940-07-01,year,1940,https://en.wikipedia.org/wiki/Warne_Marsh,career_active,candidate_extraction_only,,,,,,,,not_exact_day
Q4464,Warne Marsh,career_period_candidate,1987-07-01,year,1987,https://en.wikipedia.org/wiki/Warne_Marsh,career_active,candidate_extraction_only,,,,,,,,not_exact_day
Q4466,Bootsy Collins,career_period_candidate,1968-07-01,year,1968,https://en.wikipedia.org/wiki/Bootsy_Collins,career_active,candidate_extraction_only,,,,,,,,not_exact_day
Q4467,Patrick Breen,career_period_candidate,1986-07-01,year,1986,https://en.wikipedia.org/wiki/Patrick_Breen,career_active,candidate_extraction_only,,,,,,,,not_exact_day
Q4468,Dian Bachar,career_period_candidate,1990-07-01,year,1990,https://en.wikipedia.org/wiki/Dian_Bachar,career_active,candidate_extraction_only,,,,,,,,not_exact_day
Q4477,Gilles Vigneault,career_period_candidate,1959-07-01,year,1959,https://en.wikipedia.org/wiki/Gilles_Vigneault,career_active,candidate_extraction_only,,,,,,,,not_exact_day
Q4479,Carmen Argenziano,career_period_candidate,1969-07-01,year,1969,https://en.wikipedia.org/wiki/Carmen_Argenziano,career_active,candidate_extraction_only,,,,,,,,not_exact_day
Q4479,Carmen Argenziano,career_period_candidate,2019-07-01,year,2019,https://en.wikipedia.org/wiki/Carmen_Argenziano,career_active,candidate_extraction_only,,,,,,,,not_exact_day
Q4480,K. K. Downing,career_period_candidate,1968-07-01,year,1968,https://en.wikipedia.org/wiki/K._K._Downing,career_active,candidate_extraction_only,,,,,,,,not_exact_day
Q4480,K. K. Downing,career_period_candidate,2012-07-01,year,2012,https://en.wikipedia.org/wiki/K._K._Downing,career_active,candidate_extraction_only,,,,,,,,not_exact_day
Q4480,K. K. Downing,career_period_candidate,2019-07-01,year,2019,https://en.wikipedia.org/wiki/K._K._Downing,career_active,candidate_extraction_only,,,,,,,,not_exact_day
Q4484,Yi Jianlian,career_period_candidate,2002-07-01,year,2002,https://en.wikipedia.org/wiki/Yi_Jianlian,career_active,candidate_extraction_only,,,,,,,,not_exact_day
Q4484,Yi Jianlian,career_period_candidate,2023-07-01,year,2023,https://en.wikipedia.org/wiki/Yi_Jianlian,career_active,candidate_extraction_only,,,,,,,,not_exact_day
Q4491,Ambrogio Gianotti,death,1969-04-13,day,13 April 1969,https://en.wikipedia.org/wiki/Ambrogio_Gianotti,death_date,candidate_extraction_only,Aries,4.48406965,False,Virgo,True,Pisces,Scorpio,date_only_midpoint
Q4496,Annie Potts,career_period_candidate,1977-07-01,year,1977,https://en.wikipedia.org/wiki/Annie_Potts,career_active,candidate_extraction_only,,,,,,,,not_exact_day
Q4502,Martin Folkes,marriage_or_spouse_date_candidate,1714-07-01,year,1714,https://en.wikipedia.org/wiki/Martin_Folkes,spouse,candidate_extraction_only,,,,,,,,not_exact_day
Q4502,Martin Folkes,marriage_or_spouse_date_candidate,1741-07-01,year,1741,https://en.wikipedia.org/wiki/Martin_Folkes,spouse,candidate_extraction_only,,,,,,,,not_exact_day
Q4506,Al Suomi,career_period_candidate,1936-07-01,year,1936,https://en.wikipedia.org/wiki/Al_Suomi,career_active,candidate_extraction_only,,,,,,,,not_exact_day
Q4506,Al Suomi,career_period_candidate,1937-07-01,year,1937,https://en.wikipedia.org/wiki/Al_Suomi,career_active,candidate_extraction_only,,,,,,,,not_exact_day
Q4512,Beth Chapman,career_period_candidate,2004-07-01,year,2004,https://en.wikipedia.org/wiki/Beth_Chapman,career_active,candidate_extraction_only,,,,,,,,not_exact_day
Q4512,Beth Chapman,career_period_candidate,2019-07-01,year,2019,https://en.wikipedia.org/wiki/Beth_Chapman,career_active,candidate_extraction_only,,,,,,,,not_exact_day
Q4525,Henry Winkler,career_period_candidate,1970-07-01,year,1970,https://en.wikipedia.org/wiki/Henry_Winkler,career_active,candidate_extraction_only,,,,,,,,not_exact_day
Q4528,Jessica Hynes,career_period_candidate,1993-07-01,year,1993,https://en.wikipedia.org/wiki/Jessica_Hynes,career_active,candidate_extraction_only,,,,,,,,not_exact_day
Q4529,Andy Greene,career_period_candidate,2006-07-01,year,2006,https://en.wikipedia.org/wiki/Andy_Greene,career_active,candidate_extraction_only,,,,,,,,not_exact_day
Q4529,Andy Greene,career_period_candidate,2022-07-01,year,2022,https://en.wikipedia.org/wiki/Andy_Greene,career_active,candidate_extraction_only,,,,,,,,not_exact_day
Q4537,Edgar Sampson,career_period_candidate,1924-07-01,year,1924,https://en.wikipedia.org/wiki/Edgar_Sampson,career_active,candidate_extraction_only,,,,,,,,not_exact_day
Q4537,Edgar Sampson,career_period_candidate,1960-07-01,year,1960,https://en.wikipedia.org/wiki/Edgar_Sampson,career_active,candidate_extraction_only,,,,,,,,not_exact_day
Q4539,Phil Goyette,career_period_candidate,1956-07-01,year,1956,https://en.wikipedia.org/wiki/Phil_Goyette,career_active,candidate_extraction_only,,,,,,,,not_exact_day
Q4539,Phil Goyette,career_period_candidate,1972-07-01,year,1972,https://en.wikipedia.org/wiki/Phil_Goyette,career_active,candidate_extraction_only,,,,,,,,not_exact_day
Q4541,Bernard Edwards,career_period_candidate,1972-07-01,year,1972,https://en.wikipedia.org/wiki/Bernard_Edwards,career_active,candidate_extraction_only,,,,,,,,not_exact_day
Q4541,Bernard Edwards,career_period_candidate,1996-07-01,year,1996,https://en.wikipedia.org/wiki/Bernard_Edwards,career_active,candidate_extraction_only,,,,,,,,not_exact_day
Q4543,Alphonso Ford,career_period_candidate,1993-07-01,year,1993,https://en.wikipedia.org/wiki/Alphonso_Ford,career_active,candidate_extraction_only,,,,,,,,not_exact_day
Q4543,Alphonso Ford,career_period_candidate,2004-07-01,year,2004,https://en.wikipedia.org/wiki/Alphonso_Ford,career_active,candidate_extraction_only,,,,,,,,not_exact_day
Q4545,JID,career_period_candidate,2010-07-01,year,2010,https://en.wikipedia.org/wiki/JID,career_active,candidate_extraction_only,,,,,,,,not_exact_day
Q4563,John Light Atlee,death,1885-10-01,day,"October 1, 1885",https://en.wikipedia.org/wiki/John_Light_Atlee,death_date,candidate_extraction_only,Gemini,15.80218848,False,Leo,False,Libra,Cancer,date_only_midpoint
Q4565,Nishinoumi Kajirō III,debut_or_career_start,1910-01-01,month,January 1910,https://en.wikipedia.org/wiki/Nishinoumi_Kajir%C5%8D_III,debut,candidate_extraction_only,Pisces,23.923977,False,Virgo,False,Aquarius,Pisces,date_only_midpoint
Q4567,Warren Stevens,marriage_or_spouse_date_candidate,1942-07-01,year,1942,https://en.wikipedia.org/wiki/Warren_Stevens,spouse,candidate_extraction_only,,,,,,,,not_exact_day
Q4567,Warren Stevens,marriage_or_spouse_date_candidate,1949-07-01,year,1949,https://en.wikipedia.org/wiki/Warren_Stevens,spouse,candidate_extraction_only,,,,,,,,not_exact_day
Q4567,Warren Stevens,career_period_candidate,1947-07-01,year,1947,https://en.wikipedia.org/wiki/Warren_Stevens,career_active,candidate_extraction_only,,,,,,,,not_exact_day
Q4567,Warren Stevens,career_period_candidate,2007-07-01,year,2007,https://en.wikipedia.org/wiki/Warren_Stevens,career_active,candidate_extraction_only,,,,,,,,not_exact_day
Q4570,Giorgos Kolokithas,career_period_candidate,1960-07-01,year,1960,https://en.wikipedia.org/wiki/Giorgos_Kolokithas,career_active,candidate_extraction_only,,,,,,,,not_exact_day
Q4570,Giorgos Kolokithas,career_period_candidate,1972-07-01,year,1972,https://en.wikipedia.org/wiki/Giorgos_Kolokithas,career_active,candidate_extraction_only,,,,,,,,not_exact_day
Q4574,Monica Iozzi,career_period_candidate,2006-07-01,year,2006,https://en.wikipedia.org/wiki/Monica_Iozzi,career_active,candidate_extraction_only,,,,,,,,not_exact_day
Q4588,Tariq Abdul-Wahad,career_period_candidate,1997-07-01,year,1997,https://en.wikipedia.org/wiki/Tariq_Abdul-Wahad,career_active,candidate_extraction_only,,,,,,,,not_exact_day
Q4588,Tariq Abdul-Wahad,career_period_candidate,2003-07-01,year,2003,https://en.wikipedia.org/wiki/Tariq_Abdul-Wahad,career_active,candidate_extraction_only,,,,,,,,not_exact_day
Q4589,Julie Berman,career_period_candidate,1997-07-01,year,1997,https://en.wikipedia.org/wiki/Julie_Berman,career_active,candidate_extraction_only,,,,,,,,not_exact_day
Q4593,Henry J. Lutcher,death,1912-10-02,day,"October 2, 1912",https://en.wikipedia.org/wiki/Henry_J._Lutcher,death_date,candidate_extraction_only,Taurus,11.23938209,True,Scorpio,False,Libra,Virgo,date_only_midpoint
Q4594,Charles Despiau,death,1946-10-30,day,"October 30, 1946",https://en.wikipedia.org/wiki/Charles_Despiau,death_date,candidate_extraction_only,Cancer,15.36460134,False,Libra,False,Scorpio,Scorpio,date_only_midpoint
Q4596,Dixie Lee,career_period_candidate,1929-07-01,year,1929,https://en.wikipedia.org/wiki/Dixie_Lee,career_active,candidate_extraction_only,,,,,,,,not_exact_day
Q4596,Dixie Lee,career_period_candidate,1935-07-01,year,1935,https://en.wikipedia.org/wiki/Dixie_Lee,career_active,candidate_extraction_only,,,,,,,,not_exact_day
Q4597,Martin Balsam,career_period_candidate,1947-07-01,year,1947,https://en.wikipedia.org/wiki/Martin_Balsam,career_active,candidate_extraction_only,,,,,,,,not_exact_day
Q4597,Martin Balsam,career_period_candidate,1995-07-01,year,1995,https://en.wikipedia.org/wiki/Martin_Balsam,career_active,candidate_extraction_only,,,,,,,,not_exact_day
Q4603,Steven Ogg,career_period_candidate,1999-07-01,year,1999,https://en.wikipedia.org/wiki/Steven_Ogg,career_active,candidate_extraction_only,,,,,,,,not_exact_day
Q4619,Romi Dames,career_period_candidate,1993-07-01,year,1993,https://en.wikipedia.org/wiki/Romi_Dames,career_active,candidate_extraction_only,,,,,,,,not_exact_day
Q4621,"Edmund Mortimer, 5th Earl of March",death,1425-01-18,day,18 January 1425,https://en.wikipedia.org/wiki/Edmund_Mortimer%2C_5th_Earl_of_March,death_date,candidate_extraction_only,Scorpio,0.31281294,False,Libra,False,Capricorn,Gemini,date_only_midpoint
Q4621,"Edmund Mortimer, 5th Earl of March",marriage_or_spouse_date_candidate,1415-07-01,year,1415,https://en.wikipedia.org/wiki/Edmund_Mortimer%2C_5th_Earl_of_March,spouse,candidate_extraction_only,,,,,,,,not_exact_day
Q4630,Lance Kerwin,career_period_candidate,1974-07-01,year,1974,https://en.wikipedia.org/wiki/Lance_Kerwin,career_active,candidate_extraction_only,,,,,,,,not_exact_day
Q4630,Lance Kerwin,career_period_candidate,1995-07-01,year,1995,https://en.wikipedia.org/wiki/Lance_Kerwin,career_active,candidate_extraction_only,,,,,,,,not_exact_day
Q4630,Lance Kerwin,career_period_candidate,2022-07-01,year,2022,https://en.wikipedia.org/wiki/Lance_Kerwin,career_active,candidate_extraction_only,,,,,,,,not_exact_day
Q4644,Al Attles,career_period_candidate,1960-07-01,year,1960,https://en.wikipedia.org/wiki/Al_Attles,career_active,candidate_extraction_only,,,,,,,,not_exact_day
Q4644,Al Attles,career_period_candidate,1971-07-01,year,1971,https://en.wikipedia.org/wiki/Al_Attles,career_active,candidate_extraction_only,,,,,,,,not_exact_day
Q4649,Pascal Leclaire,career_period_candidate,2002-07-01,year,2002,https://en.wikipedia.org/wiki/Pascal_Leclaire,career_active,candidate_extraction_only,,,,,,,,not_exact_day
Q4649,Pascal Leclaire,career_period_candidate,2010-07-01,year,2010,https://en.wikipedia.org/wiki/Pascal_Leclaire,career_active,candidate_extraction_only,,,,,,,,not_exact_day
Q4654,Jean Casimir-Perier,death,1907-03-11,day,11 March 1907,https://en.wikipedia.org/wiki/Jean_Casimir-Perier,death_date,candidate_extraction_only,Aquarius,25.3689091,False,Gemini,False,Capricorn,Scorpio,date_only_midpoint
Q4659,Driss Basri,death,2007-08-27,day,27 August 2007,https://en.wikipedia.org/wiki/Driss_Basri,death_date,candidate_extraction_only,Leo,5.26490323,False,Scorpio,False,Cancer,Taurus,date_only_midpoint
Q4661,Mari Boine,career_period_candidate,1980-07-01,year,1980,https://en.wikipedia.org/wiki/Mari_Boine,career_active,candidate_extraction_only,,,,,,,,not_exact_day
Q4665,Aaron Fotheringham,marriage_or_spouse_date_candidate,2018-07-01,year,2018,https://en.wikipedia.org/wiki/Aaron_Fotheringham,spouse,candidate_extraction_only,,,,,,,,not_exact_day
Q4668,"Anna Amalia, Abbess of Quedlinburg",death,1787-03-30,day,30 March 1787,https://en.wikipedia.org/wiki/Anna_Amalia%2C_Abbess_of_Quedlinburg,death_date,candidate_extraction_only,Aquarius,4.22708128,False,Taurus,False,Aquarius,Aquarius,date_only_midpoint
Q4673,Martha Settle Putney,marriage_or_spouse_date_candidate,1948-07-01,year,1948,https://en.wikipedia.org/wiki/Martha_Settle_Putney,spouse,candidate_extraction_only,,,,,,,,not_exact_day
Q4673,Martha Settle Putney,marriage_or_spouse_date_candidate,1965-07-01,year,1965,https://en.wikipedia.org/wiki/Martha_Settle_Putney,spouse,candidate_extraction_only,,,,,,,,not_exact_day
Q4676,Benny Mardones,career_period_candidate,1978-07-01,year,1978,https://en.wikipedia.org/wiki/Benny_Mardones,career_active,candidate_extraction_only,,,,,,,,not_exact_day
Q4676,Benny Mardones,career_period_candidate,2017-07-01,year,2017,https://en.wikipedia.org/wiki/Benny_Mardones,career_active,candidate_extraction_only,,,,,,,,not_exact_day
Q4680,Carl Gunnarsson,career_period_candidate,2005-07-01,year,2005,https://en.wikipedia.org/wiki/Carl_Gunnarsson,career_active,candidate_extraction_only,,,,,,,,not_exact_day
Q4680,Carl Gunnarsson,career_period_candidate,2021-07-01,year,2021,https://en.wikipedia.org/wiki/Carl_Gunnarsson,career_active,candidate_extraction_only,,,,,,,,not_exact_day
Q4688,Hachikō,death,1935-03-08,day,"March 8, 1935",https://en.wikipedia.org/wiki/Hachik%C5%8D,death_date,candidate_extraction_only,Aquarius,9.69076995,False,Scorpio,False,Pisces,Libra,date_only_midpoint
Q4690,Terence Davies,career_period_candidate,1976-07-01,year,1976,https://en.wikipedia.org/wiki/Terence_Davies,career_active,candidate_extraction_only,,,,,,,,not_exact_day
Q4690,Terence Davies,career_period_candidate,2023-07-01,year,2023,https://en.wikipedia.org/wiki/Terence_Davies,career_active,candidate_extraction_only,,,,,,,,not_exact_day
Q4695,Ralfs Grīnbergs,career_period_candidate,2014-07-01,year,2014,https://en.wikipedia.org/wiki/Ralfs_Gr%C4%ABnbergs,career_active,candidate_extraction_only,,,,,,,,not_exact_day
Q4695,Ralfs Grīnbergs,career_period_candidate,2022-07-01,year,2022,https://en.wikipedia.org/wiki/Ralfs_Gr%C4%ABnbergs,career_active,candidate_extraction_only,,,,,,,,not_exact_day
Q4701,Shirley Graham Du Bois,marriage_or_spouse_date_candidate,1921-07-01,year,1921,https://en.wikipedia.org/wiki/Shirley_Graham_Du_Bois,spouse,candidate_extraction_only,,,,,,,,not_exact_day
Q4701,Shirley Graham Du Bois,marriage_or_spouse_date_candidate,1927-07-01,year,1927,https://en.wikipedia.org/wiki/Shirley_Graham_Du_Bois,spouse,candidate_extraction_only,,,,,,,,not_exact_day
Q4701,Shirley Graham Du Bois,marriage_or_spouse_date_candidate,1951-07-01,year,1951,https://en.wikipedia.org/wiki/Shirley_Graham_Du_Bois,spouse,candidate_extraction_only,,,,,,,,not_exact_day
Q4701,Shirley Graham Du Bois,marriage_or_spouse_date_candidate,1963-07-01,year,1963,https://en.wikipedia.org/wiki/Shirley_Graham_Du_Bois,spouse,candidate_extraction_only,,,,,,,,not_exact_day
Q4702,Robert Ryan,career_period_candidate,1940-07-01,year,1940,https://en.wikipedia.org/wiki/Robert_Ryan,career_active,candidate_extraction_only,,,,,,,,not_exact_day
Q4702,Robert Ryan,career_period_candidate,1973-07-01,year,1973,https://en.wikipedia.org/wiki/Robert_Ryan,career_active,candidate_extraction_only,,,,,,,,not_exact_day
Q4707,Billy Gunn,debut_or_career_start,1989-07-01,year,1989,https://en.wikipedia.org/wiki/Billy_Gunn,debut,candidate_extraction_only,,,,,,,,not_exact_day
Q4708,Jon B.,career_period_candidate,1992-07-01,year,1992,https://en.wikipedia.org/wiki/Jon_B.,career_active,candidate_extraction_only,,,,,,,,not_exact_day
Q4712,Richard Baxter,death,1691-12-08,day,8 December 1691,https://en.wikipedia.org/wiki/Richard_Baxter,death_date,candidate_extraction_only,Scorpio,14.97009868,False,Aries,True,Sagittarius,Gemini,date_only_midpoint
Q4713,Piet Retief,marriage_or_spouse_date_candidate,1782-07-01,year,1782,https://en.wikipedia.org/wiki/Piet_Retief,spouse,candidate_extraction_only,,,,,,,,not_exact_day
Q4713,Piet Retief,marriage_or_spouse_date_candidate,1855-07-01,year,1855,https://en.wikipedia.org/wiki/Piet_Retief,spouse,candidate_extraction_only,,,,,,,,not_exact_day
Q4721,Maurane,career_period_candidate,1979-07-01,year,1979,https://en.wikipedia.org/wiki/Maurane,career_active,candidate_extraction_only,,,,,,,,not_exact_day
Q4721,Maurane,career_period_candidate,2018-07-01,year,2018,https://en.wikipedia.org/wiki/Maurane,career_active,candidate_extraction_only,,,,,,,,not_exact_day
Q4724,Jorge Masvidal,career_period_candidate,2003-07-01,year,2003,https://en.wikipedia.org/wiki/Jorge_Masvidal,career_active,candidate_extraction_only,,,,,,,,not_exact_day
Q4724,Jorge Masvidal,career_period_candidate,2023-07-01,year,2023,https://en.wikipedia.org/wiki/Jorge_Masvidal,career_active,candidate_extraction_only,,,,,,,,not_exact_day
Q4724,Jorge Masvidal,career_period_candidate,2005-07-01,year,2005,https://en.wikipedia.org/wiki/Jorge_Masvidal,career_active,candidate_extraction_only,,,,,,,,not_exact_day
Q4724,Jorge Masvidal,career_period_candidate,2024-07-01,year,2024,https://en.wikipedia.org/wiki/Jorge_Masvidal,career_active,candidate_extraction_only,,,,,,,,not_exact_day
Q4731,Gertrude Olmstead,career_period_candidate,1920-07-01,year,1920,https://en.wikipedia.org/wiki/Gertrude_Olmstead,career_active,candidate_extraction_only,,,,,,,,not_exact_day
Q4731,Gertrude Olmstead,career_period_candidate,1929-07-01,year,1929,https://en.wikipedia.org/wiki/Gertrude_Olmstead,career_active,candidate_extraction_only,,,,,,,,not_exact_day
Q4734,Richard Mulligan,career_period_candidate,1962-07-01,year,1962,https://en.wikipedia.org/wiki/Richard_Mulligan,career_active,candidate_extraction_only,,,,,,,,not_exact_day
Q4734,Richard Mulligan,career_period_candidate,2000-07-01,year,2000,https://en.wikipedia.org/wiki/Richard_Mulligan,career_active,candidate_extraction_only,,,,,,,,not_exact_day
Q4736,Gilbert Perreault,career_period_candidate,1970-07-01,year,1970,https://en.wikipedia.org/wiki/Gilbert_Perreault,career_active,candidate_extraction_only,,,,,,,,not_exact_day
Q4736,Gilbert Perreault,career_period_candidate,1987-07-01,year,1987,https://en.wikipedia.org/wiki/Gilbert_Perreault,career_active,candidate_extraction_only,,,,,,,,not_exact_day
Q4737,Caroline Goodall,career_period_candidate,1978-07-01,year,1978,https://en.wikipedia.org/wiki/Caroline_Goodall,career_active,candidate_extraction_only,,,,,,,,not_exact_day
Q4740,Hatsune Matsushima,career_period_candidate,2004-07-01,year,2004,https://en.wikipedia.org/wiki/Hatsune_Matsushima,career_active,candidate_extraction_only,,,,,,,,not_exact_day
Q4741,Sidonie of Poděbrady,death,1510-02-01,day,1 February 1510,https://en.wikipedia.org/wiki/Sidonie_of_Pod%C4%9Bbrady,death_date,candidate_extraction_only,Virgo,20.95279005,True,Sagittarius,False,Pisces,Libra,date_only_midpoint
Q4744,Madeleine Lemoyne Ellicott,death,1945-08-25,day,"August 25, 1945",https://en.wikipedia.org/wiki/Madeleine_Lemoyne_Ellicott,death_date,candidate_extraction_only,Gemini,27.37712948,False,Virgo,False,Cancer,Taurus,date_only_midpoint
Q4747,Ken Carson,career_period_candidate,2015-07-01,year,2015,https://en.wikipedia.org/wiki/Ken_Carson,career_active,candidate_extraction_only,,,,,,,,not_exact_day
Q4753,Matt Bloom,debut_or_career_start,1997-07-01,year,1997,https://en.wikipedia.org/wiki/Matt_Bloom,debut,candidate_extraction_only,,,,,,,,not_exact_day
Q4754,Vanessa Bayer,career_period_candidate,2002-07-01,year,2002,https://en.wikipedia.org/wiki/Vanessa_Bayer,career_active,candidate_extraction_only,,,,,,,,not_exact_day
Q4765,Bob Dandridge,career_period_candidate,1969-07-01,year,1969,https://en.wikipedia.org/wiki/Bob_Dandridge,career_active,candidate_extraction_only,,,,,,,,not_exact_day
Q4765,Bob Dandridge,career_period_candidate,1981-07-01,year,1981,https://en.wikipedia.org/wiki/Bob_Dandridge,career_active,candidate_extraction_only,,,,,,,,not_exact_day
Q4766,Michael Hampton,career_period_candidate,1974-07-01,year,1974,https://en.wikipedia.org/wiki/Michael_Hampton,career_active,candidate_extraction_only,,,,,,,,not_exact_day
Q4768,Sydney Tamiia Poitier,career_period_candidate,1998-07-01,year,1998,https://en.wikipedia.org/wiki/Sydney_Tamiia_Poitier,career_active,candidate_extraction_only,,,,,,,,not_exact_day
Q4770,Jona Viray,career_period_candidate,1995-07-01,year,1995,https://en.wikipedia.org/wiki/Jona_Viray,career_active,candidate_extraction_only,,,,,,,,not_exact_day
Q4783,Gigi Edgley,career_period_candidate,1998-07-01,year,1998,https://en.wikipedia.org/wiki/Gigi_Edgley,career_active,candidate_extraction_only,,,,,,,,not_exact_day
Q4784,Aditya Roy Kapur,career_period_candidate,2009-07-01,year,2009,https://en.wikipedia.org/wiki/Aditya_Roy_Kapur,career_active,candidate_extraction_only,,,,,,,,not_exact_day
Q4791,Christian Fouchet,death,1974-08-11,day,11 August 1974,https://en.wikipedia.org/wiki/Christian_Fouchet,death_date,candidate_extraction_only,Gemini,20.07350107,False,Aquarius,True,Cancer,Leo,date_only_midpoint
Q4800,Raquel Castro,career_period_candidate,2011-07-01,year,2011,https://en.wikipedia.org/wiki/Raquel_Castro,career_active,candidate_extraction_only,,,,,,,,not_exact_day
Q4805,Frances Marion,career_period_candidate,1912-07-01,year,1912,https://en.wikipedia.org/wiki/Frances_Marion,career_active,candidate_extraction_only,,,,,,,,not_exact_day
Q4805,Frances Marion,career_period_candidate,1972-07-01,year,1972,https://en.wikipedia.org/wiki/Frances_Marion,career_active,candidate_extraction_only,,,,,,,,not_exact_day
Q4806,Gustav Nezval,career_period_candidate,1937-07-01,year,1937,https://en.wikipedia.org/wiki/Gustav_Nezval,career_active,candidate_extraction_only,,,,,,,,not_exact_day
Q4806,Gustav Nezval,career_period_candidate,1998-07-01,year,1998,https://en.wikipedia.org/wiki/Gustav_Nezval,career_active,candidate_extraction_only,,,,,,,,not_exact_day
Q4808,Hank Ballard,career_period_candidate,1951-07-01,year,1951,https://en.wikipedia.org/wiki/Hank_Ballard,career_active,candidate_extraction_only,,,,,,,,not_exact_day
Q4808,Hank Ballard,career_period_candidate,2003-07-01,year,2003,https://en.wikipedia.org/wiki/Hank_Ballard,career_active,candidate_extraction_only,,,,,,,,not_exact_day
Q4810,Jameson Parker,career_period_candidate,1966-07-01,year,1966,https://en.wikipedia.org/wiki/Jameson_Parker,career_active,candidate_extraction_only,,,,,,,,not_exact_day
Q4810,Jameson Parker,career_period_candidate,2009-07-01,year,2009,https://en.wikipedia.org/wiki/Jameson_Parker,career_active,candidate_extraction_only,,,,,,,,not_exact_day
Q4813,Jonnie Irwin,career_period_candidate,2004-07-01,year,2004,https://en.wikipedia.org/wiki/Jonnie_Irwin,career_active,candidate_extraction_only,,,,,,,,not_exact_day
Q4813,Jonnie Irwin,career_period_candidate,2023-07-01,year,2023,https://en.wikipedia.org/wiki/Jonnie_Irwin,career_active,candidate_extraction_only,,,,,,,,not_exact_day
Q4814,Mekia Cox,career_period_candidate,1994-07-01,year,1994,https://en.wikipedia.org/wiki/Mekia_Cox,career_active,candidate_extraction_only,,,,,,,,not_exact_day
Q4815,Arnett Moultrie,career_period_candidate,2012-07-01,year,2012,https://en.wikipedia.org/wiki/Arnett_Moultrie,career_active,candidate_extraction_only,,,,,,,,not_exact_day
Q4816,"Frederick I, Count Palatine of Simmern",marriage_or_spouse_date_candidate,1436-07-01,year,1436,https://en.wikipedia.org/wiki/Frederick_I%2C_Count_Palatine_of_Simmern,spouse,candidate_extraction_only,,,,,,,,not_exact_day
Q4816,"Frederick I, Count Palatine of Simmern",marriage_or_spouse_date_candidate,1486-07-01,year,1486,https://en.wikipedia.org/wiki/Frederick_I%2C_Count_Palatine_of_Simmern,spouse,candidate_extraction_only,,,,,,,,not_exact_day
Q4828,Toby Bailey,career_period_candidate,1999-07-01,year,1999,https://en.wikipedia.org/wiki/Toby_Bailey,career_active,candidate_extraction_only,,,,,,,,not_exact_day
Q4828,Toby Bailey,career_period_candidate,2011-07-01,year,2011,https://en.wikipedia.org/wiki/Toby_Bailey,career_active,candidate_extraction_only,,,,,,,,not_exact_day
Q4836,Edwin August,career_period_candidate,1909-07-01,year,1909,https://en.wikipedia.org/wiki/Edwin_August,career_active,candidate_extraction_only,,,,,,,,not_exact_day
Q4836,Edwin August,career_period_candidate,1947-07-01,year,1947,https://en.wikipedia.org/wiki/Edwin_August,career_active,candidate_extraction_only,,,,,,,,not_exact_day
Q4846,John Bale,death,1563-11-01,month,November 1563,https://en.wikipedia.org/wiki/John_Bale,death_date,candidate_extraction_only,Cancer,15.5183564,False,Cancer,False,Libra,Aries,date_only_midpoint
Q4851,Nusret Fişek,marriage_or_spouse_date_candidate,1940-07-01,year,1940,https://en.wikipedia.org/wiki/Nusret_Fi%C5%9Fek,spouse,candidate_extraction_only,,,,,,,,not_exact_day
Q4851,Nusret Fişek,marriage_or_spouse_date_candidate,2007-07-01,year,2007,https://en.wikipedia.org/wiki/Nusret_Fi%C5%9Fek,spouse,candidate_extraction_only,,,,,,,,not_exact_day
Q4854,Juliet Mills,career_period_candidate,1942-07-01,year,1942,https://en.wikipedia.org/wiki/Juliet_Mills,career_active,candidate_extraction_only,,,,,,,,not_exact_day
Q4857,Karen Davila,career_period_candidate,1994-07-01,year,1994,https://en.wikipedia.org/wiki/Karen_Davila,career_active,candidate_extraction_only,,,,,,,,not_exact_day
Q4860,Chris Chiozza,career_period_candidate,2018-07-01,year,2018,https://en.wikipedia.org/wiki/Chris_Chiozza,career_active,candidate_extraction_only,,,,,,,,not_exact_day
Q4861,"Richard Neville, 16th Earl of Warwick",death,1471-04-14,day,14 April 1471,https://en.wikipedia.org/wiki/Richard_Neville%2C_16th_Earl_of_Warwick,death_date,candidate_extraction_only,Taurus,9.24692231,False,Virgo,True,Aries,Aquarius,date_only_midpoint
Q4867,Brian Cleeve,career_period_candidate,1945-07-01,year,1945,https://en.wikipedia.org/wiki/Brian_Cleeve,career_active,candidate_extraction_only,,,,,,,,not_exact_day
Q4867,Brian Cleeve,career_period_candidate,2001-07-01,year,2001,https://en.wikipedia.org/wiki/Brian_Cleeve,career_active,candidate_extraction_only,,,,,,,,not_exact_day
Q4871,Lawrence Gowan,career_period_candidate,1974-07-01,year,1974,https://en.wikipedia.org/wiki/Lawrence_Gowan,career_active,candidate_extraction_only,,,,,,,,not_exact_day
Q4875,Tarik Black,career_period_candidate,2014-07-01,year,2014,https://en.wikipedia.org/wiki/Tarik_Black,career_active,candidate_extraction_only,,,,,,,,not_exact_day
Q4882,Lars Leksell,career_period_candidate,1935-07-01,year,1935,https://en.wikipedia.org/wiki/Lars_Leksell,career_active,candidate_extraction_only,,,,,,,,not_exact_day
Q4882,Lars Leksell,career_period_candidate,1974-07-01,year,1974,https://en.wikipedia.org/wiki/Lars_Leksell,career_active,candidate_extraction_only,,,,,,,,not_exact_day
Q4884,Geeta Dutt,career_period_candidate,1946-07-01,year,1946,https://en.wikipedia.org/wiki/Geeta_Dutt,career_active,candidate_extraction_only,,,,,,,,not_exact_day
Q4884,Geeta Dutt,career_period_candidate,1972-07-01,year,1972,https://en.wikipedia.org/wiki/Geeta_Dutt,career_active,candidate_extraction_only,,,,,,,,not_exact_day
Q4891,"Alphonso, Earl of Chester",death,1284-08-19,day,19 August 1284,https://en.wikipedia.org/wiki/Alphonso%2C_Earl_of_Chester,death_date,candidate_extraction_only,Capricorn,7.03719684,True,Sagittarius,False,Virgo,Virgo,date_only_midpoint
Q4898,David Kossoff,career_period_candidate,1952-07-01,year,1952,https://en.wikipedia.org/wiki/David_Kossoff,career_active,candidate_extraction_only,,,,,,,,not_exact_day
Q4898,David Kossoff,career_period_candidate,1994-07-01,year,1994,https://en.wikipedia.org/wiki/David_Kossoff,career_active,candidate_extraction_only,,,,,,,,not_exact_day
Q4914,Paul Desmond,career_period_candidate,1940-07-01,year,1940,https://en.wikipedia.org/wiki/Paul_Desmond,career_active,candidate_extraction_only,,,,,,,,not_exact_day
Q4914,Paul Desmond,career_period_candidate,1977-07-01,year,1977,https://en.wikipedia.org/wiki/Paul_Desmond,career_active,candidate_extraction_only,,,,,,,,not_exact_day
Q4918,Anthony Peeler,career_period_candidate,1992-07-01,year,1992,https://en.wikipedia.org/wiki/Anthony_Peeler,career_active,candidate_extraction_only,,,,,,,,not_exact_day
Q4918,Anthony Peeler,career_period_candidate,2005-07-01,year,2005,https://en.wikipedia.org/wiki/Anthony_Peeler,career_active,candidate_extraction_only,,,,,,,,not_exact_day
Q4920,Trevor Booker,career_period_candidate,2010-07-01,year,2010,https://en.wikipedia.org/wiki/Trevor_Booker,career_active,candidate_extraction_only,,,,,,,,not_exact_day
Q4920,Trevor Booker,career_period_candidate,2018-07-01,year,2018,https://en.wikipedia.org/wiki/Trevor_Booker,career_active,candidate_extraction_only,,,,,,,,not_exact_day
Q4925,Albert Dieudonné,career_period_candidate,1917-07-01,year,1917,https://en.wikipedia.org/wiki/Albert_Dieudonn%C3%A9,career_active,candidate_extraction_only,,,,,,,,not_exact_day
Q4925,Albert Dieudonné,career_period_candidate,1943-07-01,year,1943,https://en.wikipedia.org/wiki/Albert_Dieudonn%C3%A9,career_active,candidate_extraction_only,,,,,,,,not_exact_day
Q4929,Marian Mercer,marriage_or_spouse_date_candidate,2011-07-01,year,2011,https://en.wikipedia.org/wiki/Marian_Mercer,spouse,candidate_extraction_only,,,,,,,,not_exact_day
Q4929,Marian Mercer,career_period_candidate,1955-07-01,year,1955,https://en.wikipedia.org/wiki/Marian_Mercer,career_active,candidate_extraction_only,,,,,,,,not_exact_day
Q4929,Marian Mercer,career_period_candidate,2000-07-01,year,2000,https://en.wikipedia.org/wiki/Marian_Mercer,career_active,candidate_extraction_only,,,,,,,,not_exact_day
Q4932,Mario Elie,career_period_candidate,1986-07-01,year,1986,https://en.wikipedia.org/wiki/Mario_Elie,career_active,candidate_extraction_only,,,,,,,,not_exact_day
Q4932,Mario Elie,career_period_candidate,2001-07-01,year,2001,https://en.wikipedia.org/wiki/Mario_Elie,career_active,candidate_extraction_only,,,,,,,,not_exact_day
Q4934,Keith Ballard,career_period_candidate,2004-07-01,year,2004,https://en.wikipedia.org/wiki/Keith_Ballard,career_active,candidate_extraction_only,,,,,,,,not_exact_day
Q4934,Keith Ballard,career_period_candidate,2015-07-01,year,2015,https://en.wikipedia.org/wiki/Keith_Ballard,career_active,candidate_extraction_only,,,,,,,,not_exact_day
Q4944,Jacques Godbout,career_period_candidate,1958-07-01,year,1958,https://en.wikipedia.org/wiki/Jacques_Godbout,career_active,candidate_extraction_only,,,,,,,,not_exact_day
Q4947,Samantha Bond,career_period_candidate,1983-07-01,year,1983,https://en.wikipedia.org/wiki/Samantha_Bond,career_active,candidate_extraction_only,,,,,,,,not_exact_day
Q4950,Luigi Datome,career_period_candidate,2003-07-01,year,2003,https://en.wikipedia.org/wiki/Luigi_Datome,career_active,candidate_extraction_only,,,,,,,,not_exact_day
Q4950,Luigi Datome,career_period_candidate,2023-07-01,year,2023,https://en.wikipedia.org/wiki/Luigi_Datome,career_active,candidate_extraction_only,,,,,,,,not_exact_day
Q4964,Erick Rowan,debut_or_career_start,2003-09-03,day,"September 3, 2003",https://en.wikipedia.org/wiki/Erick_Rowan,debut,candidate_extraction_only,Gemini,16.9292349,False,Leo,False,Leo,Aquarius,date_only_midpoint
Q4976,Hinton Battle,career_period_candidate,1975-07-01,year,1975,https://en.wikipedia.org/wiki/Hinton_Battle,career_active,candidate_extraction_only,,,,,,,,not_exact_day
Q4976,Hinton Battle,career_period_candidate,2024-07-01,year,2024,https://en.wikipedia.org/wiki/Hinton_Battle,career_active,candidate_extraction_only,,,,,,,,not_exact_day
Q4978,Pavol Demitra,career_period_candidate,1992-07-01,year,1992,https://en.wikipedia.org/wiki/Pavol_Demitra,career_active,candidate_extraction_only,,,,,,,,not_exact_day
Q4978,Pavol Demitra,career_period_candidate,2011-07-01,year,2011,https://en.wikipedia.org/wiki/Pavol_Demitra,career_active,candidate_extraction_only,,,,,,,,not_exact_day
Q4979,Lucas Black,career_period_candidate,1994-07-01,year,1994,https://en.wikipedia.org/wiki/Lucas_Black,career_active,candidate_extraction_only,,,,,,,,not_exact_day
Q4987,Gustav Suits,career_period_candidate,1899-07-01,year,1899,https://en.wikipedia.org/wiki/Gustav_Suits,career_active,candidate_extraction_only,,,,,,,,not_exact_day
Q4987,Gustav Suits,career_period_candidate,1956-07-01,year,1956,https://en.wikipedia.org/wiki/Gustav_Suits,career_active,candidate_extraction_only,,,,,,,,not_exact_day
Q4990,Woody Allen,career_period_candidate,1950-07-01,year,1950,https://en.wikipedia.org/wiki/Woody_Allen,career_active,candidate_extraction_only,,,,,,,,not_exact_day
Q4993,Joseph Corré,career_period_candidate,1994-07-01,year,1994,https://en.wikipedia.org/wiki/Joseph_Corr%C3%A9,career_active,candidate_extraction_only,,,,,,,,not_exact_day
Q4994,Richard Elias Anderson,career_period_candidate,2001-07-01,year,2001,https://en.wikipedia.org/wiki/Richard_Elias_Anderson,career_active,candidate_extraction_only,,,,,,,,not_exact_day
Q4994,Richard Elias Anderson,career_period_candidate,2012-07-01,year,2012,https://en.wikipedia.org/wiki/Richard_Elias_Anderson,career_active,candidate_extraction_only,,,,,,,,not_exact_day
Q4995,Jordan Farmar,career_period_candidate,2006-07-01,year,2006,https://en.wikipedia.org/wiki/Jordan_Farmar,career_active,candidate_extraction_only,,,,,,,,not_exact_day
Q4995,Jordan Farmar,career_period_candidate,2016-07-01,year,2016,https://en.wikipedia.org/wiki/Jordan_Farmar,career_active,candidate_extraction_only,,,,,,,,not_exact_day
Q4998,Marie Tussaud,death,1850-04-16,day,16 April 1850,https://en.wikipedia.org/wiki/Marie_Tussaud,death_date,candidate_extraction_only,Pisces,21.03611408,False,Leo,True,Aries,Gemini,date_only_midpoint
Q5001,Mary Martin,career_period_candidate,1938-07-01,year,1938,https://en.wikipedia.org/wiki/Mary_Martin,career_active,candidate_extraction_only,,,,,,,,not_exact_day
Q5001,Mary Martin,career_period_candidate,1985-07-01,year,1985,https://en.wikipedia.org/wiki/Mary_Martin,career_active,candidate_extraction_only,,,,,,,,not_exact_day
Q5004,Eric Bloom,career_period_candidate,1959-07-01,year,1959,https://en.wikipedia.org/wiki/Eric_Bloom,career_active,candidate_extraction_only,,,,,,,,not_exact_day
Q5005,Stephen Poliakoff,marriage_or_spouse_date_candidate,1983-07-01,year,1983,https://en.wikipedia.org/wiki/Stephen_Poliakoff,spouse,candidate_extraction_only,,,,,,,,not_exact_day
