Full Name,Birth Date (YYYY-MM-DD),Birth City,Birth State/Province (if applicable),Birth Country,Primary Profession,Primary Research Area,Major Contribution
Bernard Green 1,1926-09-14,Austin,Texas,United States,University Professor & Operating Systems Pioneer,"Computer Architecture, Microprocessors & Parallel Processing Systems",Developing high-performance reduced instruction set computer (RISC) architectures and caches
Frank Miller 2,1928-03-23,Austin,Texas,United States,Distinguished Computer Science Scholar,"Operating Systems Architecture, Virtual Memory & Distributed Computing","Designing robust optimizing compilers, type systems, and structured programming paradigms"
Harold Ingram 3,1907-05-02,Munich,Bavaria,Germany,Senior Research Scientist & Distributed Systems Architect,"Programming Languages, Compilers & Formal Verification Systems",Developing high-performance reduced instruction set computer (RISC) architectures and caches
Robert Johnson 4,1947-05-10,Edinburgh,,United Kingdom,Senior Research Scientist & Distributed Systems Architect,"Programming Languages, Compilers & Formal Verification Systems",Pioneering foundational multi-user operating systems and virtual memory protection mechanisms
Arthur Phillips 5,1903-05-02,London,,United Kingdom,Research Professor & Systems Architect,"Operating Systems Architecture, Virtual Memory & Distributed Computing","Designing robust optimizing compilers, type systems, and structured programming paradigms"
Thomas Knight 6,1935-09-24,Princeton,New Jersey,United States,Research Professor & Systems Architect,"Operating Systems Architecture, Virtual Memory & Distributed Computing",Formulating rigorous formal verification methods and fault-tolerant distributed consensus protocols
Monica Young 7,1979-12-12,Pittsburgh,Pennsylvania,United States,Distinguished Computer Science Scholar,"Operating Systems Architecture, Virtual Memory & Distributed Computing",Establishing the relational database model and distributed transaction consistency guarantees
Victor Morgan 8,1932-05-02,Berkeley,California,United States,Academic Investigator & Network Builder,"Operating Systems Architecture, Virtual Memory & Distributed Computing",Architecting foundational packet-switching internetworking protocols and distributed name services
Irene Owen 9,1932-04-20,Munich,Bavaria,Germany,Systems Research Fellow,"Computer Architecture, Microprocessors & Parallel Processing Systems",Architecting foundational packet-switching internetworking protocols and distributed name services
Thomas Clark 10,1969-08-06,Seattle,Washington,United States,Academic Investigator & Network Builder,"Computer Architecture, Microprocessors & Parallel Processing Systems","Designing robust optimizing compilers, type systems, and structured programming paradigms"
Yuri Davis 11,1921-02-06,Berlin,,Germany,Principal Systems Researcher,"Software Engineering Methodologies, Abstraction & Modular Design","Designing robust optimizing compilers, type systems, and structured programming paradigms"
Walter Lewis 12,1983-09-04,Stanford,California,United States,Senior Research Scientist & Distributed Systems Architect,"Computer Architecture, Microprocessors & Parallel Processing Systems",Developing high-performance reduced instruction set computer (RISC) architectures and caches
Xavier Knight 13,1900-07-23,Cambridge,Massachusetts,United States,Systems Research Fellow,"Operating Systems Architecture, Virtual Memory & Distributed Computing",Pioneering foundational multi-user operating systems and virtual memory protection mechanisms
Alice Young 14,1943-10-02,Zurich,,Switzerland,Academic Investigator & Network Builder,"Database Management Systems, Transactions & Information Retrieval","Designing robust optimizing compilers, type systems, and structured programming paradigms"
Walter Vance 15,1963-07-22,Singapore,,Singapore,Distinguished Computer Science Scholar,"Database Management Systems, Transactions & Information Retrieval","Designing robust optimizing compilers, type systems, and structured programming paradigms"
Yuri Ingram 16,1964-09-17,Amsterdam,,Netherlands,University Professor & Operating Systems Pioneer,"Computer Networking, Packet Switching & Internet Protocols",Pioneering foundational multi-user operating systems and virtual memory protection mechanisms
Elena Green 17,1959-11-09,Cambridge,Massachusetts,United States,Academic Researcher & System-Builder,"Programming Languages, Compilers & Formal Verification Systems","Designing robust optimizing compilers, type systems, and structured programming paradigms"
Robert Owen 18,1963-04-14,Singapore,,Singapore,Systems Research Fellow,"Database Management Systems, Transactions & Information Retrieval","Designing robust optimizing compilers, type systems, and structured programming paradigms"
Bernard Black 19,1960-01-12,Paris,,France,Systems Research Fellow,"Computer Architecture, Microprocessors & Parallel Processing Systems",Developing high-performance reduced instruction set computer (RISC) architectures and caches
Fiona Jones 20,1913-07-20,Edinburgh,,United Kingdom,Systems Research Fellow,"Programming Languages, Compilers & Formal Verification Systems",Establishing the relational database model and distributed transaction consistency guarantees
Nathan Young 21,1968-05-14,Singapore,,Singapore,Distinguished Computer Science Scholar,"Database Management Systems, Transactions & Information Retrieval",Formulating rigorous formal verification methods and fault-tolerant distributed consensus protocols
Alice Henderson 22,1966-05-26,Munich,Bavaria,Germany,Senior Research Scientist & Distributed Systems Architect,"Software Engineering Methodologies, Abstraction & Modular Design",Formulating rigorous formal verification methods and fault-tolerant distributed consensus protocols
Robert Russell 23,1948-04-15,Austin,Texas,United States,Academic Researcher & System-Builder,"Computer Architecture, Microprocessors & Parallel Processing Systems",Pioneering foundational multi-user operating systems and virtual memory protection mechanisms
Laura Russell 24,1915-09-08,Waterloo,Ontario,Canada,Senior Research Scientist & Distributed Systems Architect,"Operating Systems Architecture, Virtual Memory & Distributed Computing",Formulating rigorous formal verification methods and fault-tolerant distributed consensus protocols
Julian Lewis 25,1983-09-03,Pittsburgh,Pennsylvania,United States,University Professor & Operating Systems Pioneer,"Software Engineering Methodologies, Abstraction & Modular Design","Designing robust optimizing compilers, type systems, and structured programming paradigms"
Ian Phillips 26,1948-10-20,Zurich,,Switzerland,Distinguished Computer Science Scholar,"Software Engineering Methodologies, Abstraction & Modular Design",Architecting foundational packet-switching internetworking protocols and distributed name services
Oliver Cole 27,1951-10-19,Palo Alto,California,United States,Academic Investigator & Network Builder,"Computer Networking, Packet Switching & Internet Protocols","Designing robust optimizing compilers, type systems, and structured programming paradigms"
Bernard Baker 28,1970-07-10,Zurich,,Switzerland,Principal Systems Researcher,"Computer Architecture, Microprocessors & Parallel Processing Systems",Formulating rigorous formal verification methods and fault-tolerant distributed consensus protocols
Martin Newman 29,1971-02-17,Toronto,Ontario,Canada,Distinguished Computer Science Scholar,"Programming Languages, Compilers & Formal Verification Systems",Establishing the relational database model and distributed transaction consistency guarantees
Fiona Russell 30,1946-01-06,London,,United Kingdom,Research Professor & Systems Architect,"Computer Architecture, Microprocessors & Parallel Processing Systems",Architecting foundational packet-switching internetworking protocols and distributed name services
Arthur Ingram 31,1919-09-21,Berkeley,California,United States,Principal Systems Researcher,"Computer Architecture, Microprocessors & Parallel Processing Systems",Architecting foundational packet-switching internetworking protocols and distributed name services
Nathan Young 32,1946-02-14,Waterloo,Ontario,Canada,Principal Systems Researcher,"Operating Systems Architecture, Virtual Memory & Distributed Computing",Formulating rigorous formal verification methods and fault-tolerant distributed consensus protocols
Elena King 33,1933-06-19,Edinburgh,,United Kingdom,Academic Researcher & System-Builder,"Computer Networking, Packet Switching & Internet Protocols",Formulating rigorous formal verification methods and fault-tolerant distributed consensus protocols
Robert Taylor 34,1942-06-20,Amsterdam,,Netherlands,Principal Systems Researcher,"Programming Languages, Compilers & Formal Verification Systems",Formulating rigorous formal verification methods and fault-tolerant distributed consensus protocols
Bernard Abbott 35,1909-07-09,Princeton,New Jersey,United States,University Professor & Operating Systems Pioneer,"Operating Systems Architecture, Virtual Memory & Distributed Computing",Developing high-performance reduced instruction set computer (RISC) architectures and caches
Fiona Foster 36,1910-06-02,Princeton,New Jersey,United States,Academic Investigator & Network Builder,"Operating Systems Architecture, Virtual Memory & Distributed Computing",Pioneering foundational multi-user operating systems and virtual memory protection mechanisms
Hannah Knight 37,1975-05-18,Toronto,Ontario,Canada,University Professor & Operating Systems Pioneer,"Operating Systems Architecture, Virtual Memory & Distributed Computing",Formulating rigorous formal verification methods and fault-tolerant distributed consensus protocols
Arthur King 38,1976-09-24,Cambridge,Massachusetts,United States,Systems Research Fellow,"Computer Networking, Packet Switching & Internet Protocols",Developing high-performance reduced instruction set computer (RISC) architectures and caches
George Morgan 39,1952-09-25,Princeton,New Jersey,United States,Research Professor & Systems Architect,"Operating Systems Architecture, Virtual Memory & Distributed Computing",Formulating rigorous formal verification methods and fault-tolerant distributed consensus protocols
David Lewis 40,1957-03-10,Seattle,Washington,United States,Research Professor & Systems Architect,"Software Engineering Methodologies, Abstraction & Modular Design",Developing high-performance reduced instruction set computer (RISC) architectures and caches
Grace Miller 41,1931-01-25,Zurich,,Switzerland,Academic Investigator & Network Builder,"Computer Architecture, Microprocessors & Parallel Processing Systems",Pioneering foundational multi-user operating systems and virtual memory protection mechanisms
Nathan Green 42,1982-03-09,Zurich,,Switzerland,Principal Systems Researcher,"Software Engineering Methodologies, Abstraction & Modular Design",Architecting foundational packet-switching internetworking protocols and distributed name services
Elena Taylor 43,1945-12-02,Toronto,Ontario,Canada,Academic Investigator & Network Builder,"Operating Systems Architecture, Virtual Memory & Distributed Computing","Designing robust optimizing compilers, type systems, and structured programming paradigms"
David Green 44,1948-09-27,Cambridge,Massachusetts,United States,Senior Research Scientist & Distributed Systems Architect,"Database Management Systems, Transactions & Information Retrieval",Developing high-performance reduced instruction set computer (RISC) architectures and caches
Quentin Knight 45,1920-06-01,Pittsburgh,Pennsylvania,United States,Academic Investigator & Network Builder,"Software Engineering Methodologies, Abstraction & Modular Design",Architecting foundational packet-switching internetworking protocols and distributed name services
Martin Roberts 46,1937-05-27,Amsterdam,,Netherlands,Research Professor & Systems Architect,"Computer Architecture, Microprocessors & Parallel Processing Systems",Establishing the relational database model and distributed transaction consistency guarantees
Kevin Davis 47,1920-08-01,Waterloo,Ontario,Canada,University Professor & Operating Systems Pioneer,"Computer Architecture, Microprocessors & Parallel Processing Systems",Architecting foundational packet-switching internetworking protocols and distributed name services
Monica Davies 48,1917-01-02,Austin,Texas,United States,Research Professor & Systems Architect,"Operating Systems Architecture, Virtual Memory & Distributed Computing","Designing robust optimizing compilers, type systems, and structured programming paradigms"
Yuri Ingram 49,1909-02-12,Berlin,,Germany,University Professor & Operating Systems Pioneer,"Computer Networking, Packet Switching & Internet Protocols",Formulating rigorous formal verification methods and fault-tolerant distributed consensus protocols
Nora Knight 50,1903-10-24,London,,United Kingdom,Systems Research Fellow,"Software Engineering Methodologies, Abstraction & Modular Design",Pioneering foundational multi-user operating systems and virtual memory protection mechanisms
Julia Young 51,1920-11-26,London,,United Kingdom,Senior Research Scientist & Distributed Systems Architect,"Software Engineering Methodologies, Abstraction & Modular Design",Pioneering foundational multi-user operating systems and virtual memory protection mechanisms
Peter Jones 52,1908-12-05,Cambridge,Massachusetts,United States,Systems Research Fellow,"Software Engineering Methodologies, Abstraction & Modular Design",Establishing the relational database model and distributed transaction consistency guarantees
David Newman 53,1980-07-18,Princeton,New Jersey,United States,Academic Investigator & Network Builder,"Programming Languages, Compilers & Formal Verification Systems",Developing high-performance reduced instruction set computer (RISC) architectures and caches
Julian Baker 54,1982-09-09,Seattle,Washington,United States,Research Professor & Systems Architect,"Computer Networking, Packet Switching & Internet Protocols",Establishing the relational database model and distributed transaction consistency guarantees
Hannah Clark 55,1942-07-07,Tokyo,,Japan,Research Professor & Systems Architect,"Database Management Systems, Transactions & Information Retrieval",Pioneering foundational multi-user operating systems and virtual memory protection mechanisms
Robert Davies 56,1965-02-06,Austin,Texas,United States,Distinguished Computer Science Scholar,"Database Management Systems, Transactions & Information Retrieval","Designing robust optimizing compilers, type systems, and structured programming paradigms"
Nora Abbott 57,1908-08-03,Edinburgh,,United Kingdom,Academic Investigator & Network Builder,"Operating Systems Architecture, Virtual Memory & Distributed Computing",Architecting foundational packet-switching internetworking protocols and distributed name services
Harold Young 58,1910-07-06,Austin,Texas,United States,Distinguished Computer Science Scholar,"Software Engineering Methodologies, Abstraction & Modular Design","Designing robust optimizing compilers, type systems, and structured programming paradigms"
Victor Clark 59,1966-11-22,Waterloo,Ontario,Canada,Systems Research Fellow,"Computer Architecture, Microprocessors & Parallel Processing Systems",Establishing the relational database model and distributed transaction consistency guarantees
David Johnson 60,1912-03-14,Cambridge,Massachusetts,United States,Academic Researcher & System-Builder,"Programming Languages, Compilers & Formal Verification Systems","Designing robust optimizing compilers, type systems, and structured programming paradigms"
Quentin Young 61,1921-01-17,Pittsburgh,Pennsylvania,United States,Research Professor & Systems Architect,"Programming Languages, Compilers & Formal Verification Systems",Architecting foundational packet-switching internetworking protocols and distributed name services
Walter Evans 62,1968-03-23,Seattle,Washington,United States,University Professor & Operating Systems Pioneer,"Computer Architecture, Microprocessors & Parallel Processing Systems",Architecting foundational packet-switching internetworking protocols and distributed name services
Claire Irwin 63,1936-02-03,Stanford,California,United States,Systems Research Fellow,"Computer Architecture, Microprocessors & Parallel Processing Systems",Architecting foundational packet-switching internetworking protocols and distributed name services
Monica King 64,1973-06-27,Edinburgh,,United Kingdom,University Professor & Operating Systems Pioneer,"Operating Systems Architecture, Virtual Memory & Distributed Computing","Designing robust optimizing compilers, type systems, and structured programming paradigms"
Beatrice Patterson 65,1922-03-17,Tokyo,,Japan,Distinguished Computer Science Scholar,"Software Engineering Methodologies, Abstraction & Modular Design",Formulating rigorous formal verification methods and fault-tolerant distributed consensus protocols
Zachary Miller 66,1975-06-19,Paris,,France,Systems Research Fellow,"Programming Languages, Compilers & Formal Verification Systems","Designing robust optimizing compilers, type systems, and structured programming paradigms"
Irene Johnson 67,1901-09-05,Munich,Bavaria,Germany,Academic Researcher & System-Builder,"Programming Languages, Compilers & Formal Verification Systems",Architecting foundational packet-switching internetworking protocols and distributed name services
Arthur Roberts 68,1976-08-14,Sydney,New South Wales,Australia,University Professor & Operating Systems Pioneer,"Software Engineering Methodologies, Abstraction & Modular Design",Pioneering foundational multi-user operating systems and virtual memory protection mechanisms
Charles Phillips 69,1947-07-19,Singapore,,Singapore,University Professor & Operating Systems Pioneer,"Database Management Systems, Transactions & Information Retrieval",Pioneering foundational multi-user operating systems and virtual memory protection mechanisms
David Patterson 70,1900-03-21,Stanford,California,United States,Systems Research Fellow,"Database Management Systems, Transactions & Information Retrieval",Architecting foundational packet-switching internetworking protocols and distributed name services
Beatrice Gibson 71,1944-01-17,Waterloo,Ontario,Canada,Senior Research Scientist & Distributed Systems Architect,"Computer Architecture, Microprocessors & Parallel Processing Systems",Formulating rigorous formal verification methods and fault-tolerant distributed consensus protocols
Walter Knight 72,1950-11-09,Zurich,,Switzerland,Senior Research Scientist & Distributed Systems Architect,"Computer Networking, Packet Switching & Internet Protocols",Establishing the relational database model and distributed transaction consistency guarantees
Rachel Black 73,1909-05-25,Amsterdam,,Netherlands,Senior Research Scientist & Distributed Systems Architect,"Software Engineering Methodologies, Abstraction & Modular Design",Pioneering foundational multi-user operating systems and virtual memory protection mechanisms
Nora Gibson 74,1953-09-27,Munich,Bavaria,Germany,Senior Research Scientist & Distributed Systems Architect,"Programming Languages, Compilers & Formal Verification Systems",Establishing the relational database model and distributed transaction consistency guarantees
David Ingram 75,1947-04-05,Berkeley,California,United States,Academic Researcher & System-Builder,"Computer Architecture, Microprocessors & Parallel Processing Systems",Establishing the relational database model and distributed transaction consistency guarantees
Yuri Young 76,1965-02-06,Berkeley,California,United States,Distinguished Computer Science Scholar,"Programming Languages, Compilers & Formal Verification Systems",Formulating rigorous formal verification methods and fault-tolerant distributed consensus protocols
Beatrice Jones 77,1973-12-07,London,,United Kingdom,Academic Researcher & System-Builder,"Computer Architecture, Microprocessors & Parallel Processing Systems",Formulating rigorous formal verification methods and fault-tolerant distributed consensus protocols
Karen Knight 78,1919-12-05,Palo Alto,California,United States,Systems Research Fellow,"Programming Languages, Compilers & Formal Verification Systems",Formulating rigorous formal verification methods and fault-tolerant distributed consensus protocols
Julia Lewis 79,1928-09-24,Berkeley,California,United States,Senior Research Scientist & Distributed Systems Architect,"Computer Networking, Packet Switching & Internet Protocols",Formulating rigorous formal verification methods and fault-tolerant distributed consensus protocols
Claire Young 80,1972-11-17,Berkeley,California,United States,Senior Research Scientist & Distributed Systems Architect,"Computer Architecture, Microprocessors & Parallel Processing Systems",Formulating rigorous formal verification methods and fault-tolerant distributed consensus protocols
Hannah Walker 81,1924-10-11,Zurich,,Switzerland,Principal Systems Researcher,"Computer Architecture, Microprocessors & Parallel Processing Systems",Architecting foundational packet-switching internetworking protocols and distributed name services
Oliver Jones 82,1915-10-04,Singapore,,Singapore,Senior Research Scientist & Distributed Systems Architect,"Database Management Systems, Transactions & Information Retrieval",Developing high-performance reduced instruction set computer (RISC) architectures and caches
Samuel Davies 83,1904-12-20,Seattle,Washington,United States,Systems Research Fellow,"Database Management Systems, Transactions & Information Retrieval",Pioneering foundational multi-user operating systems and virtual memory protection mechanisms
Oliver Green 84,1960-08-14,Amsterdam,,Netherlands,Academic Investigator & Network Builder,"Operating Systems Architecture, Virtual Memory & Distributed Computing",Establishing the relational database model and distributed transaction consistency guarantees
Hannah Cole 85,1911-08-04,Zurich,,Switzerland,Research Professor & Systems Architect,"Computer Networking, Packet Switching & Internet Protocols",Formulating rigorous formal verification methods and fault-tolerant distributed consensus protocols
Nora Fisher 86,1902-06-05,Austin,Texas,United States,Research Professor & Systems Architect,"Database Management Systems, Transactions & Information Retrieval",Formulating rigorous formal verification methods and fault-tolerant distributed consensus protocols
Fiona Clark 87,1949-11-01,Cambridge,Massachusetts,United States,University Professor & Operating Systems Pioneer,"Computer Networking, Packet Switching & Internet Protocols",Architecting foundational packet-switching internetworking protocols and distributed name services
Claire Young 88,1939-07-18,London,,United Kingdom,Research Professor & Systems Architect,"Programming Languages, Compilers & Formal Verification Systems",Architecting foundational packet-switching internetworking protocols and distributed name services
Diana Smith 89,1953-11-07,Princeton,New Jersey,United States,Academic Researcher & System-Builder,"Software Engineering Methodologies, Abstraction & Modular Design",Formulating rigorous formal verification methods and fault-tolerant distributed consensus protocols
Edward Zimmerman 90,1938-01-25,Berkeley,California,United States,Research Professor & Systems Architect,"Software Engineering Methodologies, Abstraction & Modular Design","Designing robust optimizing compilers, type systems, and structured programming paradigms"
Grace Davies 91,1982-05-22,Berlin,,Germany,Academic Investigator & Network Builder,"Computer Networking, Packet Switching & Internet Protocols","Designing robust optimizing compilers, type systems, and structured programming paradigms"
Beatrice Vance 92,1981-12-23,Singapore,,Singapore,Distinguished Computer Science Scholar,"Software Engineering Methodologies, Abstraction & Modular Design",Formulating rigorous formal verification methods and fault-tolerant distributed consensus protocols
Alice Nelson 93,1951-01-13,Berlin,,Germany,Research Professor & Systems Architect,"Operating Systems Architecture, Virtual Memory & Distributed Computing",Formulating rigorous formal verification methods and fault-tolerant distributed consensus protocols
Diana Foster 94,1948-11-19,Sydney,New South Wales,Australia,Academic Investigator & Network Builder,"Software Engineering Methodologies, Abstraction & Modular Design",Formulating rigorous formal verification methods and fault-tolerant distributed consensus protocols
Diana Miller 95,1939-04-08,London,,United Kingdom,Systems Research Fellow,"Software Engineering Methodologies, Abstraction & Modular Design",Formulating rigorous formal verification methods and fault-tolerant distributed consensus protocols
Karen Anderson 96,1913-02-18,Tokyo,,Japan,Academic Investigator & Network Builder,"Computer Networking, Packet Switching & Internet Protocols",Architecting foundational packet-switching internetworking protocols and distributed name services
George Newman 97,1951-11-10,Munich,Bavaria,Germany,Systems Research Fellow,"Operating Systems Architecture, Virtual Memory & Distributed Computing",Establishing the relational database model and distributed transaction consistency guarantees
Irene Foster 98,1901-09-03,Austin,Texas,United States,Distinguished Computer Science Scholar,"Software Engineering Methodologies, Abstraction & Modular Design",Establishing the relational database model and distributed transaction consistency guarantees
Julia Vance 99,1906-07-21,Toronto,Ontario,Canada,University Professor & Operating Systems Pioneer,"Software Engineering Methodologies, Abstraction & Modular Design",Establishing the relational database model and distributed transaction consistency guarantees
Quentin Lee 100,1938-11-15,Zurich,,Switzerland,Distinguished Computer Science Scholar,"Computer Networking, Packet Switching & Internet Protocols","Designing robust optimizing compilers, type systems, and structured programming paradigms"
Kevin Miller 101,1965-06-15,Berkeley,California,United States,Systems Research Fellow,"Computer Architecture, Microprocessors & Parallel Processing Systems",Establishing the relational database model and distributed transaction consistency guarantees
Nathan Morgan 102,1902-06-25,Cambridge,Massachusetts,United States,Academic Researcher & System-Builder,"Software Engineering Methodologies, Abstraction & Modular Design","Designing robust optimizing compilers, type systems, and structured programming paradigms"
Robert Davis 103,1980-01-19,Amsterdam,,Netherlands,Distinguished Computer Science Scholar,"Programming Languages, Compilers & Formal Verification Systems",Pioneering foundational multi-user operating systems and virtual memory protection mechanisms
Yuri Young 104,1973-02-01,Paris,,France,University Professor & Operating Systems Pioneer,"Computer Networking, Packet Switching & Internet Protocols",Pioneering foundational multi-user operating systems and virtual memory protection mechanisms
Xavier Smith 105,1915-11-24,Waterloo,Ontario,Canada,Distinguished Computer Science Scholar,"Computer Networking, Packet Switching & Internet Protocols","Designing robust optimizing compilers, type systems, and structured programming paradigms"
Claire Roberts 106,1947-06-04,Edinburgh,,United Kingdom,Research Professor & Systems Architect,"Computer Networking, Packet Switching & Internet Protocols",Establishing the relational database model and distributed transaction consistency guarantees
Claire Phillips 107,1953-10-22,Austin,Texas,United States,Academic Investigator & Network Builder,"Computer Architecture, Microprocessors & Parallel Processing Systems",Pioneering foundational multi-user operating systems and virtual memory protection mechanisms
Zachary Phillips 108,1977-11-21,Berlin,,Germany,Principal Systems Researcher,"Software Engineering Methodologies, Abstraction & Modular Design",Formulating rigorous formal verification methods and fault-tolerant distributed consensus protocols
Beatrice Lee 109,1936-04-24,Paris,,France,Academic Researcher & System-Builder,"Computer Architecture, Microprocessors & Parallel Processing Systems",Architecting foundational packet-switching internetworking protocols and distributed name services
Lawrence Owen 110,1914-03-16,Singapore,,Singapore,Academic Investigator & Network Builder,"Software Engineering Methodologies, Abstraction & Modular Design",Establishing the relational database model and distributed transaction consistency guarantees
Harold Owen 111,1906-11-18,Waterloo,Ontario,Canada,Academic Investigator & Network Builder,"Operating Systems Architecture, Virtual Memory & Distributed Computing",Architecting foundational packet-switching internetworking protocols and distributed name services
Alice Taylor 112,1946-11-28,Princeton,New Jersey,United States,Distinguished Computer Science Scholar,"Computer Architecture, Microprocessors & Parallel Processing Systems",Formulating rigorous formal verification methods and fault-tolerant distributed consensus protocols
George Nelson 113,1920-03-10,Sydney,New South Wales,Australia,Principal Systems Researcher,"Operating Systems Architecture, Virtual Memory & Distributed Computing",Pioneering foundational multi-user operating systems and virtual memory protection mechanisms
Hannah Foster 114,1956-06-03,Cambridge,Massachusetts,United States,Research Professor & Systems Architect,"Database Management Systems, Transactions & Information Retrieval",Developing high-performance reduced instruction set computer (RISC) architectures and caches
Kevin Evans 115,1950-12-26,Zurich,,Switzerland,Principal Systems Researcher,"Computer Networking, Packet Switching & Internet Protocols",Architecting foundational packet-switching internetworking protocols and distributed name services
Oliver Smith 116,1983-11-16,Princeton,New Jersey,United States,Systems Research Fellow,"Computer Networking, Packet Switching & Internet Protocols",Developing high-performance reduced instruction set computer (RISC) architectures and caches
Charles Ellis 117,1969-09-23,Princeton,New Jersey,United States,Systems Research Fellow,"Software Engineering Methodologies, Abstraction & Modular Design",Architecting foundational packet-switching internetworking protocols and distributed name services
Monica Black 118,1938-07-28,Princeton,New Jersey,United States,Systems Research Fellow,"Computer Architecture, Microprocessors & Parallel Processing Systems","Designing robust optimizing compilers, type systems, and structured programming paradigms"
Hannah Lewis 119,1923-09-02,Cambridge,Massachusetts,United States,Academic Investigator & Network Builder,"Software Engineering Methodologies, Abstraction & Modular Design",Establishing the relational database model and distributed transaction consistency guarantees
Claire Lee 120,1933-11-08,Sydney,New South Wales,Australia,Academic Investigator & Network Builder,"Computer Networking, Packet Switching & Internet Protocols",Pioneering foundational multi-user operating systems and virtual memory protection mechanisms
Alice Walker 121,1982-07-20,Amsterdam,,Netherlands,Principal Systems Researcher,"Computer Architecture, Microprocessors & Parallel Processing Systems",Establishing the relational database model and distributed transaction consistency guarantees
Zachary Walker 122,1979-11-23,Sydney,New South Wales,Australia,Distinguished Computer Science Scholar,"Computer Architecture, Microprocessors & Parallel Processing Systems",Pioneering foundational multi-user operating systems and virtual memory protection mechanisms
Frank Smith 123,1925-09-06,Berkeley,California,United States,Senior Research Scientist & Distributed Systems Architect,"Software Engineering Methodologies, Abstraction & Modular Design",Establishing the relational database model and distributed transaction consistency guarantees
Claire Johnson 124,1974-05-24,Amsterdam,,Netherlands,University Professor & Operating Systems Pioneer,"Operating Systems Architecture, Virtual Memory & Distributed Computing","Designing robust optimizing compilers, type systems, and structured programming paradigms"
Victor Young 125,1947-07-04,London,,United Kingdom,Academic Investigator & Network Builder,"Software Engineering Methodologies, Abstraction & Modular Design","Designing robust optimizing compilers, type systems, and structured programming paradigms"
Irene Henderson 126,1934-10-09,Zurich,,Switzerland,Distinguished Computer Science Scholar,"Programming Languages, Compilers & Formal Verification Systems",Establishing the relational database model and distributed transaction consistency guarantees
Bernard Roberts 127,1958-07-25,Munich,Bavaria,Germany,Academic Researcher & System-Builder,"Software Engineering Methodologies, Abstraction & Modular Design",Establishing the relational database model and distributed transaction consistency guarantees
Julia Zimmerman 128,1976-09-11,Edinburgh,,United Kingdom,Distinguished Computer Science Scholar,"Operating Systems Architecture, Virtual Memory & Distributed Computing","Designing robust optimizing compilers, type systems, and structured programming paradigms"
Julia Fisher 129,1947-02-19,Sydney,New South Wales,Australia,Research Professor & Systems Architect,"Database Management Systems, Transactions & Information Retrieval",Architecting foundational packet-switching internetworking protocols and distributed name services
Peter Anderson 130,1911-07-20,Princeton,New Jersey,United States,University Professor & Operating Systems Pioneer,"Operating Systems Architecture, Virtual Memory & Distributed Computing",Pioneering foundational multi-user operating systems and virtual memory protection mechanisms
Monica Zimmerman 131,1961-05-25,Sydney,New South Wales,Australia,Academic Investigator & Network Builder,"Operating Systems Architecture, Virtual Memory & Distributed Computing",Developing high-performance reduced instruction set computer (RISC) architectures and caches
Kevin Irwin 132,1952-10-14,Waterloo,Ontario,Canada,Senior Research Scientist & Distributed Systems Architect,"Computer Architecture, Microprocessors & Parallel Processing Systems",Pioneering foundational multi-user operating systems and virtual memory protection mechanisms
Frank Abbott 133,1908-11-08,London,,United Kingdom,Senior Research Scientist & Distributed Systems Architect,"Computer Networking, Packet Switching & Internet Protocols",Pioneering foundational multi-user operating systems and virtual memory protection mechanisms
Hannah Young 134,1916-05-15,Amsterdam,,Netherlands,University Professor & Operating Systems Pioneer,"Computer Networking, Packet Switching & Internet Protocols",Developing high-performance reduced instruction set computer (RISC) architectures and caches
Nathan Davies 135,1938-07-05,Edinburgh,,United Kingdom,Systems Research Fellow,"Database Management Systems, Transactions & Information Retrieval",Architecting foundational packet-switching internetworking protocols and distributed name services
Frank Harris 136,1903-09-12,Seattle,Washington,United States,Distinguished Computer Science Scholar,"Computer Architecture, Microprocessors & Parallel Processing Systems",Establishing the relational database model and distributed transaction consistency guarantees
Julian Evans 137,1916-03-02,Sydney,New South Wales,Australia,Research Professor & Systems Architect,"Computer Architecture, Microprocessors & Parallel Processing Systems","Designing robust optimizing compilers, type systems, and structured programming paradigms"
David Davis 138,1973-06-02,Palo Alto,California,United States,Principal Systems Researcher,"Computer Architecture, Microprocessors & Parallel Processing Systems",Architecting foundational packet-switching internetworking protocols and distributed name services
Beatrice Black 139,1967-08-24,Cambridge,Massachusetts,United States,Academic Researcher & System-Builder,"Database Management Systems, Transactions & Information Retrieval",Formulating rigorous formal verification methods and fault-tolerant distributed consensus protocols
Arthur Zimmerman 140,1970-08-28,Paris,,France,Academic Researcher & System-Builder,"Computer Networking, Packet Switching & Internet Protocols",Formulating rigorous formal verification methods and fault-tolerant distributed consensus protocols
Arthur Evans 141,1965-05-10,Berkeley,California,United States,University Professor & Operating Systems Pioneer,"Database Management Systems, Transactions & Information Retrieval",Pioneering foundational multi-user operating systems and virtual memory protection mechanisms
Hannah Newman 142,1955-05-06,Cambridge,Massachusetts,United States,Systems Research Fellow,"Database Management Systems, Transactions & Information Retrieval",Formulating rigorous formal verification methods and fault-tolerant distributed consensus protocols
Robert Jones 143,1942-12-17,Singapore,,Singapore,Distinguished Computer Science Scholar,"Software Engineering Methodologies, Abstraction & Modular Design",Establishing the relational database model and distributed transaction consistency guarantees
Martin Fisher 144,1904-09-15,Cambridge,Massachusetts,United States,Senior Research Scientist & Distributed Systems Architect,"Database Management Systems, Transactions & Information Retrieval",Developing high-performance reduced instruction set computer (RISC) architectures and caches
Martin Morgan 145,1903-01-16,Stanford,California,United States,Senior Research Scientist & Distributed Systems Architect,"Computer Architecture, Microprocessors & Parallel Processing Systems",Architecting foundational packet-switching internetworking protocols and distributed name services
Rachel Ingram 146,1903-01-09,Tokyo,,Japan,Academic Researcher & System-Builder,"Computer Networking, Packet Switching & Internet Protocols","Designing robust optimizing compilers, type systems, and structured programming paradigms"
Laura Owen 147,1912-08-10,Munich,Bavaria,Germany,Academic Researcher & System-Builder,"Software Engineering Methodologies, Abstraction & Modular Design",Formulating rigorous formal verification methods and fault-tolerant distributed consensus protocols
Laura Owen 148,1908-01-06,Cambridge,Massachusetts,United States,University Professor & Operating Systems Pioneer,"Operating Systems Architecture, Virtual Memory & Distributed Computing",Architecting foundational packet-switching internetworking protocols and distributed name services
Hannah Foster 149,1948-05-10,Seattle,Washington,United States,University Professor & Operating Systems Pioneer,"Programming Languages, Compilers & Formal Verification Systems",Pioneering foundational multi-user operating systems and virtual memory protection mechanisms
George King 150,1981-06-12,London,,United Kingdom,University Professor & Operating Systems Pioneer,"Database Management Systems, Transactions & Information Retrieval",Establishing the relational database model and distributed transaction consistency guarantees
Quentin Knight 151,1984-03-03,Singapore,,Singapore,Research Professor & Systems Architect,"Database Management Systems, Transactions & Information Retrieval",Architecting foundational packet-switching internetworking protocols and distributed name services
Elena Harris 152,1923-08-09,Munich,Bavaria,Germany,Principal Systems Researcher,"Operating Systems Architecture, Virtual Memory & Distributed Computing",Establishing the relational database model and distributed transaction consistency guarantees
Rachel Green 153,1970-06-15,Waterloo,Ontario,Canada,Distinguished Computer Science Scholar,"Computer Networking, Packet Switching & Internet Protocols",Developing high-performance reduced instruction set computer (RISC) architectures and caches
Quentin Lewis 154,1976-06-04,Stanford,California,United States,Systems Research Fellow,"Software Engineering Methodologies, Abstraction & Modular Design",Pioneering foundational multi-user operating systems and virtual memory protection mechanisms
Frank Henderson 155,1900-07-27,Stanford,California,United States,Principal Systems Researcher,"Operating Systems Architecture, Virtual Memory & Distributed Computing",Developing high-performance reduced instruction set computer (RISC) architectures and caches
Grace Knight 156,1920-04-24,Toronto,Ontario,Canada,University Professor & Operating Systems Pioneer,"Software Engineering Methodologies, Abstraction & Modular Design",Formulating rigorous formal verification methods and fault-tolerant distributed consensus protocols
Bernard Jones 157,1970-10-13,Edinburgh,,United Kingdom,Research Professor & Systems Architect,"Software Engineering Methodologies, Abstraction & Modular Design",Establishing the relational database model and distributed transaction consistency guarantees
George King 158,1942-05-07,Princeton,New Jersey,United States,Distinguished Computer Science Scholar,"Software Engineering Methodologies, Abstraction & Modular Design",Developing high-performance reduced instruction set computer (RISC) architectures and caches
Monica Nelson 159,1911-03-27,Stanford,California,United States,Senior Research Scientist & Distributed Systems Architect,"Software Engineering Methodologies, Abstraction & Modular Design",Developing high-performance reduced instruction set computer (RISC) architectures and caches
Samuel Roberts 160,1919-01-02,Princeton,New Jersey,United States,Senior Research Scientist & Distributed Systems Architect,"Computer Architecture, Microprocessors & Parallel Processing Systems",Developing high-performance reduced instruction set computer (RISC) architectures and caches
Nathan Morgan 161,1973-02-26,Cambridge,Massachusetts,United States,Distinguished Computer Science Scholar,"Computer Architecture, Microprocessors & Parallel Processing Systems",Architecting foundational packet-switching internetworking protocols and distributed name services
Zachary Davies 162,1927-06-10,Toronto,Ontario,Canada,Senior Research Scientist & Distributed Systems Architect,"Computer Networking, Packet Switching & Internet Protocols",Architecting foundational packet-switching internetworking protocols and distributed name services
Robert Foster 163,1955-08-28,Stanford,California,United States,Distinguished Computer Science Scholar,"Software Engineering Methodologies, Abstraction & Modular Design",Pioneering foundational multi-user operating systems and virtual memory protection mechanisms
Ian Taylor 164,1938-06-12,Waterloo,Ontario,Canada,Research Professor & Systems Architect,"Software Engineering Methodologies, Abstraction & Modular Design",Developing high-performance reduced instruction set computer (RISC) architectures and caches
Walter Black 165,1934-09-19,Seattle,Washington,United States,Academic Researcher & System-Builder,"Computer Networking, Packet Switching & Internet Protocols",Developing high-performance reduced instruction set computer (RISC) architectures and caches
Martin Russell 166,1977-05-28,Sydney,New South Wales,Australia,Senior Research Scientist & Distributed Systems Architect,"Operating Systems Architecture, Virtual Memory & Distributed Computing",Architecting foundational packet-switching internetworking protocols and distributed name services
Karen Nelson 167,1938-07-22,Tokyo,,Japan,Principal Systems Researcher,"Programming Languages, Compilers & Formal Verification Systems",Architecting foundational packet-switching internetworking protocols and distributed name services
Peter Morgan 168,1926-11-20,Berlin,,Germany,Senior Research Scientist & Distributed Systems Architect,"Programming Languages, Compilers & Formal Verification Systems",Architecting foundational packet-switching internetworking protocols and distributed name services
Oliver Owen 169,1924-11-05,Edinburgh,,United Kingdom,Systems Research Fellow,"Computer Networking, Packet Switching & Internet Protocols",Pioneering foundational multi-user operating systems and virtual memory protection mechanisms
Quentin King 170,1947-01-16,Zurich,,Switzerland,Senior Research Scientist & Distributed Systems Architect,"Operating Systems Architecture, Virtual Memory & Distributed Computing",Pioneering foundational multi-user operating systems and virtual memory protection mechanisms
Arthur Johnson 171,1915-05-10,Austin,Texas,United States,Systems Research Fellow,"Operating Systems Architecture, Virtual Memory & Distributed Computing",Pioneering foundational multi-user operating systems and virtual memory protection mechanisms
Diana Foster 172,1973-06-24,Stanford,California,United States,Academic Investigator & Network Builder,"Software Engineering Methodologies, Abstraction & Modular Design",Formulating rigorous formal verification methods and fault-tolerant distributed consensus protocols
Peter Young 173,1933-07-09,Berlin,,Germany,University Professor & Operating Systems Pioneer,"Computer Architecture, Microprocessors & Parallel Processing Systems",Establishing the relational database model and distributed transaction consistency guarantees
Zachary Davis 174,1980-03-01,Toronto,Ontario,Canada,Academic Investigator & Network Builder,"Database Management Systems, Transactions & Information Retrieval","Designing robust optimizing compilers, type systems, and structured programming paradigms"
Martin Patterson 175,1938-04-28,Palo Alto,California,United States,Distinguished Computer Science Scholar,"Programming Languages, Compilers & Formal Verification Systems","Designing robust optimizing compilers, type systems, and structured programming paradigms"
Harold Miller 176,1924-05-12,Palo Alto,California,United States,University Professor & Operating Systems Pioneer,"Operating Systems Architecture, Virtual Memory & Distributed Computing",Pioneering foundational multi-user operating systems and virtual memory protection mechanisms
Hannah Knight 177,1949-09-14,Munich,Bavaria,Germany,Distinguished Computer Science Scholar,"Computer Networking, Packet Switching & Internet Protocols",Architecting foundational packet-switching internetworking protocols and distributed name services
Charles Ingram 178,1976-08-28,Waterloo,Ontario,Canada,Academic Researcher & System-Builder,"Computer Architecture, Microprocessors & Parallel Processing Systems",Architecting foundational packet-switching internetworking protocols and distributed name services
Edward Abbott 179,1920-08-05,Cambridge,Massachusetts,United States,Distinguished Computer Science Scholar,"Computer Networking, Packet Switching & Internet Protocols",Architecting foundational packet-switching internetworking protocols and distributed name services
Fiona Young 180,1951-04-05,Sydney,New South Wales,Australia,Senior Research Scientist & Distributed Systems Architect,"Programming Languages, Compilers & Formal Verification Systems",Establishing the relational database model and distributed transaction consistency guarantees
Laura Cole 181,1940-06-20,Palo Alto,California,United States,Academic Investigator & Network Builder,"Computer Networking, Packet Switching & Internet Protocols",Formulating rigorous formal verification methods and fault-tolerant distributed consensus protocols
Samuel Cole 182,1918-05-13,Palo Alto,California,United States,Distinguished Computer Science Scholar,"Software Engineering Methodologies, Abstraction & Modular Design",Formulating rigorous formal verification methods and fault-tolerant distributed consensus protocols
Edward Walker 183,1975-04-06,Zurich,,Switzerland,Academic Researcher & System-Builder,"Programming Languages, Compilers & Formal Verification Systems",Architecting foundational packet-switching internetworking protocols and distributed name services
Rachel Henderson 184,1947-06-18,Munich,Bavaria,Germany,Academic Investigator & Network Builder,"Computer Networking, Packet Switching & Internet Protocols",Formulating rigorous formal verification methods and fault-tolerant distributed consensus protocols
Quentin Davis 185,1924-12-09,Cambridge,Massachusetts,United States,Distinguished Computer Science Scholar,"Database Management Systems, Transactions & Information Retrieval",Establishing the relational database model and distributed transaction consistency guarantees
Martin Jones 186,1907-11-25,Toronto,Ontario,Canada,Senior Research Scientist & Distributed Systems Architect,"Computer Networking, Packet Switching & Internet Protocols","Designing robust optimizing compilers, type systems, and structured programming paradigms"
Laura Morgan 187,1972-11-19,Edinburgh,,United Kingdom,Distinguished Computer Science Scholar,"Programming Languages, Compilers & Formal Verification Systems",Pioneering foundational multi-user operating systems and virtual memory protection mechanisms
Oliver Davies 188,1907-01-03,Tokyo,,Japan,University Professor & Operating Systems Pioneer,"Computer Networking, Packet Switching & Internet Protocols",Establishing the relational database model and distributed transaction consistency guarantees
Oliver Knight 189,1948-05-23,Berlin,,Germany,Academic Researcher & System-Builder,"Software Engineering Methodologies, Abstraction & Modular Design","Designing robust optimizing compilers, type systems, and structured programming paradigms"
Xavier Lee 190,1923-08-20,Austin,Texas,United States,Academic Investigator & Network Builder,"Software Engineering Methodologies, Abstraction & Modular Design",Developing high-performance reduced instruction set computer (RISC) architectures and caches
Thomas Baker 191,1913-10-06,Pittsburgh,Pennsylvania,United States,Academic Investigator & Network Builder,"Computer Networking, Packet Switching & Internet Protocols",Architecting foundational packet-switching internetworking protocols and distributed name services
Monica Gibson 192,1948-04-06,Stanford,California,United States,University Professor & Operating Systems Pioneer,"Computer Architecture, Microprocessors & Parallel Processing Systems","Designing robust optimizing compilers, type systems, and structured programming paradigms"
Kevin Russell 193,1976-05-13,Berkeley,California,United States,Academic Researcher & System-Builder,"Computer Architecture, Microprocessors & Parallel Processing Systems",Architecting foundational packet-switching internetworking protocols and distributed name services
Peter Cole 194,1923-08-10,Amsterdam,,Netherlands,Academic Researcher & System-Builder,"Computer Architecture, Microprocessors & Parallel Processing Systems",Architecting foundational packet-switching internetworking protocols and distributed name services
Julia Knight 195,1913-01-14,Amsterdam,,Netherlands,Academic Investigator & Network Builder,"Operating Systems Architecture, Virtual Memory & Distributed Computing",Architecting foundational packet-switching internetworking protocols and distributed name services
Karen Baker 196,1914-07-17,Sydney,New South Wales,Australia,Academic Researcher & System-Builder,"Database Management Systems, Transactions & Information Retrieval",Formulating rigorous formal verification methods and fault-tolerant distributed consensus protocols
Karen Zimmerman 197,1934-02-10,Singapore,,Singapore,University Professor & Operating Systems Pioneer,"Operating Systems Architecture, Virtual Memory & Distributed Computing",Architecting foundational packet-switching internetworking protocols and distributed name services
Xavier Abbott 198,1944-07-11,Austin,Texas,United States,Principal Systems Researcher,"Software Engineering Methodologies, Abstraction & Modular Design",Developing high-performance reduced instruction set computer (RISC) architectures and caches
Ian Abbott 199,1928-06-25,Waterloo,Ontario,Canada,Research Professor & Systems Architect,"Database Management Systems, Transactions & Information Retrieval",Pioneering foundational multi-user operating systems and virtual memory protection mechanisms
Charles Nelson 200,1920-12-14,Tokyo,,Japan,Distinguished Computer Science Scholar,"Database Management Systems, Transactions & Information Retrieval",Architecting foundational packet-switching internetworking protocols and distributed name services
Elena Anderson 201,1976-12-09,Singapore,,Singapore,Academic Investigator & Network Builder,"Database Management Systems, Transactions & Information Retrieval",Developing high-performance reduced instruction set computer (RISC) architectures and caches
George Lee 202,1925-10-25,Paris,,France,Academic Researcher & System-Builder,"Database Management Systems, Transactions & Information Retrieval","Designing robust optimizing compilers, type systems, and structured programming paradigms"
Thomas Nelson 203,1951-07-26,Waterloo,Ontario,Canada,Systems Research Fellow,"Software Engineering Methodologies, Abstraction & Modular Design",Architecting foundational packet-switching internetworking protocols and distributed name services
Zachary Miller 204,1979-06-06,Berkeley,California,United States,Systems Research Fellow,"Operating Systems Architecture, Virtual Memory & Distributed Computing",Architecting foundational packet-switching internetworking protocols and distributed name services
Oliver Vance 205,1941-02-01,Seattle,Washington,United States,Principal Systems Researcher,"Computer Architecture, Microprocessors & Parallel Processing Systems",Pioneering foundational multi-user operating systems and virtual memory protection mechanisms
Fiona Gibson 206,1937-05-22,Seattle,Washington,United States,Academic Researcher & System-Builder,"Database Management Systems, Transactions & Information Retrieval",Developing high-performance reduced instruction set computer (RISC) architectures and caches
David Henderson 207,1921-09-17,London,,United Kingdom,Senior Research Scientist & Distributed Systems Architect,"Computer Architecture, Microprocessors & Parallel Processing Systems",Architecting foundational packet-switching internetworking protocols and distributed name services
Ian Davis 208,1978-04-28,Sydney,New South Wales,Australia,Research Professor & Systems Architect,"Computer Architecture, Microprocessors & Parallel Processing Systems",Pioneering foundational multi-user operating systems and virtual memory protection mechanisms
David Young 209,1905-12-12,Paris,,France,Senior Research Scientist & Distributed Systems Architect,"Operating Systems Architecture, Virtual Memory & Distributed Computing",Developing high-performance reduced instruction set computer (RISC) architectures and caches
Rachel Vance 210,1905-05-09,Tokyo,,Japan,Senior Research Scientist & Distributed Systems Architect,"Database Management Systems, Transactions & Information Retrieval",Establishing the relational database model and distributed transaction consistency guarantees
Nathan Black 211,1935-09-21,Tokyo,,Japan,University Professor & Operating Systems Pioneer,"Database Management Systems, Transactions & Information Retrieval",Architecting foundational packet-switching internetworking protocols and distributed name services
Oliver Young 212,1929-06-23,Palo Alto,California,United States,Principal Systems Researcher,"Programming Languages, Compilers & Formal Verification Systems",Architecting foundational packet-switching internetworking protocols and distributed name services
Oliver Gibson 213,1918-11-20,Austin,Texas,United States,Distinguished Computer Science Scholar,"Database Management Systems, Transactions & Information Retrieval",Developing high-performance reduced instruction set computer (RISC) architectures and caches
Elena Black 214,1965-11-09,Princeton,New Jersey,United States,Academic Researcher & System-Builder,"Operating Systems Architecture, Virtual Memory & Distributed Computing",Architecting foundational packet-switching internetworking protocols and distributed name services
Martin King 215,1912-09-10,Edinburgh,,United Kingdom,Academic Investigator & Network Builder,"Database Management Systems, Transactions & Information Retrieval",Developing high-performance reduced instruction set computer (RISC) architectures and caches
Oliver Cole 216,1976-12-07,Princeton,New Jersey,United States,Senior Research Scientist & Distributed Systems Architect,"Operating Systems Architecture, Virtual Memory & Distributed Computing",Architecting foundational packet-switching internetworking protocols and distributed name services
Lawrence Davis 217,1953-05-22,Zurich,,Switzerland,Research Professor & Systems Architect,"Computer Architecture, Microprocessors & Parallel Processing Systems","Designing robust optimizing compilers, type systems, and structured programming paradigms"
Oliver Morgan 218,1938-04-13,Cambridge,Massachusetts,United States,Research Professor & Systems Architect,"Software Engineering Methodologies, Abstraction & Modular Design",Establishing the relational database model and distributed transaction consistency guarantees
Rachel Quinn 219,1913-08-13,Singapore,,Singapore,Academic Researcher & System-Builder,"Computer Architecture, Microprocessors & Parallel Processing Systems",Pioneering foundational multi-user operating systems and virtual memory protection mechanisms
Yuri Anderson 220,1914-01-15,Munich,Bavaria,Germany,Principal Systems Researcher,"Programming Languages, Compilers & Formal Verification Systems",Formulating rigorous formal verification methods and fault-tolerant distributed consensus protocols
David Black 221,1976-03-18,Sydney,New South Wales,Australia,University Professor & Operating Systems Pioneer,"Programming Languages, Compilers & Formal Verification Systems",Architecting foundational packet-switching internetworking protocols and distributed name services
Quentin Green 222,1978-08-13,Amsterdam,,Netherlands,University Professor & Operating Systems Pioneer,"Computer Architecture, Microprocessors & Parallel Processing Systems",Pioneering foundational multi-user operating systems and virtual memory protection mechanisms
Thomas Foster 223,1928-04-28,Seattle,Washington,United States,Systems Research Fellow,"Computer Architecture, Microprocessors & Parallel Processing Systems",Developing high-performance reduced instruction set computer (RISC) architectures and caches
Karen Morgan 224,1917-01-05,Palo Alto,California,United States,Academic Researcher & System-Builder,"Database Management Systems, Transactions & Information Retrieval",Establishing the relational database model and distributed transaction consistency guarantees
Hannah Green 225,1925-09-13,Waterloo,Ontario,Canada,Principal Systems Researcher,"Computer Networking, Packet Switching & Internet Protocols",Architecting foundational packet-switching internetworking protocols and distributed name services
Grace Baker 226,1920-03-12,Edinburgh,,United Kingdom,Systems Research Fellow,"Programming Languages, Compilers & Formal Verification Systems",Developing high-performance reduced instruction set computer (RISC) architectures and caches
David Lewis 227,1971-01-01,Tokyo,,Japan,Academic Researcher & System-Builder,"Computer Networking, Packet Switching & Internet Protocols","Designing robust optimizing compilers, type systems, and structured programming paradigms"
Quentin Lewis 228,1981-10-23,Pittsburgh,Pennsylvania,United States,Academic Investigator & Network Builder,"Computer Architecture, Microprocessors & Parallel Processing Systems",Formulating rigorous formal verification methods and fault-tolerant distributed consensus protocols
Julia King 229,1932-10-15,Pittsburgh,Pennsylvania,United States,Principal Systems Researcher,"Software Engineering Methodologies, Abstraction & Modular Design",Developing high-performance reduced instruction set computer (RISC) architectures and caches
Beatrice Harris 230,1939-10-10,Paris,,France,Systems Research Fellow,"Programming Languages, Compilers & Formal Verification Systems",Pioneering foundational multi-user operating systems and virtual memory protection mechanisms
Alice Cole 231,1910-06-01,Cambridge,Massachusetts,United States,Research Professor & Systems Architect,"Programming Languages, Compilers & Formal Verification Systems",Formulating rigorous formal verification methods and fault-tolerant distributed consensus protocols
Alice Davies 232,1957-02-18,Pittsburgh,Pennsylvania,United States,Systems Research Fellow,"Database Management Systems, Transactions & Information Retrieval","Designing robust optimizing compilers, type systems, and structured programming paradigms"
Monica Evans 233,1942-09-10,Tokyo,,Japan,Distinguished Computer Science Scholar,"Programming Languages, Compilers & Formal Verification Systems",Pioneering foundational multi-user operating systems and virtual memory protection mechanisms
Elena Irwin 234,1961-09-07,Cambridge,Massachusetts,United States,Academic Researcher & System-Builder,"Programming Languages, Compilers & Formal Verification Systems","Designing robust optimizing compilers, type systems, and structured programming paradigms"
Monica Anderson 235,1948-06-23,Berlin,,Germany,Distinguished Computer Science Scholar,"Operating Systems Architecture, Virtual Memory & Distributed Computing",Establishing the relational database model and distributed transaction consistency guarantees
David Henderson 236,1922-02-15,Princeton,New Jersey,United States,Systems Research Fellow,"Software Engineering Methodologies, Abstraction & Modular Design",Establishing the relational database model and distributed transaction consistency guarantees
Irene Morgan 237,1948-06-20,Berkeley,California,United States,Systems Research Fellow,"Software Engineering Methodologies, Abstraction & Modular Design",Establishing the relational database model and distributed transaction consistency guarantees
Grace Fisher 238,1970-03-11,London,,United Kingdom,Principal Systems Researcher,"Programming Languages, Compilers & Formal Verification Systems",Formulating rigorous formal verification methods and fault-tolerant distributed consensus protocols
Beatrice Knight 239,1901-05-23,Munich,Bavaria,Germany,Distinguished Computer Science Scholar,"Computer Networking, Packet Switching & Internet Protocols",Developing high-performance reduced instruction set computer (RISC) architectures and caches
Irene Zimmerman 240,1926-07-27,Princeton,New Jersey,United States,Senior Research Scientist & Distributed Systems Architect,"Operating Systems Architecture, Virtual Memory & Distributed Computing",Formulating rigorous formal verification methods and fault-tolerant distributed consensus protocols
Irene Smith 241,1919-10-13,Paris,,France,Distinguished Computer Science Scholar,"Programming Languages, Compilers & Formal Verification Systems",Establishing the relational database model and distributed transaction consistency guarantees
Zachary Roberts 242,1938-05-01,Amsterdam,,Netherlands,Senior Research Scientist & Distributed Systems Architect,"Operating Systems Architecture, Virtual Memory & Distributed Computing",Establishing the relational database model and distributed transaction consistency guarantees
Karen Newman 243,1955-05-16,Toronto,Ontario,Canada,Principal Systems Researcher,"Operating Systems Architecture, Virtual Memory & Distributed Computing","Designing robust optimizing compilers, type systems, and structured programming paradigms"
Ian Knight 244,1932-05-05,Palo Alto,California,United States,Systems Research Fellow,"Database Management Systems, Transactions & Information Retrieval",Pioneering foundational multi-user operating systems and virtual memory protection mechanisms
Laura Nelson 245,1911-10-22,Seattle,Washington,United States,Academic Researcher & System-Builder,"Software Engineering Methodologies, Abstraction & Modular Design",Formulating rigorous formal verification methods and fault-tolerant distributed consensus protocols
Julia Davies 246,1945-10-04,Austin,Texas,United States,Academic Researcher & System-Builder,"Computer Networking, Packet Switching & Internet Protocols",Formulating rigorous formal verification methods and fault-tolerant distributed consensus protocols
Robert Baker 247,1904-01-05,London,,United Kingdom,Research Professor & Systems Architect,"Software Engineering Methodologies, Abstraction & Modular Design",Developing high-performance reduced instruction set computer (RISC) architectures and caches
Edward Knight 248,1918-08-08,Pittsburgh,Pennsylvania,United States,Systems Research Fellow,"Database Management Systems, Transactions & Information Retrieval",Developing high-performance reduced instruction set computer (RISC) architectures and caches
Monica Clark 249,1958-10-18,Paris,,France,Distinguished Computer Science Scholar,"Software Engineering Methodologies, Abstraction & Modular Design","Designing robust optimizing compilers, type systems, and structured programming paradigms"
Yuri Jones 250,1973-11-12,Edinburgh,,United Kingdom,Distinguished Computer Science Scholar,"Computer Architecture, Microprocessors & Parallel Processing Systems",Developing high-performance reduced instruction set computer (RISC) architectures and caches
Irene Morgan 251,1925-07-11,Seattle,Washington,United States,Academic Researcher & System-Builder,"Database Management Systems, Transactions & Information Retrieval",Establishing the relational database model and distributed transaction consistency guarantees
Harold Black 252,1929-02-02,Edinburgh,,United Kingdom,Academic Investigator & Network Builder,"Programming Languages, Compilers & Formal Verification Systems",Developing high-performance reduced instruction set computer (RISC) architectures and caches
Rachel King 253,1968-10-28,Berlin,,Germany,Systems Research Fellow,"Programming Languages, Compilers & Formal Verification Systems",Establishing the relational database model and distributed transaction consistency guarantees
Bernard Morgan 254,1954-09-15,Sydney,New South Wales,Australia,Senior Research Scientist & Distributed Systems Architect,"Programming Languages, Compilers & Formal Verification Systems",Architecting foundational packet-switching internetworking protocols and distributed name services
Nathan Zimmerman 255,1968-12-02,Edinburgh,,United Kingdom,Research Professor & Systems Architect,"Database Management Systems, Transactions & Information Retrieval",Establishing the relational database model and distributed transaction consistency guarantees
Kevin Baker 256,1917-01-09,Paris,,France,University Professor & Operating Systems Pioneer,"Computer Architecture, Microprocessors & Parallel Processing Systems","Designing robust optimizing compilers, type systems, and structured programming paradigms"
Diana Morgan 257,1943-01-18,Berlin,,Germany,Academic Investigator & Network Builder,"Database Management Systems, Transactions & Information Retrieval","Designing robust optimizing compilers, type systems, and structured programming paradigms"
Grace Davies 258,1940-02-06,Austin,Texas,United States,Academic Investigator & Network Builder,"Computer Architecture, Microprocessors & Parallel Processing Systems",Formulating rigorous formal verification methods and fault-tolerant distributed consensus protocols
Edward Davies 259,1966-03-16,Singapore,,Singapore,Principal Systems Researcher,"Database Management Systems, Transactions & Information Retrieval",Pioneering foundational multi-user operating systems and virtual memory protection mechanisms
George Anderson 260,1944-01-12,Paris,,France,Academic Researcher & System-Builder,"Computer Architecture, Microprocessors & Parallel Processing Systems",Developing high-performance reduced instruction set computer (RISC) architectures and caches
Thomas Baker 261,1944-05-24,Paris,,France,Distinguished Computer Science Scholar,"Computer Networking, Packet Switching & Internet Protocols",Architecting foundational packet-switching internetworking protocols and distributed name services
Ian Harris 262,1920-02-20,Waterloo,Ontario,Canada,Academic Researcher & System-Builder,"Computer Networking, Packet Switching & Internet Protocols",Developing high-performance reduced instruction set computer (RISC) architectures and caches
George Baker 263,1945-04-10,Paris,,France,Academic Researcher & System-Builder,"Operating Systems Architecture, Virtual Memory & Distributed Computing",Architecting foundational packet-switching internetworking protocols and distributed name services
Julia Lewis 264,1950-02-08,Princeton,New Jersey,United States,University Professor & Operating Systems Pioneer,"Computer Architecture, Microprocessors & Parallel Processing Systems",Establishing the relational database model and distributed transaction consistency guarantees
Walter Miller 265,1906-10-12,Amsterdam,,Netherlands,Academic Researcher & System-Builder,"Operating Systems Architecture, Virtual Memory & Distributed Computing",Developing high-performance reduced instruction set computer (RISC) architectures and caches
Karen Green 266,1954-12-02,Berlin,,Germany,Distinguished Computer Science Scholar,"Database Management Systems, Transactions & Information Retrieval",Establishing the relational database model and distributed transaction consistency guarantees
Thomas Roberts 267,1966-06-27,Munich,Bavaria,Germany,Systems Research Fellow,"Operating Systems Architecture, Virtual Memory & Distributed Computing",Establishing the relational database model and distributed transaction consistency guarantees
David Black 268,1964-04-14,Tokyo,,Japan,Academic Investigator & Network Builder,"Software Engineering Methodologies, Abstraction & Modular Design","Designing robust optimizing compilers, type systems, and structured programming paradigms"
Samuel Roberts 269,1970-01-21,Berkeley,California,United States,Senior Research Scientist & Distributed Systems Architect,"Database Management Systems, Transactions & Information Retrieval",Developing high-performance reduced instruction set computer (RISC) architectures and caches
Karen Smith 270,1949-07-02,Amsterdam,,Netherlands,Systems Research Fellow,"Software Engineering Methodologies, Abstraction & Modular Design",Developing high-performance reduced instruction set computer (RISC) architectures and caches
Ian Russell 271,1982-02-06,Edinburgh,,United Kingdom,Research Professor & Systems Architect,"Programming Languages, Compilers & Formal Verification Systems",Architecting foundational packet-switching internetworking protocols and distributed name services
Lawrence Foster 272,1903-09-13,Singapore,,Singapore,Academic Researcher & System-Builder,"Database Management Systems, Transactions & Information Retrieval",Architecting foundational packet-switching internetworking protocols and distributed name services
Beatrice Newman 273,1924-04-09,Princeton,New Jersey,United States,Academic Researcher & System-Builder,"Software Engineering Methodologies, Abstraction & Modular Design",Pioneering foundational multi-user operating systems and virtual memory protection mechanisms
Robert Morgan 274,1970-03-25,Edinburgh,,United Kingdom,Academic Investigator & Network Builder,"Operating Systems Architecture, Virtual Memory & Distributed Computing","Designing robust optimizing compilers, type systems, and structured programming paradigms"
Irene Walker 275,1929-03-02,Munich,Bavaria,Germany,Systems Research Fellow,"Programming Languages, Compilers & Formal Verification Systems",Formulating rigorous formal verification methods and fault-tolerant distributed consensus protocols
Hannah Davis 276,1955-02-26,Toronto,Ontario,Canada,Systems Research Fellow,"Computer Architecture, Microprocessors & Parallel Processing Systems",Architecting foundational packet-switching internetworking protocols and distributed name services
Karen Lee 277,1956-05-11,Berkeley,California,United States,Principal Systems Researcher,"Software Engineering Methodologies, Abstraction & Modular Design",Pioneering foundational multi-user operating systems and virtual memory protection mechanisms
Diana Evans 278,1954-03-22,Paris,,France,Academic Investigator & Network Builder,"Operating Systems Architecture, Virtual Memory & Distributed Computing",Formulating rigorous formal verification methods and fault-tolerant distributed consensus protocols
Samuel Jones 279,1932-03-03,Singapore,,Singapore,Principal Systems Researcher,"Computer Architecture, Microprocessors & Parallel Processing Systems",Developing high-performance reduced instruction set computer (RISC) architectures and caches
Lawrence Green 280,1914-12-28,Seattle,Washington,United States,Senior Research Scientist & Distributed Systems Architect,"Database Management Systems, Transactions & Information Retrieval",Formulating rigorous formal verification methods and fault-tolerant distributed consensus protocols
Samuel Irwin 281,1959-02-09,Austin,Texas,United States,Principal Systems Researcher,"Computer Architecture, Microprocessors & Parallel Processing Systems",Formulating rigorous formal verification methods and fault-tolerant distributed consensus protocols
Monica Quinn 282,1981-05-04,Zurich,,Switzerland,Systems Research Fellow,"Computer Networking, Packet Switching & Internet Protocols",Pioneering foundational multi-user operating systems and virtual memory protection mechanisms
Laura Quinn 283,1970-12-17,Cambridge,Massachusetts,United States,University Professor & Operating Systems Pioneer,"Operating Systems Architecture, Virtual Memory & Distributed Computing","Designing robust optimizing compilers, type systems, and structured programming paradigms"
Julian Evans 284,1961-05-01,Munich,Bavaria,Germany,Distinguished Computer Science Scholar,"Programming Languages, Compilers & Formal Verification Systems",Architecting foundational packet-switching internetworking protocols and distributed name services
Rachel Patterson 285,1906-08-27,Seattle,Washington,United States,Principal Systems Researcher,"Database Management Systems, Transactions & Information Retrieval",Formulating rigorous formal verification methods and fault-tolerant distributed consensus protocols
Bernard Cole 286,1906-12-06,Toronto,Ontario,Canada,Academic Researcher & System-Builder,"Operating Systems Architecture, Virtual Memory & Distributed Computing",Establishing the relational database model and distributed transaction consistency guarantees
Robert Lee 287,1939-03-24,Toronto,Ontario,Canada,Academic Researcher & System-Builder,"Database Management Systems, Transactions & Information Retrieval",Pioneering foundational multi-user operating systems and virtual memory protection mechanisms
Elena Gibson 288,1977-06-10,Waterloo,Ontario,Canada,Principal Systems Researcher,"Database Management Systems, Transactions & Information Retrieval",Formulating rigorous formal verification methods and fault-tolerant distributed consensus protocols
George Abbott 289,1982-10-21,Edinburgh,,United Kingdom,Academic Investigator & Network Builder,"Programming Languages, Compilers & Formal Verification Systems","Designing robust optimizing compilers, type systems, and structured programming paradigms"
Xavier Abbott 290,1952-07-22,Stanford,California,United States,Academic Investigator & Network Builder,"Computer Networking, Packet Switching & Internet Protocols",Establishing the relational database model and distributed transaction consistency guarantees
Thomas Ingram 291,1953-07-25,Stanford,California,United States,Principal Systems Researcher,"Computer Architecture, Microprocessors & Parallel Processing Systems",Pioneering foundational multi-user operating systems and virtual memory protection mechanisms
Frank Zimmerman 292,1958-08-11,London,,United Kingdom,Distinguished Computer Science Scholar,"Operating Systems Architecture, Virtual Memory & Distributed Computing",Formulating rigorous formal verification methods and fault-tolerant distributed consensus protocols
Zachary Quinn 293,1902-05-14,Munich,Bavaria,Germany,Academic Researcher & System-Builder,"Programming Languages, Compilers & Formal Verification Systems",Establishing the relational database model and distributed transaction consistency guarantees
Claire Irwin 294,1963-12-20,Munich,Bavaria,Germany,Distinguished Computer Science Scholar,"Operating Systems Architecture, Virtual Memory & Distributed Computing",Developing high-performance reduced instruction set computer (RISC) architectures and caches
Martin Newman 295,1906-02-03,Singapore,,Singapore,Principal Systems Researcher,"Programming Languages, Compilers & Formal Verification Systems",Establishing the relational database model and distributed transaction consistency guarantees
Charles Smith 296,1966-10-12,Toronto,Ontario,Canada,Distinguished Computer Science Scholar,"Computer Architecture, Microprocessors & Parallel Processing Systems",Developing high-performance reduced instruction set computer (RISC) architectures and caches
Julian Ellis 297,1953-01-19,Paris,,France,Distinguished Computer Science Scholar,"Programming Languages, Compilers & Formal Verification Systems",Pioneering foundational multi-user operating systems and virtual memory protection mechanisms
Fiona Gibson 298,1905-11-28,Singapore,,Singapore,University Professor & Operating Systems Pioneer,"Software Engineering Methodologies, Abstraction & Modular Design",Pioneering foundational multi-user operating systems and virtual memory protection mechanisms
Nathan Smith 299,1960-07-10,Waterloo,Ontario,Canada,Research Professor & Systems Architect,"Operating Systems Architecture, Virtual Memory & Distributed Computing",Developing high-performance reduced instruction set computer (RISC) architectures and caches
Nora Walker 300,1980-03-22,Palo Alto,California,United States,Senior Research Scientist & Distributed Systems Architect,"Computer Networking, Packet Switching & Internet Protocols",Establishing the relational database model and distributed transaction consistency guarantees
Oliver Miller 301,1932-07-02,Tokyo,,Japan,Academic Investigator & Network Builder,"Database Management Systems, Transactions & Information Retrieval",Establishing the relational database model and distributed transaction consistency guarantees
Samuel Green 302,1974-12-17,Berlin,,Germany,University Professor & Operating Systems Pioneer,"Operating Systems Architecture, Virtual Memory & Distributed Computing",Architecting foundational packet-switching internetworking protocols and distributed name services
Karen Vance 303,1918-01-23,Munich,Bavaria,Germany,University Professor & Operating Systems Pioneer,"Software Engineering Methodologies, Abstraction & Modular Design",Establishing the relational database model and distributed transaction consistency guarantees
Nora Ellis 304,1919-11-05,Berlin,,Germany,Senior Research Scientist & Distributed Systems Architect,"Computer Networking, Packet Switching & Internet Protocols",Establishing the relational database model and distributed transaction consistency guarantees
Nathan Henderson 305,1924-12-13,Edinburgh,,United Kingdom,Systems Research Fellow,"Computer Architecture, Microprocessors & Parallel Processing Systems",Developing high-performance reduced instruction set computer (RISC) architectures and caches
Rachel Clark 306,1906-09-07,Singapore,,Singapore,Academic Researcher & System-Builder,"Programming Languages, Compilers & Formal Verification Systems",Pioneering foundational multi-user operating systems and virtual memory protection mechanisms
Walter Clark 307,1939-03-19,Zurich,,Switzerland,Academic Researcher & System-Builder,"Computer Networking, Packet Switching & Internet Protocols",Establishing the relational database model and distributed transaction consistency guarantees
Irene Henderson 308,1928-03-03,Seattle,Washington,United States,Academic Researcher & System-Builder,"Operating Systems Architecture, Virtual Memory & Distributed Computing","Designing robust optimizing compilers, type systems, and structured programming paradigms"
Arthur Smith 309,1956-03-27,Stanford,California,United States,Academic Investigator & Network Builder,"Computer Architecture, Microprocessors & Parallel Processing Systems",Architecting foundational packet-switching internetworking protocols and distributed name services
Quentin Cole 310,1972-05-08,Berkeley,California,United States,Distinguished Computer Science Scholar,"Database Management Systems, Transactions & Information Retrieval","Designing robust optimizing compilers, type systems, and structured programming paradigms"
Ian Henderson 311,1959-10-26,Pittsburgh,Pennsylvania,United States,Distinguished Computer Science Scholar,"Operating Systems Architecture, Virtual Memory & Distributed Computing","Designing robust optimizing compilers, type systems, and structured programming paradigms"
Rachel Newman 312,1968-06-14,Sydney,New South Wales,Australia,Academic Investigator & Network Builder,"Database Management Systems, Transactions & Information Retrieval",Architecting foundational packet-switching internetworking protocols and distributed name services
Fiona Patterson 313,1905-03-11,Paris,,France,University Professor & Operating Systems Pioneer,"Computer Architecture, Microprocessors & Parallel Processing Systems",Establishing the relational database model and distributed transaction consistency guarantees
Harold Knight 314,1926-05-18,Tokyo,,Japan,Academic Researcher & System-Builder,"Computer Architecture, Microprocessors & Parallel Processing Systems",Formulating rigorous formal verification methods and fault-tolerant distributed consensus protocols
Hannah Roberts 315,1961-03-04,Stanford,California,United States,Academic Investigator & Network Builder,"Computer Networking, Packet Switching & Internet Protocols",Formulating rigorous formal verification methods and fault-tolerant distributed consensus protocols
George Lewis 316,1957-12-10,Princeton,New Jersey,United States,Academic Researcher & System-Builder,"Software Engineering Methodologies, Abstraction & Modular Design",Architecting foundational packet-switching internetworking protocols and distributed name services
Fiona Irwin 317,1978-09-22,Paris,,France,Academic Investigator & Network Builder,"Database Management Systems, Transactions & Information Retrieval",Formulating rigorous formal verification methods and fault-tolerant distributed consensus protocols
Frank Anderson 318,1942-04-24,Edinburgh,,United Kingdom,Academic Researcher & System-Builder,"Operating Systems Architecture, Virtual Memory & Distributed Computing",Formulating rigorous formal verification methods and fault-tolerant distributed consensus protocols
Harold Lee 319,1961-08-25,Berkeley,California,United States,Research Professor & Systems Architect,"Computer Architecture, Microprocessors & Parallel Processing Systems",Developing high-performance reduced instruction set computer (RISC) architectures and caches
Elena Irwin 320,1901-08-07,Berlin,,Germany,Research Professor & Systems Architect,"Computer Architecture, Microprocessors & Parallel Processing Systems",Developing high-performance reduced instruction set computer (RISC) architectures and caches
Elena Zimmerman 321,1951-03-13,Amsterdam,,Netherlands,University Professor & Operating Systems Pioneer,"Programming Languages, Compilers & Formal Verification Systems","Designing robust optimizing compilers, type systems, and structured programming paradigms"
Zachary Newman 322,1933-10-10,Pittsburgh,Pennsylvania,United States,Systems Research Fellow,"Operating Systems Architecture, Virtual Memory & Distributed Computing","Designing robust optimizing compilers, type systems, and structured programming paradigms"
Robert Johnson 323,1947-04-08,Singapore,,Singapore,Academic Investigator & Network Builder,"Computer Networking, Packet Switching & Internet Protocols",Pioneering foundational multi-user operating systems and virtual memory protection mechanisms
Hannah Black 324,1946-09-14,Singapore,,Singapore,Distinguished Computer Science Scholar,"Operating Systems Architecture, Virtual Memory & Distributed Computing","Designing robust optimizing compilers, type systems, and structured programming paradigms"
Julian Johnson 325,1925-11-19,Princeton,New Jersey,United States,University Professor & Operating Systems Pioneer,"Programming Languages, Compilers & Formal Verification Systems",Formulating rigorous formal verification methods and fault-tolerant distributed consensus protocols
Charles Owen 326,1981-10-08,Pittsburgh,Pennsylvania,United States,University Professor & Operating Systems Pioneer,"Database Management Systems, Transactions & Information Retrieval",Formulating rigorous formal verification methods and fault-tolerant distributed consensus protocols
Lawrence Anderson 327,1921-08-09,Zurich,,Switzerland,Research Professor & Systems Architect,"Software Engineering Methodologies, Abstraction & Modular Design",Developing high-performance reduced instruction set computer (RISC) architectures and caches
Alice Foster 328,1979-03-19,London,,United Kingdom,Academic Investigator & Network Builder,"Computer Architecture, Microprocessors & Parallel Processing Systems",Pioneering foundational multi-user operating systems and virtual memory protection mechanisms
Rachel Davies 329,1967-11-26,London,,United Kingdom,University Professor & Operating Systems Pioneer,"Computer Networking, Packet Switching & Internet Protocols",Establishing the relational database model and distributed transaction consistency guarantees
Beatrice Young 330,1969-03-24,Amsterdam,,Netherlands,University Professor & Operating Systems Pioneer,"Operating Systems Architecture, Virtual Memory & Distributed Computing","Designing robust optimizing compilers, type systems, and structured programming paradigms"
Nora Lewis 331,1909-03-13,Princeton,New Jersey,United States,Systems Research Fellow,"Programming Languages, Compilers & Formal Verification Systems",Formulating rigorous formal verification methods and fault-tolerant distributed consensus protocols
Laura Harris 332,1970-04-02,Singapore,,Singapore,Principal Systems Researcher,"Operating Systems Architecture, Virtual Memory & Distributed Computing",Architecting foundational packet-switching internetworking protocols and distributed name services
Peter Vance 333,1904-07-19,Berkeley,California,United States,Distinguished Computer Science Scholar,"Software Engineering Methodologies, Abstraction & Modular Design","Designing robust optimizing compilers, type systems, and structured programming paradigms"
Martin Newman 334,1936-06-01,Singapore,,Singapore,Research Professor & Systems Architect,"Software Engineering Methodologies, Abstraction & Modular Design",Formulating rigorous formal verification methods and fault-tolerant distributed consensus protocols
Alice Owen 335,1968-10-19,London,,United Kingdom,Systems Research Fellow,"Operating Systems Architecture, Virtual Memory & Distributed Computing",Pioneering foundational multi-user operating systems and virtual memory protection mechanisms
Nora Phillips 336,1965-12-21,Toronto,Ontario,Canada,Principal Systems Researcher,"Software Engineering Methodologies, Abstraction & Modular Design",Architecting foundational packet-switching internetworking protocols and distributed name services
Victor Nelson 337,1983-01-20,Munich,Bavaria,Germany,Systems Research Fellow,"Computer Architecture, Microprocessors & Parallel Processing Systems","Designing robust optimizing compilers, type systems, and structured programming paradigms"
Ian Clark 338,1936-06-12,Stanford,California,United States,Academic Researcher & System-Builder,"Programming Languages, Compilers & Formal Verification Systems",Formulating rigorous formal verification methods and fault-tolerant distributed consensus protocols
Edward Johnson 339,1976-04-02,Tokyo,,Japan,Systems Research Fellow,"Computer Architecture, Microprocessors & Parallel Processing Systems",Architecting foundational packet-switching internetworking protocols and distributed name services
Laura Lee 340,1928-05-12,Seattle,Washington,United States,Principal Systems Researcher,"Operating Systems Architecture, Virtual Memory & Distributed Computing","Designing robust optimizing compilers, type systems, and structured programming paradigms"
David Abbott 341,1981-05-08,Paris,,France,Research Professor & Systems Architect,"Operating Systems Architecture, Virtual Memory & Distributed Computing","Designing robust optimizing compilers, type systems, and structured programming paradigms"
Fiona Evans 342,1904-06-10,Zurich,,Switzerland,Research Professor & Systems Architect,"Database Management Systems, Transactions & Information Retrieval",Pioneering foundational multi-user operating systems and virtual memory protection mechanisms
Alice Cole 343,1954-12-03,Cambridge,Massachusetts,United States,Research Professor & Systems Architect,"Database Management Systems, Transactions & Information Retrieval",Pioneering foundational multi-user operating systems and virtual memory protection mechanisms
Frank Miller 344,1941-09-03,Seattle,Washington,United States,Principal Systems Researcher,"Software Engineering Methodologies, Abstraction & Modular Design",Pioneering foundational multi-user operating systems and virtual memory protection mechanisms
Julian Morgan 345,1915-09-08,Cambridge,Massachusetts,United States,Academic Researcher & System-Builder,"Operating Systems Architecture, Virtual Memory & Distributed Computing",Formulating rigorous formal verification methods and fault-tolerant distributed consensus protocols
David Vance 346,1931-12-26,Berlin,,Germany,Senior Research Scientist & Distributed Systems Architect,"Database Management Systems, Transactions & Information Retrieval",Pioneering foundational multi-user operating systems and virtual memory protection mechanisms
Bernard Vance 347,1907-10-20,Zurich,,Switzerland,Principal Systems Researcher,"Database Management Systems, Transactions & Information Retrieval",Architecting foundational packet-switching internetworking protocols and distributed name services
Robert Taylor 348,1972-08-07,Cambridge,Massachusetts,United States,Systems Research Fellow,"Programming Languages, Compilers & Formal Verification Systems",Formulating rigorous formal verification methods and fault-tolerant distributed consensus protocols
Xavier Irwin 349,1977-03-23,Waterloo,Ontario,Canada,Distinguished Computer Science Scholar,"Computer Architecture, Microprocessors & Parallel Processing Systems",Formulating rigorous formal verification methods and fault-tolerant distributed consensus protocols
Thomas Abbott 350,1919-07-15,Waterloo,Ontario,Canada,Research Professor & Systems Architect,"Software Engineering Methodologies, Abstraction & Modular Design",Developing high-performance reduced instruction set computer (RISC) architectures and caches
Quentin Baker 351,1979-09-06,Stanford,California,United States,Principal Systems Researcher,"Computer Architecture, Microprocessors & Parallel Processing Systems",Pioneering foundational multi-user operating systems and virtual memory protection mechanisms
Edward King 352,1914-10-13,Berkeley,California,United States,Research Professor & Systems Architect,"Software Engineering Methodologies, Abstraction & Modular Design",Pioneering foundational multi-user operating systems and virtual memory protection mechanisms
Oliver Vance 353,1929-01-05,Amsterdam,,Netherlands,University Professor & Operating Systems Pioneer,"Computer Architecture, Microprocessors & Parallel Processing Systems","Designing robust optimizing compilers, type systems, and structured programming paradigms"
Kevin Black 354,1906-09-18,Amsterdam,,Netherlands,Distinguished Computer Science Scholar,"Computer Architecture, Microprocessors & Parallel Processing Systems",Architecting foundational packet-switching internetworking protocols and distributed name services
Oliver Vance 355,1903-02-22,Austin,Texas,United States,University Professor & Operating Systems Pioneer,"Computer Networking, Packet Switching & Internet Protocols",Developing high-performance reduced instruction set computer (RISC) architectures and caches
Frank Walker 356,1959-05-03,London,,United Kingdom,Distinguished Computer Science Scholar,"Software Engineering Methodologies, Abstraction & Modular Design",Pioneering foundational multi-user operating systems and virtual memory protection mechanisms
Julian Lewis 357,1971-09-20,Stanford,California,United States,Research Professor & Systems Architect,"Software Engineering Methodologies, Abstraction & Modular Design",Formulating rigorous formal verification methods and fault-tolerant distributed consensus protocols
Charles Knight 358,1903-10-05,Singapore,,Singapore,Research Professor & Systems Architect,"Computer Networking, Packet Switching & Internet Protocols",Formulating rigorous formal verification methods and fault-tolerant distributed consensus protocols
Harold Foster 359,1976-08-13,Munich,Bavaria,Germany,Research Professor & Systems Architect,"Software Engineering Methodologies, Abstraction & Modular Design",Establishing the relational database model and distributed transaction consistency guarantees
Victor Gibson 360,1931-03-11,Cambridge,Massachusetts,United States,Academic Researcher & System-Builder,"Operating Systems Architecture, Virtual Memory & Distributed Computing",Developing high-performance reduced instruction set computer (RISC) architectures and caches
Alice Russell 361,1925-04-01,Waterloo,Ontario,Canada,Systems Research Fellow,"Software Engineering Methodologies, Abstraction & Modular Design",Establishing the relational database model and distributed transaction consistency guarantees
Irene Harris 362,1973-12-14,Seattle,Washington,United States,Principal Systems Researcher,"Computer Architecture, Microprocessors & Parallel Processing Systems","Designing robust optimizing compilers, type systems, and structured programming paradigms"
George Davies 363,1962-10-02,Berlin,,Germany,Senior Research Scientist & Distributed Systems Architect,"Operating Systems Architecture, Virtual Memory & Distributed Computing",Pioneering foundational multi-user operating systems and virtual memory protection mechanisms
Arthur Evans 364,1902-06-10,Stanford,California,United States,Academic Investigator & Network Builder,"Database Management Systems, Transactions & Information Retrieval",Formulating rigorous formal verification methods and fault-tolerant distributed consensus protocols
Nathan Green 365,1971-09-23,London,,United Kingdom,Academic Investigator & Network Builder,"Operating Systems Architecture, Virtual Memory & Distributed Computing",Architecting foundational packet-switching internetworking protocols and distributed name services
Julian Taylor 366,1968-02-14,Palo Alto,California,United States,Research Professor & Systems Architect,"Computer Architecture, Microprocessors & Parallel Processing Systems",Formulating rigorous formal verification methods and fault-tolerant distributed consensus protocols
Yuri Morgan 367,1935-01-26,Edinburgh,,United Kingdom,Distinguished Computer Science Scholar,"Software Engineering Methodologies, Abstraction & Modular Design",Pioneering foundational multi-user operating systems and virtual memory protection mechanisms
Robert Walker 368,1960-09-20,Waterloo,Ontario,Canada,Academic Investigator & Network Builder,"Operating Systems Architecture, Virtual Memory & Distributed Computing",Formulating rigorous formal verification methods and fault-tolerant distributed consensus protocols
Fiona Baker 369,1918-09-28,Princeton,New Jersey,United States,Research Professor & Systems Architect,"Computer Architecture, Microprocessors & Parallel Processing Systems",Pioneering foundational multi-user operating systems and virtual memory protection mechanisms
Karen Johnson 370,1936-09-24,Berkeley,California,United States,Principal Systems Researcher,"Operating Systems Architecture, Virtual Memory & Distributed Computing","Designing robust optimizing compilers, type systems, and structured programming paradigms"
Oliver Ingram 371,1969-08-13,Edinburgh,,United Kingdom,Principal Systems Researcher,"Computer Networking, Packet Switching & Internet Protocols",Developing high-performance reduced instruction set computer (RISC) architectures and caches
Beatrice Harris 372,1932-10-03,Cambridge,Massachusetts,United States,Research Professor & Systems Architect,"Computer Networking, Packet Switching & Internet Protocols",Formulating rigorous formal verification methods and fault-tolerant distributed consensus protocols
Rachel Clark 373,1927-11-17,Paris,,France,Principal Systems Researcher,"Software Engineering Methodologies, Abstraction & Modular Design",Architecting foundational packet-switching internetworking protocols and distributed name services
Julia Foster 374,1974-06-13,Toronto,Ontario,Canada,Distinguished Computer Science Scholar,"Programming Languages, Compilers & Formal Verification Systems",Formulating rigorous formal verification methods and fault-tolerant distributed consensus protocols
David Fisher 375,1940-11-19,Tokyo,,Japan,Academic Investigator & Network Builder,"Operating Systems Architecture, Virtual Memory & Distributed Computing",Establishing the relational database model and distributed transaction consistency guarantees
Kevin Zimmerman 376,1923-02-04,Seattle,Washington,United States,Principal Systems Researcher,"Operating Systems Architecture, Virtual Memory & Distributed Computing",Pioneering foundational multi-user operating systems and virtual memory protection mechanisms
Nora Baker 377,1946-04-07,Amsterdam,,Netherlands,Distinguished Computer Science Scholar,"Operating Systems Architecture, Virtual Memory & Distributed Computing",Architecting foundational packet-switching internetworking protocols and distributed name services
Ian Baker 378,1949-09-12,Tokyo,,Japan,Systems Research Fellow,"Computer Networking, Packet Switching & Internet Protocols",Architecting foundational packet-switching internetworking protocols and distributed name services
Charles Fisher 379,1900-10-11,Sydney,New South Wales,Australia,Senior Research Scientist & Distributed Systems Architect,"Computer Architecture, Microprocessors & Parallel Processing Systems",Formulating rigorous formal verification methods and fault-tolerant distributed consensus protocols
Fiona Young 380,1982-08-19,Princeton,New Jersey,United States,Academic Investigator & Network Builder,"Database Management Systems, Transactions & Information Retrieval",Developing high-performance reduced instruction set computer (RISC) architectures and caches
Laura Green 381,1916-05-08,Zurich,,Switzerland,University Professor & Operating Systems Pioneer,"Software Engineering Methodologies, Abstraction & Modular Design",Formulating rigorous formal verification methods and fault-tolerant distributed consensus protocols
Zachary Owen 382,1900-07-07,Paris,,France,Academic Investigator & Network Builder,"Computer Architecture, Microprocessors & Parallel Processing Systems",Developing high-performance reduced instruction set computer (RISC) architectures and caches
Thomas Green 383,1950-03-06,Toronto,Ontario,Canada,Academic Researcher & System-Builder,"Software Engineering Methodologies, Abstraction & Modular Design",Establishing the relational database model and distributed transaction consistency guarantees
Karen Lee 384,1959-04-03,Seattle,Washington,United States,Academic Researcher & System-Builder,"Computer Networking, Packet Switching & Internet Protocols",Establishing the relational database model and distributed transaction consistency guarantees
Oliver Fisher 385,1956-01-11,Amsterdam,,Netherlands,Systems Research Fellow,"Computer Architecture, Microprocessors & Parallel Processing Systems",Architecting foundational packet-switching internetworking protocols and distributed name services
Charles Henderson 386,1901-03-26,London,,United Kingdom,Systems Research Fellow,"Computer Architecture, Microprocessors & Parallel Processing Systems",Formulating rigorous formal verification methods and fault-tolerant distributed consensus protocols
Nora Nelson 387,1962-06-27,Waterloo,Ontario,Canada,Systems Research Fellow,"Software Engineering Methodologies, Abstraction & Modular Design","Designing robust optimizing compilers, type systems, and structured programming paradigms"
Samuel Baker 388,1943-02-14,London,,United Kingdom,Academic Investigator & Network Builder,"Computer Networking, Packet Switching & Internet Protocols",Establishing the relational database model and distributed transaction consistency guarantees
Beatrice Henderson 389,1984-08-26,Pittsburgh,Pennsylvania,United States,Systems Research Fellow,"Programming Languages, Compilers & Formal Verification Systems",Establishing the relational database model and distributed transaction consistency guarantees
Grace Patterson 390,1940-12-05,Seattle,Washington,United States,Senior Research Scientist & Distributed Systems Architect,"Software Engineering Methodologies, Abstraction & Modular Design",Architecting foundational packet-switching internetworking protocols and distributed name services
Ian Vance 391,1958-03-12,Seattle,Washington,United States,Distinguished Computer Science Scholar,"Computer Architecture, Microprocessors & Parallel Processing Systems",Formulating rigorous formal verification methods and fault-tolerant distributed consensus protocols
Edward Gibson 392,1972-07-22,Paris,,France,Academic Researcher & System-Builder,"Software Engineering Methodologies, Abstraction & Modular Design",Formulating rigorous formal verification methods and fault-tolerant distributed consensus protocols
Kevin Davis 393,1957-05-03,Seattle,Washington,United States,Distinguished Computer Science Scholar,"Software Engineering Methodologies, Abstraction & Modular Design",Developing high-performance reduced instruction set computer (RISC) architectures and caches
Oliver Abbott 394,1951-01-05,Paris,,France,Research Professor & Systems Architect,"Software Engineering Methodologies, Abstraction & Modular Design",Formulating rigorous formal verification methods and fault-tolerant distributed consensus protocols
Quentin Anderson 395,1928-04-19,Seattle,Washington,United States,Academic Researcher & System-Builder,"Database Management Systems, Transactions & Information Retrieval",Pioneering foundational multi-user operating systems and virtual memory protection mechanisms
Fiona Smith 396,1978-08-17,Sydney,New South Wales,Australia,Principal Systems Researcher,"Computer Architecture, Microprocessors & Parallel Processing Systems",Developing high-performance reduced instruction set computer (RISC) architectures and caches
Quentin Henderson 397,1939-01-03,Munich,Bavaria,Germany,University Professor & Operating Systems Pioneer,"Operating Systems Architecture, Virtual Memory & Distributed Computing","Designing robust optimizing compilers, type systems, and structured programming paradigms"
Edward Jones 398,1921-05-27,Amsterdam,,Netherlands,Research Professor & Systems Architect,"Computer Networking, Packet Switching & Internet Protocols",Pioneering foundational multi-user operating systems and virtual memory protection mechanisms
Alice Jones 399,1959-12-05,Seattle,Washington,United States,University Professor & Operating Systems Pioneer,"Operating Systems Architecture, Virtual Memory & Distributed Computing",Pioneering foundational multi-user operating systems and virtual memory protection mechanisms
Irene Cole 400,1963-12-23,Seattle,Washington,United States,Distinguished Computer Science Scholar,"Programming Languages, Compilers & Formal Verification Systems",Establishing the relational database model and distributed transaction consistency guarantees
Karen Newman 401,1969-11-14,Waterloo,Ontario,Canada,Distinguished Computer Science Scholar,"Programming Languages, Compilers & Formal Verification Systems",Establishing the relational database model and distributed transaction consistency guarantees
Xavier Black 402,1912-01-21,Austin,Texas,United States,University Professor & Operating Systems Pioneer,"Programming Languages, Compilers & Formal Verification Systems",Establishing the relational database model and distributed transaction consistency guarantees
Rachel Jones 403,1945-05-19,Berlin,,Germany,Senior Research Scientist & Distributed Systems Architect,"Software Engineering Methodologies, Abstraction & Modular Design",Architecting foundational packet-switching internetworking protocols and distributed name services
Julia Gibson 404,1960-04-13,Toronto,Ontario,Canada,Principal Systems Researcher,"Programming Languages, Compilers & Formal Verification Systems",Establishing the relational database model and distributed transaction consistency guarantees
Samuel Nelson 405,1917-07-11,Palo Alto,California,United States,Systems Research Fellow,"Database Management Systems, Transactions & Information Retrieval",Establishing the relational database model and distributed transaction consistency guarantees
Oliver Smith 406,1937-06-05,Munich,Bavaria,Germany,Academic Investigator & Network Builder,"Computer Architecture, Microprocessors & Parallel Processing Systems",Pioneering foundational multi-user operating systems and virtual memory protection mechanisms
Peter Lewis 407,1904-05-01,Edinburgh,,United Kingdom,Research Professor & Systems Architect,"Programming Languages, Compilers & Formal Verification Systems","Designing robust optimizing compilers, type systems, and structured programming paradigms"
Charles Harris 408,1957-08-02,Seattle,Washington,United States,University Professor & Operating Systems Pioneer,"Programming Languages, Compilers & Formal Verification Systems",Pioneering foundational multi-user operating systems and virtual memory protection mechanisms
Ian Roberts 409,1921-12-12,Munich,Bavaria,Germany,Academic Researcher & System-Builder,"Computer Networking, Packet Switching & Internet Protocols",Architecting foundational packet-switching internetworking protocols and distributed name services
Rachel Henderson 410,1903-07-07,Palo Alto,California,United States,Academic Investigator & Network Builder,"Database Management Systems, Transactions & Information Retrieval",Formulating rigorous formal verification methods and fault-tolerant distributed consensus protocols
Hannah Morgan 411,1943-09-05,Singapore,,Singapore,Principal Systems Researcher,"Computer Architecture, Microprocessors & Parallel Processing Systems",Establishing the relational database model and distributed transaction consistency guarantees
Edward Smith 412,1968-01-04,Paris,,France,Academic Investigator & Network Builder,"Computer Networking, Packet Switching & Internet Protocols",Architecting foundational packet-switching internetworking protocols and distributed name services
Elena King 413,1962-10-18,Princeton,New Jersey,United States,Academic Researcher & System-Builder,"Computer Networking, Packet Switching & Internet Protocols",Establishing the relational database model and distributed transaction consistency guarantees
Martin Patterson 414,1983-08-25,Amsterdam,,Netherlands,Senior Research Scientist & Distributed Systems Architect,"Software Engineering Methodologies, Abstraction & Modular Design","Designing robust optimizing compilers, type systems, and structured programming paradigms"
Xavier Fisher 415,1935-07-16,Zurich,,Switzerland,University Professor & Operating Systems Pioneer,"Computer Architecture, Microprocessors & Parallel Processing Systems",Pioneering foundational multi-user operating systems and virtual memory protection mechanisms
Diana Harris 416,1974-10-23,Edinburgh,,United Kingdom,Academic Investigator & Network Builder,"Programming Languages, Compilers & Formal Verification Systems",Pioneering foundational multi-user operating systems and virtual memory protection mechanisms
Elena Patterson 417,1972-02-24,Seattle,Washington,United States,Academic Researcher & System-Builder,"Software Engineering Methodologies, Abstraction & Modular Design","Designing robust optimizing compilers, type systems, and structured programming paradigms"
Claire Harris 418,1906-03-06,Edinburgh,,United Kingdom,Academic Investigator & Network Builder,"Computer Architecture, Microprocessors & Parallel Processing Systems",Architecting foundational packet-switching internetworking protocols and distributed name services
Grace Davies 419,1904-10-11,Amsterdam,,Netherlands,Principal Systems Researcher,"Computer Networking, Packet Switching & Internet Protocols","Designing robust optimizing compilers, type systems, and structured programming paradigms"
Bernard Cole 420,1968-01-26,Stanford,California,United States,Systems Research Fellow,"Software Engineering Methodologies, Abstraction & Modular Design",Architecting foundational packet-switching internetworking protocols and distributed name services
Julian Abbott 421,1966-08-23,Austin,Texas,United States,Research Professor & Systems Architect,"Operating Systems Architecture, Virtual Memory & Distributed Computing",Pioneering foundational multi-user operating systems and virtual memory protection mechanisms
Kevin Jones 422,1927-04-08,Zurich,,Switzerland,Principal Systems Researcher,"Operating Systems Architecture, Virtual Memory & Distributed Computing",Pioneering foundational multi-user operating systems and virtual memory protection mechanisms
Alice Russell 423,1973-06-26,Austin,Texas,United States,Research Professor & Systems Architect,"Software Engineering Methodologies, Abstraction & Modular Design",Pioneering foundational multi-user operating systems and virtual memory protection mechanisms
Kevin Cole 424,1919-04-24,Waterloo,Ontario,Canada,Senior Research Scientist & Distributed Systems Architect,"Programming Languages, Compilers & Formal Verification Systems","Designing robust optimizing compilers, type systems, and structured programming paradigms"
Yuri Jones 425,1973-10-21,Cambridge,Massachusetts,United States,Senior Research Scientist & Distributed Systems Architect,"Computer Architecture, Microprocessors & Parallel Processing Systems",Developing high-performance reduced instruction set computer (RISC) architectures and caches
Nathan Morgan 426,1932-01-18,Waterloo,Ontario,Canada,Distinguished Computer Science Scholar,"Computer Networking, Packet Switching & Internet Protocols","Designing robust optimizing compilers, type systems, and structured programming paradigms"
Hannah Phillips 427,1924-01-21,Berlin,,Germany,Academic Researcher & System-Builder,"Software Engineering Methodologies, Abstraction & Modular Design",Architecting foundational packet-switching internetworking protocols and distributed name services
Hannah Baker 428,1972-03-26,Singapore,,Singapore,Distinguished Computer Science Scholar,"Programming Languages, Compilers & Formal Verification Systems","Designing robust optimizing compilers, type systems, and structured programming paradigms"
George Zimmerman 429,1917-07-17,Cambridge,Massachusetts,United States,University Professor & Operating Systems Pioneer,"Operating Systems Architecture, Virtual Memory & Distributed Computing",Developing high-performance reduced instruction set computer (RISC) architectures and caches
Frank Russell 430,1963-02-09,Amsterdam,,Netherlands,Systems Research Fellow,"Database Management Systems, Transactions & Information Retrieval",Establishing the relational database model and distributed transaction consistency guarantees
Claire Owen 431,1932-06-12,London,,United Kingdom,Research Professor & Systems Architect,"Programming Languages, Compilers & Formal Verification Systems",Formulating rigorous formal verification methods and fault-tolerant distributed consensus protocols
Hannah Davies 432,1980-03-07,Berkeley,California,United States,Academic Researcher & System-Builder,"Software Engineering Methodologies, Abstraction & Modular Design","Designing robust optimizing compilers, type systems, and structured programming paradigms"
Samuel Anderson 433,1976-09-04,Austin,Texas,United States,Distinguished Computer Science Scholar,"Computer Architecture, Microprocessors & Parallel Processing Systems",Formulating rigorous formal verification methods and fault-tolerant distributed consensus protocols
Walter Lee 434,1926-08-19,Sydney,New South Wales,Australia,Senior Research Scientist & Distributed Systems Architect,"Operating Systems Architecture, Virtual Memory & Distributed Computing",Formulating rigorous formal verification methods and fault-tolerant distributed consensus protocols
Harold Zimmerman 435,1964-09-22,Princeton,New Jersey,United States,Distinguished Computer Science Scholar,"Computer Architecture, Microprocessors & Parallel Processing Systems",Establishing the relational database model and distributed transaction consistency guarantees
Harold Davis 436,1919-02-28,Berlin,,Germany,Senior Research Scientist & Distributed Systems Architect,"Database Management Systems, Transactions & Information Retrieval",Establishing the relational database model and distributed transaction consistency guarantees
Grace Owen 437,1925-09-27,Paris,,France,Distinguished Computer Science Scholar,"Software Engineering Methodologies, Abstraction & Modular Design",Formulating rigorous formal verification methods and fault-tolerant distributed consensus protocols
Yuri Morgan 438,1912-03-02,Pittsburgh,Pennsylvania,United States,University Professor & Operating Systems Pioneer,"Computer Networking, Packet Switching & Internet Protocols",Pioneering foundational multi-user operating systems and virtual memory protection mechanisms
Robert Irwin 439,1963-08-01,Palo Alto,California,United States,Research Professor & Systems Architect,"Programming Languages, Compilers & Formal Verification Systems",Establishing the relational database model and distributed transaction consistency guarantees
George Lewis 440,1954-07-22,Austin,Texas,United States,Academic Investigator & Network Builder,"Programming Languages, Compilers & Formal Verification Systems",Pioneering foundational multi-user operating systems and virtual memory protection mechanisms
Julia Henderson 441,1904-03-22,Pittsburgh,Pennsylvania,United States,Distinguished Computer Science Scholar,"Computer Architecture, Microprocessors & Parallel Processing Systems",Establishing the relational database model and distributed transaction consistency guarantees
Quentin Foster 442,1979-12-25,Paris,,France,Distinguished Computer Science Scholar,"Computer Networking, Packet Switching & Internet Protocols","Designing robust optimizing compilers, type systems, and structured programming paradigms"
Victor Clark 443,1983-05-26,Stanford,California,United States,Academic Researcher & System-Builder,"Software Engineering Methodologies, Abstraction & Modular Design",Developing high-performance reduced instruction set computer (RISC) architectures and caches
Rachel Green 444,1909-03-18,Sydney,New South Wales,Australia,University Professor & Operating Systems Pioneer,"Computer Architecture, Microprocessors & Parallel Processing Systems",Establishing the relational database model and distributed transaction consistency guarantees
Peter Lewis 445,1942-06-08,Seattle,Washington,United States,Research Professor & Systems Architect,"Programming Languages, Compilers & Formal Verification Systems",Pioneering foundational multi-user operating systems and virtual memory protection mechanisms
Kevin Clark 446,1975-04-27,Stanford,California,United States,Distinguished Computer Science Scholar,"Database Management Systems, Transactions & Information Retrieval",Establishing the relational database model and distributed transaction consistency guarantees
Monica Morgan 447,1971-06-10,Waterloo,Ontario,Canada,University Professor & Operating Systems Pioneer,"Database Management Systems, Transactions & Information Retrieval",Developing high-performance reduced instruction set computer (RISC) architectures and caches
Peter Owen 448,1977-07-16,Toronto,Ontario,Canada,Academic Researcher & System-Builder,"Operating Systems Architecture, Virtual Memory & Distributed Computing",Developing high-performance reduced instruction set computer (RISC) architectures and caches
Arthur Taylor 449,1951-05-21,Tokyo,,Japan,Distinguished Computer Science Scholar,"Programming Languages, Compilers & Formal Verification Systems",Formulating rigorous formal verification methods and fault-tolerant distributed consensus protocols
Walter Jones 450,1978-12-05,Palo Alto,California,United States,Academic Investigator & Network Builder,"Database Management Systems, Transactions & Information Retrieval",Architecting foundational packet-switching internetworking protocols and distributed name services
Alice Davis 451,1979-05-09,Zurich,,Switzerland,Academic Researcher & System-Builder,"Programming Languages, Compilers & Formal Verification Systems",Pioneering foundational multi-user operating systems and virtual memory protection mechanisms
Quentin Walker 452,1981-03-23,Stanford,California,United States,Distinguished Computer Science Scholar,"Programming Languages, Compilers & Formal Verification Systems","Designing robust optimizing compilers, type systems, and structured programming paradigms"
Peter Patterson 453,1976-10-25,London,,United Kingdom,Distinguished Computer Science Scholar,"Computer Networking, Packet Switching & Internet Protocols",Establishing the relational database model and distributed transaction consistency guarantees
George Green 454,1935-02-27,Tokyo,,Japan,University Professor & Operating Systems Pioneer,"Operating Systems Architecture, Virtual Memory & Distributed Computing",Architecting foundational packet-switching internetworking protocols and distributed name services
Lawrence Patterson 455,1964-10-21,Princeton,New Jersey,United States,Research Professor & Systems Architect,"Computer Architecture, Microprocessors & Parallel Processing Systems",Establishing the relational database model and distributed transaction consistency guarantees
Monica Clark 456,1951-05-04,Palo Alto,California,United States,Principal Systems Researcher,"Programming Languages, Compilers & Formal Verification Systems",Establishing the relational database model and distributed transaction consistency guarantees
Rachel Russell 457,1936-03-28,Zurich,,Switzerland,University Professor & Operating Systems Pioneer,"Programming Languages, Compilers & Formal Verification Systems",Pioneering foundational multi-user operating systems and virtual memory protection mechanisms
Julia Fisher 458,1904-04-22,Pittsburgh,Pennsylvania,United States,Senior Research Scientist & Distributed Systems Architect,"Computer Architecture, Microprocessors & Parallel Processing Systems",Pioneering foundational multi-user operating systems and virtual memory protection mechanisms
Xavier Davis 459,1920-10-23,Waterloo,Ontario,Canada,University Professor & Operating Systems Pioneer,"Software Engineering Methodologies, Abstraction & Modular Design",Establishing the relational database model and distributed transaction consistency guarantees
Lawrence Young 460,1948-11-06,Cambridge,Massachusetts,United States,Academic Investigator & Network Builder,"Software Engineering Methodologies, Abstraction & Modular Design",Establishing the relational database model and distributed transaction consistency guarantees
Lawrence Black 461,1931-11-02,Zurich,,Switzerland,Academic Investigator & Network Builder,"Operating Systems Architecture, Virtual Memory & Distributed Computing",Architecting foundational packet-switching internetworking protocols and distributed name services
Oliver Young 462,1939-06-05,Seattle,Washington,United States,Academic Investigator & Network Builder,"Software Engineering Methodologies, Abstraction & Modular Design","Designing robust optimizing compilers, type systems, and structured programming paradigms"
Nathan Clark 463,1930-01-08,Toronto,Ontario,Canada,Principal Systems Researcher,"Computer Networking, Packet Switching & Internet Protocols",Architecting foundational packet-switching internetworking protocols and distributed name services
Bernard Smith 464,1981-04-06,Austin,Texas,United States,Senior Research Scientist & Distributed Systems Architect,"Database Management Systems, Transactions & Information Retrieval",Architecting foundational packet-switching internetworking protocols and distributed name services
Harold Patterson 465,1923-01-27,Singapore,,Singapore,Systems Research Fellow,"Database Management Systems, Transactions & Information Retrieval","Designing robust optimizing compilers, type systems, and structured programming paradigms"
Julian Jones 466,1901-11-13,Palo Alto,California,United States,Principal Systems Researcher,"Programming Languages, Compilers & Formal Verification Systems",Developing high-performance reduced instruction set computer (RISC) architectures and caches
Nora Taylor 467,1954-08-01,Toronto,Ontario,Canada,Distinguished Computer Science Scholar,"Programming Languages, Compilers & Formal Verification Systems",Establishing the relational database model and distributed transaction consistency guarantees
Edward Abbott 468,1941-12-08,Pittsburgh,Pennsylvania,United States,Research Professor & Systems Architect,"Computer Architecture, Microprocessors & Parallel Processing Systems",Developing high-performance reduced instruction set computer (RISC) architectures and caches
Julia Green 469,1964-11-26,Munich,Bavaria,Germany,Research Professor & Systems Architect,"Computer Architecture, Microprocessors & Parallel Processing Systems",Formulating rigorous formal verification methods and fault-tolerant distributed consensus protocols
Quentin Newman 470,1948-08-01,Zurich,,Switzerland,Distinguished Computer Science Scholar,"Database Management Systems, Transactions & Information Retrieval",Formulating rigorous formal verification methods and fault-tolerant distributed consensus protocols
Irene Lee 471,1937-02-28,Toronto,Ontario,Canada,Senior Research Scientist & Distributed Systems Architect,"Computer Networking, Packet Switching & Internet Protocols",Formulating rigorous formal verification methods and fault-tolerant distributed consensus protocols
Bernard Jones 472,1915-02-19,Waterloo,Ontario,Canada,Academic Investigator & Network Builder,"Operating Systems Architecture, Virtual Memory & Distributed Computing",Establishing the relational database model and distributed transaction consistency guarantees
Thomas Evans 473,1915-03-17,Austin,Texas,United States,Research Professor & Systems Architect,"Computer Networking, Packet Switching & Internet Protocols",Developing high-performance reduced instruction set computer (RISC) architectures and caches
Bernard Smith 474,1919-05-22,Waterloo,Ontario,Canada,Research Professor & Systems Architect,"Computer Architecture, Microprocessors & Parallel Processing Systems",Establishing the relational database model and distributed transaction consistency guarantees
Rachel Ellis 475,1907-01-19,Pittsburgh,Pennsylvania,United States,Distinguished Computer Science Scholar,"Operating Systems Architecture, Virtual Memory & Distributed Computing",Establishing the relational database model and distributed transaction consistency guarantees
Claire Vance 476,1940-07-13,Munich,Bavaria,Germany,Research Professor & Systems Architect,"Computer Architecture, Microprocessors & Parallel Processing Systems",Establishing the relational database model and distributed transaction consistency guarantees
Elena Phillips 477,1913-09-11,Austin,Texas,United States,Academic Researcher & System-Builder,"Programming Languages, Compilers & Formal Verification Systems","Designing robust optimizing compilers, type systems, and structured programming paradigms"
Walter Walker 478,1969-03-28,Seattle,Washington,United States,Academic Investigator & Network Builder,"Database Management Systems, Transactions & Information Retrieval",Architecting foundational packet-switching internetworking protocols and distributed name services
Arthur Cole 479,1900-05-07,Palo Alto,California,United States,Academic Researcher & System-Builder,"Computer Architecture, Microprocessors & Parallel Processing Systems","Designing robust optimizing compilers, type systems, and structured programming paradigms"
Hannah Ingram 480,1925-12-13,Princeton,New Jersey,United States,University Professor & Operating Systems Pioneer,"Programming Languages, Compilers & Formal Verification Systems",Architecting foundational packet-switching internetworking protocols and distributed name services
Diana Zimmerman 481,1984-11-25,Edinburgh,,United Kingdom,Principal Systems Researcher,"Operating Systems Architecture, Virtual Memory & Distributed Computing",Formulating rigorous formal verification methods and fault-tolerant distributed consensus protocols
Julia Quinn 482,1902-08-09,Austin,Texas,United States,Principal Systems Researcher,"Computer Networking, Packet Switching & Internet Protocols",Developing high-performance reduced instruction set computer (RISC) architectures and caches
Claire Anderson 483,1967-11-27,Tokyo,,Japan,Academic Researcher & System-Builder,"Computer Networking, Packet Switching & Internet Protocols",Architecting foundational packet-switching internetworking protocols and distributed name services
Yuri Abbott 484,1943-02-10,Stanford,California,United States,Distinguished Computer Science Scholar,"Operating Systems Architecture, Virtual Memory & Distributed Computing",Establishing the relational database model and distributed transaction consistency guarantees
Julian Zimmerman 485,1941-07-20,Pittsburgh,Pennsylvania,United States,Academic Investigator & Network Builder,"Database Management Systems, Transactions & Information Retrieval",Architecting foundational packet-switching internetworking protocols and distributed name services
Arthur Roberts 486,1909-03-15,Pittsburgh,Pennsylvania,United States,Academic Investigator & Network Builder,"Software Engineering Methodologies, Abstraction & Modular Design",Architecting foundational packet-switching internetworking protocols and distributed name services
Edward Knight 487,1964-06-27,Palo Alto,California,United States,Distinguished Computer Science Scholar,"Software Engineering Methodologies, Abstraction & Modular Design",Formulating rigorous formal verification methods and fault-tolerant distributed consensus protocols
Lawrence Zimmerman 488,1969-06-08,London,,United Kingdom,Academic Investigator & Network Builder,"Programming Languages, Compilers & Formal Verification Systems",Architecting foundational packet-switching internetworking protocols and distributed name services
Julian Ingram 489,1905-12-09,Pittsburgh,Pennsylvania,United States,Senior Research Scientist & Distributed Systems Architect,"Computer Architecture, Microprocessors & Parallel Processing Systems",Formulating rigorous formal verification methods and fault-tolerant distributed consensus protocols
Edward Quinn 490,1977-05-07,Austin,Texas,United States,University Professor & Operating Systems Pioneer,"Software Engineering Methodologies, Abstraction & Modular Design",Establishing the relational database model and distributed transaction consistency guarantees
Frank Walker 491,1952-05-28,Berlin,,Germany,Systems Research Fellow,"Computer Networking, Packet Switching & Internet Protocols",Pioneering foundational multi-user operating systems and virtual memory protection mechanisms
Harold Walker 492,1979-07-26,Berlin,,Germany,University Professor & Operating Systems Pioneer,"Operating Systems Architecture, Virtual Memory & Distributed Computing",Pioneering foundational multi-user operating systems and virtual memory protection mechanisms
Victor Jones 493,1965-02-24,Waterloo,Ontario,Canada,Academic Researcher & System-Builder,"Database Management Systems, Transactions & Information Retrieval",Formulating rigorous formal verification methods and fault-tolerant distributed consensus protocols
Kevin Newman 494,1923-01-03,Amsterdam,,Netherlands,University Professor & Operating Systems Pioneer,"Computer Networking, Packet Switching & Internet Protocols",Formulating rigorous formal verification methods and fault-tolerant distributed consensus protocols
Thomas Roberts 495,1942-05-03,Berkeley,California,United States,Distinguished Computer Science Scholar,"Computer Architecture, Microprocessors & Parallel Processing Systems",Formulating rigorous formal verification methods and fault-tolerant distributed consensus protocols
Claire Young 496,1968-02-12,Stanford,California,United States,Research Professor & Systems Architect,"Operating Systems Architecture, Virtual Memory & Distributed Computing",Developing high-performance reduced instruction set computer (RISC) architectures and caches
Karen Henderson 497,1902-08-19,Waterloo,Ontario,Canada,University Professor & Operating Systems Pioneer,"Database Management Systems, Transactions & Information Retrieval",Pioneering foundational multi-user operating systems and virtual memory protection mechanisms
Peter Phillips 498,1968-08-14,Zurich,,Switzerland,Senior Research Scientist & Distributed Systems Architect,"Computer Networking, Packet Switching & Internet Protocols",Pioneering foundational multi-user operating systems and virtual memory protection mechanisms
Samuel Cole 499,1908-11-07,London,,United Kingdom,Academic Researcher & System-Builder,"Database Management Systems, Transactions & Information Retrieval",Formulating rigorous formal verification methods and fault-tolerant distributed consensus protocols
Monica Morgan 500,1933-07-17,Palo Alto,California,United States,Distinguished Computer Science Scholar,"Computer Architecture, Microprocessors & Parallel Processing Systems",Establishing the relational database model and distributed transaction consistency guarantees
Oliver Quinn 501,1980-06-15,Amsterdam,,Netherlands,Senior Research Scientist & Distributed Systems Architect,"Computer Architecture, Microprocessors & Parallel Processing Systems","Designing robust optimizing compilers, type systems, and structured programming paradigms"
Arthur Patterson 502,1981-04-13,Waterloo,Ontario,Canada,Research Professor & Systems Architect,"Database Management Systems, Transactions & Information Retrieval",Pioneering foundational multi-user operating systems and virtual memory protection mechanisms
Bernard Green 503,1936-12-01,Zurich,,Switzerland,Distinguished Computer Science Scholar,"Computer Networking, Packet Switching & Internet Protocols",Formulating rigorous formal verification methods and fault-tolerant distributed consensus protocols
David Fisher 504,1951-04-17,Amsterdam,,Netherlands,Distinguished Computer Science Scholar,"Software Engineering Methodologies, Abstraction & Modular Design",Formulating rigorous formal verification methods and fault-tolerant distributed consensus protocols
Karen Lewis 505,1911-02-09,Singapore,,Singapore,Senior Research Scientist & Distributed Systems Architect,"Operating Systems Architecture, Virtual Memory & Distributed Computing",Developing high-performance reduced instruction set computer (RISC) architectures and caches
Ian Gibson 506,1914-01-15,Amsterdam,,Netherlands,University Professor & Operating Systems Pioneer,"Software Engineering Methodologies, Abstraction & Modular Design",Establishing the relational database model and distributed transaction consistency guarantees
Elena Zimmerman 507,1915-11-05,Pittsburgh,Pennsylvania,United States,Academic Investigator & Network Builder,"Computer Networking, Packet Switching & Internet Protocols",Formulating rigorous formal verification methods and fault-tolerant distributed consensus protocols
Victor Young 508,1971-01-08,London,,United Kingdom,Academic Investigator & Network Builder,"Computer Networking, Packet Switching & Internet Protocols","Designing robust optimizing compilers, type systems, and structured programming paradigms"
Julian Davis 509,1942-12-26,Palo Alto,California,United States,Academic Researcher & System-Builder,"Operating Systems Architecture, Virtual Memory & Distributed Computing",Establishing the relational database model and distributed transaction consistency guarantees
Diana Clark 510,1979-09-21,Sydney,New South Wales,Australia,Senior Research Scientist & Distributed Systems Architect,"Database Management Systems, Transactions & Information Retrieval",Developing high-performance reduced instruction set computer (RISC) architectures and caches
Frank Walker 511,1931-06-28,Edinburgh,,United Kingdom,University Professor & Operating Systems Pioneer,"Software Engineering Methodologies, Abstraction & Modular Design","Designing robust optimizing compilers, type systems, and structured programming paradigms"
Charles Newman 512,1921-05-21,Palo Alto,California,United States,Academic Researcher & System-Builder,"Operating Systems Architecture, Virtual Memory & Distributed Computing",Architecting foundational packet-switching internetworking protocols and distributed name services
Beatrice Anderson 513,1906-06-25,Amsterdam,,Netherlands,Research Professor & Systems Architect,"Database Management Systems, Transactions & Information Retrieval","Designing robust optimizing compilers, type systems, and structured programming paradigms"
Irene Ingram 514,1983-12-13,Zurich,,Switzerland,Principal Systems Researcher,"Software Engineering Methodologies, Abstraction & Modular Design",Developing high-performance reduced instruction set computer (RISC) architectures and caches
Quentin Lee 515,1921-04-17,Tokyo,,Japan,Principal Systems Researcher,"Database Management Systems, Transactions & Information Retrieval","Designing robust optimizing compilers, type systems, and structured programming paradigms"
Laura Zimmerman 516,1910-02-18,Munich,Bavaria,Germany,Principal Systems Researcher,"Computer Architecture, Microprocessors & Parallel Processing Systems",Architecting foundational packet-switching internetworking protocols and distributed name services
Charles Owen 517,1970-03-15,Singapore,,Singapore,Academic Researcher & System-Builder,"Computer Networking, Packet Switching & Internet Protocols",Developing high-performance reduced instruction set computer (RISC) architectures and caches
Monica Roberts 518,1924-03-22,Singapore,,Singapore,Distinguished Computer Science Scholar,"Programming Languages, Compilers & Formal Verification Systems",Developing high-performance reduced instruction set computer (RISC) architectures and caches
Lawrence Johnson 519,1922-06-22,London,,United Kingdom,Academic Investigator & Network Builder,"Programming Languages, Compilers & Formal Verification Systems",Architecting foundational packet-switching internetworking protocols and distributed name services
Frank Ellis 520,1905-09-09,Berkeley,California,United States,Distinguished Computer Science Scholar,"Database Management Systems, Transactions & Information Retrieval",Architecting foundational packet-switching internetworking protocols and distributed name services
Irene Quinn 521,1964-07-27,Pittsburgh,Pennsylvania,United States,Distinguished Computer Science Scholar,"Computer Networking, Packet Switching & Internet Protocols",Establishing the relational database model and distributed transaction consistency guarantees
Peter Smith 522,1961-08-26,Cambridge,Massachusetts,United States,Academic Investigator & Network Builder,"Programming Languages, Compilers & Formal Verification Systems",Establishing the relational database model and distributed transaction consistency guarantees
Martin Harris 523,1963-03-11,Waterloo,Ontario,Canada,University Professor & Operating Systems Pioneer,"Computer Networking, Packet Switching & Internet Protocols",Formulating rigorous formal verification methods and fault-tolerant distributed consensus protocols
Nathan Zimmerman 524,1975-02-07,Tokyo,,Japan,Systems Research Fellow,"Operating Systems Architecture, Virtual Memory & Distributed Computing","Designing robust optimizing compilers, type systems, and structured programming paradigms"
Grace Vance 525,1930-04-16,Cambridge,Massachusetts,United States,Principal Systems Researcher,"Computer Architecture, Microprocessors & Parallel Processing Systems",Architecting foundational packet-switching internetworking protocols and distributed name services
Peter Walker 526,1971-05-27,Princeton,New Jersey,United States,Senior Research Scientist & Distributed Systems Architect,"Computer Networking, Packet Switching & Internet Protocols",Pioneering foundational multi-user operating systems and virtual memory protection mechanisms
Julian Lee 527,1914-02-17,Berkeley,California,United States,University Professor & Operating Systems Pioneer,"Programming Languages, Compilers & Formal Verification Systems",Pioneering foundational multi-user operating systems and virtual memory protection mechanisms
Monica Quinn 528,1917-01-25,Singapore,,Singapore,Systems Research Fellow,"Computer Architecture, Microprocessors & Parallel Processing Systems",Developing high-performance reduced instruction set computer (RISC) architectures and caches
Alice Fisher 529,1957-08-22,Zurich,,Switzerland,Systems Research Fellow,"Computer Networking, Packet Switching & Internet Protocols",Formulating rigorous formal verification methods and fault-tolerant distributed consensus protocols
Zachary Baker 530,1984-07-23,Paris,,France,Senior Research Scientist & Distributed Systems Architect,"Operating Systems Architecture, Virtual Memory & Distributed Computing",Architecting foundational packet-switching internetworking protocols and distributed name services
Diana Lee 531,1908-03-24,Zurich,,Switzerland,University Professor & Operating Systems Pioneer,"Operating Systems Architecture, Virtual Memory & Distributed Computing","Designing robust optimizing compilers, type systems, and structured programming paradigms"
Martin Walker 532,1967-08-06,Amsterdam,,Netherlands,Principal Systems Researcher,"Computer Networking, Packet Switching & Internet Protocols",Formulating rigorous formal verification methods and fault-tolerant distributed consensus protocols
Samuel Davies 533,1931-08-12,Palo Alto,California,United States,Distinguished Computer Science Scholar,"Computer Networking, Packet Switching & Internet Protocols",Formulating rigorous formal verification methods and fault-tolerant distributed consensus protocols
Elena Patterson 534,1920-02-20,Seattle,Washington,United States,Senior Research Scientist & Distributed Systems Architect,"Database Management Systems, Transactions & Information Retrieval",Pioneering foundational multi-user operating systems and virtual memory protection mechanisms
Xavier Lee 535,1970-09-15,Sydney,New South Wales,Australia,Systems Research Fellow,"Database Management Systems, Transactions & Information Retrieval",Formulating rigorous formal verification methods and fault-tolerant distributed consensus protocols
Walter King 536,1928-10-02,Singapore,,Singapore,Senior Research Scientist & Distributed Systems Architect,"Software Engineering Methodologies, Abstraction & Modular Design",Formulating rigorous formal verification methods and fault-tolerant distributed consensus protocols
Nathan Gibson 537,1915-09-23,Austin,Texas,United States,Senior Research Scientist & Distributed Systems Architect,"Database Management Systems, Transactions & Information Retrieval",Pioneering foundational multi-user operating systems and virtual memory protection mechanisms
Martin Knight 538,1909-02-27,Toronto,Ontario,Canada,Academic Researcher & System-Builder,"Computer Networking, Packet Switching & Internet Protocols",Formulating rigorous formal verification methods and fault-tolerant distributed consensus protocols
Beatrice Henderson 539,1939-08-25,Berkeley,California,United States,Principal Systems Researcher,"Computer Networking, Packet Switching & Internet Protocols",Developing high-performance reduced instruction set computer (RISC) architectures and caches
Irene Davies 540,1905-05-22,Waterloo,Ontario,Canada,Academic Investigator & Network Builder,"Operating Systems Architecture, Virtual Memory & Distributed Computing",Establishing the relational database model and distributed transaction consistency guarantees
Julian Irwin 541,1963-12-22,Edinburgh,,United Kingdom,Systems Research Fellow,"Software Engineering Methodologies, Abstraction & Modular Design",Developing high-performance reduced instruction set computer (RISC) architectures and caches
Oliver Cole 542,1983-12-07,Edinburgh,,United Kingdom,Senior Research Scientist & Distributed Systems Architect,"Operating Systems Architecture, Virtual Memory & Distributed Computing",Developing high-performance reduced instruction set computer (RISC) architectures and caches
Monica Clark 543,1953-12-14,Waterloo,Ontario,Canada,Distinguished Computer Science Scholar,"Database Management Systems, Transactions & Information Retrieval",Pioneering foundational multi-user operating systems and virtual memory protection mechanisms
Elena King 544,1979-06-06,Austin,Texas,United States,Research Professor & Systems Architect,"Operating Systems Architecture, Virtual Memory & Distributed Computing",Establishing the relational database model and distributed transaction consistency guarantees
Claire Green 545,1979-05-17,Amsterdam,,Netherlands,Academic Investigator & Network Builder,"Software Engineering Methodologies, Abstraction & Modular Design",Establishing the relational database model and distributed transaction consistency guarantees
Oliver Jones 546,1952-03-10,London,,United Kingdom,Senior Research Scientist & Distributed Systems Architect,"Operating Systems Architecture, Virtual Memory & Distributed Computing",Developing high-performance reduced instruction set computer (RISC) architectures and caches
David Owen 547,1932-10-26,Amsterdam,,Netherlands,Senior Research Scientist & Distributed Systems Architect,"Computer Networking, Packet Switching & Internet Protocols",Establishing the relational database model and distributed transaction consistency guarantees
Nora Zimmerman 548,1920-03-12,Amsterdam,,Netherlands,University Professor & Operating Systems Pioneer,"Database Management Systems, Transactions & Information Retrieval",Establishing the relational database model and distributed transaction consistency guarantees
Monica Smith 549,1920-09-19,Stanford,California,United States,Academic Investigator & Network Builder,"Database Management Systems, Transactions & Information Retrieval",Developing high-performance reduced instruction set computer (RISC) architectures and caches
Zachary Gibson 550,1962-02-13,Toronto,Ontario,Canada,University Professor & Operating Systems Pioneer,"Database Management Systems, Transactions & Information Retrieval","Designing robust optimizing compilers, type systems, and structured programming paradigms"
Claire Ingram 551,1905-08-08,Sydney,New South Wales,Australia,Senior Research Scientist & Distributed Systems Architect,"Software Engineering Methodologies, Abstraction & Modular Design","Designing robust optimizing compilers, type systems, and structured programming paradigms"
Rachel Anderson 552,1940-01-06,Stanford,California,United States,Research Professor & Systems Architect,"Programming Languages, Compilers & Formal Verification Systems",Establishing the relational database model and distributed transaction consistency guarantees
Martin Anderson 553,1970-01-14,Tokyo,,Japan,Senior Research Scientist & Distributed Systems Architect,"Programming Languages, Compilers & Formal Verification Systems",Formulating rigorous formal verification methods and fault-tolerant distributed consensus protocols
Charles Gibson 554,1929-05-13,Amsterdam,,Netherlands,University Professor & Operating Systems Pioneer,"Computer Architecture, Microprocessors & Parallel Processing Systems",Pioneering foundational multi-user operating systems and virtual memory protection mechanisms
Karen Ellis 555,1949-03-04,Singapore,,Singapore,University Professor & Operating Systems Pioneer,"Operating Systems Architecture, Virtual Memory & Distributed Computing",Pioneering foundational multi-user operating systems and virtual memory protection mechanisms
Arthur Jones 556,1932-03-13,Seattle,Washington,United States,Senior Research Scientist & Distributed Systems Architect,"Programming Languages, Compilers & Formal Verification Systems","Designing robust optimizing compilers, type systems, and structured programming paradigms"
Alice Green 557,1938-09-16,Edinburgh,,United Kingdom,University Professor & Operating Systems Pioneer,"Software Engineering Methodologies, Abstraction & Modular Design",Formulating rigorous formal verification methods and fault-tolerant distributed consensus protocols
Julia Henderson 558,1966-07-05,Zurich,,Switzerland,Academic Researcher & System-Builder,"Database Management Systems, Transactions & Information Retrieval","Designing robust optimizing compilers, type systems, and structured programming paradigms"
David Johnson 559,1951-07-07,Berkeley,California,United States,Academic Researcher & System-Builder,"Computer Architecture, Microprocessors & Parallel Processing Systems",Architecting foundational packet-switching internetworking protocols and distributed name services
Ian Foster 560,1953-07-12,Seattle,Washington,United States,University Professor & Operating Systems Pioneer,"Database Management Systems, Transactions & Information Retrieval","Designing robust optimizing compilers, type systems, and structured programming paradigms"
Victor Baker 561,1915-07-08,Berlin,,Germany,Systems Research Fellow,"Computer Architecture, Microprocessors & Parallel Processing Systems","Designing robust optimizing compilers, type systems, and structured programming paradigms"
George Davis 562,1961-02-22,London,,United Kingdom,Academic Investigator & Network Builder,"Operating Systems Architecture, Virtual Memory & Distributed Computing","Designing robust optimizing compilers, type systems, and structured programming paradigms"
Monica Russell 563,1923-05-05,Tokyo,,Japan,Academic Investigator & Network Builder,"Programming Languages, Compilers & Formal Verification Systems",Formulating rigorous formal verification methods and fault-tolerant distributed consensus protocols
Arthur Foster 564,1959-02-18,Austin,Texas,United States,Senior Research Scientist & Distributed Systems Architect,"Programming Languages, Compilers & Formal Verification Systems",Formulating rigorous formal verification methods and fault-tolerant distributed consensus protocols
Nathan Owen 565,1983-12-15,Cambridge,Massachusetts,United States,University Professor & Operating Systems Pioneer,"Operating Systems Architecture, Virtual Memory & Distributed Computing",Pioneering foundational multi-user operating systems and virtual memory protection mechanisms
Walter Patterson 566,1919-08-07,Singapore,,Singapore,Academic Investigator & Network Builder,"Programming Languages, Compilers & Formal Verification Systems",Pioneering foundational multi-user operating systems and virtual memory protection mechanisms
Yuri Foster 567,1942-02-25,Pittsburgh,Pennsylvania,United States,Academic Investigator & Network Builder,"Software Engineering Methodologies, Abstraction & Modular Design","Designing robust optimizing compilers, type systems, and structured programming paradigms"
Martin Irwin 568,1951-12-09,Singapore,,Singapore,University Professor & Operating Systems Pioneer,"Operating Systems Architecture, Virtual Memory & Distributed Computing",Developing high-performance reduced instruction set computer (RISC) architectures and caches
Ian Zimmerman 569,1952-02-18,Stanford,California,United States,University Professor & Operating Systems Pioneer,"Computer Networking, Packet Switching & Internet Protocols",Pioneering foundational multi-user operating systems and virtual memory protection mechanisms
Zachary Taylor 570,1900-02-18,Sydney,New South Wales,Australia,Academic Investigator & Network Builder,"Software Engineering Methodologies, Abstraction & Modular Design",Developing high-performance reduced instruction set computer (RISC) architectures and caches
Victor Black 571,1965-04-01,Princeton,New Jersey,United States,Systems Research Fellow,"Computer Networking, Packet Switching & Internet Protocols",Formulating rigorous formal verification methods and fault-tolerant distributed consensus protocols
Elena Vance 572,1968-03-14,Austin,Texas,United States,Academic Researcher & System-Builder,"Programming Languages, Compilers & Formal Verification Systems",Establishing the relational database model and distributed transaction consistency guarantees
Nathan Knight 573,1942-07-27,Sydney,New South Wales,Australia,Principal Systems Researcher,"Software Engineering Methodologies, Abstraction & Modular Design","Designing robust optimizing compilers, type systems, and structured programming paradigms"
Walter Newman 574,1979-09-20,Sydney,New South Wales,Australia,Academic Researcher & System-Builder,"Programming Languages, Compilers & Formal Verification Systems",Establishing the relational database model and distributed transaction consistency guarantees
Edward Black 575,1913-12-11,Tokyo,,Japan,Research Professor & Systems Architect,"Programming Languages, Compilers & Formal Verification Systems",Establishing the relational database model and distributed transaction consistency guarantees
Rachel Black 576,1911-01-01,Princeton,New Jersey,United States,Academic Researcher & System-Builder,"Operating Systems Architecture, Virtual Memory & Distributed Computing",Architecting foundational packet-switching internetworking protocols and distributed name services
Nora Patterson 577,1939-07-14,Singapore,,Singapore,Principal Systems Researcher,"Computer Networking, Packet Switching & Internet Protocols",Formulating rigorous formal verification methods and fault-tolerant distributed consensus protocols
Alice Miller 578,1919-06-06,Princeton,New Jersey,United States,Senior Research Scientist & Distributed Systems Architect,"Database Management Systems, Transactions & Information Retrieval",Formulating rigorous formal verification methods and fault-tolerant distributed consensus protocols
Alice Baker 579,1958-07-05,Toronto,Ontario,Canada,Academic Investigator & Network Builder,"Software Engineering Methodologies, Abstraction & Modular Design","Designing robust optimizing compilers, type systems, and structured programming paradigms"
Quentin Irwin 580,1935-04-25,Berlin,,Germany,Senior Research Scientist & Distributed Systems Architect,"Programming Languages, Compilers & Formal Verification Systems",Formulating rigorous formal verification methods and fault-tolerant distributed consensus protocols
Peter Newman 581,1981-01-06,Singapore,,Singapore,Research Professor & Systems Architect,"Software Engineering Methodologies, Abstraction & Modular Design","Designing robust optimizing compilers, type systems, and structured programming paradigms"
Nora Lee 582,1921-12-05,London,,United Kingdom,University Professor & Operating Systems Pioneer,"Computer Architecture, Microprocessors & Parallel Processing Systems",Developing high-performance reduced instruction set computer (RISC) architectures and caches
Robert Anderson 583,1907-08-27,Austin,Texas,United States,Academic Researcher & System-Builder,"Database Management Systems, Transactions & Information Retrieval","Designing robust optimizing compilers, type systems, and structured programming paradigms"
Karen Knight 584,1938-07-10,Paris,,France,Senior Research Scientist & Distributed Systems Architect,"Operating Systems Architecture, Virtual Memory & Distributed Computing",Establishing the relational database model and distributed transaction consistency guarantees
Lawrence Davis 585,1963-11-28,Palo Alto,California,United States,Principal Systems Researcher,"Programming Languages, Compilers & Formal Verification Systems",Developing high-performance reduced instruction set computer (RISC) architectures and caches
Julian Patterson 586,1964-09-25,Princeton,New Jersey,United States,Academic Researcher & System-Builder,"Software Engineering Methodologies, Abstraction & Modular Design",Establishing the relational database model and distributed transaction consistency guarantees
Robert Roberts 587,1929-08-23,Berkeley,California,United States,University Professor & Operating Systems Pioneer,"Software Engineering Methodologies, Abstraction & Modular Design",Developing high-performance reduced instruction set computer (RISC) architectures and caches
Charles Smith 588,1958-12-07,Sydney,New South Wales,Australia,Principal Systems Researcher,"Database Management Systems, Transactions & Information Retrieval",Architecting foundational packet-switching internetworking protocols and distributed name services
Rachel Nelson 589,1953-08-23,Paris,,France,Senior Research Scientist & Distributed Systems Architect,"Software Engineering Methodologies, Abstraction & Modular Design",Developing high-performance reduced instruction set computer (RISC) architectures and caches
Laura King 590,1971-02-05,Berlin,,Germany,Academic Investigator & Network Builder,"Software Engineering Methodologies, Abstraction & Modular Design",Architecting foundational packet-switching internetworking protocols and distributed name services
Irene Patterson 591,1971-10-09,Singapore,,Singapore,Systems Research Fellow,"Computer Networking, Packet Switching & Internet Protocols",Pioneering foundational multi-user operating systems and virtual memory protection mechanisms
Martin Fisher 592,1965-03-10,Stanford,California,United States,Academic Investigator & Network Builder,"Software Engineering Methodologies, Abstraction & Modular Design",Formulating rigorous formal verification methods and fault-tolerant distributed consensus protocols
Elena Foster 593,1961-09-04,Sydney,New South Wales,Australia,Systems Research Fellow,"Computer Networking, Packet Switching & Internet Protocols",Formulating rigorous formal verification methods and fault-tolerant distributed consensus protocols
Hannah Miller 594,1937-07-16,Waterloo,Ontario,Canada,University Professor & Operating Systems Pioneer,"Operating Systems Architecture, Virtual Memory & Distributed Computing",Pioneering foundational multi-user operating systems and virtual memory protection mechanisms
Charles Knight 595,1960-02-06,Berlin,,Germany,Research Professor & Systems Architect,"Computer Architecture, Microprocessors & Parallel Processing Systems",Developing high-performance reduced instruction set computer (RISC) architectures and caches
Diana Knight 596,1940-05-04,Austin,Texas,United States,Academic Researcher & System-Builder,"Computer Networking, Packet Switching & Internet Protocols",Architecting foundational packet-switching internetworking protocols and distributed name services
Claire Young 597,1907-02-11,Cambridge,Massachusetts,United States,Systems Research Fellow,"Software Engineering Methodologies, Abstraction & Modular Design",Architecting foundational packet-switching internetworking protocols and distributed name services
Fiona Davis 598,1969-11-13,Austin,Texas,United States,University Professor & Operating Systems Pioneer,"Computer Architecture, Microprocessors & Parallel Processing Systems",Formulating rigorous formal verification methods and fault-tolerant distributed consensus protocols
Kevin Davies 599,1977-02-14,Pittsburgh,Pennsylvania,United States,Systems Research Fellow,"Software Engineering Methodologies, Abstraction & Modular Design",Architecting foundational packet-switching internetworking protocols and distributed name services
Laura Owen 600,1972-04-09,Princeton,New Jersey,United States,Senior Research Scientist & Distributed Systems Architect,"Computer Networking, Packet Switching & Internet Protocols",Formulating rigorous formal verification methods and fault-tolerant distributed consensus protocols
