Full Name,Birth Date (YYYY-MM-DD),Birth City,Birth State/Province (if applicable),Birth Country,Primary Profession,Primary Research Area,Major Contribution
Isabella Schultz 1,1929-02-05,Amsterdam,,Netherlands,Typography & Publishing Innovator,High-Speed Printing Press Technology & Offset Lithography,Large-Scale Retail Inventory Control and Store Layout Optimization
Benjamin Wolf 2,1959-10-28,Brussels,,Belgium,Retail Chain Founder,Retail Store Design & Department Store Merchandising,Pioneering Digital Typography and High-Speed Commercial Printing Systems
Nikolaus Gärtner 3,1981-03-07,Paris,,France,Retail Operations Director,Omnichannel Retail Supply Chains & Store Operations,Standardization of Modern Hotel Luxury and Global Hospitality Franchising
Franziska Schmidt 4,1936-01-16,Zurich,,Switzerland,Typography & Publishing Innovator,"Typography, Digital Typeface Design & Publishing Science",Pioneering Digital Typography and High-Speed Commercial Printing Systems
Rudolf Vogel 5,1905-03-22,Stuttgart,Baden-Württemberg,Germany,Retail Merchandising Expert,Omnichannel Retail Supply Chains & Store Operations,Advancements in Rotary Printing Presses and High-Volume Publication Efficiency
Therese Busch 6,1959-04-13,Munich,Bavaria,Germany,Retail Operations Director,Hospitality Management & Luxury Hotel Architecture,Pioneering Digital Typography and High-Speed Commercial Printing Systems
Magdalena Müller 7,1905-11-13,Tokyo,,Japan,Retail Merchandising Expert,Retail Store Design & Department Store Merchandising,Advancements in Rotary Printing Presses and High-Volume Publication Efficiency
Sebastian Weber 8,1958-08-22,Paris,,France,Hospitality Executive,"Typography, Digital Typeface Design & Publishing Science",Standardization of Modern Hotel Luxury and Global Hospitality Franchising
Agnes Wagner 9,1957-11-12,Zurich,,Switzerland,Hotel Industry Pioneer,"Typography, Digital Typeface Design & Publishing Science",Standardization of Modern Hotel Luxury and Global Hospitality Franchising
Gabriel Berger 10,1949-12-13,New York City,New York,United States,Retail Merchandising Expert,"Typography, Digital Typeface Design & Publishing Science",Large-Scale Retail Inventory Control and Store Layout Optimization
Benjamin Schäfer 11,1905-12-09,Toronto,Ontario,Canada,Graphic Arts Pioneer,Hotel Chain Scalability & Guest Experience Optimization,Revolutionizing Department Store Retail Formats and Consumer Shopping Psychology
Felix Walter 12,1918-05-09,San Francisco,California,United States,Retail Chain Founder,Omnichannel Retail Supply Chains & Store Operations,Hospitality Revenue Management and Guest Loyalty Frameworks
Luise Friedrich 13,1965-10-12,Frankfurt,Hesse,Germany,Retail Merchandising Expert,Hospitality Management & Luxury Hotel Architecture,Advancements in Rotary Printing Presses and High-Volume Publication Efficiency
Yvonne Huber 14,1932-03-01,New York City,New York,United States,Department Store Strategist,High-Speed Printing Press Technology & Offset Lithography,Hospitality Revenue Management and Guest Loyalty Frameworks
Henry Braun 15,1939-03-04,Frankfurt,Hesse,Germany,Typography & Publishing Innovator,Omnichannel Retail Supply Chains & Store Operations,Hospitality Revenue Management and Guest Loyalty Frameworks
Benjamin Neumann 16,1944-06-18,Vienna,,Austria,Department Store Strategist,Hospitality Management & Luxury Hotel Architecture,Standardization of Modern Hotel Luxury and Global Hospitality Franchising
Petra Scholz 17,1905-04-25,Sydney,New South Wales,Australia,Graphic Arts Pioneer,"Typography, Digital Typeface Design & Publishing Science",Large-Scale Retail Inventory Control and Store Layout Optimization
Rosa Weber 18,1924-10-12,London,,United Kingdom,Graphic Arts Pioneer,Hospitality Management & Luxury Hotel Architecture,Revolutionizing Department Store Retail Formats and Consumer Shopping Psychology
Grete Schmidt 19,1962-07-23,Toronto,Ontario,Canada,Hotel Industry Pioneer,Omnichannel Retail Supply Chains & Store Operations,Large-Scale Retail Inventory Control and Store Layout Optimization
Xaver Siebert 20,1912-03-22,Leipzig,Saxony,Germany,Graphic Arts Pioneer,Hospitality Management & Luxury Hotel Architecture,Pioneering Digital Typography and High-Speed Commercial Printing Systems
Agnes Günther 21,1923-07-14,New York City,New York,United States,Hotel Industry Pioneer,Hospitality Management & Luxury Hotel Architecture,Advancements in Rotary Printing Presses and High-Volume Publication Efficiency
Franziska Berger 22,1942-04-18,Stuttgart,Baden-Württemberg,Germany,Typography & Publishing Innovator,High-Speed Printing Press Technology & Offset Lithography,Pioneering Digital Typography and High-Speed Commercial Printing Systems
Rudolf Günther 23,1914-01-28,Paris,,France,Department Store Strategist,Retail Store Design & Department Store Merchandising,Hospitality Revenue Management and Guest Loyalty Frameworks
Zacharias Weber 24,1944-11-03,Milan,,Italy,Hotel Industry Pioneer,Hotel Chain Scalability & Guest Experience Optimization,Revolutionizing Department Store Retail Formats and Consumer Shopping Psychology
Charlotte Schäfer 25,1980-09-20,Sydney,New South Wales,Australia,Hospitality Group CEO,Retail Store Design & Department Store Merchandising,Large-Scale Retail Inventory Control and Store Layout Optimization
Luise Vogel 26,1905-01-05,Chicago,Illinois,United States,Retail Merchandising Expert,"Typography, Digital Typeface Design & Publishing Science",Revolutionizing Department Store Retail Formats and Consumer Shopping Psychology
Hildegard Roth 27,1961-02-01,Sydney,New South Wales,Australia,Retail Merchandising Expert,Retail Store Design & Department Store Merchandising,Advancements in Rotary Printing Presses and High-Volume Publication Efficiency
Rosa Winkler 28,1932-06-14,Montreal,Quebec,Canada,Typography & Publishing Innovator,Omnichannel Retail Supply Chains & Store Operations,Advancements in Rotary Printing Presses and High-Volume Publication Efficiency
Sebastian Huber 29,1913-09-16,Montreal,Quebec,Canada,Printing Press Technologist,Omnichannel Retail Supply Chains & Store Operations,Standardization of Modern Hotel Luxury and Global Hospitality Franchising
Therese Koch 30,1923-03-26,Zurich,,Switzerland,Hospitality Executive,Hospitality Management & Luxury Hotel Architecture,Large-Scale Retail Inventory Control and Store Layout Optimization
Verena Hofmann 31,1908-01-17,Chicago,Illinois,United States,Retail Chain Founder,"Typography, Digital Typeface Design & Publishing Science",Advancements in Rotary Printing Presses and High-Volume Publication Efficiency
Xaver Keller 32,1947-08-11,San Francisco,California,United States,Commercial Printing Magnate,Hotel Chain Scalability & Guest Experience Optimization,Pioneering Digital Typography and High-Speed Commercial Printing Systems
Dorothea Berger 33,1946-11-14,Montreal,Quebec,Canada,Department Store Strategist,Omnichannel Retail Supply Chains & Store Operations,Revolutionizing Department Store Retail Formats and Consumer Shopping Psychology
Otto Kaiser 34,1980-04-01,Frankfurt,Hesse,Germany,Hotel Industry Pioneer,Retail Store Design & Department Store Merchandising,Hospitality Revenue Management and Guest Loyalty Frameworks
Otto Schmidt 35,1954-01-22,San Francisco,California,United States,Hospitality Executive,Omnichannel Retail Supply Chains & Store Operations,Hospitality Revenue Management and Guest Loyalty Frameworks
Theodor Walter 36,1957-12-08,New York City,New York,United States,Printing Press Technologist,Hospitality Management & Luxury Hotel Architecture,Advancements in Rotary Printing Presses and High-Volume Publication Efficiency
Yvonne Seidel 37,1951-06-22,Boston,Massachusetts,United States,Retail Merchandising Expert,"Typography, Digital Typeface Design & Publishing Science",Standardization of Modern Hotel Luxury and Global Hospitality Franchising
Xaver Pfeiffer 38,1977-09-26,Tokyo,,Japan,Hotel Industry Pioneer,Hospitality Management & Luxury Hotel Architecture,Advancements in Rotary Printing Presses and High-Volume Publication Efficiency
Grete Schneider 39,1971-01-10,Amsterdam,,Netherlands,Retail Chain Founder,Retail Store Design & Department Store Merchandising,Advancements in Rotary Printing Presses and High-Volume Publication Efficiency
Barbara Friedrich 40,1934-03-27,Brussels,,Belgium,Commercial Printing Magnate,Retail Store Design & Department Store Merchandising,Pioneering Digital Typography and High-Speed Commercial Printing Systems
Emil Friedrich 41,1922-08-09,Amsterdam,,Netherlands,Retail Operations Director,Hotel Chain Scalability & Guest Experience Optimization,Advancements in Rotary Printing Presses and High-Volume Publication Efficiency
Franziska Neumann 42,1950-01-07,Toronto,Ontario,Canada,Retail Merchandising Expert,Hospitality Management & Luxury Hotel Architecture,Standardization of Modern Hotel Luxury and Global Hospitality Franchising
Luise Hofmann 43,1920-04-24,Chicago,Illinois,United States,Luxury Hotelier,High-Speed Printing Press Technology & Offset Lithography,Revolutionizing Department Store Retail Formats and Consumer Shopping Psychology
Grete Keller 44,1975-11-28,Basel,,Switzerland,Retail Chain Founder,Retail Store Design & Department Store Merchandising,Standardization of Modern Hotel Luxury and Global Hospitality Franchising
Luise Simon 45,1906-05-23,Frankfurt,Hesse,Germany,Graphic Arts Pioneer,Hotel Chain Scalability & Guest Experience Optimization,Advancements in Rotary Printing Presses and High-Volume Publication Efficiency
Benjamin Lehmann 46,1972-10-25,Basel,,Switzerland,Retail Chain Founder,High-Speed Printing Press Technology & Offset Lithography,Pioneering Digital Typography and High-Speed Commercial Printing Systems
Magdalena Hartmann 47,1961-11-12,Tokyo,,Japan,Retail Chain Founder,Hotel Chain Scalability & Guest Experience Optimization,Revolutionizing Department Store Retail Formats and Consumer Shopping Psychology
Waltraud Siebert 48,1931-09-10,Tokyo,,Japan,Commercial Printing Magnate,Omnichannel Retail Supply Chains & Store Operations,Pioneering Digital Typography and High-Speed Commercial Printing Systems
Yannick Krämer 49,1960-07-23,Milan,,Italy,Commercial Printing Magnate,Omnichannel Retail Supply Chains & Store Operations,Large-Scale Retail Inventory Control and Store Layout Optimization
Charles Roth 50,1941-10-10,Basel,,Switzerland,Hospitality Executive,Omnichannel Retail Supply Chains & Store Operations,Large-Scale Retail Inventory Control and Store Layout Optimization
Magdalena Weiß 51,1914-06-13,Brussels,,Belgium,Hotel Industry Pioneer,High-Speed Printing Press Technology & Offset Lithography,Large-Scale Retail Inventory Control and Store Layout Optimization
Therese Schneider 52,1931-10-08,San Francisco,California,United States,Hotel Industry Pioneer,"Typography, Digital Typeface Design & Publishing Science",Revolutionizing Department Store Retail Formats and Consumer Shopping Psychology
Wolfgang Meyer 53,1902-12-16,London,,United Kingdom,Typography & Publishing Innovator,"Typography, Digital Typeface Design & Publishing Science",Revolutionizing Department Store Retail Formats and Consumer Shopping Psychology
Theodor Schreiber 54,1903-10-02,Toronto,Ontario,Canada,Department Store Strategist,"Typography, Digital Typeface Design & Publishing Science",Large-Scale Retail Inventory Control and Store Layout Optimization
Johanna Müller 55,1925-08-16,Boston,Massachusetts,United States,Printing Press Technologist,Hotel Chain Scalability & Guest Experience Optimization,Advancements in Rotary Printing Presses and High-Volume Publication Efficiency
Isabella Schäfer 56,1940-05-11,New York City,New York,United States,Graphic Arts Pioneer,High-Speed Printing Press Technology & Offset Lithography,Pioneering Digital Typography and High-Speed Commercial Printing Systems
Theodor Steiner 57,1913-01-16,Paris,,France,Printing Press Technologist,Omnichannel Retail Supply Chains & Store Operations,Advancements in Rotary Printing Presses and High-Volume Publication Efficiency
Verena Richter 58,1970-09-22,Montreal,Quebec,Canada,Graphic Arts Pioneer,Hospitality Management & Luxury Hotel Architecture,Hospitality Revenue Management and Guest Loyalty Frameworks
Kenji Bauer 59,1947-05-21,Amsterdam,,Netherlands,Retail Chain Founder,Hospitality Management & Luxury Hotel Architecture,Standardization of Modern Hotel Luxury and Global Hospitality Franchising
Sofie Maier 60,1966-01-23,Brussels,,Belgium,Hotel Industry Pioneer,High-Speed Printing Press Technology & Offset Lithography,Standardization of Modern Hotel Luxury and Global Hospitality Franchising
Barbara Lang 61,1977-06-25,Sydney,New South Wales,Australia,Luxury Hotelier,"Typography, Digital Typeface Design & Publishing Science",Hospitality Revenue Management and Guest Loyalty Frameworks
Petra Maier 62,1913-05-06,Basel,,Switzerland,Retail Operations Director,"Typography, Digital Typeface Design & Publishing Science",Revolutionizing Department Store Retail Formats and Consumer Shopping Psychology
Karl Müller 63,1901-05-07,London,,United Kingdom,Hotel Industry Pioneer,High-Speed Printing Press Technology & Offset Lithography,Standardization of Modern Hotel Luxury and Global Hospitality Franchising
Benjamin Winkler 64,1963-04-18,New York City,New York,United States,Commercial Printing Magnate,Omnichannel Retail Supply Chains & Store Operations,Pioneering Digital Typography and High-Speed Commercial Printing Systems
Johanna Gärtner 65,1939-03-26,Vienna,,Austria,Retail Merchandising Expert,Hospitality Management & Luxury Hotel Architecture,Pioneering Digital Typography and High-Speed Commercial Printing Systems
Luise Roth 66,1913-03-04,Vienna,,Austria,Printing Press Technologist,Retail Store Design & Department Store Merchandising,Pioneering Digital Typography and High-Speed Commercial Printing Systems
Luise Peters 67,1905-12-15,Basel,,Switzerland,Typography & Publishing Innovator,"Typography, Digital Typeface Design & Publishing Science",Standardization of Modern Hotel Luxury and Global Hospitality Franchising
Petra Hofmann 68,1944-05-13,Sydney,New South Wales,Australia,Hotel Industry Pioneer,Omnichannel Retail Supply Chains & Store Operations,Standardization of Modern Hotel Luxury and Global Hospitality Franchising
Daniel Weber 69,1959-10-12,Tokyo,,Japan,Hospitality Executive,Omnichannel Retail Supply Chains & Store Operations,Hospitality Revenue Management and Guest Loyalty Frameworks
Wolfgang Lehmann 70,1906-12-18,Sydney,New South Wales,Australia,Hotel Industry Pioneer,Omnichannel Retail Supply Chains & Store Operations,Hospitality Revenue Management and Guest Loyalty Frameworks
Hildegard Lehmann 71,1901-07-21,Sydney,New South Wales,Australia,Department Store Strategist,Omnichannel Retail Supply Chains & Store Operations,Large-Scale Retail Inventory Control and Store Layout Optimization
Sebastian Kaiser 72,1943-08-15,Stuttgart,Baden-Württemberg,Germany,Retail Merchandising Expert,Retail Store Design & Department Store Merchandising,Standardization of Modern Hotel Luxury and Global Hospitality Franchising
Hildegard Graf 73,1913-11-26,Munich,Bavaria,Germany,Hospitality Executive,High-Speed Printing Press Technology & Offset Lithography,Standardization of Modern Hotel Luxury and Global Hospitality Franchising
Julian Fischer 74,1913-01-08,Vienna,,Austria,Department Store Strategist,Retail Store Design & Department Store Merchandising,Revolutionizing Department Store Retail Formats and Consumer Shopping Psychology
Kenji Huber 75,1978-10-17,Chicago,Illinois,United States,Retail Merchandising Expert,Omnichannel Retail Supply Chains & Store Operations,Hospitality Revenue Management and Guest Loyalty Frameworks
Benjamin Pfeiffer 76,1908-12-17,Stuttgart,Baden-Württemberg,Germany,Hospitality Executive,Hotel Chain Scalability & Guest Experience Optimization,Large-Scale Retail Inventory Control and Store Layout Optimization
Dorothea Meyer 77,1925-01-24,Milan,,Italy,Luxury Hotelier,High-Speed Printing Press Technology & Offset Lithography,Revolutionizing Department Store Retail Formats and Consumer Shopping Psychology
Rosa Fischer 78,1951-03-01,Munich,Bavaria,Germany,Luxury Hotelier,Hotel Chain Scalability & Guest Experience Optimization,Hospitality Revenue Management and Guest Loyalty Frameworks
Maximilian Maier 79,1917-09-11,Toronto,Ontario,Canada,Typography & Publishing Innovator,Hospitality Management & Luxury Hotel Architecture,Standardization of Modern Hotel Luxury and Global Hospitality Franchising
Therese Schneider 80,1927-07-12,Leipzig,Saxony,Germany,Printing Press Technologist,Retail Store Design & Department Store Merchandising,Advancements in Rotary Printing Presses and High-Volume Publication Efficiency
Gabriel Winkler 81,1952-01-12,Stuttgart,Baden-Württemberg,Germany,Hospitality Group CEO,High-Speed Printing Press Technology & Offset Lithography,Standardization of Modern Hotel Luxury and Global Hospitality Franchising
Ottilie Müller 82,1914-06-05,Brussels,,Belgium,Department Store Strategist,Retail Store Design & Department Store Merchandising,Standardization of Modern Hotel Luxury and Global Hospitality Franchising
Johanna Gärtner 83,1975-06-22,Chicago,Illinois,United States,Hospitality Group CEO,Hotel Chain Scalability & Guest Experience Optimization,Standardization of Modern Hotel Luxury and Global Hospitality Franchising
Elisabeth Simon 84,1912-12-03,Milan,,Italy,Graphic Arts Pioneer,Omnichannel Retail Supply Chains & Store Operations,Pioneering Digital Typography and High-Speed Commercial Printing Systems
Katherina Hartmann 85,1923-02-19,Tokyo,,Japan,Retail Operations Director,Retail Store Design & Department Store Merchandising,Standardization of Modern Hotel Luxury and Global Hospitality Franchising
Sebastian Peters 86,1933-12-10,London,,United Kingdom,Hotel Industry Pioneer,Hotel Chain Scalability & Guest Experience Optimization,Revolutionizing Department Store Retail Formats and Consumer Shopping Psychology
Katherina Säuberlich 87,1955-06-01,Boston,Massachusetts,United States,Retail Chain Founder,Retail Store Design & Department Store Merchandising,Pioneering Digital Typography and High-Speed Commercial Printing Systems
Franziska Busch 88,1960-04-03,San Francisco,California,United States,Retail Merchandising Expert,"Typography, Digital Typeface Design & Publishing Science",Standardization of Modern Hotel Luxury and Global Hospitality Franchising
Zita Peters 89,1969-04-06,Toronto,Ontario,Canada,Department Store Strategist,Hospitality Management & Luxury Hotel Architecture,Large-Scale Retail Inventory Control and Store Layout Optimization
Therese Richter 90,1961-08-27,Paris,,France,Commercial Printing Magnate,High-Speed Printing Press Technology & Offset Lithography,Revolutionizing Department Store Retail Formats and Consumer Shopping Psychology
Charles Weber 91,1931-02-16,Tokyo,,Japan,Luxury Hotelier,Hospitality Management & Luxury Hotel Architecture,Advancements in Rotary Printing Presses and High-Volume Publication Efficiency
Yannick Scholz 92,1974-10-04,Brussels,,Belgium,Department Store Strategist,"Typography, Digital Typeface Design & Publishing Science",Revolutionizing Department Store Retail Formats and Consumer Shopping Psychology
Yvonne Siebert 93,1901-04-21,Sydney,New South Wales,Australia,Luxury Hotelier,Retail Store Design & Department Store Merchandising,Large-Scale Retail Inventory Control and Store Layout Optimization
Daniel Simon 94,1960-08-20,New York City,New York,United States,Department Store Strategist,Hospitality Management & Luxury Hotel Architecture,Pioneering Digital Typography and High-Speed Commercial Printing Systems
Gabriel Gärtner 95,1954-08-06,Chicago,Illinois,United States,Printing Press Technologist,"Typography, Digital Typeface Design & Publishing Science",Advancements in Rotary Printing Presses and High-Volume Publication Efficiency
Elisabeth Braun 96,1962-03-02,Tokyo,,Japan,Department Store Strategist,Omnichannel Retail Supply Chains & Store Operations,Standardization of Modern Hotel Luxury and Global Hospitality Franchising
Zita Schneider 97,1965-06-19,Amsterdam,,Netherlands,Hospitality Executive,"Typography, Digital Typeface Design & Publishing Science",Pioneering Digital Typography and High-Speed Commercial Printing Systems
Sebastian Böhm 98,1953-06-12,Zurich,,Switzerland,Graphic Arts Pioneer,Omnichannel Retail Supply Chains & Store Operations,Standardization of Modern Hotel Luxury and Global Hospitality Franchising
Charlotte Siebert 99,1904-10-16,Frankfurt,Hesse,Germany,Graphic Arts Pioneer,High-Speed Printing Press Technology & Offset Lithography,Hospitality Revenue Management and Guest Loyalty Frameworks
Felix Eberhardt 100,1975-06-04,Brussels,,Belgium,Hotel Industry Pioneer,Omnichannel Retail Supply Chains & Store Operations,Revolutionizing Department Store Retail Formats and Consumer Shopping Psychology
Sofie Lehmann 101,1922-03-06,Tokyo,,Japan,Hotel Industry Pioneer,Hotel Chain Scalability & Guest Experience Optimization,Pioneering Digital Typography and High-Speed Commercial Printing Systems
Franziska Böhm 102,1932-06-27,Frankfurt,Hesse,Germany,Retail Merchandising Expert,Hotel Chain Scalability & Guest Experience Optimization,Large-Scale Retail Inventory Control and Store Layout Optimization
Henry Weiß 103,1916-06-24,San Francisco,California,United States,Graphic Arts Pioneer,"Typography, Digital Typeface Design & Publishing Science",Hospitality Revenue Management and Guest Loyalty Frameworks
Gabriel Schäfer 104,1960-11-04,Brussels,,Belgium,Retail Operations Director,Hotel Chain Scalability & Guest Experience Optimization,Pioneering Digital Typography and High-Speed Commercial Printing Systems
Theodor Berger 105,1905-04-07,New York City,New York,United States,Luxury Hotelier,Retail Store Design & Department Store Merchandising,Hospitality Revenue Management and Guest Loyalty Frameworks
Hildegard Peters 106,1978-01-04,Frankfurt,Hesse,Germany,Hotel Industry Pioneer,Omnichannel Retail Supply Chains & Store Operations,Standardization of Modern Hotel Luxury and Global Hospitality Franchising
Nina Müller 107,1975-11-22,Sydney,New South Wales,Australia,Retail Merchandising Expert,High-Speed Printing Press Technology & Offset Lithography,Hospitality Revenue Management and Guest Loyalty Frameworks
Grete Seidel 108,1935-07-09,Paris,,France,Hospitality Group CEO,High-Speed Printing Press Technology & Offset Lithography,Advancements in Rotary Printing Presses and High-Volume Publication Efficiency
Otto Schäfer 109,1966-04-15,London,,United Kingdom,Retail Operations Director,Hospitality Management & Luxury Hotel Architecture,Large-Scale Retail Inventory Control and Store Layout Optimization
Hildegard Keller 110,1915-06-09,Vienna,,Austria,Hospitality Group CEO,Retail Store Design & Department Store Merchandising,Pioneering Digital Typography and High-Speed Commercial Printing Systems
Waltraud Schreiber 111,1923-09-14,San Francisco,California,United States,Retail Merchandising Expert,Hospitality Management & Luxury Hotel Architecture,Advancements in Rotary Printing Presses and High-Volume Publication Efficiency
Arthur Koch 112,1942-10-17,Brussels,,Belgium,Typography & Publishing Innovator,Hospitality Management & Luxury Hotel Architecture,Advancements in Rotary Printing Presses and High-Volume Publication Efficiency
Gabriel Günther 113,1960-03-18,Brussels,,Belgium,Typography & Publishing Innovator,Hotel Chain Scalability & Guest Experience Optimization,Hospitality Revenue Management and Guest Loyalty Frameworks
Agnes Böhm 114,1916-03-05,Chicago,Illinois,United States,Graphic Arts Pioneer,Omnichannel Retail Supply Chains & Store Operations,Large-Scale Retail Inventory Control and Store Layout Optimization
Petra Baum 115,1954-08-10,Chicago,Illinois,United States,Graphic Arts Pioneer,"Typography, Digital Typeface Design & Publishing Science",Pioneering Digital Typography and High-Speed Commercial Printing Systems
Karl Krämer 116,1903-03-25,Vienna,,Austria,Retail Merchandising Expert,Hospitality Management & Luxury Hotel Architecture,Standardization of Modern Hotel Luxury and Global Hospitality Franchising
Karl Keller 117,1904-04-27,Frankfurt,Hesse,Germany,Graphic Arts Pioneer,Hospitality Management & Luxury Hotel Architecture,Revolutionizing Department Store Retail Formats and Consumer Shopping Psychology
Maximilian Braun 118,1937-11-16,Vienna,,Austria,Retail Operations Director,Retail Store Design & Department Store Merchandising,Pioneering Digital Typography and High-Speed Commercial Printing Systems
Elisabeth Neumann 119,1970-08-24,Stuttgart,Baden-Württemberg,Germany,Printing Press Technologist,Hotel Chain Scalability & Guest Experience Optimization,Pioneering Digital Typography and High-Speed Commercial Printing Systems
Nina Berger 120,1948-09-21,Toronto,Ontario,Canada,Retail Merchandising Expert,Retail Store Design & Department Store Merchandising,Standardization of Modern Hotel Luxury and Global Hospitality Franchising
Franziska Baum 121,1926-12-23,Stuttgart,Baden-Württemberg,Germany,Hospitality Group CEO,Hotel Chain Scalability & Guest Experience Optimization,Pioneering Digital Typography and High-Speed Commercial Printing Systems
Henry Schneider 122,1939-03-08,San Francisco,California,United States,Retail Chain Founder,Hospitality Management & Luxury Hotel Architecture,Advancements in Rotary Printing Presses and High-Volume Publication Efficiency
Verena Richter 123,1959-04-07,London,,United Kingdom,Typography & Publishing Innovator,High-Speed Printing Press Technology & Offset Lithography,Large-Scale Retail Inventory Control and Store Layout Optimization
Zita Vogel 124,1955-12-12,San Francisco,California,United States,Luxury Hotelier,Hospitality Management & Luxury Hotel Architecture,Revolutionizing Department Store Retail Formats and Consumer Shopping Psychology
Therese Busch 125,1969-06-12,Zurich,,Switzerland,Retail Merchandising Expert,Retail Store Design & Department Store Merchandising,Advancements in Rotary Printing Presses and High-Volume Publication Efficiency
Charlotte Scholz 126,1975-11-19,Chicago,Illinois,United States,Luxury Hotelier,Hotel Chain Scalability & Guest Experience Optimization,Standardization of Modern Hotel Luxury and Global Hospitality Franchising
Sofie Meyer 127,1905-01-15,San Francisco,California,United States,Hospitality Executive,Retail Store Design & Department Store Merchandising,Revolutionizing Department Store Retail Formats and Consumer Shopping Psychology
Charles Siebert 128,1977-09-03,Munich,Bavaria,Germany,Luxury Hotelier,Omnichannel Retail Supply Chains & Store Operations,Pioneering Digital Typography and High-Speed Commercial Printing Systems
Daniel Maier 129,1948-11-27,Toronto,Ontario,Canada,Department Store Strategist,Omnichannel Retail Supply Chains & Store Operations,Advancements in Rotary Printing Presses and High-Volume Publication Efficiency
Yannick Steiner 130,1959-08-01,Frankfurt,Hesse,Germany,Luxury Hotelier,"Typography, Digital Typeface Design & Publishing Science",Standardization of Modern Hotel Luxury and Global Hospitality Franchising
Henry Böhm 131,1947-07-26,Sydney,New South Wales,Australia,Hotel Industry Pioneer,Omnichannel Retail Supply Chains & Store Operations,Revolutionizing Department Store Retail Formats and Consumer Shopping Psychology
Yvonne Keller 132,1906-05-11,Zurich,,Switzerland,Printing Press Technologist,Omnichannel Retail Supply Chains & Store Operations,Standardization of Modern Hotel Luxury and Global Hospitality Franchising
Franziska Günther 133,1902-07-27,Milan,,Italy,Graphic Arts Pioneer,Omnichannel Retail Supply Chains & Store Operations,Pioneering Digital Typography and High-Speed Commercial Printing Systems
Sebastian Pfeiffer 134,1951-02-11,Sydney,New South Wales,Australia,Typography & Publishing Innovator,Retail Store Design & Department Store Merchandising,Revolutionizing Department Store Retail Formats and Consumer Shopping Psychology
Theodor Busch 135,1945-03-09,Vienna,,Austria,Graphic Arts Pioneer,Retail Store Design & Department Store Merchandising,Pioneering Digital Typography and High-Speed Commercial Printing Systems
Charles Walter 136,1900-02-17,Tokyo,,Japan,Department Store Strategist,Omnichannel Retail Supply Chains & Store Operations,Revolutionizing Department Store Retail Formats and Consumer Shopping Psychology
Henry Steiner 137,1960-07-28,Toronto,Ontario,Canada,Typography & Publishing Innovator,High-Speed Printing Press Technology & Offset Lithography,Revolutionizing Department Store Retail Formats and Consumer Shopping Psychology
Sofie Graf 138,1954-04-21,New York City,New York,United States,Hotel Industry Pioneer,Hotel Chain Scalability & Guest Experience Optimization,Pioneering Digital Typography and High-Speed Commercial Printing Systems
Henry Baum 139,1948-12-15,Amsterdam,,Netherlands,Hospitality Executive,"Typography, Digital Typeface Design & Publishing Science",Revolutionizing Department Store Retail Formats and Consumer Shopping Psychology
Katherina Simon 140,1904-01-06,Munich,Bavaria,Germany,Typography & Publishing Innovator,Hospitality Management & Luxury Hotel Architecture,Revolutionizing Department Store Retail Formats and Consumer Shopping Psychology
Luise Pfeiffer 141,1951-09-03,London,,United Kingdom,Commercial Printing Magnate,Hospitality Management & Luxury Hotel Architecture,Advancements in Rotary Printing Presses and High-Volume Publication Efficiency
Verena Keller 142,1945-08-22,Basel,,Switzerland,Retail Operations Director,Hospitality Management & Luxury Hotel Architecture,Hospitality Revenue Management and Guest Loyalty Frameworks
Emil Schmidt 143,1938-05-13,Frankfurt,Hesse,Germany,Retail Chain Founder,Hotel Chain Scalability & Guest Experience Optimization,Standardization of Modern Hotel Luxury and Global Hospitality Franchising
Arthur Keller 144,1901-05-22,Sydney,New South Wales,Australia,Graphic Arts Pioneer,Omnichannel Retail Supply Chains & Store Operations,Pioneering Digital Typography and High-Speed Commercial Printing Systems
Xaver Lang 145,1900-04-17,Paris,,France,Printing Press Technologist,Hotel Chain Scalability & Guest Experience Optimization,Pioneering Digital Typography and High-Speed Commercial Printing Systems
Zacharias Lehmann 146,1910-01-12,Leipzig,Saxony,Germany,Hospitality Group CEO,High-Speed Printing Press Technology & Offset Lithography,Revolutionizing Department Store Retail Formats and Consumer Shopping Psychology
Leopold Walter 147,1980-04-27,Stuttgart,Baden-Württemberg,Germany,Retail Merchandising Expert,Hospitality Management & Luxury Hotel Architecture,Revolutionizing Department Store Retail Formats and Consumer Shopping Psychology
Magdalena Schultz 148,1924-05-23,Munich,Bavaria,Germany,Retail Operations Director,Hotel Chain Scalability & Guest Experience Optimization,Pioneering Digital Typography and High-Speed Commercial Printing Systems
Sofie Huber 149,1955-09-17,Zurich,,Switzerland,Hospitality Executive,Retail Store Design & Department Store Merchandising,Standardization of Modern Hotel Luxury and Global Hospitality Franchising
Karl Koch 150,1932-01-18,Chicago,Illinois,United States,Department Store Strategist,Omnichannel Retail Supply Chains & Store Operations,Revolutionizing Department Store Retail Formats and Consumer Shopping Psychology
Kenji Hartmann 151,1934-03-20,New York City,New York,United States,Hospitality Group CEO,"Typography, Digital Typeface Design & Publishing Science",Advancements in Rotary Printing Presses and High-Volume Publication Efficiency
Yvonne Huber 152,1967-02-24,Boston,Massachusetts,United States,Graphic Arts Pioneer,High-Speed Printing Press Technology & Offset Lithography,Advancements in Rotary Printing Presses and High-Volume Publication Efficiency
Hildegard Säuberlich 153,1913-02-16,Leipzig,Saxony,Germany,Luxury Hotelier,Hotel Chain Scalability & Guest Experience Optimization,Revolutionizing Department Store Retail Formats and Consumer Shopping Psychology
Franziska Winkler 154,1918-01-22,Toronto,Ontario,Canada,Luxury Hotelier,"Typography, Digital Typeface Design & Publishing Science",Revolutionizing Department Store Retail Formats and Consumer Shopping Psychology
Xaver Müller 155,1906-03-17,Boston,Massachusetts,United States,Hospitality Executive,Omnichannel Retail Supply Chains & Store Operations,Large-Scale Retail Inventory Control and Store Layout Optimization
Dorothea Kaiser 156,1921-06-03,Amsterdam,,Netherlands,Printing Press Technologist,Hospitality Management & Luxury Hotel Architecture,Pioneering Digital Typography and High-Speed Commercial Printing Systems
Dorothea Krämer 157,1952-07-01,Munich,Bavaria,Germany,Printing Press Technologist,Omnichannel Retail Supply Chains & Store Operations,Standardization of Modern Hotel Luxury and Global Hospitality Franchising
Agnes Seidel 158,1948-04-05,Vienna,,Austria,Hospitality Group CEO,Hospitality Management & Luxury Hotel Architecture,Large-Scale Retail Inventory Control and Store Layout Optimization
Therese Huber 159,1933-04-18,Chicago,Illinois,United States,Hotel Industry Pioneer,"Typography, Digital Typeface Design & Publishing Science",Standardization of Modern Hotel Luxury and Global Hospitality Franchising
Quirin Vogel 160,1928-11-04,London,,United Kingdom,Hospitality Executive,Hospitality Management & Luxury Hotel Architecture,Large-Scale Retail Inventory Control and Store Layout Optimization
Verena Steiner 161,1906-01-04,Montreal,Quebec,Canada,Retail Operations Director,"Typography, Digital Typeface Design & Publishing Science",Standardization of Modern Hotel Luxury and Global Hospitality Franchising
Julian Lehmann 162,1937-05-06,Toronto,Ontario,Canada,Luxury Hotelier,Hotel Chain Scalability & Guest Experience Optimization,Advancements in Rotary Printing Presses and High-Volume Publication Efficiency
Sofie Weber 163,1978-03-28,Zurich,,Switzerland,Graphic Arts Pioneer,Omnichannel Retail Supply Chains & Store Operations,Hospitality Revenue Management and Guest Loyalty Frameworks
Philipp Huber 164,1932-03-16,Tokyo,,Japan,Printing Press Technologist,High-Speed Printing Press Technology & Offset Lithography,Hospitality Revenue Management and Guest Loyalty Frameworks
Julian Frank 165,1924-09-09,Basel,,Switzerland,Hospitality Group CEO,"Typography, Digital Typeface Design & Publishing Science",Large-Scale Retail Inventory Control and Store Layout Optimization
Arthur Meyer 166,1925-12-13,Zurich,,Switzerland,Typography & Publishing Innovator,High-Speed Printing Press Technology & Offset Lithography,Hospitality Revenue Management and Guest Loyalty Frameworks
Gabriel Weber 167,1975-10-28,Leipzig,Saxony,Germany,Retail Merchandising Expert,Hospitality Management & Luxury Hotel Architecture,Revolutionizing Department Store Retail Formats and Consumer Shopping Psychology
Petra Schneider 168,1940-10-21,Montreal,Quebec,Canada,Typography & Publishing Innovator,High-Speed Printing Press Technology & Offset Lithography,Large-Scale Retail Inventory Control and Store Layout Optimization
Johanna Scholz 169,1926-11-01,Zurich,,Switzerland,Retail Merchandising Expert,Hotel Chain Scalability & Guest Experience Optimization,Pioneering Digital Typography and High-Speed Commercial Printing Systems
Xaver Berger 170,1959-08-27,Frankfurt,Hesse,Germany,Retail Chain Founder,Omnichannel Retail Supply Chains & Store Operations,Advancements in Rotary Printing Presses and High-Volume Publication Efficiency
Gabriel Säuberlich 171,1947-11-03,Zurich,,Switzerland,Graphic Arts Pioneer,High-Speed Printing Press Technology & Offset Lithography,Hospitality Revenue Management and Guest Loyalty Frameworks
Charlotte Peters 172,1973-12-19,Tokyo,,Japan,Graphic Arts Pioneer,Hotel Chain Scalability & Guest Experience Optimization,Pioneering Digital Typography and High-Speed Commercial Printing Systems
Elisabeth Busch 173,1907-06-25,New York City,New York,United States,Luxury Hotelier,"Typography, Digital Typeface Design & Publishing Science",Pioneering Digital Typography and High-Speed Commercial Printing Systems
Elisabeth Günther 174,1960-03-12,Basel,,Switzerland,Retail Chain Founder,"Typography, Digital Typeface Design & Publishing Science",Large-Scale Retail Inventory Control and Store Layout Optimization
Franziska Schultz 175,1940-05-14,New York City,New York,United States,Retail Merchandising Expert,Hospitality Management & Luxury Hotel Architecture,Large-Scale Retail Inventory Control and Store Layout Optimization
Petra Gärtner 176,1913-06-15,Stuttgart,Baden-Württemberg,Germany,Typography & Publishing Innovator,Hotel Chain Scalability & Guest Experience Optimization,Advancements in Rotary Printing Presses and High-Volume Publication Efficiency
Hildegard Säuberlich 177,1913-09-18,Chicago,Illinois,United States,Hospitality Executive,Hotel Chain Scalability & Guest Experience Optimization,Advancements in Rotary Printing Presses and High-Volume Publication Efficiency
Sebastian Wolf 178,1916-07-22,Vienna,,Austria,Department Store Strategist,Retail Store Design & Department Store Merchandising,Advancements in Rotary Printing Presses and High-Volume Publication Efficiency
Zacharias Ritter 179,1906-11-21,Frankfurt,Hesse,Germany,Printing Press Technologist,Retail Store Design & Department Store Merchandising,Pioneering Digital Typography and High-Speed Commercial Printing Systems
Therese Busch 180,1929-11-09,Brussels,,Belgium,Department Store Strategist,"Typography, Digital Typeface Design & Publishing Science",Large-Scale Retail Inventory Control and Store Layout Optimization
Sebastian Lang 181,1938-05-16,Basel,,Switzerland,Hospitality Executive,Hospitality Management & Luxury Hotel Architecture,Pioneering Digital Typography and High-Speed Commercial Printing Systems
Rosa Koch 182,1920-06-24,Chicago,Illinois,United States,Retail Operations Director,Retail Store Design & Department Store Merchandising,Revolutionizing Department Store Retail Formats and Consumer Shopping Psychology
Sebastian Bauer 183,1915-04-27,Boston,Massachusetts,United States,Retail Merchandising Expert,"Typography, Digital Typeface Design & Publishing Science",Pioneering Digital Typography and High-Speed Commercial Printing Systems
Karl Eberhardt 184,1980-09-18,Zurich,,Switzerland,Hospitality Group CEO,Omnichannel Retail Supply Chains & Store Operations,Hospitality Revenue Management and Guest Loyalty Frameworks
Gabriel Keller 185,1949-08-20,San Francisco,California,United States,Commercial Printing Magnate,Hotel Chain Scalability & Guest Experience Optimization,Revolutionizing Department Store Retail Formats and Consumer Shopping Psychology
Wolfgang Wolf 186,1937-08-04,New York City,New York,United States,Hospitality Executive,Hotel Chain Scalability & Guest Experience Optimization,Standardization of Modern Hotel Luxury and Global Hospitality Franchising
Grete Fischer 187,1932-03-28,Montreal,Quebec,Canada,Hospitality Group CEO,Hospitality Management & Luxury Hotel Architecture,Standardization of Modern Hotel Luxury and Global Hospitality Franchising
Katherina Lang 188,1950-09-07,Montreal,Quebec,Canada,Hospitality Group CEO,Hospitality Management & Luxury Hotel Architecture,Advancements in Rotary Printing Presses and High-Volume Publication Efficiency
Daniel Schwarz 189,1930-06-22,Basel,,Switzerland,Typography & Publishing Innovator,Omnichannel Retail Supply Chains & Store Operations,Advancements in Rotary Printing Presses and High-Volume Publication Efficiency
Kenji Günther 190,1957-10-26,Chicago,Illinois,United States,Retail Operations Director,Hospitality Management & Luxury Hotel Architecture,Revolutionizing Department Store Retail Formats and Consumer Shopping Psychology
Benjamin Steiner 191,1969-11-16,Stuttgart,Baden-Württemberg,Germany,Printing Press Technologist,Retail Store Design & Department Store Merchandising,Hospitality Revenue Management and Guest Loyalty Frameworks
Zita Scholz 192,1970-03-20,Zurich,,Switzerland,Retail Chain Founder,Retail Store Design & Department Store Merchandising,Large-Scale Retail Inventory Control and Store Layout Optimization
Barbara Peters 193,1957-05-19,Stuttgart,Baden-Württemberg,Germany,Retail Chain Founder,High-Speed Printing Press Technology & Offset Lithography,Advancements in Rotary Printing Presses and High-Volume Publication Efficiency
Benjamin Ritter 194,1900-03-05,Zurich,,Switzerland,Retail Merchandising Expert,High-Speed Printing Press Technology & Offset Lithography,Advancements in Rotary Printing Presses and High-Volume Publication Efficiency
Ignaz Meyer 195,1979-02-12,Munich,Bavaria,Germany,Hospitality Group CEO,High-Speed Printing Press Technology & Offset Lithography,Standardization of Modern Hotel Luxury and Global Hospitality Franchising
Kenji Keller 196,1919-08-25,Zurich,,Switzerland,Commercial Printing Magnate,Retail Store Design & Department Store Merchandising,Revolutionizing Department Store Retail Formats and Consumer Shopping Psychology
Quirin Hofmann 197,1904-12-02,Chicago,Illinois,United States,Hospitality Group CEO,Retail Store Design & Department Store Merchandising,Pioneering Digital Typography and High-Speed Commercial Printing Systems
Gabriel Steiner 198,1943-05-03,Stuttgart,Baden-Württemberg,Germany,Commercial Printing Magnate,Hospitality Management & Luxury Hotel Architecture,Standardization of Modern Hotel Luxury and Global Hospitality Franchising
Petra Säuberlich 199,1964-02-11,Frankfurt,Hesse,Germany,Printing Press Technologist,Omnichannel Retail Supply Chains & Store Operations,Revolutionizing Department Store Retail Formats and Consumer Shopping Psychology
Benjamin Gärtner 200,1977-09-11,Milan,,Italy,Hospitality Group CEO,Hotel Chain Scalability & Guest Experience Optimization,Revolutionizing Department Store Retail Formats and Consumer Shopping Psychology
Ulrich Weber 201,1935-09-04,Basel,,Switzerland,Printing Press Technologist,Omnichannel Retail Supply Chains & Store Operations,Large-Scale Retail Inventory Control and Store Layout Optimization
Ignaz Siebert 202,1950-02-21,Tokyo,,Japan,Graphic Arts Pioneer,Retail Store Design & Department Store Merchandising,Standardization of Modern Hotel Luxury and Global Hospitality Franchising
Yvonne Meyer 203,1959-03-09,New York City,New York,United States,Department Store Strategist,"Typography, Digital Typeface Design & Publishing Science",Revolutionizing Department Store Retail Formats and Consumer Shopping Psychology
Arthur Bauer 204,1945-05-25,Brussels,,Belgium,Graphic Arts Pioneer,"Typography, Digital Typeface Design & Publishing Science",Large-Scale Retail Inventory Control and Store Layout Optimization
Gabriel Berger 205,1928-02-04,Basel,,Switzerland,Department Store Strategist,"Typography, Digital Typeface Design & Publishing Science",Advancements in Rotary Printing Presses and High-Volume Publication Efficiency
Henry Winkler 206,1935-08-18,Stuttgart,Baden-Württemberg,Germany,Printing Press Technologist,"Typography, Digital Typeface Design & Publishing Science",Standardization of Modern Hotel Luxury and Global Hospitality Franchising
Kenji Lang 207,1925-01-27,Tokyo,,Japan,Hospitality Executive,"Typography, Digital Typeface Design & Publishing Science",Revolutionizing Department Store Retail Formats and Consumer Shopping Psychology
Ignaz Bauer 208,1971-05-19,Montreal,Quebec,Canada,Printing Press Technologist,"Typography, Digital Typeface Design & Publishing Science",Pioneering Digital Typography and High-Speed Commercial Printing Systems
Wolfgang Scholz 209,1974-01-08,Chicago,Illinois,United States,Graphic Arts Pioneer,Retail Store Design & Department Store Merchandising,Advancements in Rotary Printing Presses and High-Volume Publication Efficiency
Kenji Friedrich 210,1979-06-22,Brussels,,Belgium,Printing Press Technologist,Hotel Chain Scalability & Guest Experience Optimization,Advancements in Rotary Printing Presses and High-Volume Publication Efficiency
Arthur Huber 211,1921-08-20,Leipzig,Saxony,Germany,Commercial Printing Magnate,Omnichannel Retail Supply Chains & Store Operations,Standardization of Modern Hotel Luxury and Global Hospitality Franchising
Johanna Weiß 212,1933-03-23,Tokyo,,Japan,Hotel Industry Pioneer,Omnichannel Retail Supply Chains & Store Operations,Large-Scale Retail Inventory Control and Store Layout Optimization
Ignaz Weber 213,1914-11-21,Amsterdam,,Netherlands,Retail Merchandising Expert,Hospitality Management & Luxury Hotel Architecture,Large-Scale Retail Inventory Control and Store Layout Optimization
Dorothea Richter 214,1937-04-14,Tokyo,,Japan,Department Store Strategist,"Typography, Digital Typeface Design & Publishing Science",Large-Scale Retail Inventory Control and Store Layout Optimization
Julian Siebert 215,1970-10-13,Stuttgart,Baden-Württemberg,Germany,Typography & Publishing Innovator,Omnichannel Retail Supply Chains & Store Operations,Large-Scale Retail Inventory Control and Store Layout Optimization
Petra Seidel 216,1977-06-21,Tokyo,,Japan,Retail Merchandising Expert,Omnichannel Retail Supply Chains & Store Operations,Pioneering Digital Typography and High-Speed Commercial Printing Systems
Grete Wagner 217,1930-02-16,Leipzig,Saxony,Germany,Graphic Arts Pioneer,Omnichannel Retail Supply Chains & Store Operations,Revolutionizing Department Store Retail Formats and Consumer Shopping Psychology
Benjamin Maier 218,1963-07-26,London,,United Kingdom,Retail Merchandising Expert,"Typography, Digital Typeface Design & Publishing Science",Hospitality Revenue Management and Guest Loyalty Frameworks
Kenji Winkler 219,1906-04-28,New York City,New York,United States,Typography & Publishing Innovator,Omnichannel Retail Supply Chains & Store Operations,Hospitality Revenue Management and Guest Loyalty Frameworks
Luise Frank 220,1906-10-20,Montreal,Quebec,Canada,Retail Chain Founder,High-Speed Printing Press Technology & Offset Lithography,Hospitality Revenue Management and Guest Loyalty Frameworks
Ignaz Bauer 221,1941-10-11,Basel,,Switzerland,Printing Press Technologist,"Typography, Digital Typeface Design & Publishing Science",Pioneering Digital Typography and High-Speed Commercial Printing Systems
Elisabeth Koch 222,1908-06-15,Boston,Massachusetts,United States,Retail Operations Director,High-Speed Printing Press Technology & Offset Lithography,Advancements in Rotary Printing Presses and High-Volume Publication Efficiency
Theodor Keller 223,1947-04-20,San Francisco,California,United States,Printing Press Technologist,Hospitality Management & Luxury Hotel Architecture,Large-Scale Retail Inventory Control and Store Layout Optimization
Franziska Schultz 224,1969-08-10,Chicago,Illinois,United States,Commercial Printing Magnate,High-Speed Printing Press Technology & Offset Lithography,Large-Scale Retail Inventory Control and Store Layout Optimization
Felix Hartmann 225,1925-08-04,Boston,Massachusetts,United States,Retail Chain Founder,"Typography, Digital Typeface Design & Publishing Science",Pioneering Digital Typography and High-Speed Commercial Printing Systems
Sofie Eberhardt 226,1931-10-05,Basel,,Switzerland,Hospitality Group CEO,Omnichannel Retail Supply Chains & Store Operations,Standardization of Modern Hotel Luxury and Global Hospitality Franchising
Wolfgang Pfeiffer 227,1960-04-20,Munich,Bavaria,Germany,Luxury Hotelier,Hospitality Management & Luxury Hotel Architecture,Advancements in Rotary Printing Presses and High-Volume Publication Efficiency
Franziska Fischer 228,1915-06-08,Paris,,France,Graphic Arts Pioneer,Omnichannel Retail Supply Chains & Store Operations,Revolutionizing Department Store Retail Formats and Consumer Shopping Psychology
Maximilian Eberhardt 229,1943-11-18,Boston,Massachusetts,United States,Department Store Strategist,"Typography, Digital Typeface Design & Publishing Science",Revolutionizing Department Store Retail Formats and Consumer Shopping Psychology
Arthur Berger 230,1901-08-12,Paris,,France,Department Store Strategist,Hotel Chain Scalability & Guest Experience Optimization,Revolutionizing Department Store Retail Formats and Consumer Shopping Psychology
Ottilie Winkler 231,1972-11-20,Brussels,,Belgium,Graphic Arts Pioneer,Hotel Chain Scalability & Guest Experience Optimization,Revolutionizing Department Store Retail Formats and Consumer Shopping Psychology
Grete Eberhardt 232,1920-07-15,Basel,,Switzerland,Retail Merchandising Expert,High-Speed Printing Press Technology & Offset Lithography,Hospitality Revenue Management and Guest Loyalty Frameworks
Verena Maier 233,1949-01-22,Tokyo,,Japan,Hospitality Executive,"Typography, Digital Typeface Design & Publishing Science",Hospitality Revenue Management and Guest Loyalty Frameworks
Yannick Huber 234,1973-11-22,Milan,,Italy,Luxury Hotelier,High-Speed Printing Press Technology & Offset Lithography,Standardization of Modern Hotel Luxury and Global Hospitality Franchising
Katherina Steiner 235,1915-10-21,New York City,New York,United States,Retail Operations Director,High-Speed Printing Press Technology & Offset Lithography,Large-Scale Retail Inventory Control and Store Layout Optimization
Katherina Hofmann 236,1934-10-24,Chicago,Illinois,United States,Hospitality Executive,"Typography, Digital Typeface Design & Publishing Science",Hospitality Revenue Management and Guest Loyalty Frameworks
Charlotte Schwarz 237,1920-01-05,Montreal,Quebec,Canada,Graphic Arts Pioneer,"Typography, Digital Typeface Design & Publishing Science",Hospitality Revenue Management and Guest Loyalty Frameworks
Agnes Frank 238,1956-05-02,Tokyo,,Japan,Graphic Arts Pioneer,High-Speed Printing Press Technology & Offset Lithography,Pioneering Digital Typography and High-Speed Commercial Printing Systems
Wolfgang Lehmann 239,1913-08-22,Chicago,Illinois,United States,Typography & Publishing Innovator,"Typography, Digital Typeface Design & Publishing Science",Hospitality Revenue Management and Guest Loyalty Frameworks
Xaver Schultz 240,1974-08-01,New York City,New York,United States,Hospitality Group CEO,Hospitality Management & Luxury Hotel Architecture,Large-Scale Retail Inventory Control and Store Layout Optimization
Charles Koch 241,1940-10-17,Paris,,France,Hospitality Executive,Retail Store Design & Department Store Merchandising,Standardization of Modern Hotel Luxury and Global Hospitality Franchising
Philipp Schreiber 242,1957-04-16,Tokyo,,Japan,Retail Operations Director,High-Speed Printing Press Technology & Offset Lithography,Pioneering Digital Typography and High-Speed Commercial Printing Systems
Nikolaus Braun 243,1917-08-09,Brussels,,Belgium,Graphic Arts Pioneer,Omnichannel Retail Supply Chains & Store Operations,Pioneering Digital Typography and High-Speed Commercial Printing Systems
Zita Müller 244,1974-09-10,Leipzig,Saxony,Germany,Luxury Hotelier,Hotel Chain Scalability & Guest Experience Optimization,Hospitality Revenue Management and Guest Loyalty Frameworks
Sofie Peters 245,1901-05-12,Vienna,,Austria,Graphic Arts Pioneer,High-Speed Printing Press Technology & Offset Lithography,Hospitality Revenue Management and Guest Loyalty Frameworks
Barbara Friedrich 246,1907-01-15,Brussels,,Belgium,Graphic Arts Pioneer,High-Speed Printing Press Technology & Offset Lithography,Pioneering Digital Typography and High-Speed Commercial Printing Systems
Gabriel Eberhardt 247,1917-03-03,Chicago,Illinois,United States,Hospitality Executive,Hotel Chain Scalability & Guest Experience Optimization,Advancements in Rotary Printing Presses and High-Volume Publication Efficiency
Sofie Schäfer 248,1951-06-12,Stuttgart,Baden-Württemberg,Germany,Retail Operations Director,Hotel Chain Scalability & Guest Experience Optimization,Advancements in Rotary Printing Presses and High-Volume Publication Efficiency
Zacharias Baum 249,1922-11-21,Toronto,Ontario,Canada,Commercial Printing Magnate,Retail Store Design & Department Store Merchandising,Large-Scale Retail Inventory Control and Store Layout Optimization
Ottilie Steiner 250,1901-06-10,Leipzig,Saxony,Germany,Retail Chain Founder,Hospitality Management & Luxury Hotel Architecture,Large-Scale Retail Inventory Control and Store Layout Optimization
Xaver Günther 251,1925-11-21,Zurich,,Switzerland,Graphic Arts Pioneer,Retail Store Design & Department Store Merchandising,Large-Scale Retail Inventory Control and Store Layout Optimization
Henry Braun 252,1923-02-15,Toronto,Ontario,Canada,Graphic Arts Pioneer,Hospitality Management & Luxury Hotel Architecture,Advancements in Rotary Printing Presses and High-Volume Publication Efficiency
Yvonne Schwarz 253,1933-09-14,Brussels,,Belgium,Graphic Arts Pioneer,"Typography, Digital Typeface Design & Publishing Science",Hospitality Revenue Management and Guest Loyalty Frameworks
Emil Vogel 254,1906-10-22,Paris,,France,Retail Merchandising Expert,"Typography, Digital Typeface Design & Publishing Science",Revolutionizing Department Store Retail Formats and Consumer Shopping Psychology
Isabella Ritter 255,1944-12-19,Milan,,Italy,Luxury Hotelier,Hotel Chain Scalability & Guest Experience Optimization,Standardization of Modern Hotel Luxury and Global Hospitality Franchising
Yannick Schwarz 256,1957-09-04,Tokyo,,Japan,Graphic Arts Pioneer,Omnichannel Retail Supply Chains & Store Operations,Pioneering Digital Typography and High-Speed Commercial Printing Systems
Barbara Peters 257,1955-03-10,Tokyo,,Japan,Retail Operations Director,Hospitality Management & Luxury Hotel Architecture,Large-Scale Retail Inventory Control and Store Layout Optimization
Otto Walter 258,1961-05-08,San Francisco,California,United States,Printing Press Technologist,Retail Store Design & Department Store Merchandising,Large-Scale Retail Inventory Control and Store Layout Optimization
Kenji Schreiber 259,1915-04-12,San Francisco,California,United States,Hospitality Group CEO,Retail Store Design & Department Store Merchandising,Revolutionizing Department Store Retail Formats and Consumer Shopping Psychology
Johanna Braun 260,1950-04-06,Chicago,Illinois,United States,Commercial Printing Magnate,"Typography, Digital Typeface Design & Publishing Science",Large-Scale Retail Inventory Control and Store Layout Optimization
Ulrich Meyer 261,1959-05-23,San Francisco,California,United States,Commercial Printing Magnate,Hospitality Management & Luxury Hotel Architecture,Large-Scale Retail Inventory Control and Store Layout Optimization
Benjamin Hofmann 262,1912-10-08,Boston,Massachusetts,United States,Commercial Printing Magnate,High-Speed Printing Press Technology & Offset Lithography,Pioneering Digital Typography and High-Speed Commercial Printing Systems
Luise Schwarz 263,1962-03-16,Munich,Bavaria,Germany,Retail Merchandising Expert,Retail Store Design & Department Store Merchandising,Pioneering Digital Typography and High-Speed Commercial Printing Systems
Rosa Meyer 264,1926-06-12,New York City,New York,United States,Hospitality Executive,Hotel Chain Scalability & Guest Experience Optimization,Revolutionizing Department Store Retail Formats and Consumer Shopping Psychology
Julian Hofmann 265,1918-01-14,Sydney,New South Wales,Australia,Commercial Printing Magnate,"Typography, Digital Typeface Design & Publishing Science",Hospitality Revenue Management and Guest Loyalty Frameworks
Isabella Lehmann 266,1905-05-11,Basel,,Switzerland,Luxury Hotelier,Omnichannel Retail Supply Chains & Store Operations,Advancements in Rotary Printing Presses and High-Volume Publication Efficiency
Verena Eberhardt 267,1923-04-05,Stuttgart,Baden-Württemberg,Germany,Typography & Publishing Innovator,Hospitality Management & Luxury Hotel Architecture,Hospitality Revenue Management and Guest Loyalty Frameworks
Gabriel Wolf 268,1956-07-02,Basel,,Switzerland,Commercial Printing Magnate,Omnichannel Retail Supply Chains & Store Operations,Large-Scale Retail Inventory Control and Store Layout Optimization
Nina Busch 269,1967-06-27,Chicago,Illinois,United States,Commercial Printing Magnate,Hotel Chain Scalability & Guest Experience Optimization,Pioneering Digital Typography and High-Speed Commercial Printing Systems
Isabella Baum 270,1967-08-16,Sydney,New South Wales,Australia,Retail Chain Founder,Hotel Chain Scalability & Guest Experience Optimization,Pioneering Digital Typography and High-Speed Commercial Printing Systems
Ulrich Huber 271,1928-02-01,Sydney,New South Wales,Australia,Printing Press Technologist,"Typography, Digital Typeface Design & Publishing Science",Advancements in Rotary Printing Presses and High-Volume Publication Efficiency
Charles Keller 272,1967-04-11,Frankfurt,Hesse,Germany,Retail Merchandising Expert,Hotel Chain Scalability & Guest Experience Optimization,Hospitality Revenue Management and Guest Loyalty Frameworks
Verena Maier 273,1949-10-07,Zurich,,Switzerland,Hotel Industry Pioneer,Hotel Chain Scalability & Guest Experience Optimization,Hospitality Revenue Management and Guest Loyalty Frameworks
Philipp Wolf 274,1955-07-08,Zurich,,Switzerland,Retail Operations Director,Hospitality Management & Luxury Hotel Architecture,Revolutionizing Department Store Retail Formats and Consumer Shopping Psychology
Barbara Maier 275,1954-12-17,Munich,Bavaria,Germany,Hotel Industry Pioneer,Hotel Chain Scalability & Guest Experience Optimization,Hospitality Revenue Management and Guest Loyalty Frameworks
Wolfgang Scholz 276,1927-10-26,Sydney,New South Wales,Australia,Department Store Strategist,High-Speed Printing Press Technology & Offset Lithography,Revolutionizing Department Store Retail Formats and Consumer Shopping Psychology
Ignaz Weber 277,1981-11-28,Munich,Bavaria,Germany,Retail Operations Director,High-Speed Printing Press Technology & Offset Lithography,Standardization of Modern Hotel Luxury and Global Hospitality Franchising
Kenji Hartmann 278,1911-05-16,Milan,,Italy,Graphic Arts Pioneer,High-Speed Printing Press Technology & Offset Lithography,Large-Scale Retail Inventory Control and Store Layout Optimization
Henry Müller 279,1927-07-17,Boston,Massachusetts,United States,Hotel Industry Pioneer,Retail Store Design & Department Store Merchandising,Hospitality Revenue Management and Guest Loyalty Frameworks
Charlotte Hofmann 280,1915-08-16,Munich,Bavaria,Germany,Department Store Strategist,Hotel Chain Scalability & Guest Experience Optimization,Pioneering Digital Typography and High-Speed Commercial Printing Systems
Waltraud Günther 281,1963-03-04,Sydney,New South Wales,Australia,Hotel Industry Pioneer,"Typography, Digital Typeface Design & Publishing Science",Standardization of Modern Hotel Luxury and Global Hospitality Franchising
Benjamin Huber 282,1967-05-11,Munich,Bavaria,Germany,Hospitality Group CEO,Hospitality Management & Luxury Hotel Architecture,Hospitality Revenue Management and Guest Loyalty Frameworks
Agnes Säuberlich 283,1957-12-23,Sydney,New South Wales,Australia,Hotel Industry Pioneer,Retail Store Design & Department Store Merchandising,Revolutionizing Department Store Retail Formats and Consumer Shopping Psychology
Sebastian Busch 284,1911-12-26,Chicago,Illinois,United States,Commercial Printing Magnate,Retail Store Design & Department Store Merchandising,Advancements in Rotary Printing Presses and High-Volume Publication Efficiency
Isabella Fischer 285,1913-04-28,Leipzig,Saxony,Germany,Typography & Publishing Innovator,Omnichannel Retail Supply Chains & Store Operations,Revolutionizing Department Store Retail Formats and Consumer Shopping Psychology
Charlotte Schultz 286,1977-10-19,Chicago,Illinois,United States,Retail Operations Director,Retail Store Design & Department Store Merchandising,Revolutionizing Department Store Retail Formats and Consumer Shopping Psychology
Otto Müller 287,1907-06-24,Tokyo,,Japan,Typography & Publishing Innovator,"Typography, Digital Typeface Design & Publishing Science",Large-Scale Retail Inventory Control and Store Layout Optimization
Ottilie Meyer 288,1922-06-26,Brussels,,Belgium,Commercial Printing Magnate,Retail Store Design & Department Store Merchandising,Revolutionizing Department Store Retail Formats and Consumer Shopping Psychology
Kenji Braun 289,1980-05-10,Stuttgart,Baden-Württemberg,Germany,Luxury Hotelier,High-Speed Printing Press Technology & Offset Lithography,Standardization of Modern Hotel Luxury and Global Hospitality Franchising
Sebastian Eberhardt 290,1934-07-06,Toronto,Ontario,Canada,Printing Press Technologist,High-Speed Printing Press Technology & Offset Lithography,Hospitality Revenue Management and Guest Loyalty Frameworks
Daniel Neumann 291,1953-12-26,Munich,Bavaria,Germany,Commercial Printing Magnate,High-Speed Printing Press Technology & Offset Lithography,Hospitality Revenue Management and Guest Loyalty Frameworks
Barbara Lang 292,1934-06-05,Leipzig,Saxony,Germany,Typography & Publishing Innovator,High-Speed Printing Press Technology & Offset Lithography,Large-Scale Retail Inventory Control and Store Layout Optimization
Felix Neumann 293,1905-01-18,Chicago,Illinois,United States,Hotel Industry Pioneer,Retail Store Design & Department Store Merchandising,Standardization of Modern Hotel Luxury and Global Hospitality Franchising
Magdalena Wolf 294,1966-11-01,New York City,New York,United States,Luxury Hotelier,Omnichannel Retail Supply Chains & Store Operations,Advancements in Rotary Printing Presses and High-Volume Publication Efficiency
Rosa Weber 295,1926-09-09,Brussels,,Belgium,Department Store Strategist,"Typography, Digital Typeface Design & Publishing Science",Large-Scale Retail Inventory Control and Store Layout Optimization
Dorothea Frank 296,1906-05-11,Vienna,,Austria,Printing Press Technologist,High-Speed Printing Press Technology & Offset Lithography,Standardization of Modern Hotel Luxury and Global Hospitality Franchising
Leopold Schmidt 297,1933-11-16,Milan,,Italy,Commercial Printing Magnate,High-Speed Printing Press Technology & Offset Lithography,Standardization of Modern Hotel Luxury and Global Hospitality Franchising
Petra Seidel 298,1907-08-18,Brussels,,Belgium,Retail Operations Director,"Typography, Digital Typeface Design & Publishing Science",Hospitality Revenue Management and Guest Loyalty Frameworks
Henry Seidel 299,1944-02-27,London,,United Kingdom,Retail Chain Founder,"Typography, Digital Typeface Design & Publishing Science",Advancements in Rotary Printing Presses and High-Volume Publication Efficiency
Magdalena Peters 300,1950-09-18,Stuttgart,Baden-Württemberg,Germany,Commercial Printing Magnate,High-Speed Printing Press Technology & Offset Lithography,Hospitality Revenue Management and Guest Loyalty Frameworks
Yannick Müller 301,1953-10-09,New York City,New York,United States,Retail Operations Director,High-Speed Printing Press Technology & Offset Lithography,Standardization of Modern Hotel Luxury and Global Hospitality Franchising
Leopold Keller 302,1952-12-12,Basel,,Switzerland,Graphic Arts Pioneer,"Typography, Digital Typeface Design & Publishing Science",Pioneering Digital Typography and High-Speed Commercial Printing Systems
Hildegard Schmidt 303,1937-09-11,London,,United Kingdom,Department Store Strategist,Omnichannel Retail Supply Chains & Store Operations,Advancements in Rotary Printing Presses and High-Volume Publication Efficiency
Henry Busch 304,1975-06-19,Stuttgart,Baden-Württemberg,Germany,Retail Chain Founder,Hospitality Management & Luxury Hotel Architecture,Pioneering Digital Typography and High-Speed Commercial Printing Systems
Benjamin Richter 305,1913-08-02,Basel,,Switzerland,Hotel Industry Pioneer,Hotel Chain Scalability & Guest Experience Optimization,Hospitality Revenue Management and Guest Loyalty Frameworks
Maximilian Bauer 306,1971-10-19,Frankfurt,Hesse,Germany,Retail Operations Director,Hospitality Management & Luxury Hotel Architecture,Standardization of Modern Hotel Luxury and Global Hospitality Franchising
Rosa Busch 307,1954-07-13,Chicago,Illinois,United States,Graphic Arts Pioneer,Hotel Chain Scalability & Guest Experience Optimization,Revolutionizing Department Store Retail Formats and Consumer Shopping Psychology
Rudolf Vogel 308,1971-01-08,Tokyo,,Japan,Luxury Hotelier,Retail Store Design & Department Store Merchandising,Revolutionizing Department Store Retail Formats and Consumer Shopping Psychology
Therese Lang 309,1924-10-10,Munich,Bavaria,Germany,Hotel Industry Pioneer,Hotel Chain Scalability & Guest Experience Optimization,Revolutionizing Department Store Retail Formats and Consumer Shopping Psychology
Nikolaus Maier 310,1978-01-09,Stuttgart,Baden-Württemberg,Germany,Hospitality Executive,Retail Store Design & Department Store Merchandising,Revolutionizing Department Store Retail Formats and Consumer Shopping Psychology
Rosa Müller 311,1975-08-23,San Francisco,California,United States,Luxury Hotelier,Hospitality Management & Luxury Hotel Architecture,Large-Scale Retail Inventory Control and Store Layout Optimization
Luise Wagner 312,1945-03-15,San Francisco,California,United States,Hospitality Executive,Hotel Chain Scalability & Guest Experience Optimization,Standardization of Modern Hotel Luxury and Global Hospitality Franchising
Leopold Hofmann 313,1946-03-07,Frankfurt,Hesse,Germany,Hospitality Group CEO,High-Speed Printing Press Technology & Offset Lithography,Large-Scale Retail Inventory Control and Store Layout Optimization
Charlotte Wolf 314,1962-10-03,Montreal,Quebec,Canada,Luxury Hotelier,High-Speed Printing Press Technology & Offset Lithography,Standardization of Modern Hotel Luxury and Global Hospitality Franchising
Luise Schmidt 315,1946-05-05,Montreal,Quebec,Canada,Printing Press Technologist,High-Speed Printing Press Technology & Offset Lithography,Revolutionizing Department Store Retail Formats and Consumer Shopping Psychology
Kenji Frank 316,1950-04-18,San Francisco,California,United States,Commercial Printing Magnate,Hospitality Management & Luxury Hotel Architecture,Pioneering Digital Typography and High-Speed Commercial Printing Systems
Julian Walter 317,1979-06-04,Vienna,,Austria,Retail Merchandising Expert,Hospitality Management & Luxury Hotel Architecture,Standardization of Modern Hotel Luxury and Global Hospitality Franchising
Daniel Hartmann 318,1941-12-21,Tokyo,,Japan,Department Store Strategist,Hotel Chain Scalability & Guest Experience Optimization,Revolutionizing Department Store Retail Formats and Consumer Shopping Psychology
Hildegard Säuberlich 319,1911-09-02,Frankfurt,Hesse,Germany,Hospitality Executive,Retail Store Design & Department Store Merchandising,Pioneering Digital Typography and High-Speed Commercial Printing Systems
Theodor Krämer 320,1944-04-02,Milan,,Italy,Hospitality Executive,High-Speed Printing Press Technology & Offset Lithography,Hospitality Revenue Management and Guest Loyalty Frameworks
Verena Braun 321,1935-07-22,Tokyo,,Japan,Hotel Industry Pioneer,Omnichannel Retail Supply Chains & Store Operations,Pioneering Digital Typography and High-Speed Commercial Printing Systems
Theodor Busch 322,1904-04-11,Amsterdam,,Netherlands,Retail Merchandising Expert,Omnichannel Retail Supply Chains & Store Operations,Large-Scale Retail Inventory Control and Store Layout Optimization
Franziska Krämer 323,1934-12-14,Vienna,,Austria,Retail Operations Director,Omnichannel Retail Supply Chains & Store Operations,Advancements in Rotary Printing Presses and High-Volume Publication Efficiency
Karl Koch 324,1970-05-14,Sydney,New South Wales,Australia,Retail Chain Founder,High-Speed Printing Press Technology & Offset Lithography,Hospitality Revenue Management and Guest Loyalty Frameworks
Johanna Säuberlich 325,1900-03-19,Milan,,Italy,Hotel Industry Pioneer,Omnichannel Retail Supply Chains & Store Operations,Advancements in Rotary Printing Presses and High-Volume Publication Efficiency
Nina Böhm 326,1941-05-01,London,,United Kingdom,Retail Operations Director,Hospitality Management & Luxury Hotel Architecture,Large-Scale Retail Inventory Control and Store Layout Optimization
Yvonne Walter 327,1971-11-02,Montreal,Quebec,Canada,Retail Operations Director,"Typography, Digital Typeface Design & Publishing Science",Hospitality Revenue Management and Guest Loyalty Frameworks
Elisabeth Huber 328,1940-02-19,Toronto,Ontario,Canada,Department Store Strategist,Hotel Chain Scalability & Guest Experience Optimization,Large-Scale Retail Inventory Control and Store Layout Optimization
Julian Weber 329,1917-03-13,New York City,New York,United States,Retail Operations Director,Hospitality Management & Luxury Hotel Architecture,Pioneering Digital Typography and High-Speed Commercial Printing Systems
Emil Fischer 330,1978-08-25,Boston,Massachusetts,United States,Hospitality Group CEO,Omnichannel Retail Supply Chains & Store Operations,Revolutionizing Department Store Retail Formats and Consumer Shopping Psychology
Katherina Scholz 331,1935-01-03,London,,United Kingdom,Hotel Industry Pioneer,High-Speed Printing Press Technology & Offset Lithography,Advancements in Rotary Printing Presses and High-Volume Publication Efficiency
Hildegard Bauer 332,1958-10-26,San Francisco,California,United States,Retail Merchandising Expert,Hospitality Management & Luxury Hotel Architecture,Revolutionizing Department Store Retail Formats and Consumer Shopping Psychology
Ignaz Hartmann 333,1951-05-12,Zurich,,Switzerland,Department Store Strategist,Hospitality Management & Luxury Hotel Architecture,Advancements in Rotary Printing Presses and High-Volume Publication Efficiency
Philipp Schneider 334,1930-11-14,Zurich,,Switzerland,Commercial Printing Magnate,Hospitality Management & Luxury Hotel Architecture,Advancements in Rotary Printing Presses and High-Volume Publication Efficiency
Yannick Kaiser 335,1957-01-23,Chicago,Illinois,United States,Retail Chain Founder,Retail Store Design & Department Store Merchandising,Hospitality Revenue Management and Guest Loyalty Frameworks
Johanna Schreiber 336,1922-11-08,Basel,,Switzerland,Luxury Hotelier,Retail Store Design & Department Store Merchandising,Advancements in Rotary Printing Presses and High-Volume Publication Efficiency
Quirin Meyer 337,1944-01-05,Tokyo,,Japan,Department Store Strategist,Hotel Chain Scalability & Guest Experience Optimization,Large-Scale Retail Inventory Control and Store Layout Optimization
Gabriel Busch 338,1936-04-08,London,,United Kingdom,Retail Merchandising Expert,Hospitality Management & Luxury Hotel Architecture,Pioneering Digital Typography and High-Speed Commercial Printing Systems
Maximilian Hofmann 339,1968-05-19,Basel,,Switzerland,Hospitality Executive,Hotel Chain Scalability & Guest Experience Optimization,Hospitality Revenue Management and Guest Loyalty Frameworks
Waltraud Maier 340,1929-05-24,New York City,New York,United States,Graphic Arts Pioneer,Retail Store Design & Department Store Merchandising,Hospitality Revenue Management and Guest Loyalty Frameworks
Rudolf Fischer 341,1937-05-27,Amsterdam,,Netherlands,Retail Merchandising Expert,Omnichannel Retail Supply Chains & Store Operations,Pioneering Digital Typography and High-Speed Commercial Printing Systems
Zacharias Vogel 342,1938-05-12,Amsterdam,,Netherlands,Graphic Arts Pioneer,Retail Store Design & Department Store Merchandising,Advancements in Rotary Printing Presses and High-Volume Publication Efficiency
Nina Weiß 343,1963-09-21,Milan,,Italy,Printing Press Technologist,Omnichannel Retail Supply Chains & Store Operations,Hospitality Revenue Management and Guest Loyalty Frameworks
Daniel Böhm 344,1975-10-03,Boston,Massachusetts,United States,Retail Merchandising Expert,Hospitality Management & Luxury Hotel Architecture,Advancements in Rotary Printing Presses and High-Volume Publication Efficiency
Yvonne Schreiber 345,1911-08-03,Montreal,Quebec,Canada,Luxury Hotelier,Hospitality Management & Luxury Hotel Architecture,Hospitality Revenue Management and Guest Loyalty Frameworks
Benjamin Wolf 346,1971-07-16,Zurich,,Switzerland,Retail Chain Founder,High-Speed Printing Press Technology & Offset Lithography,Standardization of Modern Hotel Luxury and Global Hospitality Franchising
Ignaz Keller 347,1920-08-05,Toronto,Ontario,Canada,Luxury Hotelier,Omnichannel Retail Supply Chains & Store Operations,Standardization of Modern Hotel Luxury and Global Hospitality Franchising
Julian Bauer 348,1926-08-22,Chicago,Illinois,United States,Printing Press Technologist,Omnichannel Retail Supply Chains & Store Operations,Large-Scale Retail Inventory Control and Store Layout Optimization
Valentin Bauer 349,1936-10-14,Boston,Massachusetts,United States,Hotel Industry Pioneer,Omnichannel Retail Supply Chains & Store Operations,Large-Scale Retail Inventory Control and Store Layout Optimization
Nikolaus Simon 350,1969-12-13,Stuttgart,Baden-Württemberg,Germany,Hotel Industry Pioneer,High-Speed Printing Press Technology & Offset Lithography,Revolutionizing Department Store Retail Formats and Consumer Shopping Psychology
Yvonne Schneider 351,1955-10-09,Stuttgart,Baden-Württemberg,Germany,Department Store Strategist,"Typography, Digital Typeface Design & Publishing Science",Large-Scale Retail Inventory Control and Store Layout Optimization
Theodor Braun 352,1952-02-06,Chicago,Illinois,United States,Hospitality Executive,Omnichannel Retail Supply Chains & Store Operations,Standardization of Modern Hotel Luxury and Global Hospitality Franchising
Benjamin Koch 353,1901-10-04,Tokyo,,Japan,Typography & Publishing Innovator,Retail Store Design & Department Store Merchandising,Large-Scale Retail Inventory Control and Store Layout Optimization
Sofie Friedrich 354,1952-09-13,Leipzig,Saxony,Germany,Commercial Printing Magnate,High-Speed Printing Press Technology & Offset Lithography,Hospitality Revenue Management and Guest Loyalty Frameworks
Zacharias Siebert 355,1933-12-24,Vienna,,Austria,Department Store Strategist,Retail Store Design & Department Store Merchandising,Advancements in Rotary Printing Presses and High-Volume Publication Efficiency
Elisabeth Siebert 356,1967-11-24,Frankfurt,Hesse,Germany,Luxury Hotelier,High-Speed Printing Press Technology & Offset Lithography,Hospitality Revenue Management and Guest Loyalty Frameworks
Verena Böhm 357,1923-07-17,Sydney,New South Wales,Australia,Hospitality Executive,Retail Store Design & Department Store Merchandising,Advancements in Rotary Printing Presses and High-Volume Publication Efficiency
Nikolaus Schultz 358,1903-11-20,San Francisco,California,United States,Typography & Publishing Innovator,Hospitality Management & Luxury Hotel Architecture,Pioneering Digital Typography and High-Speed Commercial Printing Systems
Ottilie Baum 359,1921-05-15,Leipzig,Saxony,Germany,Luxury Hotelier,Retail Store Design & Department Store Merchandising,Standardization of Modern Hotel Luxury and Global Hospitality Franchising
Isabella Hartmann 360,1920-08-15,Chicago,Illinois,United States,Graphic Arts Pioneer,Omnichannel Retail Supply Chains & Store Operations,Revolutionizing Department Store Retail Formats and Consumer Shopping Psychology
Emil Koch 361,1967-11-13,Munich,Bavaria,Germany,Printing Press Technologist,Hotel Chain Scalability & Guest Experience Optimization,Pioneering Digital Typography and High-Speed Commercial Printing Systems
Nina Krämer 362,1950-04-02,New York City,New York,United States,Hospitality Executive,Omnichannel Retail Supply Chains & Store Operations,Standardization of Modern Hotel Luxury and Global Hospitality Franchising
Katherina Schwarz 363,1939-09-15,Brussels,,Belgium,Graphic Arts Pioneer,"Typography, Digital Typeface Design & Publishing Science",Large-Scale Retail Inventory Control and Store Layout Optimization
Xaver Hartmann 364,1908-04-28,Paris,,France,Hospitality Group CEO,Hotel Chain Scalability & Guest Experience Optimization,Large-Scale Retail Inventory Control and Store Layout Optimization
Hildegard Pfeiffer 365,1977-12-21,Chicago,Illinois,United States,Commercial Printing Magnate,Omnichannel Retail Supply Chains & Store Operations,Hospitality Revenue Management and Guest Loyalty Frameworks
Johanna Graf 366,1913-09-19,London,,United Kingdom,Luxury Hotelier,Hospitality Management & Luxury Hotel Architecture,Pioneering Digital Typography and High-Speed Commercial Printing Systems
Barbara Pfeiffer 367,1944-12-28,Frankfurt,Hesse,Germany,Retail Merchandising Expert,Omnichannel Retail Supply Chains & Store Operations,Advancements in Rotary Printing Presses and High-Volume Publication Efficiency
Benjamin Siebert 368,1942-09-27,Tokyo,,Japan,Typography & Publishing Innovator,High-Speed Printing Press Technology & Offset Lithography,Standardization of Modern Hotel Luxury and Global Hospitality Franchising
Rudolf Böhm 369,1957-12-11,Montreal,Quebec,Canada,Printing Press Technologist,Retail Store Design & Department Store Merchandising,Advancements in Rotary Printing Presses and High-Volume Publication Efficiency
Henry Fischer 370,1960-04-01,Munich,Bavaria,Germany,Luxury Hotelier,Hospitality Management & Luxury Hotel Architecture,Large-Scale Retail Inventory Control and Store Layout Optimization
Wolfgang Schmidt 371,1931-12-08,Zurich,,Switzerland,Department Store Strategist,Hospitality Management & Luxury Hotel Architecture,Advancements in Rotary Printing Presses and High-Volume Publication Efficiency
Xaver Pfeiffer 372,1963-10-02,Zurich,,Switzerland,Typography & Publishing Innovator,High-Speed Printing Press Technology & Offset Lithography,Advancements in Rotary Printing Presses and High-Volume Publication Efficiency
Leopold Simon 373,1961-11-16,Basel,,Switzerland,Typography & Publishing Innovator,Hospitality Management & Luxury Hotel Architecture,Pioneering Digital Typography and High-Speed Commercial Printing Systems
Charlotte Meyer 374,1977-08-01,Zurich,,Switzerland,Hotel Industry Pioneer,Hotel Chain Scalability & Guest Experience Optimization,Large-Scale Retail Inventory Control and Store Layout Optimization
Waltraud Schultz 375,1936-12-22,San Francisco,California,United States,Retail Chain Founder,Omnichannel Retail Supply Chains & Store Operations,Pioneering Digital Typography and High-Speed Commercial Printing Systems
Yannick Vogel 376,1927-03-09,Boston,Massachusetts,United States,Hotel Industry Pioneer,Hospitality Management & Luxury Hotel Architecture,Revolutionizing Department Store Retail Formats and Consumer Shopping Psychology
Zacharias Maier 377,1913-02-17,Boston,Massachusetts,United States,Hospitality Executive,Hospitality Management & Luxury Hotel Architecture,Pioneering Digital Typography and High-Speed Commercial Printing Systems
Zacharias Scholz 378,1981-04-12,Toronto,Ontario,Canada,Hotel Industry Pioneer,Hotel Chain Scalability & Guest Experience Optimization,Large-Scale Retail Inventory Control and Store Layout Optimization
Valentin Schwarz 379,1970-10-17,Stuttgart,Baden-Württemberg,Germany,Hospitality Group CEO,Retail Store Design & Department Store Merchandising,Pioneering Digital Typography and High-Speed Commercial Printing Systems
Franziska Schwarz 380,1956-06-28,Chicago,Illinois,United States,Printing Press Technologist,Omnichannel Retail Supply Chains & Store Operations,Large-Scale Retail Inventory Control and Store Layout Optimization
Verena Lang 381,1977-12-02,Vienna,,Austria,Commercial Printing Magnate,High-Speed Printing Press Technology & Offset Lithography,Large-Scale Retail Inventory Control and Store Layout Optimization
Magdalena Fischer 382,1904-04-23,Amsterdam,,Netherlands,Typography & Publishing Innovator,High-Speed Printing Press Technology & Offset Lithography,Large-Scale Retail Inventory Control and Store Layout Optimization
Arthur Gärtner 383,1980-08-06,Vienna,,Austria,Department Store Strategist,Hotel Chain Scalability & Guest Experience Optimization,Large-Scale Retail Inventory Control and Store Layout Optimization
Rosa Richter 384,1973-12-17,New York City,New York,United States,Luxury Hotelier,Hospitality Management & Luxury Hotel Architecture,Hospitality Revenue Management and Guest Loyalty Frameworks
Leopold Schwarz 385,1931-04-02,Amsterdam,,Netherlands,Hospitality Group CEO,Retail Store Design & Department Store Merchandising,Standardization of Modern Hotel Luxury and Global Hospitality Franchising
Philipp Schreiber 386,1916-02-08,Tokyo,,Japan,Retail Operations Director,Hotel Chain Scalability & Guest Experience Optimization,Pioneering Digital Typography and High-Speed Commercial Printing Systems
Xaver Schreiber 387,1920-06-04,New York City,New York,United States,Graphic Arts Pioneer,High-Speed Printing Press Technology & Offset Lithography,Standardization of Modern Hotel Luxury and Global Hospitality Franchising
Henry Lehmann 388,1938-10-25,Chicago,Illinois,United States,Department Store Strategist,Omnichannel Retail Supply Chains & Store Operations,Revolutionizing Department Store Retail Formats and Consumer Shopping Psychology
Charlotte Schmidt 389,1979-01-26,Zurich,,Switzerland,Department Store Strategist,"Typography, Digital Typeface Design & Publishing Science",Standardization of Modern Hotel Luxury and Global Hospitality Franchising
Petra Berger 390,1900-11-01,Tokyo,,Japan,Retail Operations Director,Hotel Chain Scalability & Guest Experience Optimization,Large-Scale Retail Inventory Control and Store Layout Optimization
Nikolaus Lang 391,1902-10-26,Stuttgart,Baden-Württemberg,Germany,Commercial Printing Magnate,High-Speed Printing Press Technology & Offset Lithography,Standardization of Modern Hotel Luxury and Global Hospitality Franchising
Benjamin Friedrich 392,1966-02-26,New York City,New York,United States,Graphic Arts Pioneer,Retail Store Design & Department Store Merchandising,Pioneering Digital Typography and High-Speed Commercial Printing Systems
Daniel Säuberlich 393,1928-08-06,San Francisco,California,United States,Department Store Strategist,Hospitality Management & Luxury Hotel Architecture,Advancements in Rotary Printing Presses and High-Volume Publication Efficiency
Henry Müller 394,1947-01-07,New York City,New York,United States,Hospitality Executive,High-Speed Printing Press Technology & Offset Lithography,Revolutionizing Department Store Retail Formats and Consumer Shopping Psychology
Nina Maier 395,1968-08-01,Montreal,Quebec,Canada,Hotel Industry Pioneer,High-Speed Printing Press Technology & Offset Lithography,Large-Scale Retail Inventory Control and Store Layout Optimization
Elisabeth Berger 396,1900-01-10,Munich,Bavaria,Germany,Retail Merchandising Expert,Hotel Chain Scalability & Guest Experience Optimization,Pioneering Digital Typography and High-Speed Commercial Printing Systems
Henry Maier 397,1980-05-11,Toronto,Ontario,Canada,Retail Operations Director,High-Speed Printing Press Technology & Offset Lithography,Pioneering Digital Typography and High-Speed Commercial Printing Systems
Ulrich Günther 398,1940-07-13,Boston,Massachusetts,United States,Typography & Publishing Innovator,Retail Store Design & Department Store Merchandising,Advancements in Rotary Printing Presses and High-Volume Publication Efficiency
Ulrich Hartmann 399,1953-06-12,Tokyo,,Japan,Hotel Industry Pioneer,Hotel Chain Scalability & Guest Experience Optimization,Large-Scale Retail Inventory Control and Store Layout Optimization
Yvonne Peters 400,1953-07-24,Zurich,,Switzerland,Retail Merchandising Expert,Omnichannel Retail Supply Chains & Store Operations,Pioneering Digital Typography and High-Speed Commercial Printing Systems
Petra Pfeiffer 401,1955-12-28,Stuttgart,Baden-Württemberg,Germany,Hospitality Executive,Retail Store Design & Department Store Merchandising,Large-Scale Retail Inventory Control and Store Layout Optimization
Hildegard Steiner 402,1956-03-05,Boston,Massachusetts,United States,Hospitality Executive,Hotel Chain Scalability & Guest Experience Optimization,Hospitality Revenue Management and Guest Loyalty Frameworks
Charlotte Schreiber 403,1978-11-28,Amsterdam,,Netherlands,Luxury Hotelier,Retail Store Design & Department Store Merchandising,Hospitality Revenue Management and Guest Loyalty Frameworks
Nikolaus Böhm 404,1949-07-09,Montreal,Quebec,Canada,Retail Chain Founder,Omnichannel Retail Supply Chains & Store Operations,Hospitality Revenue Management and Guest Loyalty Frameworks
Daniel Keller 405,1947-06-24,Milan,,Italy,Department Store Strategist,Omnichannel Retail Supply Chains & Store Operations,Advancements in Rotary Printing Presses and High-Volume Publication Efficiency
Felix Roth 406,1926-07-03,Zurich,,Switzerland,Luxury Hotelier,"Typography, Digital Typeface Design & Publishing Science",Standardization of Modern Hotel Luxury and Global Hospitality Franchising
Yannick Kaiser 407,1926-12-05,London,,United Kingdom,Hotel Industry Pioneer,Omnichannel Retail Supply Chains & Store Operations,Standardization of Modern Hotel Luxury and Global Hospitality Franchising
Johanna Wolf 408,1941-12-18,Sydney,New South Wales,Australia,Department Store Strategist,Retail Store Design & Department Store Merchandising,Standardization of Modern Hotel Luxury and Global Hospitality Franchising
Dorothea Siebert 409,1963-12-16,Basel,,Switzerland,Luxury Hotelier,Retail Store Design & Department Store Merchandising,Large-Scale Retail Inventory Control and Store Layout Optimization
Sebastian Hofmann 410,1920-06-16,Boston,Massachusetts,United States,Commercial Printing Magnate,High-Speed Printing Press Technology & Offset Lithography,Standardization of Modern Hotel Luxury and Global Hospitality Franchising
Barbara Keller 411,1916-12-12,San Francisco,California,United States,Commercial Printing Magnate,Hospitality Management & Luxury Hotel Architecture,Large-Scale Retail Inventory Control and Store Layout Optimization
Henry Fischer 412,1951-01-23,Basel,,Switzerland,Typography & Publishing Innovator,Omnichannel Retail Supply Chains & Store Operations,Large-Scale Retail Inventory Control and Store Layout Optimization
Felix Meyer 413,1927-08-11,Toronto,Ontario,Canada,Hotel Industry Pioneer,Hospitality Management & Luxury Hotel Architecture,Advancements in Rotary Printing Presses and High-Volume Publication Efficiency
Petra Lang 414,1920-12-08,Brussels,,Belgium,Luxury Hotelier,High-Speed Printing Press Technology & Offset Lithography,Large-Scale Retail Inventory Control and Store Layout Optimization
Dorothea Hofmann 415,1902-11-06,Sydney,New South Wales,Australia,Printing Press Technologist,Omnichannel Retail Supply Chains & Store Operations,Revolutionizing Department Store Retail Formats and Consumer Shopping Psychology
Grete Busch 416,1928-05-25,Sydney,New South Wales,Australia,Commercial Printing Magnate,"Typography, Digital Typeface Design & Publishing Science",Hospitality Revenue Management and Guest Loyalty Frameworks
Charlotte Maier 417,1961-02-27,Montreal,Quebec,Canada,Hospitality Executive,Hotel Chain Scalability & Guest Experience Optimization,Hospitality Revenue Management and Guest Loyalty Frameworks
Katherina Keller 418,1952-01-14,Brussels,,Belgium,Retail Operations Director,High-Speed Printing Press Technology & Offset Lithography,Large-Scale Retail Inventory Control and Store Layout Optimization
Isabella Schmidt 419,1902-05-06,Boston,Massachusetts,United States,Hospitality Group CEO,Retail Store Design & Department Store Merchandising,Standardization of Modern Hotel Luxury and Global Hospitality Franchising
Rudolf Baum 420,1941-05-06,Milan,,Italy,Hospitality Executive,Retail Store Design & Department Store Merchandising,Revolutionizing Department Store Retail Formats and Consumer Shopping Psychology
Charles Pfeiffer 421,1947-04-18,Leipzig,Saxony,Germany,Commercial Printing Magnate,High-Speed Printing Press Technology & Offset Lithography,Standardization of Modern Hotel Luxury and Global Hospitality Franchising
Elisabeth Säuberlich 422,1924-10-18,Brussels,,Belgium,Retail Merchandising Expert,Hospitality Management & Luxury Hotel Architecture,Standardization of Modern Hotel Luxury and Global Hospitality Franchising
Julian Wolf 423,1903-03-17,Frankfurt,Hesse,Germany,Retail Chain Founder,"Typography, Digital Typeface Design & Publishing Science",Hospitality Revenue Management and Guest Loyalty Frameworks
Benjamin Schreiber 424,1969-06-26,Stuttgart,Baden-Württemberg,Germany,Retail Operations Director,Omnichannel Retail Supply Chains & Store Operations,Hospitality Revenue Management and Guest Loyalty Frameworks
Zacharias Wolf 425,1950-06-14,Leipzig,Saxony,Germany,Retail Chain Founder,Hospitality Management & Luxury Hotel Architecture,Revolutionizing Department Store Retail Formats and Consumer Shopping Psychology
Julian Hartmann 426,1935-08-22,London,,United Kingdom,Retail Merchandising Expert,"Typography, Digital Typeface Design & Publishing Science",Advancements in Rotary Printing Presses and High-Volume Publication Efficiency
Arthur Graf 427,1943-10-10,Amsterdam,,Netherlands,Graphic Arts Pioneer,"Typography, Digital Typeface Design & Publishing Science",Revolutionizing Department Store Retail Formats and Consumer Shopping Psychology
Wolfgang Keller 428,1962-06-07,New York City,New York,United States,Retail Merchandising Expert,High-Speed Printing Press Technology & Offset Lithography,Standardization of Modern Hotel Luxury and Global Hospitality Franchising
Waltraud Peters 429,1955-08-20,Milan,,Italy,Retail Merchandising Expert,High-Speed Printing Press Technology & Offset Lithography,Advancements in Rotary Printing Presses and High-Volume Publication Efficiency
Johanna Gärtner 430,1943-08-22,Chicago,Illinois,United States,Hospitality Group CEO,"Typography, Digital Typeface Design & Publishing Science",Advancements in Rotary Printing Presses and High-Volume Publication Efficiency
Rudolf Simon 431,1977-08-14,Sydney,New South Wales,Australia,Hospitality Executive,Hotel Chain Scalability & Guest Experience Optimization,Revolutionizing Department Store Retail Formats and Consumer Shopping Psychology
Theodor Müller 432,1915-08-03,Milan,,Italy,Department Store Strategist,Retail Store Design & Department Store Merchandising,Pioneering Digital Typography and High-Speed Commercial Printing Systems
Julian Ritter 433,1923-01-26,Tokyo,,Japan,Department Store Strategist,Hotel Chain Scalability & Guest Experience Optimization,Large-Scale Retail Inventory Control and Store Layout Optimization
Grete Böhm 434,1932-05-25,Vienna,,Austria,Hotel Industry Pioneer,Hotel Chain Scalability & Guest Experience Optimization,Advancements in Rotary Printing Presses and High-Volume Publication Efficiency
Benjamin Vogel 435,1944-08-17,Leipzig,Saxony,Germany,Printing Press Technologist,"Typography, Digital Typeface Design & Publishing Science",Large-Scale Retail Inventory Control and Store Layout Optimization
Rosa Bauer 436,1955-02-08,Frankfurt,Hesse,Germany,Retail Merchandising Expert,Omnichannel Retail Supply Chains & Store Operations,Pioneering Digital Typography and High-Speed Commercial Printing Systems
Grete Wolf 437,1932-12-22,Milan,,Italy,Typography & Publishing Innovator,Omnichannel Retail Supply Chains & Store Operations,Large-Scale Retail Inventory Control and Store Layout Optimization
Quirin Günther 438,1962-12-08,Brussels,,Belgium,Hospitality Executive,Hospitality Management & Luxury Hotel Architecture,Pioneering Digital Typography and High-Speed Commercial Printing Systems
Karl Friedrich 439,1949-04-20,Leipzig,Saxony,Germany,Typography & Publishing Innovator,"Typography, Digital Typeface Design & Publishing Science",Revolutionizing Department Store Retail Formats and Consumer Shopping Psychology
Gabriel Graf 440,1923-10-25,Frankfurt,Hesse,Germany,Graphic Arts Pioneer,"Typography, Digital Typeface Design & Publishing Science",Advancements in Rotary Printing Presses and High-Volume Publication Efficiency
Katherina Säuberlich 441,1946-01-01,Montreal,Quebec,Canada,Luxury Hotelier,Hospitality Management & Luxury Hotel Architecture,Revolutionizing Department Store Retail Formats and Consumer Shopping Psychology
Theodor Weiß 442,1933-06-28,Brussels,,Belgium,Graphic Arts Pioneer,Retail Store Design & Department Store Merchandising,Large-Scale Retail Inventory Control and Store Layout Optimization
Magdalena Ritter 443,1953-07-12,London,,United Kingdom,Luxury Hotelier,Omnichannel Retail Supply Chains & Store Operations,Hospitality Revenue Management and Guest Loyalty Frameworks
Barbara Walter 444,1972-01-16,Paris,,France,Typography & Publishing Innovator,Retail Store Design & Department Store Merchandising,Hospitality Revenue Management and Guest Loyalty Frameworks
Maximilian Schreiber 445,1951-03-13,Tokyo,,Japan,Hotel Industry Pioneer,Omnichannel Retail Supply Chains & Store Operations,Advancements in Rotary Printing Presses and High-Volume Publication Efficiency
Zita Lang 446,1916-02-13,Montreal,Quebec,Canada,Hospitality Group CEO,Hospitality Management & Luxury Hotel Architecture,Large-Scale Retail Inventory Control and Store Layout Optimization
Rosa Steiner 447,1963-06-27,Brussels,,Belgium,Retail Operations Director,Hotel Chain Scalability & Guest Experience Optimization,Standardization of Modern Hotel Luxury and Global Hospitality Franchising
Nina Schneider 448,1973-04-21,Leipzig,Saxony,Germany,Printing Press Technologist,Omnichannel Retail Supply Chains & Store Operations,Hospitality Revenue Management and Guest Loyalty Frameworks
Benjamin Lehmann 449,1916-08-05,Toronto,Ontario,Canada,Retail Chain Founder,Hospitality Management & Luxury Hotel Architecture,Hospitality Revenue Management and Guest Loyalty Frameworks
Xaver Siebert 450,1972-11-12,Chicago,Illinois,United States,Typography & Publishing Innovator,"Typography, Digital Typeface Design & Publishing Science",Standardization of Modern Hotel Luxury and Global Hospitality Franchising
Julian Müller 451,1968-04-10,Vienna,,Austria,Retail Chain Founder,High-Speed Printing Press Technology & Offset Lithography,Standardization of Modern Hotel Luxury and Global Hospitality Franchising
Waltraud Meyer 452,1931-12-12,San Francisco,California,United States,Hospitality Group CEO,Hospitality Management & Luxury Hotel Architecture,Hospitality Revenue Management and Guest Loyalty Frameworks
Otto Eberhardt 453,1930-12-25,Toronto,Ontario,Canada,Typography & Publishing Innovator,Omnichannel Retail Supply Chains & Store Operations,Advancements in Rotary Printing Presses and High-Volume Publication Efficiency
Isabella Meyer 454,1978-03-17,London,,United Kingdom,Commercial Printing Magnate,Retail Store Design & Department Store Merchandising,Pioneering Digital Typography and High-Speed Commercial Printing Systems
Hildegard Ritter 455,1950-11-25,Boston,Massachusetts,United States,Commercial Printing Magnate,Retail Store Design & Department Store Merchandising,Pioneering Digital Typography and High-Speed Commercial Printing Systems
Verena Ritter 456,1938-12-24,Frankfurt,Hesse,Germany,Typography & Publishing Innovator,High-Speed Printing Press Technology & Offset Lithography,Pioneering Digital Typography and High-Speed Commercial Printing Systems
Felix Weber 457,1945-11-19,Tokyo,,Japan,Graphic Arts Pioneer,Hotel Chain Scalability & Guest Experience Optimization,Large-Scale Retail Inventory Control and Store Layout Optimization
Xaver Simon 458,1924-02-09,New York City,New York,United States,Hospitality Group CEO,Retail Store Design & Department Store Merchandising,Pioneering Digital Typography and High-Speed Commercial Printing Systems
Katherina Maier 459,1930-08-23,Vienna,,Austria,Printing Press Technologist,Retail Store Design & Department Store Merchandising,Advancements in Rotary Printing Presses and High-Volume Publication Efficiency
Ignaz Lehmann 460,1919-01-24,Sydney,New South Wales,Australia,Retail Operations Director,Hospitality Management & Luxury Hotel Architecture,Large-Scale Retail Inventory Control and Store Layout Optimization
Kenji Richter 461,1940-10-05,Vienna,,Austria,Luxury Hotelier,Retail Store Design & Department Store Merchandising,Revolutionizing Department Store Retail Formats and Consumer Shopping Psychology
Benjamin Weber 462,1977-09-19,Toronto,Ontario,Canada,Department Store Strategist,Retail Store Design & Department Store Merchandising,Large-Scale Retail Inventory Control and Store Layout Optimization
Theodor Richter 463,1912-11-27,Paris,,France,Luxury Hotelier,Hospitality Management & Luxury Hotel Architecture,Advancements in Rotary Printing Presses and High-Volume Publication Efficiency
Ottilie Keller 464,1925-06-19,Leipzig,Saxony,Germany,Typography & Publishing Innovator,Hospitality Management & Luxury Hotel Architecture,Revolutionizing Department Store Retail Formats and Consumer Shopping Psychology
Theodor Neumann 465,1914-01-17,Sydney,New South Wales,Australia,Department Store Strategist,Retail Store Design & Department Store Merchandising,Advancements in Rotary Printing Presses and High-Volume Publication Efficiency
Zita Richter 466,1900-07-17,Boston,Massachusetts,United States,Hospitality Executive,Hotel Chain Scalability & Guest Experience Optimization,Revolutionizing Department Store Retail Formats and Consumer Shopping Psychology
Julian Eberhardt 467,1954-04-21,Leipzig,Saxony,Germany,Hospitality Executive,High-Speed Printing Press Technology & Offset Lithography,Advancements in Rotary Printing Presses and High-Volume Publication Efficiency
Rudolf Peters 468,1957-10-25,Basel,,Switzerland,Typography & Publishing Innovator,"Typography, Digital Typeface Design & Publishing Science",Advancements in Rotary Printing Presses and High-Volume Publication Efficiency
Luise Richter 469,1930-10-25,Tokyo,,Japan,Department Store Strategist,Omnichannel Retail Supply Chains & Store Operations,Revolutionizing Department Store Retail Formats and Consumer Shopping Psychology
Petra Schneider 470,1927-11-03,Stuttgart,Baden-Württemberg,Germany,Retail Chain Founder,Hotel Chain Scalability & Guest Experience Optimization,Large-Scale Retail Inventory Control and Store Layout Optimization
Wolfgang Roth 471,1920-11-04,Brussels,,Belgium,Retail Merchandising Expert,High-Speed Printing Press Technology & Offset Lithography,Standardization of Modern Hotel Luxury and Global Hospitality Franchising
Theodor Wolf 472,1935-04-25,Brussels,,Belgium,Retail Merchandising Expert,Hospitality Management & Luxury Hotel Architecture,Revolutionizing Department Store Retail Formats and Consumer Shopping Psychology
Emil Säuberlich 473,1972-07-01,Frankfurt,Hesse,Germany,Graphic Arts Pioneer,High-Speed Printing Press Technology & Offset Lithography,Advancements in Rotary Printing Presses and High-Volume Publication Efficiency
Dorothea Hartmann 474,1921-08-24,Paris,,France,Luxury Hotelier,High-Speed Printing Press Technology & Offset Lithography,Revolutionizing Department Store Retail Formats and Consumer Shopping Psychology
Emil Böhm 475,1900-02-22,Tokyo,,Japan,Hospitality Executive,"Typography, Digital Typeface Design & Publishing Science",Advancements in Rotary Printing Presses and High-Volume Publication Efficiency
Zacharias Schneider 476,1960-05-11,Montreal,Quebec,Canada,Printing Press Technologist,High-Speed Printing Press Technology & Offset Lithography,Large-Scale Retail Inventory Control and Store Layout Optimization
Ignaz Scholz 477,1980-03-20,Amsterdam,,Netherlands,Retail Chain Founder,Hotel Chain Scalability & Guest Experience Optimization,Pioneering Digital Typography and High-Speed Commercial Printing Systems
Ulrich Schreiber 478,1949-01-20,Sydney,New South Wales,Australia,Luxury Hotelier,"Typography, Digital Typeface Design & Publishing Science",Hospitality Revenue Management and Guest Loyalty Frameworks
Rudolf Friedrich 479,1981-08-12,Chicago,Illinois,United States,Hospitality Executive,Omnichannel Retail Supply Chains & Store Operations,Standardization of Modern Hotel Luxury and Global Hospitality Franchising
Daniel Braun 480,1927-05-06,San Francisco,California,United States,Department Store Strategist,High-Speed Printing Press Technology & Offset Lithography,Hospitality Revenue Management and Guest Loyalty Frameworks
Yvonne Krämer 481,1955-11-04,Frankfurt,Hesse,Germany,Printing Press Technologist,High-Speed Printing Press Technology & Offset Lithography,Standardization of Modern Hotel Luxury and Global Hospitality Franchising
Agnes Schneider 482,1974-07-19,Sydney,New South Wales,Australia,Retail Operations Director,Retail Store Design & Department Store Merchandising,Pioneering Digital Typography and High-Speed Commercial Printing Systems
Julian Meyer 483,1920-02-03,Paris,,France,Printing Press Technologist,Hotel Chain Scalability & Guest Experience Optimization,Revolutionizing Department Store Retail Formats and Consumer Shopping Psychology
Verena Hartmann 484,1968-01-17,New York City,New York,United States,Commercial Printing Magnate,Omnichannel Retail Supply Chains & Store Operations,Large-Scale Retail Inventory Control and Store Layout Optimization
Elisabeth Braun 485,1903-05-18,Paris,,France,Department Store Strategist,Hotel Chain Scalability & Guest Experience Optimization,Revolutionizing Department Store Retail Formats and Consumer Shopping Psychology
Therese Kaiser 486,1974-10-06,Boston,Massachusetts,United States,Retail Merchandising Expert,"Typography, Digital Typeface Design & Publishing Science",Revolutionizing Department Store Retail Formats and Consumer Shopping Psychology
Petra Scholz 487,1980-04-02,Frankfurt,Hesse,Germany,Department Store Strategist,High-Speed Printing Press Technology & Offset Lithography,Pioneering Digital Typography and High-Speed Commercial Printing Systems
Leopold Braun 488,1925-09-02,Vienna,,Austria,Department Store Strategist,High-Speed Printing Press Technology & Offset Lithography,Hospitality Revenue Management and Guest Loyalty Frameworks
Gabriel Schwarz 489,1961-02-13,Vienna,,Austria,Hotel Industry Pioneer,Hospitality Management & Luxury Hotel Architecture,Pioneering Digital Typography and High-Speed Commercial Printing Systems
Verena Walter 490,1911-03-10,Tokyo,,Japan,Printing Press Technologist,"Typography, Digital Typeface Design & Publishing Science",Standardization of Modern Hotel Luxury and Global Hospitality Franchising
Gabriel Gärtner 491,1932-03-22,Toronto,Ontario,Canada,Printing Press Technologist,Hospitality Management & Luxury Hotel Architecture,Hospitality Revenue Management and Guest Loyalty Frameworks
Maximilian Koch 492,1938-09-26,Sydney,New South Wales,Australia,Graphic Arts Pioneer,Hotel Chain Scalability & Guest Experience Optimization,Pioneering Digital Typography and High-Speed Commercial Printing Systems
Henry Seidel 493,1957-06-15,Paris,,France,Commercial Printing Magnate,High-Speed Printing Press Technology & Offset Lithography,Hospitality Revenue Management and Guest Loyalty Frameworks
Ottilie Busch 494,1940-03-16,Toronto,Ontario,Canada,Commercial Printing Magnate,High-Speed Printing Press Technology & Offset Lithography,Large-Scale Retail Inventory Control and Store Layout Optimization
Yannick Siebert 495,1947-10-22,Toronto,Ontario,Canada,Hotel Industry Pioneer,Omnichannel Retail Supply Chains & Store Operations,Advancements in Rotary Printing Presses and High-Volume Publication Efficiency
Magdalena Berger 496,1973-02-25,Montreal,Quebec,Canada,Department Store Strategist,Retail Store Design & Department Store Merchandising,Revolutionizing Department Store Retail Formats and Consumer Shopping Psychology
Yannick Schäfer 497,1932-08-06,Toronto,Ontario,Canada,Graphic Arts Pioneer,Hotel Chain Scalability & Guest Experience Optimization,Large-Scale Retail Inventory Control and Store Layout Optimization
Rudolf Hofmann 498,1942-12-24,Zurich,,Switzerland,Commercial Printing Magnate,Omnichannel Retail Supply Chains & Store Operations,Hospitality Revenue Management and Guest Loyalty Frameworks
Yannick Gärtner 499,1903-06-13,Tokyo,,Japan,Hospitality Executive,Retail Store Design & Department Store Merchandising,Large-Scale Retail Inventory Control and Store Layout Optimization
Luise Gärtner 500,1926-01-03,Basel,,Switzerland,Commercial Printing Magnate,Hotel Chain Scalability & Guest Experience Optimization,Large-Scale Retail Inventory Control and Store Layout Optimization
Nikolaus Braun 501,1973-07-02,Munich,Bavaria,Germany,Retail Operations Director,Hotel Chain Scalability & Guest Experience Optimization,Standardization of Modern Hotel Luxury and Global Hospitality Franchising
Emil Berger 502,1913-12-03,San Francisco,California,United States,Hospitality Executive,Retail Store Design & Department Store Merchandising,Large-Scale Retail Inventory Control and Store Layout Optimization
Leopold Günther 503,1920-09-16,Stuttgart,Baden-Württemberg,Germany,Luxury Hotelier,Retail Store Design & Department Store Merchandising,Advancements in Rotary Printing Presses and High-Volume Publication Efficiency
Franziska Maier 504,1906-04-18,Toronto,Ontario,Canada,Retail Merchandising Expert,Retail Store Design & Department Store Merchandising,Pioneering Digital Typography and High-Speed Commercial Printing Systems
Julian Braun 505,1953-01-28,Boston,Massachusetts,United States,Retail Chain Founder,Hospitality Management & Luxury Hotel Architecture,Hospitality Revenue Management and Guest Loyalty Frameworks
Benjamin Seidel 506,1921-09-20,Tokyo,,Japan,Hospitality Group CEO,Hotel Chain Scalability & Guest Experience Optimization,Pioneering Digital Typography and High-Speed Commercial Printing Systems
Johanna Winkler 507,1963-02-08,Toronto,Ontario,Canada,Hospitality Executive,Hotel Chain Scalability & Guest Experience Optimization,Standardization of Modern Hotel Luxury and Global Hospitality Franchising
Quirin Peters 508,1902-01-26,Montreal,Quebec,Canada,Hospitality Group CEO,Retail Store Design & Department Store Merchandising,Hospitality Revenue Management and Guest Loyalty Frameworks
Charlotte Walter 509,1904-07-02,Brussels,,Belgium,Hospitality Executive,"Typography, Digital Typeface Design & Publishing Science",Advancements in Rotary Printing Presses and High-Volume Publication Efficiency
Franziska Schneider 510,1932-08-17,Frankfurt,Hesse,Germany,Graphic Arts Pioneer,High-Speed Printing Press Technology & Offset Lithography,Pioneering Digital Typography and High-Speed Commercial Printing Systems
Rudolf Krämer 511,1939-03-08,London,,United Kingdom,Retail Operations Director,Retail Store Design & Department Store Merchandising,Revolutionizing Department Store Retail Formats and Consumer Shopping Psychology
Sebastian Frank 512,1956-03-05,Amsterdam,,Netherlands,Commercial Printing Magnate,Hospitality Management & Luxury Hotel Architecture,Hospitality Revenue Management and Guest Loyalty Frameworks
Barbara Wagner 513,1960-05-04,Zurich,,Switzerland,Hospitality Group CEO,High-Speed Printing Press Technology & Offset Lithography,Pioneering Digital Typography and High-Speed Commercial Printing Systems
Rosa Richter 514,1967-03-25,Toronto,Ontario,Canada,Commercial Printing Magnate,Omnichannel Retail Supply Chains & Store Operations,Large-Scale Retail Inventory Control and Store Layout Optimization
Maximilian Wagner 515,1980-03-21,Sydney,New South Wales,Australia,Hotel Industry Pioneer,Omnichannel Retail Supply Chains & Store Operations,Advancements in Rotary Printing Presses and High-Volume Publication Efficiency
Magdalena Baum 516,1961-02-23,Milan,,Italy,Commercial Printing Magnate,Hotel Chain Scalability & Guest Experience Optimization,Revolutionizing Department Store Retail Formats and Consumer Shopping Psychology
Petra Berger 517,1919-07-27,Tokyo,,Japan,Printing Press Technologist,Omnichannel Retail Supply Chains & Store Operations,Hospitality Revenue Management and Guest Loyalty Frameworks
Grete Koch 518,1940-02-27,Frankfurt,Hesse,Germany,Printing Press Technologist,"Typography, Digital Typeface Design & Publishing Science",Advancements in Rotary Printing Presses and High-Volume Publication Efficiency
Ulrich Frank 519,1938-11-18,Zurich,,Switzerland,Department Store Strategist,Hotel Chain Scalability & Guest Experience Optimization,Large-Scale Retail Inventory Control and Store Layout Optimization
Ottilie Säuberlich 520,1901-12-02,Zurich,,Switzerland,Hospitality Executive,Omnichannel Retail Supply Chains & Store Operations,Pioneering Digital Typography and High-Speed Commercial Printing Systems
Katherina Schwarz 521,1901-08-11,New York City,New York,United States,Commercial Printing Magnate,Hotel Chain Scalability & Guest Experience Optimization,Large-Scale Retail Inventory Control and Store Layout Optimization
Emil Eberhardt 522,1944-11-04,Toronto,Ontario,Canada,Typography & Publishing Innovator,High-Speed Printing Press Technology & Offset Lithography,Advancements in Rotary Printing Presses and High-Volume Publication Efficiency
Sebastian Lehmann 523,1951-08-18,Sydney,New South Wales,Australia,Retail Merchandising Expert,Hospitality Management & Luxury Hotel Architecture,Hospitality Revenue Management and Guest Loyalty Frameworks
Xaver Wagner 524,1963-11-04,Munich,Bavaria,Germany,Typography & Publishing Innovator,Omnichannel Retail Supply Chains & Store Operations,Standardization of Modern Hotel Luxury and Global Hospitality Franchising
Rudolf Hartmann 525,1951-01-28,San Francisco,California,United States,Typography & Publishing Innovator,Hotel Chain Scalability & Guest Experience Optimization,Advancements in Rotary Printing Presses and High-Volume Publication Efficiency
Hildegard Simon 526,1977-03-11,Boston,Massachusetts,United States,Hospitality Executive,Hotel Chain Scalability & Guest Experience Optimization,Advancements in Rotary Printing Presses and High-Volume Publication Efficiency
Isabella Lang 527,1977-01-02,Montreal,Quebec,Canada,Hospitality Group CEO,Retail Store Design & Department Store Merchandising,Large-Scale Retail Inventory Control and Store Layout Optimization
Leopold Braun 528,1963-10-16,Stuttgart,Baden-Württemberg,Germany,Hospitality Executive,High-Speed Printing Press Technology & Offset Lithography,Revolutionizing Department Store Retail Formats and Consumer Shopping Psychology
Sofie Friedrich 529,1942-04-06,Leipzig,Saxony,Germany,Retail Chain Founder,"Typography, Digital Typeface Design & Publishing Science",Revolutionizing Department Store Retail Formats and Consumer Shopping Psychology
Rudolf Bauer 530,1927-04-20,Chicago,Illinois,United States,Retail Operations Director,Retail Store Design & Department Store Merchandising,Advancements in Rotary Printing Presses and High-Volume Publication Efficiency
Sebastian Braun 531,1941-04-20,Vienna,,Austria,Hospitality Executive,Hotel Chain Scalability & Guest Experience Optimization,Standardization of Modern Hotel Luxury and Global Hospitality Franchising
Theodor Simon 532,1931-03-14,Chicago,Illinois,United States,Luxury Hotelier,Omnichannel Retail Supply Chains & Store Operations,Revolutionizing Department Store Retail Formats and Consumer Shopping Psychology
Luise Huber 533,1966-04-21,San Francisco,California,United States,Hospitality Executive,Hotel Chain Scalability & Guest Experience Optimization,Standardization of Modern Hotel Luxury and Global Hospitality Franchising
Petra Steiner 534,1914-02-13,Basel,,Switzerland,Hospitality Executive,Omnichannel Retail Supply Chains & Store Operations,Advancements in Rotary Printing Presses and High-Volume Publication Efficiency
Verena Baum 535,1924-06-11,Vienna,,Austria,Hospitality Executive,Hospitality Management & Luxury Hotel Architecture,Advancements in Rotary Printing Presses and High-Volume Publication Efficiency
Zacharias Friedrich 536,1904-12-05,Vienna,,Austria,Hospitality Executive,High-Speed Printing Press Technology & Offset Lithography,Large-Scale Retail Inventory Control and Store Layout Optimization
Gabriel Hofmann 537,1900-08-16,Montreal,Quebec,Canada,Luxury Hotelier,High-Speed Printing Press Technology & Offset Lithography,Pioneering Digital Typography and High-Speed Commercial Printing Systems
Daniel Schreiber 538,1961-11-04,Toronto,Ontario,Canada,Hotel Industry Pioneer,Hospitality Management & Luxury Hotel Architecture,Revolutionizing Department Store Retail Formats and Consumer Shopping Psychology
Wolfgang Lehmann 539,1928-09-10,San Francisco,California,United States,Printing Press Technologist,High-Speed Printing Press Technology & Offset Lithography,Pioneering Digital Typography and High-Speed Commercial Printing Systems
Therese Günther 540,1921-12-16,Stuttgart,Baden-Württemberg,Germany,Commercial Printing Magnate,Hotel Chain Scalability & Guest Experience Optimization,Advancements in Rotary Printing Presses and High-Volume Publication Efficiency
Yvonne Eberhardt 541,1906-01-06,Toronto,Ontario,Canada,Department Store Strategist,Omnichannel Retail Supply Chains & Store Operations,Hospitality Revenue Management and Guest Loyalty Frameworks
Henry Bauer 542,1900-01-01,San Francisco,California,United States,Hospitality Group CEO,"Typography, Digital Typeface Design & Publishing Science",Hospitality Revenue Management and Guest Loyalty Frameworks
Yannick Pfeiffer 543,1933-12-27,Frankfurt,Hesse,Germany,Printing Press Technologist,"Typography, Digital Typeface Design & Publishing Science",Standardization of Modern Hotel Luxury and Global Hospitality Franchising
Emil Weber 544,1971-07-14,Zurich,,Switzerland,Graphic Arts Pioneer,Hotel Chain Scalability & Guest Experience Optimization,Large-Scale Retail Inventory Control and Store Layout Optimization
Sofie Fischer 545,1923-03-16,Paris,,France,Hotel Industry Pioneer,Hotel Chain Scalability & Guest Experience Optimization,Hospitality Revenue Management and Guest Loyalty Frameworks
Charlotte Günther 546,1925-03-25,Tokyo,,Japan,Commercial Printing Magnate,Omnichannel Retail Supply Chains & Store Operations,Standardization of Modern Hotel Luxury and Global Hospitality Franchising
Felix Gärtner 547,1978-07-08,Leipzig,Saxony,Germany,Commercial Printing Magnate,Hospitality Management & Luxury Hotel Architecture,Revolutionizing Department Store Retail Formats and Consumer Shopping Psychology
Ulrich Walter 548,1915-02-01,Munich,Bavaria,Germany,Graphic Arts Pioneer,Retail Store Design & Department Store Merchandising,Hospitality Revenue Management and Guest Loyalty Frameworks
Gabriel Fischer 549,1910-05-02,San Francisco,California,United States,Typography & Publishing Innovator,Omnichannel Retail Supply Chains & Store Operations,Hospitality Revenue Management and Guest Loyalty Frameworks
Zita Wolf 550,1970-08-08,Brussels,,Belgium,Luxury Hotelier,High-Speed Printing Press Technology & Offset Lithography,Advancements in Rotary Printing Presses and High-Volume Publication Efficiency
Elisabeth Schmidt 551,1970-10-07,Sydney,New South Wales,Australia,Retail Chain Founder,Hotel Chain Scalability & Guest Experience Optimization,Hospitality Revenue Management and Guest Loyalty Frameworks
Benjamin Günther 552,1907-02-05,Toronto,Ontario,Canada,Hospitality Executive,Retail Store Design & Department Store Merchandising,Large-Scale Retail Inventory Control and Store Layout Optimization
Xaver Keller 553,1921-09-15,Montreal,Quebec,Canada,Retail Operations Director,Omnichannel Retail Supply Chains & Store Operations,Large-Scale Retail Inventory Control and Store Layout Optimization
Karl Peters 554,1932-10-23,Vienna,,Austria,Hospitality Executive,High-Speed Printing Press Technology & Offset Lithography,Pioneering Digital Typography and High-Speed Commercial Printing Systems
Nikolaus Scholz 555,1912-04-02,Chicago,Illinois,United States,Hospitality Group CEO,Hospitality Management & Luxury Hotel Architecture,Pioneering Digital Typography and High-Speed Commercial Printing Systems
Yannick Schäfer 556,1927-03-03,Vienna,,Austria,Graphic Arts Pioneer,Omnichannel Retail Supply Chains & Store Operations,Pioneering Digital Typography and High-Speed Commercial Printing Systems
Wolfgang Huber 557,1934-09-07,Brussels,,Belgium,Hotel Industry Pioneer,Omnichannel Retail Supply Chains & Store Operations,Advancements in Rotary Printing Presses and High-Volume Publication Efficiency
Ignaz Gärtner 558,1956-04-06,Tokyo,,Japan,Typography & Publishing Innovator,Retail Store Design & Department Store Merchandising,Pioneering Digital Typography and High-Speed Commercial Printing Systems
Zita Braun 559,1917-10-09,Brussels,,Belgium,Retail Operations Director,Retail Store Design & Department Store Merchandising,Pioneering Digital Typography and High-Speed Commercial Printing Systems
Rosa Säuberlich 560,1915-05-27,San Francisco,California,United States,Typography & Publishing Innovator,Retail Store Design & Department Store Merchandising,Large-Scale Retail Inventory Control and Store Layout Optimization
Charlotte Maier 561,1932-10-24,Munich,Bavaria,Germany,Luxury Hotelier,Omnichannel Retail Supply Chains & Store Operations,Revolutionizing Department Store Retail Formats and Consumer Shopping Psychology
Rosa Peters 562,1927-04-04,Munich,Bavaria,Germany,Graphic Arts Pioneer,High-Speed Printing Press Technology & Offset Lithography,Pioneering Digital Typography and High-Speed Commercial Printing Systems
Xaver Wagner 563,1906-10-15,Zurich,,Switzerland,Hotel Industry Pioneer,Retail Store Design & Department Store Merchandising,Standardization of Modern Hotel Luxury and Global Hospitality Franchising
Hildegard Kaiser 564,1902-01-04,Stuttgart,Baden-Württemberg,Germany,Graphic Arts Pioneer,"Typography, Digital Typeface Design & Publishing Science",Revolutionizing Department Store Retail Formats and Consumer Shopping Psychology
Nina Friedrich 565,1970-02-08,Frankfurt,Hesse,Germany,Luxury Hotelier,Hospitality Management & Luxury Hotel Architecture,Standardization of Modern Hotel Luxury and Global Hospitality Franchising
Yannick Braun 566,1966-01-01,Montreal,Quebec,Canada,Commercial Printing Magnate,Omnichannel Retail Supply Chains & Store Operations,Large-Scale Retail Inventory Control and Store Layout Optimization
Yvonne Weber 567,1934-12-05,Milan,,Italy,Commercial Printing Magnate,Hospitality Management & Luxury Hotel Architecture,Large-Scale Retail Inventory Control and Store Layout Optimization
Sebastian Graf 568,1976-06-18,Montreal,Quebec,Canada,Hospitality Group CEO,Retail Store Design & Department Store Merchandising,Advancements in Rotary Printing Presses and High-Volume Publication Efficiency
Leopold Hartmann 569,1901-11-19,Chicago,Illinois,United States,Retail Operations Director,Omnichannel Retail Supply Chains & Store Operations,Standardization of Modern Hotel Luxury and Global Hospitality Franchising
Hildegard Säuberlich 570,1979-02-15,Basel,,Switzerland,Hospitality Group CEO,"Typography, Digital Typeface Design & Publishing Science",Hospitality Revenue Management and Guest Loyalty Frameworks
Quirin Walter 571,1902-01-11,Milan,,Italy,Hospitality Executive,High-Speed Printing Press Technology & Offset Lithography,Revolutionizing Department Store Retail Formats and Consumer Shopping Psychology
Grete Maier 572,1972-12-10,Vienna,,Austria,Hospitality Executive,Hospitality Management & Luxury Hotel Architecture,Advancements in Rotary Printing Presses and High-Volume Publication Efficiency
Henry Winkler 573,1946-06-10,Basel,,Switzerland,Hospitality Group CEO,Retail Store Design & Department Store Merchandising,Hospitality Revenue Management and Guest Loyalty Frameworks
Zita Wagner 574,1932-04-14,Montreal,Quebec,Canada,Luxury Hotelier,Hotel Chain Scalability & Guest Experience Optimization,Large-Scale Retail Inventory Control and Store Layout Optimization
Gabriel Schmidt 575,1957-10-11,Tokyo,,Japan,Retail Chain Founder,High-Speed Printing Press Technology & Offset Lithography,Revolutionizing Department Store Retail Formats and Consumer Shopping Psychology
Maximilian Pfeiffer 576,1918-12-05,Amsterdam,,Netherlands,Department Store Strategist,Retail Store Design & Department Store Merchandising,Advancements in Rotary Printing Presses and High-Volume Publication Efficiency
Gabriel Hofmann 577,1927-02-10,Boston,Massachusetts,United States,Hospitality Group CEO,Omnichannel Retail Supply Chains & Store Operations,Hospitality Revenue Management and Guest Loyalty Frameworks
Gabriel Koch 578,1955-03-01,Paris,,France,Commercial Printing Magnate,Hospitality Management & Luxury Hotel Architecture,Standardization of Modern Hotel Luxury and Global Hospitality Franchising
Therese Günther 579,1943-01-28,Montreal,Quebec,Canada,Retail Operations Director,Omnichannel Retail Supply Chains & Store Operations,Hospitality Revenue Management and Guest Loyalty Frameworks
Ulrich Schmidt 580,1972-07-27,Paris,,France,Graphic Arts Pioneer,High-Speed Printing Press Technology & Offset Lithography,Revolutionizing Department Store Retail Formats and Consumer Shopping Psychology
Charlotte Huber 581,1905-12-27,Toronto,Ontario,Canada,Hospitality Group CEO,Omnichannel Retail Supply Chains & Store Operations,Advancements in Rotary Printing Presses and High-Volume Publication Efficiency
Katherina Meyer 582,1971-01-07,Zurich,,Switzerland,Printing Press Technologist,Retail Store Design & Department Store Merchandising,Hospitality Revenue Management and Guest Loyalty Frameworks
Benjamin Steiner 583,1932-06-27,Frankfurt,Hesse,Germany,Retail Operations Director,"Typography, Digital Typeface Design & Publishing Science",Large-Scale Retail Inventory Control and Store Layout Optimization
Johanna Walter 584,1923-02-16,Vienna,,Austria,Hotel Industry Pioneer,"Typography, Digital Typeface Design & Publishing Science",Hospitality Revenue Management and Guest Loyalty Frameworks
Johanna Schreiber 585,1905-12-16,Amsterdam,,Netherlands,Printing Press Technologist,Hotel Chain Scalability & Guest Experience Optimization,Large-Scale Retail Inventory Control and Store Layout Optimization
Grete Busch 586,1964-08-06,San Francisco,California,United States,Hospitality Group CEO,Retail Store Design & Department Store Merchandising,Large-Scale Retail Inventory Control and Store Layout Optimization
Karl Lang 587,1953-10-28,Stuttgart,Baden-Württemberg,Germany,Retail Chain Founder,Hotel Chain Scalability & Guest Experience Optimization,Hospitality Revenue Management and Guest Loyalty Frameworks
Hildegard Graf 588,1955-07-12,Tokyo,,Japan,Printing Press Technologist,Hotel Chain Scalability & Guest Experience Optimization,Hospitality Revenue Management and Guest Loyalty Frameworks
Rudolf Schmidt 589,1919-07-04,Brussels,,Belgium,Luxury Hotelier,Retail Store Design & Department Store Merchandising,Revolutionizing Department Store Retail Formats and Consumer Shopping Psychology
Maximilian Fischer 590,1910-02-12,Leipzig,Saxony,Germany,Department Store Strategist,Retail Store Design & Department Store Merchandising,Hospitality Revenue Management and Guest Loyalty Frameworks
Rudolf Seidel 591,1940-11-25,Leipzig,Saxony,Germany,Printing Press Technologist,Hospitality Management & Luxury Hotel Architecture,Hospitality Revenue Management and Guest Loyalty Frameworks
Johanna Weber 592,1930-04-28,Chicago,Illinois,United States,Retail Chain Founder,Hospitality Management & Luxury Hotel Architecture,Large-Scale Retail Inventory Control and Store Layout Optimization
Daniel Peters 593,1972-11-12,London,,United Kingdom,Hotel Industry Pioneer,Hospitality Management & Luxury Hotel Architecture,Standardization of Modern Hotel Luxury and Global Hospitality Franchising
Quirin Säuberlich 594,1962-04-18,Stuttgart,Baden-Württemberg,Germany,Graphic Arts Pioneer,Hotel Chain Scalability & Guest Experience Optimization,Hospitality Revenue Management and Guest Loyalty Frameworks
Magdalena Seidel 595,1958-05-13,Toronto,Ontario,Canada,Printing Press Technologist,"Typography, Digital Typeface Design & Publishing Science",Revolutionizing Department Store Retail Formats and Consumer Shopping Psychology
Waltraud Schmidt 596,1963-02-12,Paris,,France,Department Store Strategist,Hospitality Management & Luxury Hotel Architecture,Pioneering Digital Typography and High-Speed Commercial Printing Systems
Zita Wagner 597,1956-06-23,San Francisco,California,United States,Department Store Strategist,Hotel Chain Scalability & Guest Experience Optimization,Advancements in Rotary Printing Presses and High-Volume Publication Efficiency
Philipp Wolf 598,1940-05-26,Tokyo,,Japan,Retail Operations Director,Retail Store Design & Department Store Merchandising,Standardization of Modern Hotel Luxury and Global Hospitality Franchising
Charles Roth 599,1934-08-03,London,,United Kingdom,Hotel Industry Pioneer,Retail Store Design & Department Store Merchandising,Advancements in Rotary Printing Presses and High-Volume Publication Efficiency
Luise Schneider 600,1978-07-20,Amsterdam,,Netherlands,Luxury Hotelier,Hospitality Management & Luxury Hotel Architecture,Revolutionizing Department Store Retail Formats and Consumer Shopping Psychology
