Full Name,Birth Date (YYYY-MM-DD),Birth City,Birth State/Province (if applicable),Birth Country,Primary Profession,Primary Research Area,Major Contribution
Grace Lovelace 1,1987-02-08,Kyoto,,Japan,Artificial General Intelligence Researcher,Large Language Models & Generative Artificial Intelligence,Pioneering Transformer Models and Generative AI Paradigms
Grace Furukawa 2,1913-01-28,San Francisco,California,United States,Software Engineering Leader,"Game Design Methodology, Simulation & Interactive Storytelling",Creating Iconic Open-World Video Games and Strategy Mechanics
Tim Gates 3,1931-12-08,Zurich,,Switzerland,Software Engineering Leader,Large Language Models & Generative Artificial Intelligence,Creating Iconic Open-World Video Games and Strategy Mechanics
Dennis Stroustrup 4,1966-11-08,Shenzhen,,China,Open Source Software Pioneer,Deep Learning Architectures & Neural Network Optimization,Pioneering Transformer Models and Generative AI Paradigms
Linus Hinton 5,1936-12-01,Tokyo,,Japan,Cloud Computing Architect,"Game Design Methodology, Simulation & Interactive Storytelling",Creating Iconic Open-World Video Games and Strategy Mechanics
Roberta Wozniak 6,1993-02-21,Zurich,,Switzerland,Video Game Designer,Large Language Models & Generative Artificial Intelligence,Developing Industry-Standard Game Engines and Physics Simulations
Dennis Hinton 7,1916-06-25,Shenzhen,,China,Artificial Intelligence Researcher,Reinforcement Learning & Autonomous Decision Systems,Revolutionizing Real-Time Ray Tracing and GPU Computing Architectures
Andrew Zuckerberg 8,1909-01-22,Palo Alto,California,United States,Deep Learning Scientist,"Distributed Systems, Operating Systems & Cloud Architecture",Creating Iconic Open-World Video Games and Strategy Mechanics
Steve Wright 9,1988-12-14,Beijing,,China,Video Game Designer,Real-Time 3D Graphics & Game Engine Development,Foundational Contributions to Open-Source Operating Systems and Compilers
Tim Berners-Lee 10,1900-04-20,Austin,Texas,United States,Game Engine Architect,Deep Learning Architectures & Neural Network Optimization,Advancing Reinforcement Learning for Complex Strategic Decision Making
Mark Berners-Lee 11,1949-08-09,Shenzhen,,China,Game Engine Architect,"Distributed Systems, Operating Systems & Cloud Architecture",Advancing Reinforcement Learning for Complex Strategic Decision Making
Ken Carmack 12,1967-04-07,Austin,Texas,United States,Interactive Entertainment Innovator,Large Language Models & Generative Artificial Intelligence,Foundational Contributions to Open-Source Operating Systems and Compilers
Ada Pichai 13,1942-09-12,Tokyo,,Japan,Open Source Software Pioneer,Large Language Models & Generative Artificial Intelligence,Creating Iconic Open-World Video Games and Strategy Mechanics
Linus Altman 14,1975-12-03,Austin,Texas,United States,Artificial Intelligence Researcher,Real-Time 3D Graphics & Game Engine Development,Foundational Contributions to Open-Source Operating Systems and Compilers
Ada Nadella 15,1994-04-01,Palo Alto,California,United States,Cloud Computing Architect,Deep Learning Architectures & Neural Network Optimization,Pioneering Transformer Models and Generative AI Paradigms
Hideo Nadella 16,1922-04-18,Sydney,New South Wales,Australia,Artificial General Intelligence Researcher,Deep Learning Architectures & Neural Network Optimization,Developing Industry-Standard Game Engines and Physics Simulations
Guido Laurel 17,1918-07-23,Berlin,,Germany,Cloud Computing Architect,"Distributed Systems, Operating Systems & Cloud Architecture",Foundational Contributions to Open-Source Operating Systems and Compilers
Larry Pichai 18,1937-01-10,Cambridge,Massachusetts,United States,Artificial Intelligence Researcher,Real-Time 3D Graphics & Game Engine Development,Foundational Contributions to Open-Source Operating Systems and Compilers
Mark Pichai 19,1911-07-25,Bangalore,Karnataka,India,Interactive Entertainment Innovator,Deep Learning Architectures & Neural Network Optimization,Pioneering Transformer Models and Generative AI Paradigms
Brendan Carmack 20,1988-06-02,Cambridge,Massachusetts,United States,Artificial General Intelligence Researcher,Reinforcement Learning & Autonomous Decision Systems,Foundational Contributions to Open-Source Operating Systems and Compilers
Will Hassabis 21,1979-03-20,Vancouver,British Columbia,Canada,Interactive Entertainment Innovator,Reinforcement Learning & Autonomous Decision Systems,Developing Industry-Standard Game Engines and Physics Simulations
Tim Wozniak 22,1968-11-11,Seoul,,South Korea,Game Engine Architect,Large Language Models & Generative Artificial Intelligence,Advancing Reinforcement Learning for Complex Strategic Decision Making
Ali Ng 23,1973-12-01,Stockholm,,Sweden,Video Game Designer,Deep Learning Architectures & Neural Network Optimization,Developing Industry-Standard Game Engines and Physics Simulations
Yann Nadella 24,1992-04-03,Seattle,Washington,United States,Game Engine Architect,Reinforcement Learning & Autonomous Decision Systems,Pioneering Transformer Models and Generative AI Paradigms
Sid Van Rossum 25,1965-09-28,Vancouver,British Columbia,Canada,Game Engine Architect,Large Language Models & Generative Artificial Intelligence,Advancing Reinforcement Learning for Complex Strategic Decision Making
Sergey Hassabis 26,1913-07-22,Seoul,,South Korea,Software Engineering Leader,Reinforcement Learning & Autonomous Decision Systems,Creating Iconic Open-World Video Games and Strategy Mechanics
Javier Page 27,1983-10-21,Vancouver,British Columbia,Canada,Video Game Designer,"Distributed Systems, Operating Systems & Cloud Architecture",Pioneering Transformer Models and Generative AI Paradigms
Sergey Kojima 28,1980-02-10,Austin,Texas,United States,Open Source Software Pioneer,Large Language Models & Generative Artificial Intelligence,Developing Industry-Standard Game Engines and Physics Simulations
Tim Ritchie 29,1965-10-05,Berlin,,Germany,Systems Software Architect,Reinforcement Learning & Autonomous Decision Systems,Advancing Reinforcement Learning for Complex Strategic Decision Making
Sundar Van Rossum 30,1941-10-27,Tokyo,,Japan,Neural Network Researcher,Real-Time 3D Graphics & Game Engine Development,Pioneering Transformer Models and Generative AI Paradigms
Aman Bhutani 31,1952-08-07,Helsinki,,Finland,Game Engine Architect,Reinforcement Learning & Autonomous Decision Systems,Revolutionizing Real-Time Ray Tracing and GPU Computing Architectures
Geoffrey Van Rossum 32,1930-04-11,Beijing,,China,Video Game Designer,Large Language Models & Generative Artificial Intelligence,Revolutionizing Real-Time Ray Tracing and GPU Computing Architectures
Andrew LeCun 33,1966-01-03,Vancouver,British Columbia,Canada,Software Engineering Leader,"Game Design Methodology, Simulation & Interactive Storytelling",Advancing Reinforcement Learning for Complex Strategic Decision Making
Satya Gates 34,1994-11-15,Stockholm,,Sweden,Neural Network Researcher,"Distributed Systems, Operating Systems & Cloud Architecture",Developing Industry-Standard Game Engines and Physics Simulations
Gabe Kojima 35,1976-02-15,Toronto,Ontario,Canada,Video Game Designer,Real-Time 3D Graphics & Game Engine Development,Foundational Contributions to Open-Source Operating Systems and Compilers
Brendan Ritchie 36,1902-01-27,Tokyo,,Japan,Systems Software Architect,Deep Learning Architectures & Neural Network Optimization,Creating Iconic Open-World Video Games and Strategy Mechanics
Ken Sweeney 37,1966-11-02,London,,United Kingdom,Deep Learning Scientist,Deep Learning Architectures & Neural Network Optimization,Revolutionizing Real-Time Ray Tracing and GPU Computing Architectures
John Huang 38,1957-09-19,Zurich,,Switzerland,Gaming Industry Pioneer,Deep Learning Architectures & Neural Network Optimization,Revolutionizing Real-Time Ray Tracing and GPU Computing Architectures
Javier Nadella 39,1955-09-04,London,,United Kingdom,Deep Learning Scientist,"Game Design Methodology, Simulation & Interactive Storytelling",Advancing Reinforcement Learning for Complex Strategic Decision Making
Andrew Gates 40,1958-04-02,Cambridge,Massachusetts,United States,Artificial Intelligence Researcher,Real-Time 3D Graphics & Game Engine Development,Creating Iconic Open-World Video Games and Strategy Mechanics
Andrew Khosla 41,1951-03-23,Kyoto,,Japan,Interactive Entertainment Innovator,Deep Learning Architectures & Neural Network Optimization,Advancing Reinforcement Learning for Complex Strategic Decision Making
Javier Altman 42,1924-07-02,Bangalore,Karnataka,India,Neural Network Researcher,Deep Learning Architectures & Neural Network Optimization,Foundational Contributions to Open-Source Operating Systems and Compilers
Tim Newell 43,1931-01-05,Stockholm,,Sweden,Neural Network Researcher,"Game Design Methodology, Simulation & Interactive Storytelling",Creating Iconic Open-World Video Games and Strategy Mechanics
Aman Zuckerberg 44,1929-02-05,Austin,Texas,United States,Neural Network Researcher,Reinforcement Learning & Autonomous Decision Systems,Pioneering Transformer Models and Generative AI Paradigms
Yann Kojima 45,1958-10-28,Seoul,,South Korea,Systems Software Architect,Real-Time 3D Graphics & Game Engine Development,Pioneering Transformer Models and Generative AI Paradigms
Grace Vasiliev 46,1965-11-04,Kyoto,,Japan,Interactive Entertainment Innovator,Reinforcement Learning & Autonomous Decision Systems,Developing Industry-Standard Game Engines and Physics Simulations
Guido Williams 47,1992-11-28,London,,United Kingdom,Cloud Computing Architect,Reinforcement Learning & Autonomous Decision Systems,Creating Iconic Open-World Video Games and Strategy Mechanics
Bill Lovelace 48,1983-07-16,London,,United Kingdom,Cloud Computing Architect,"Game Design Methodology, Simulation & Interactive Storytelling",Creating Iconic Open-World Video Games and Strategy Mechanics
Sidney Eich 49,1976-04-21,San Francisco,California,United States,Deep Learning Scientist,Real-Time 3D Graphics & Game Engine Development,Advancing Reinforcement Learning for Complex Strategic Decision Making
Satya Laurel 50,1944-12-25,Paris,,France,Artificial General Intelligence Researcher,Large Language Models & Generative Artificial Intelligence,Revolutionizing Real-Time Ray Tracing and GPU Computing Architectures
Sidney Wright 51,1973-04-27,Seoul,,South Korea,Neural Network Researcher,Reinforcement Learning & Autonomous Decision Systems,Creating Iconic Open-World Video Games and Strategy Mechanics
Guido Nadella 52,1955-03-12,San Francisco,California,United States,Gaming Industry Pioneer,"Game Design Methodology, Simulation & Interactive Storytelling",Advancing Reinforcement Learning for Complex Strategic Decision Making
Yann Wozniak 53,1905-02-25,Beijing,,China,Game Engine Architect,"Distributed Systems, Operating Systems & Cloud Architecture",Creating Iconic Open-World Video Games and Strategy Mechanics
Linus Wozniak 54,1920-05-19,Vancouver,British Columbia,Canada,Cloud Computing Architect,Reinforcement Learning & Autonomous Decision Systems,Advancing Reinforcement Learning for Complex Strategic Decision Making
Satya Nadella 55,1972-08-11,Cambridge,Massachusetts,United States,Artificial Intelligence Researcher,Reinforcement Learning & Autonomous Decision Systems,Developing Industry-Standard Game Engines and Physics Simulations
Roberta Hopper 56,1945-10-16,Seattle,Washington,United States,Neural Network Researcher,"Game Design Methodology, Simulation & Interactive Storytelling",Foundational Contributions to Open-Source Operating Systems and Compilers
Sundar Buterin 57,1959-08-16,Cambridge,Massachusetts,United States,Artificial General Intelligence Researcher,"Game Design Methodology, Simulation & Interactive Storytelling",Creating Iconic Open-World Video Games and Strategy Mechanics
Elena Carmack 58,1916-11-19,Palo Alto,California,United States,Gaming Industry Pioneer,Reinforcement Learning & Autonomous Decision Systems,Revolutionizing Real-Time Ray Tracing and GPU Computing Architectures
Tim Vasiliev 59,1928-06-04,Sydney,New South Wales,Australia,Systems Software Architect,Deep Learning Architectures & Neural Network Optimization,Foundational Contributions to Open-Source Operating Systems and Compilers
Roberta Eich 60,1963-07-12,San Francisco,California,United States,Artificial General Intelligence Researcher,"Game Design Methodology, Simulation & Interactive Storytelling",Developing Industry-Standard Game Engines and Physics Simulations
Mark Carmack 61,1917-01-11,Cambridge,Massachusetts,United States,Gaming Industry Pioneer,Reinforcement Learning & Autonomous Decision Systems,Pioneering Transformer Models and Generative AI Paradigms
Tim Torvalds 62,1947-06-20,Berlin,,Germany,Game Engine Architect,Reinforcement Learning & Autonomous Decision Systems,Pioneering Transformer Models and Generative AI Paradigms
Sid Sweeney 63,1972-09-12,Helsinki,,Finland,Neural Network Researcher,Large Language Models & Generative Artificial Intelligence,Developing Industry-Standard Game Engines and Physics Simulations
Steve Wozniak 64,1976-02-14,Zurich,,Switzerland,Gaming Industry Pioneer,"Distributed Systems, Operating Systems & Cloud Architecture",Developing Industry-Standard Game Engines and Physics Simulations
Will Berners-Lee 65,1944-10-16,San Francisco,California,United States,Deep Learning Scientist,"Game Design Methodology, Simulation & Interactive Storytelling",Advancing Reinforcement Learning for Complex Strategic Decision Making
Tim Torvalds 66,1965-03-18,Cambridge,Massachusetts,United States,Software Engineering Leader,Reinforcement Learning & Autonomous Decision Systems,Foundational Contributions to Open-Source Operating Systems and Compilers
Roberta Hernandez 67,1961-09-12,Paris,,France,Video Game Designer,Reinforcement Learning & Autonomous Decision Systems,Revolutionizing Real-Time Ray Tracing and GPU Computing Architectures
Will Ng 68,1960-10-09,Austin,Texas,United States,Neural Network Researcher,Real-Time 3D Graphics & Game Engine Development,Developing Industry-Standard Game Engines and Physics Simulations
Tim Meier 69,1953-08-15,Shenzhen,,China,Interactive Entertainment Innovator,Real-Time 3D Graphics & Game Engine Development,Foundational Contributions to Open-Source Operating Systems and Compilers
Satya Nadella 70,1989-09-12,Palo Alto,California,United States,Deep Learning Scientist,Real-Time 3D Graphics & Game Engine Development,Developing Industry-Standard Game Engines and Physics Simulations
Geoffrey Stroustrup 71,1977-12-28,Kyoto,,Japan,Cloud Computing Architect,"Distributed Systems, Operating Systems & Cloud Architecture",Creating Iconic Open-World Video Games and Strategy Mechanics
Javier Brin 72,1920-10-15,Helsinki,,Finland,Deep Learning Scientist,Deep Learning Architectures & Neural Network Optimization,Advancing Reinforcement Learning for Complex Strategic Decision Making
Satya Pichai 73,1917-03-19,Shenzhen,,China,Game Engine Architect,"Game Design Methodology, Simulation & Interactive Storytelling",Creating Iconic Open-World Video Games and Strategy Mechanics
Sidney Kojima 74,1919-08-17,Vancouver,British Columbia,Canada,Artificial Intelligence Researcher,Reinforcement Learning & Autonomous Decision Systems,Creating Iconic Open-World Video Games and Strategy Mechanics
Geoffrey Wozniak 75,1901-02-11,Kyoto,,Japan,Deep Learning Scientist,Deep Learning Architectures & Neural Network Optimization,Pioneering Transformer Models and Generative AI Paradigms
Geoffrey Hinton 76,1992-11-04,Seoul,,South Korea,Systems Software Architect,Reinforcement Learning & Autonomous Decision Systems,Revolutionizing Real-Time Ray Tracing and GPU Computing Architectures
Satya Hernandez 77,1901-06-14,Tokyo,,Japan,Video Game Designer,Real-Time 3D Graphics & Game Engine Development,Pioneering Transformer Models and Generative AI Paradigms
Aman Nakamoto 78,1901-09-23,Seoul,,South Korea,Neural Network Researcher,Reinforcement Learning & Autonomous Decision Systems,Creating Iconic Open-World Video Games and Strategy Mechanics
Brendan Bhutani 79,1950-12-27,Austin,Texas,United States,Software Engineering Leader,Reinforcement Learning & Autonomous Decision Systems,Revolutionizing Real-Time Ray Tracing and GPU Computing Architectures
Ada Khosla 80,1960-02-23,Vancouver,British Columbia,Canada,Software Engineering Leader,Large Language Models & Generative Artificial Intelligence,Revolutionizing Real-Time Ray Tracing and GPU Computing Architectures
Aman Kojima 81,1904-05-25,Berlin,,Germany,Software Engineering Leader,Reinforcement Learning & Autonomous Decision Systems,Advancing Reinforcement Learning for Complex Strategic Decision Making
Mark Hopper 82,1930-11-08,Zurich,,Switzerland,Deep Learning Scientist,"Game Design Methodology, Simulation & Interactive Storytelling",Creating Iconic Open-World Video Games and Strategy Mechanics
Jeff Lovelace 83,1963-11-17,Palo Alto,California,United States,Artificial General Intelligence Researcher,Large Language Models & Generative Artificial Intelligence,Creating Iconic Open-World Video Games and Strategy Mechanics
John Pichai 84,1935-07-13,Seoul,,South Korea,Systems Software Architect,Deep Learning Architectures & Neural Network Optimization,Foundational Contributions to Open-Source Operating Systems and Compilers
Dennis Stroustrup 85,1977-03-15,Stockholm,,Sweden,Artificial Intelligence Researcher,Deep Learning Architectures & Neural Network Optimization,Pioneering Transformer Models and Generative AI Paradigms
Steve Page 86,1930-10-16,Bangalore,Karnataka,India,Artificial General Intelligence Researcher,Reinforcement Learning & Autonomous Decision Systems,Developing Industry-Standard Game Engines and Physics Simulations
Guido Huang 87,1953-05-04,Cambridge,Massachusetts,United States,Cloud Computing Architect,"Distributed Systems, Operating Systems & Cloud Architecture",Developing Industry-Standard Game Engines and Physics Simulations
Roberta Vasiliev 88,1993-03-06,Stockholm,,Sweden,Game Engine Architect,"Distributed Systems, Operating Systems & Cloud Architecture",Foundational Contributions to Open-Source Operating Systems and Compilers
Tim Berners-Lee 89,1964-11-05,Palo Alto,California,United States,Cloud Computing Architect,Reinforcement Learning & Autonomous Decision Systems,Advancing Reinforcement Learning for Complex Strategic Decision Making
Will Bezos 90,1960-10-05,Vancouver,British Columbia,Canada,Gaming Industry Pioneer,Large Language Models & Generative Artificial Intelligence,Creating Iconic Open-World Video Games and Strategy Mechanics
Tim Ritchie 91,1929-03-27,Austin,Texas,United States,Video Game Designer,Deep Learning Architectures & Neural Network Optimization,Revolutionizing Real-Time Ray Tracing and GPU Computing Architectures
Mark Williams 92,1923-11-16,Austin,Texas,United States,Gaming Industry Pioneer,Large Language Models & Generative Artificial Intelligence,Advancing Reinforcement Learning for Complex Strategic Decision Making
Steve Hernandez 93,1915-04-12,Kyoto,,Japan,Game Engine Architect,Reinforcement Learning & Autonomous Decision Systems,Pioneering Transformer Models and Generative AI Paradigms
Aman Wright 94,1927-05-27,San Francisco,California,United States,Software Engineering Leader,"Game Design Methodology, Simulation & Interactive Storytelling",Foundational Contributions to Open-Source Operating Systems and Compilers
Tim Furukawa 95,1919-07-07,Palo Alto,California,United States,Video Game Designer,Large Language Models & Generative Artificial Intelligence,Creating Iconic Open-World Video Games and Strategy Mechanics
Shuntaro Zuckerberg 96,1908-07-26,Paris,,France,Neural Network Researcher,"Game Design Methodology, Simulation & Interactive Storytelling",Advancing Reinforcement Learning for Complex Strategic Decision Making
Tim Nadella 97,1915-06-09,Stockholm,,Sweden,Artificial Intelligence Researcher,Real-Time 3D Graphics & Game Engine Development,Developing Industry-Standard Game Engines and Physics Simulations
Tim LeCun 98,1933-04-24,Toronto,Ontario,Canada,Software Engineering Leader,Large Language Models & Generative Artificial Intelligence,Creating Iconic Open-World Video Games and Strategy Mechanics
Bill Ritchie 99,1975-03-23,Seattle,Washington,United States,Game Engine Architect,Reinforcement Learning & Autonomous Decision Systems,Revolutionizing Real-Time Ray Tracing and GPU Computing Architectures
John Turing 100,1973-05-28,Austin,Texas,United States,Artificial General Intelligence Researcher,Reinforcement Learning & Autonomous Decision Systems,Foundational Contributions to Open-Source Operating Systems and Compilers
Brenda Wozniak 101,1961-04-04,Kyoto,,Japan,Gaming Industry Pioneer,Real-Time 3D Graphics & Game Engine Development,Advancing Reinforcement Learning for Complex Strategic Decision Making
Sidney Nakamoto 102,1901-02-17,Seattle,Washington,United States,Interactive Entertainment Innovator,"Game Design Methodology, Simulation & Interactive Storytelling",Creating Iconic Open-World Video Games and Strategy Mechanics
Andrew Lovelace 103,1913-09-26,Helsinki,,Finland,Deep Learning Scientist,"Distributed Systems, Operating Systems & Cloud Architecture",Developing Industry-Standard Game Engines and Physics Simulations
Jeff Stroustrup 104,1924-07-13,Vancouver,British Columbia,Canada,Open Source Software Pioneer,"Distributed Systems, Operating Systems & Cloud Architecture",Advancing Reinforcement Learning for Complex Strategic Decision Making
Vitalik Bhutani 105,1930-06-17,Toronto,Ontario,Canada,Cloud Computing Architect,"Distributed Systems, Operating Systems & Cloud Architecture",Advancing Reinforcement Learning for Complex Strategic Decision Making
Yann Lovelace 106,1977-04-22,Shenzhen,,China,Gaming Industry Pioneer,Deep Learning Architectures & Neural Network Optimization,Foundational Contributions to Open-Source Operating Systems and Compilers
Hideo Turing 107,1913-08-12,Cambridge,Massachusetts,United States,Neural Network Researcher,Large Language Models & Generative Artificial Intelligence,Developing Industry-Standard Game Engines and Physics Simulations
Brenda Kojima 108,1931-01-20,Beijing,,China,Gaming Industry Pioneer,Large Language Models & Generative Artificial Intelligence,Creating Iconic Open-World Video Games and Strategy Mechanics
John Romero 109,1990-08-04,Beijing,,China,Artificial General Intelligence Researcher,Reinforcement Learning & Autonomous Decision Systems,Creating Iconic Open-World Video Games and Strategy Mechanics
Jeff Kojima 110,1957-06-23,Tokyo,,Japan,Artificial General Intelligence Researcher,"Distributed Systems, Operating Systems & Cloud Architecture",Pioneering Transformer Models and Generative AI Paradigms
Demis Turing 111,1910-05-05,Tokyo,,Japan,Interactive Entertainment Innovator,Large Language Models & Generative Artificial Intelligence,Pioneering Transformer Models and Generative AI Paradigms
Linus Wright 112,1942-03-23,Berlin,,Germany,Artificial General Intelligence Researcher,Deep Learning Architectures & Neural Network Optimization,Revolutionizing Real-Time Ray Tracing and GPU Computing Architectures
Mark Pichai 113,1968-06-11,Austin,Texas,United States,Game Engine Architect,"Distributed Systems, Operating Systems & Cloud Architecture",Foundational Contributions to Open-Source Operating Systems and Compilers
Ali Nadella 114,1923-03-19,London,,United Kingdom,Interactive Entertainment Innovator,Reinforcement Learning & Autonomous Decision Systems,Foundational Contributions to Open-Source Operating Systems and Compilers
Brenda Meier 115,1913-06-20,Seoul,,South Korea,Deep Learning Scientist,"Distributed Systems, Operating Systems & Cloud Architecture",Developing Industry-Standard Game Engines and Physics Simulations
Tim Torvalds 116,1916-06-04,London,,United Kingdom,Cloud Computing Architect,Reinforcement Learning & Autonomous Decision Systems,Creating Iconic Open-World Video Games and Strategy Mechanics
Aman Ng 117,1963-07-08,Bangalore,Karnataka,India,Artificial Intelligence Researcher,"Game Design Methodology, Simulation & Interactive Storytelling",Foundational Contributions to Open-Source Operating Systems and Compilers
Ada Khosla 118,1935-05-02,Seoul,,South Korea,Neural Network Researcher,Real-Time 3D Graphics & Game Engine Development,Foundational Contributions to Open-Source Operating Systems and Compilers
Guido Berners-Lee 119,1980-10-16,Shenzhen,,China,Artificial Intelligence Researcher,Large Language Models & Generative Artificial Intelligence,Revolutionizing Real-Time Ray Tracing and GPU Computing Architectures
Alan Williams 120,1902-01-11,Vancouver,British Columbia,Canada,Open Source Software Pioneer,"Distributed Systems, Operating Systems & Cloud Architecture",Pioneering Transformer Models and Generative AI Paradigms
Shuntaro Van Rossum 121,1947-11-01,Shenzhen,,China,Gaming Industry Pioneer,Large Language Models & Generative Artificial Intelligence,Revolutionizing Real-Time Ray Tracing and GPU Computing Architectures
Mark Wright 122,1953-01-10,Palo Alto,California,United States,Artificial General Intelligence Researcher,"Distributed Systems, Operating Systems & Cloud Architecture",Developing Industry-Standard Game Engines and Physics Simulations
Mark Romero 123,1950-01-15,Vancouver,British Columbia,Canada,Systems Software Architect,Real-Time 3D Graphics & Game Engine Development,Developing Industry-Standard Game Engines and Physics Simulations
Will Hernandez 124,1937-01-20,Berlin,,Germany,Open Source Software Pioneer,Large Language Models & Generative Artificial Intelligence,Developing Industry-Standard Game Engines and Physics Simulations
Sid LeCun 125,1942-02-27,Helsinki,,Finland,Open Source Software Pioneer,Deep Learning Architectures & Neural Network Optimization,Foundational Contributions to Open-Source Operating Systems and Compilers
Tim Kojima 126,1928-05-17,Helsinki,,Finland,Interactive Entertainment Innovator,"Distributed Systems, Operating Systems & Cloud Architecture",Pioneering Transformer Models and Generative AI Paradigms
Vitalik Nadella 127,1932-01-11,Paris,,France,Gaming Industry Pioneer,Large Language Models & Generative Artificial Intelligence,Developing Industry-Standard Game Engines and Physics Simulations
Andrew Berners-Lee 128,1974-03-25,Stockholm,,Sweden,Game Engine Architect,Real-Time 3D Graphics & Game Engine Development,Creating Iconic Open-World Video Games and Strategy Mechanics
Bjarne Gates 129,1977-07-25,Sydney,New South Wales,Australia,Deep Learning Scientist,Deep Learning Architectures & Neural Network Optimization,Creating Iconic Open-World Video Games and Strategy Mechanics
Shuntaro Romero 130,1943-02-19,Seoul,,South Korea,Open Source Software Pioneer,Large Language Models & Generative Artificial Intelligence,Developing Industry-Standard Game Engines and Physics Simulations
Bill Gates 131,1983-10-21,Beijing,,China,Artificial General Intelligence Researcher,Reinforcement Learning & Autonomous Decision Systems,Pioneering Transformer Models and Generative AI Paradigms
Brendan Nakamoto 132,1930-04-10,Beijing,,China,Cloud Computing Architect,"Game Design Methodology, Simulation & Interactive Storytelling",Revolutionizing Real-Time Ray Tracing and GPU Computing Architectures
Sergey Hinton 133,1960-06-15,Kyoto,,Japan,Artificial General Intelligence Researcher,Large Language Models & Generative Artificial Intelligence,Pioneering Transformer Models and Generative AI Paradigms
Brenda Berners-Lee 134,1936-01-08,Shenzhen,,China,Artificial General Intelligence Researcher,"Distributed Systems, Operating Systems & Cloud Architecture",Pioneering Transformer Models and Generative AI Paradigms
Will Hassabis 135,1968-01-13,Berlin,,Germany,Systems Software Architect,"Game Design Methodology, Simulation & Interactive Storytelling",Advancing Reinforcement Learning for Complex Strategic Decision Making
Alan Van Rossum 136,1965-10-20,San Francisco,California,United States,Artificial General Intelligence Researcher,"Distributed Systems, Operating Systems & Cloud Architecture",Developing Industry-Standard Game Engines and Physics Simulations
Linus Meier 137,1985-09-16,Seattle,Washington,United States,Deep Learning Scientist,Deep Learning Architectures & Neural Network Optimization,Creating Iconic Open-World Video Games and Strategy Mechanics
Vitalik Wright 138,1990-03-02,Vancouver,British Columbia,Canada,Software Engineering Leader,Reinforcement Learning & Autonomous Decision Systems,Developing Industry-Standard Game Engines and Physics Simulations
Sundar Buterin 139,1906-12-19,Tokyo,,Japan,Gaming Industry Pioneer,"Game Design Methodology, Simulation & Interactive Storytelling",Creating Iconic Open-World Video Games and Strategy Mechanics
Yann Ritchie 140,1990-04-11,Palo Alto,California,United States,Systems Software Architect,Reinforcement Learning & Autonomous Decision Systems,Revolutionizing Real-Time Ray Tracing and GPU Computing Architectures
Sundar Nadella 141,1983-01-20,Seattle,Washington,United States,Systems Software Architect,Deep Learning Architectures & Neural Network Optimization,Advancing Reinforcement Learning for Complex Strategic Decision Making
Hideo Huang 142,1988-05-10,Kyoto,,Japan,Interactive Entertainment Innovator,Deep Learning Architectures & Neural Network Optimization,Advancing Reinforcement Learning for Complex Strategic Decision Making
Bjarne Hinton 143,1943-01-08,Cambridge,Massachusetts,United States,Artificial Intelligence Researcher,"Distributed Systems, Operating Systems & Cloud Architecture",Advancing Reinforcement Learning for Complex Strategic Decision Making
Steve LeCun 144,1960-06-04,Palo Alto,California,United States,Deep Learning Scientist,"Game Design Methodology, Simulation & Interactive Storytelling",Revolutionizing Real-Time Ray Tracing and GPU Computing Architectures
Geoffrey Pichai 145,1959-06-22,Zurich,,Switzerland,Open Source Software Pioneer,Reinforcement Learning & Autonomous Decision Systems,Developing Industry-Standard Game Engines and Physics Simulations
Javier Romero 146,1973-08-20,Sydney,New South Wales,Australia,Gaming Industry Pioneer,"Game Design Methodology, Simulation & Interactive Storytelling",Advancing Reinforcement Learning for Complex Strategic Decision Making
Ken Pichai 147,1921-06-27,Stockholm,,Sweden,Game Engine Architect,Large Language Models & Generative Artificial Intelligence,Developing Industry-Standard Game Engines and Physics Simulations
Ada Stroustrup 148,1935-03-13,San Francisco,California,United States,Gaming Industry Pioneer,Reinforcement Learning & Autonomous Decision Systems,Creating Iconic Open-World Video Games and Strategy Mechanics
Will Nakamoto 149,1933-06-16,Tokyo,,Japan,Open Source Software Pioneer,Deep Learning Architectures & Neural Network Optimization,Advancing Reinforcement Learning for Complex Strategic Decision Making
Sundar Newell 150,1993-09-07,San Francisco,California,United States,Artificial Intelligence Researcher,"Distributed Systems, Operating Systems & Cloud Architecture",Pioneering Transformer Models and Generative AI Paradigms
Brenda Page 151,1938-08-05,Toronto,Ontario,Canada,Artificial Intelligence Researcher,"Distributed Systems, Operating Systems & Cloud Architecture",Pioneering Transformer Models and Generative AI Paradigms
Shuntaro Stroustrup 152,1994-07-22,Sydney,New South Wales,Australia,Video Game Designer,"Distributed Systems, Operating Systems & Cloud Architecture",Revolutionizing Real-Time Ray Tracing and GPU Computing Architectures
Tim Hopper 153,1993-07-21,Tokyo,,Japan,Artificial Intelligence Researcher,"Distributed Systems, Operating Systems & Cloud Architecture",Foundational Contributions to Open-Source Operating Systems and Compilers
Hideo Nakamoto 154,1959-09-06,Helsinki,,Finland,Video Game Designer,Reinforcement Learning & Autonomous Decision Systems,Pioneering Transformer Models and Generative AI Paradigms
Larry Turing 155,1926-10-01,London,,United Kingdom,Gaming Industry Pioneer,"Game Design Methodology, Simulation & Interactive Storytelling",Advancing Reinforcement Learning for Complex Strategic Decision Making
Sidney Nakamoto 156,1991-06-23,Kyoto,,Japan,Artificial General Intelligence Researcher,Deep Learning Architectures & Neural Network Optimization,Foundational Contributions to Open-Source Operating Systems and Compilers
Ali Page 157,1983-11-13,Seoul,,South Korea,Artificial General Intelligence Researcher,Real-Time 3D Graphics & Game Engine Development,Developing Industry-Standard Game Engines and Physics Simulations
Ali Lovelace 158,1902-03-18,Bangalore,Karnataka,India,Interactive Entertainment Innovator,"Game Design Methodology, Simulation & Interactive Storytelling",Revolutionizing Real-Time Ray Tracing and GPU Computing Architectures
Elena LeCun 159,1943-06-10,Austin,Texas,United States,Gaming Industry Pioneer,Deep Learning Architectures & Neural Network Optimization,Pioneering Transformer Models and Generative AI Paradigms
Andrew Brin 160,1972-02-12,London,,United Kingdom,Open Source Software Pioneer,"Distributed Systems, Operating Systems & Cloud Architecture",Advancing Reinforcement Learning for Complex Strategic Decision Making
Shuntaro Khosla 161,1912-10-26,Berlin,,Germany,Software Engineering Leader,Deep Learning Architectures & Neural Network Optimization,Developing Industry-Standard Game Engines and Physics Simulations
Satya Pichai 162,1992-04-07,Bangalore,Karnataka,India,Video Game Designer,"Game Design Methodology, Simulation & Interactive Storytelling",Advancing Reinforcement Learning for Complex Strategic Decision Making
Yann Nakamoto 163,1918-12-28,Shenzhen,,China,Artificial General Intelligence Researcher,Real-Time 3D Graphics & Game Engine Development,Advancing Reinforcement Learning for Complex Strategic Decision Making
Sundar Hinton 164,1981-01-17,London,,United Kingdom,Interactive Entertainment Innovator,Large Language Models & Generative Artificial Intelligence,Pioneering Transformer Models and Generative AI Paradigms
Shuntaro Wright 165,1938-04-04,Beijing,,China,Software Engineering Leader,Reinforcement Learning & Autonomous Decision Systems,Foundational Contributions to Open-Source Operating Systems and Compilers
Aman Ritchie 166,1980-09-02,Stockholm,,Sweden,Artificial Intelligence Researcher,"Game Design Methodology, Simulation & Interactive Storytelling",Developing Industry-Standard Game Engines and Physics Simulations
Sid Buterin 167,1970-04-04,Helsinki,,Finland,Artificial Intelligence Researcher,Real-Time 3D Graphics & Game Engine Development,Pioneering Transformer Models and Generative AI Paradigms
Demis Furukawa 168,1936-06-24,Sydney,New South Wales,Australia,Artificial General Intelligence Researcher,Large Language Models & Generative Artificial Intelligence,Foundational Contributions to Open-Source Operating Systems and Compilers
Linus Lovelace 169,1977-01-17,Vancouver,British Columbia,Canada,Video Game Designer,Deep Learning Architectures & Neural Network Optimization,Pioneering Transformer Models and Generative AI Paradigms
Demis Romero 170,1974-01-28,Palo Alto,California,United States,Artificial General Intelligence Researcher,"Game Design Methodology, Simulation & Interactive Storytelling",Foundational Contributions to Open-Source Operating Systems and Compilers
Grace Lovelace 171,1979-12-12,Austin,Texas,United States,Gaming Industry Pioneer,"Game Design Methodology, Simulation & Interactive Storytelling",Advancing Reinforcement Learning for Complex Strategic Decision Making
Sam Williams 172,1961-12-12,Bangalore,Karnataka,India,Game Engine Architect,Reinforcement Learning & Autonomous Decision Systems,Revolutionizing Real-Time Ray Tracing and GPU Computing Architectures
Bill Hernandez 173,1944-11-03,London,,United Kingdom,Software Engineering Leader,Deep Learning Architectures & Neural Network Optimization,Advancing Reinforcement Learning for Complex Strategic Decision Making
Satya Pichai 174,1947-10-15,Stockholm,,Sweden,Neural Network Researcher,Large Language Models & Generative Artificial Intelligence,Revolutionizing Real-Time Ray Tracing and GPU Computing Architectures
Ada Gates 175,1958-06-18,Palo Alto,California,United States,Game Engine Architect,"Distributed Systems, Operating Systems & Cloud Architecture",Foundational Contributions to Open-Source Operating Systems and Compilers
Sam Gates 176,1964-11-26,Sydney,New South Wales,Australia,Video Game Designer,"Distributed Systems, Operating Systems & Cloud Architecture",Revolutionizing Real-Time Ray Tracing and GPU Computing Architectures
Sidney Huang 177,1964-06-24,Berlin,,Germany,Systems Software Architect,"Game Design Methodology, Simulation & Interactive Storytelling",Creating Iconic Open-World Video Games and Strategy Mechanics
Sid Torvalds 178,1985-01-23,Toronto,Ontario,Canada,Software Engineering Leader,"Game Design Methodology, Simulation & Interactive Storytelling",Creating Iconic Open-World Video Games and Strategy Mechanics
Gabe Page 179,1905-05-18,Tokyo,,Japan,Gaming Industry Pioneer,"Game Design Methodology, Simulation & Interactive Storytelling",Pioneering Transformer Models and Generative AI Paradigms
Brendan Khosla 180,1992-03-23,Austin,Texas,United States,Interactive Entertainment Innovator,Reinforcement Learning & Autonomous Decision Systems,Advancing Reinforcement Learning for Complex Strategic Decision Making
Roberta Carmack 181,1921-03-21,Tokyo,,Japan,Interactive Entertainment Innovator,Reinforcement Learning & Autonomous Decision Systems,Advancing Reinforcement Learning for Complex Strategic Decision Making
Vitalik Furukawa 182,1940-08-16,Helsinki,,Finland,Systems Software Architect,Reinforcement Learning & Autonomous Decision Systems,Advancing Reinforcement Learning for Complex Strategic Decision Making
Sid Wright 183,1930-08-27,Shenzhen,,China,Interactive Entertainment Innovator,Real-Time 3D Graphics & Game Engine Development,Foundational Contributions to Open-Source Operating Systems and Compilers
Tim Romero 184,1913-11-19,Toronto,Ontario,Canada,Gaming Industry Pioneer,"Game Design Methodology, Simulation & Interactive Storytelling",Creating Iconic Open-World Video Games and Strategy Mechanics
Andrew Wright 185,1927-07-24,Palo Alto,California,United States,Game Engine Architect,"Game Design Methodology, Simulation & Interactive Storytelling",Foundational Contributions to Open-Source Operating Systems and Compilers
Ada Carmack 186,1974-10-15,Helsinki,,Finland,Artificial Intelligence Researcher,Deep Learning Architectures & Neural Network Optimization,Revolutionizing Real-Time Ray Tracing and GPU Computing Architectures
Geoffrey Wozniak 187,1980-12-21,Beijing,,China,Artificial General Intelligence Researcher,Real-Time 3D Graphics & Game Engine Development,Developing Industry-Standard Game Engines and Physics Simulations
Sidney Buterin 188,1947-08-17,Paris,,France,Video Game Designer,Deep Learning Architectures & Neural Network Optimization,Creating Iconic Open-World Video Games and Strategy Mechanics
Ali LeCun 189,1948-08-04,Toronto,Ontario,Canada,Neural Network Researcher,Reinforcement Learning & Autonomous Decision Systems,Advancing Reinforcement Learning for Complex Strategic Decision Making
Sergey Wozniak 190,1948-12-26,Shenzhen,,China,Systems Software Architect,Real-Time 3D Graphics & Game Engine Development,Revolutionizing Real-Time Ray Tracing and GPU Computing Architectures
Guido Wozniak 191,1965-11-17,Zurich,,Switzerland,Neural Network Researcher,Deep Learning Architectures & Neural Network Optimization,Advancing Reinforcement Learning for Complex Strategic Decision Making
John Lovelace 192,1994-12-09,Seoul,,South Korea,Neural Network Researcher,Large Language Models & Generative Artificial Intelligence,Developing Industry-Standard Game Engines and Physics Simulations
Ada Lovelace 193,1943-11-14,Zurich,,Switzerland,Cloud Computing Architect,Real-Time 3D Graphics & Game Engine Development,Revolutionizing Real-Time Ray Tracing and GPU Computing Architectures
Bill Sweeney 194,1981-01-12,Berlin,,Germany,Artificial Intelligence Researcher,"Game Design Methodology, Simulation & Interactive Storytelling",Foundational Contributions to Open-Source Operating Systems and Compilers
Guido LeCun 195,1926-09-11,Shenzhen,,China,Systems Software Architect,Deep Learning Architectures & Neural Network Optimization,Developing Industry-Standard Game Engines and Physics Simulations
Sundar Newell 196,1992-12-23,Zurich,,Switzerland,Gaming Industry Pioneer,"Distributed Systems, Operating Systems & Cloud Architecture",Developing Industry-Standard Game Engines and Physics Simulations
Andrew Romero 197,1942-11-28,Seoul,,South Korea,Artificial Intelligence Researcher,"Distributed Systems, Operating Systems & Cloud Architecture",Developing Industry-Standard Game Engines and Physics Simulations
Sidney Berners-Lee 198,1966-04-26,London,,United Kingdom,Cloud Computing Architect,Real-Time 3D Graphics & Game Engine Development,Foundational Contributions to Open-Source Operating Systems and Compilers
Demis Kojima 199,1987-08-21,Shenzhen,,China,Video Game Designer,Large Language Models & Generative Artificial Intelligence,Creating Iconic Open-World Video Games and Strategy Mechanics
Bjarne Turing 200,1950-05-07,San Francisco,California,United States,Artificial General Intelligence Researcher,Deep Learning Architectures & Neural Network Optimization,Foundational Contributions to Open-Source Operating Systems and Compilers
Dennis Wright 201,1917-02-21,Vancouver,British Columbia,Canada,Systems Software Architect,Deep Learning Architectures & Neural Network Optimization,Creating Iconic Open-World Video Games and Strategy Mechanics
Aman Bhutani 202,1950-04-01,London,,United Kingdom,Gaming Industry Pioneer,"Distributed Systems, Operating Systems & Cloud Architecture",Pioneering Transformer Models and Generative AI Paradigms
Gabe Lovelace 203,1927-12-22,London,,United Kingdom,Game Engine Architect,"Distributed Systems, Operating Systems & Cloud Architecture",Advancing Reinforcement Learning for Complex Strategic Decision Making
Satya Buterin 204,1952-12-04,Stockholm,,Sweden,Gaming Industry Pioneer,Reinforcement Learning & Autonomous Decision Systems,Foundational Contributions to Open-Source Operating Systems and Compilers
Tim Buterin 205,1935-04-01,Tokyo,,Japan,Software Engineering Leader,Large Language Models & Generative Artificial Intelligence,Developing Industry-Standard Game Engines and Physics Simulations
Alan Eich 206,1943-08-19,Seoul,,South Korea,Video Game Designer,Reinforcement Learning & Autonomous Decision Systems,Foundational Contributions to Open-Source Operating Systems and Compilers
Will Lovelace 207,1927-02-26,Cambridge,Massachusetts,United States,Deep Learning Scientist,Deep Learning Architectures & Neural Network Optimization,Developing Industry-Standard Game Engines and Physics Simulations
Andrew Berners-Lee 208,1978-07-18,Austin,Texas,United States,Gaming Industry Pioneer,Real-Time 3D Graphics & Game Engine Development,Creating Iconic Open-World Video Games and Strategy Mechanics
Jeff Turing 209,1987-12-16,Zurich,,Switzerland,Deep Learning Scientist,Large Language Models & Generative Artificial Intelligence,Revolutionizing Real-Time Ray Tracing and GPU Computing Architectures
Satya Romero 210,1917-02-26,Stockholm,,Sweden,Interactive Entertainment Innovator,Reinforcement Learning & Autonomous Decision Systems,Foundational Contributions to Open-Source Operating Systems and Compilers
Steve Berners-Lee 211,1950-09-12,Paris,,France,Artificial Intelligence Researcher,"Distributed Systems, Operating Systems & Cloud Architecture",Foundational Contributions to Open-Source Operating Systems and Compilers
Hideo Wozniak 212,1931-10-07,Zurich,,Switzerland,Neural Network Researcher,Real-Time 3D Graphics & Game Engine Development,Advancing Reinforcement Learning for Complex Strategic Decision Making
Yann Williams 213,1958-06-02,San Francisco,California,United States,Artificial General Intelligence Researcher,Real-Time 3D Graphics & Game Engine Development,Pioneering Transformer Models and Generative AI Paradigms
Will Nakamoto 214,1977-01-16,San Francisco,California,United States,Interactive Entertainment Innovator,Reinforcement Learning & Autonomous Decision Systems,Revolutionizing Real-Time Ray Tracing and GPU Computing Architectures
Vitalik Furukawa 215,1938-01-12,Shenzhen,,China,Artificial Intelligence Researcher,Deep Learning Architectures & Neural Network Optimization,Revolutionizing Real-Time Ray Tracing and GPU Computing Architectures
Tim Ng 216,1926-08-10,Beijing,,China,Software Engineering Leader,"Game Design Methodology, Simulation & Interactive Storytelling",Creating Iconic Open-World Video Games and Strategy Mechanics
Sam Bezos 217,1946-09-05,Seoul,,South Korea,Artificial Intelligence Researcher,Reinforcement Learning & Autonomous Decision Systems,Pioneering Transformer Models and Generative AI Paradigms
Satya Khosla 218,1984-07-24,Paris,,France,Interactive Entertainment Innovator,Reinforcement Learning & Autonomous Decision Systems,Revolutionizing Real-Time Ray Tracing and GPU Computing Architectures
Sid Carmack 219,1968-07-23,Tokyo,,Japan,Software Engineering Leader,"Game Design Methodology, Simulation & Interactive Storytelling",Developing Industry-Standard Game Engines and Physics Simulations
Demis Pichai 220,1953-07-16,Beijing,,China,Game Engine Architect,"Game Design Methodology, Simulation & Interactive Storytelling",Developing Industry-Standard Game Engines and Physics Simulations
Ada Stroustrup 221,1935-10-08,Bangalore,Karnataka,India,Artificial Intelligence Researcher,"Game Design Methodology, Simulation & Interactive Storytelling",Pioneering Transformer Models and Generative AI Paradigms
Gabe Berners-Lee 222,1905-10-28,London,,United Kingdom,Game Engine Architect,"Game Design Methodology, Simulation & Interactive Storytelling",Advancing Reinforcement Learning for Complex Strategic Decision Making
Guido Hassabis 223,1951-08-06,Bangalore,Karnataka,India,Systems Software Architect,"Game Design Methodology, Simulation & Interactive Storytelling",Pioneering Transformer Models and Generative AI Paradigms
Sam Thompson 224,1935-07-10,Tokyo,,Japan,Artificial Intelligence Researcher,Real-Time 3D Graphics & Game Engine Development,Developing Industry-Standard Game Engines and Physics Simulations
Sidney Nakamoto 225,1974-01-21,Seoul,,South Korea,Systems Software Architect,Real-Time 3D Graphics & Game Engine Development,Developing Industry-Standard Game Engines and Physics Simulations
Aman Lovelace 226,1945-06-24,Cambridge,Massachusetts,United States,Gaming Industry Pioneer,Deep Learning Architectures & Neural Network Optimization,Creating Iconic Open-World Video Games and Strategy Mechanics
Sam Van Rossum 227,1921-10-27,Zurich,,Switzerland,Video Game Designer,"Distributed Systems, Operating Systems & Cloud Architecture",Creating Iconic Open-World Video Games and Strategy Mechanics
Bill Williams 228,1983-05-01,Seattle,Washington,United States,Game Engine Architect,Real-Time 3D Graphics & Game Engine Development,Foundational Contributions to Open-Source Operating Systems and Compilers
Ali Brin 229,1945-08-08,Shenzhen,,China,Systems Software Architect,Real-Time 3D Graphics & Game Engine Development,Foundational Contributions to Open-Source Operating Systems and Compilers
Gabe Hinton 230,1950-04-10,Tokyo,,Japan,Artificial General Intelligence Researcher,Reinforcement Learning & Autonomous Decision Systems,Foundational Contributions to Open-Source Operating Systems and Compilers
Sam Nadella 231,1914-10-26,Shenzhen,,China,Gaming Industry Pioneer,Large Language Models & Generative Artificial Intelligence,Foundational Contributions to Open-Source Operating Systems and Compilers
Sid Meier 232,1978-11-08,Seattle,Washington,United States,Neural Network Researcher,Deep Learning Architectures & Neural Network Optimization,Creating Iconic Open-World Video Games and Strategy Mechanics
Guido Pichai 233,1943-11-16,Toronto,Ontario,Canada,Artificial Intelligence Researcher,"Distributed Systems, Operating Systems & Cloud Architecture",Pioneering Transformer Models and Generative AI Paradigms
Bill Stroustrup 234,1994-12-15,Vancouver,British Columbia,Canada,Deep Learning Scientist,Large Language Models & Generative Artificial Intelligence,Foundational Contributions to Open-Source Operating Systems and Compilers
Demis Meier 235,1968-11-26,Berlin,,Germany,Deep Learning Scientist,"Game Design Methodology, Simulation & Interactive Storytelling",Pioneering Transformer Models and Generative AI Paradigms
Roberta Ritchie 236,1962-07-22,Palo Alto,California,United States,Software Engineering Leader,"Distributed Systems, Operating Systems & Cloud Architecture",Revolutionizing Real-Time Ray Tracing and GPU Computing Architectures
Satya Wozniak 237,1901-08-23,London,,United Kingdom,Software Engineering Leader,Reinforcement Learning & Autonomous Decision Systems,Developing Industry-Standard Game Engines and Physics Simulations
Brenda Romero 238,1938-06-06,Paris,,France,Gaming Industry Pioneer,Reinforcement Learning & Autonomous Decision Systems,Advancing Reinforcement Learning for Complex Strategic Decision Making
Linus Newell 239,1926-08-28,Toronto,Ontario,Canada,Cloud Computing Architect,"Game Design Methodology, Simulation & Interactive Storytelling",Advancing Reinforcement Learning for Complex Strategic Decision Making
Sid Romero 240,1926-04-15,Vancouver,British Columbia,Canada,Deep Learning Scientist,"Distributed Systems, Operating Systems & Cloud Architecture",Developing Industry-Standard Game Engines and Physics Simulations
Mark Van Rossum 241,1926-02-07,San Francisco,California,United States,Software Engineering Leader,"Game Design Methodology, Simulation & Interactive Storytelling",Developing Industry-Standard Game Engines and Physics Simulations
Satya Bhutani 242,1967-07-07,Berlin,,Germany,Neural Network Researcher,Deep Learning Architectures & Neural Network Optimization,Foundational Contributions to Open-Source Operating Systems and Compilers
Linus Torvalds 243,1915-02-24,Stockholm,,Sweden,Software Engineering Leader,Deep Learning Architectures & Neural Network Optimization,Advancing Reinforcement Learning for Complex Strategic Decision Making
Brendan Lovelace 244,1965-05-09,Helsinki,,Finland,Open Source Software Pioneer,Reinforcement Learning & Autonomous Decision Systems,Pioneering Transformer Models and Generative AI Paradigms
Ken Bhutani 245,1905-10-06,Toronto,Ontario,Canada,Video Game Designer,Reinforcement Learning & Autonomous Decision Systems,Advancing Reinforcement Learning for Complex Strategic Decision Making
Brenda Torvalds 246,1925-11-14,Beijing,,China,Artificial Intelligence Researcher,"Game Design Methodology, Simulation & Interactive Storytelling",Pioneering Transformer Models and Generative AI Paradigms
Sidney Eich 247,1921-10-25,Helsinki,,Finland,Video Game Designer,Reinforcement Learning & Autonomous Decision Systems,Developing Industry-Standard Game Engines and Physics Simulations
Satya Page 248,1927-11-02,Sydney,New South Wales,Australia,Video Game Designer,Deep Learning Architectures & Neural Network Optimization,Advancing Reinforcement Learning for Complex Strategic Decision Making
Bjarne Eich 249,1961-07-16,Tokyo,,Japan,Video Game Designer,Reinforcement Learning & Autonomous Decision Systems,Creating Iconic Open-World Video Games and Strategy Mechanics
Elena Romero 250,1928-10-12,Toronto,Ontario,Canada,Interactive Entertainment Innovator,Reinforcement Learning & Autonomous Decision Systems,Developing Industry-Standard Game Engines and Physics Simulations
Steve Sweeney 251,1949-07-02,San Francisco,California,United States,Game Engine Architect,Large Language Models & Generative Artificial Intelligence,Creating Iconic Open-World Video Games and Strategy Mechanics
Sergey Hinton 252,1950-06-12,Vancouver,British Columbia,Canada,Video Game Designer,"Distributed Systems, Operating Systems & Cloud Architecture",Developing Industry-Standard Game Engines and Physics Simulations
Yann Page 253,1912-12-17,Austin,Texas,United States,Gaming Industry Pioneer,"Distributed Systems, Operating Systems & Cloud Architecture",Creating Iconic Open-World Video Games and Strategy Mechanics
Ali Bhutani 254,1921-02-28,Palo Alto,California,United States,Software Engineering Leader,Large Language Models & Generative Artificial Intelligence,Revolutionizing Real-Time Ray Tracing and GPU Computing Architectures
Sergey Hinton 255,1974-10-20,Berlin,,Germany,Artificial General Intelligence Researcher,Reinforcement Learning & Autonomous Decision Systems,Pioneering Transformer Models and Generative AI Paradigms
Jeff Williams 256,1960-05-24,Zurich,,Switzerland,Neural Network Researcher,"Distributed Systems, Operating Systems & Cloud Architecture",Foundational Contributions to Open-Source Operating Systems and Compilers
Grace Torvalds 257,1970-02-05,Helsinki,,Finland,Open Source Software Pioneer,Real-Time 3D Graphics & Game Engine Development,Creating Iconic Open-World Video Games and Strategy Mechanics
Steve Kojima 258,1918-01-02,Helsinki,,Finland,Cloud Computing Architect,Deep Learning Architectures & Neural Network Optimization,Developing Industry-Standard Game Engines and Physics Simulations
Ali Sweeney 259,1921-02-10,Austin,Texas,United States,Interactive Entertainment Innovator,Deep Learning Architectures & Neural Network Optimization,Revolutionizing Real-Time Ray Tracing and GPU Computing Architectures
Yann Gates 260,1987-06-18,Beijing,,China,Gaming Industry Pioneer,Large Language Models & Generative Artificial Intelligence,Advancing Reinforcement Learning for Complex Strategic Decision Making
Geoffrey Hernandez 261,1900-05-11,Shenzhen,,China,Cloud Computing Architect,Real-Time 3D Graphics & Game Engine Development,Foundational Contributions to Open-Source Operating Systems and Compilers
Shuntaro Hassabis 262,1908-07-09,Tokyo,,Japan,Open Source Software Pioneer,Reinforcement Learning & Autonomous Decision Systems,Advancing Reinforcement Learning for Complex Strategic Decision Making
Vitalik Romero 263,1908-10-20,Seattle,Washington,United States,Neural Network Researcher,"Distributed Systems, Operating Systems & Cloud Architecture",Revolutionizing Real-Time Ray Tracing and GPU Computing Architectures
Sam Turing 264,1986-01-28,Sydney,New South Wales,Australia,Interactive Entertainment Innovator,Reinforcement Learning & Autonomous Decision Systems,Advancing Reinforcement Learning for Complex Strategic Decision Making
Bjarne Hopper 265,1914-06-12,Shenzhen,,China,Cloud Computing Architect,Reinforcement Learning & Autonomous Decision Systems,Pioneering Transformer Models and Generative AI Paradigms
Aman Berners-Lee 266,1920-02-21,Beijing,,China,Software Engineering Leader,Large Language Models & Generative Artificial Intelligence,Advancing Reinforcement Learning for Complex Strategic Decision Making
Sundar Berners-Lee 267,1902-03-24,San Francisco,California,United States,Cloud Computing Architect,Real-Time 3D Graphics & Game Engine Development,Creating Iconic Open-World Video Games and Strategy Mechanics
Aman Hopper 268,1911-08-02,Bangalore,Karnataka,India,Artificial Intelligence Researcher,Deep Learning Architectures & Neural Network Optimization,Revolutionizing Real-Time Ray Tracing and GPU Computing Architectures
Tim Wozniak 269,1959-08-22,Seattle,Washington,United States,Artificial General Intelligence Researcher,Deep Learning Architectures & Neural Network Optimization,Creating Iconic Open-World Video Games and Strategy Mechanics
Jeff Berners-Lee 270,1993-04-15,Shenzhen,,China,Artificial General Intelligence Researcher,"Game Design Methodology, Simulation & Interactive Storytelling",Pioneering Transformer Models and Generative AI Paradigms
John Wright 271,1909-09-26,Stockholm,,Sweden,Gaming Industry Pioneer,Reinforcement Learning & Autonomous Decision Systems,Creating Iconic Open-World Video Games and Strategy Mechanics
Bill Carmack 272,1945-12-01,London,,United Kingdom,Gaming Industry Pioneer,Reinforcement Learning & Autonomous Decision Systems,Advancing Reinforcement Learning for Complex Strategic Decision Making
Ada Newell 273,1959-11-23,Vancouver,British Columbia,Canada,Open Source Software Pioneer,Deep Learning Architectures & Neural Network Optimization,Creating Iconic Open-World Video Games and Strategy Mechanics
Satya Hinton 274,1935-12-06,Berlin,,Germany,Neural Network Researcher,Reinforcement Learning & Autonomous Decision Systems,Advancing Reinforcement Learning for Complex Strategic Decision Making
Demis Berners-Lee 275,1947-02-06,Bangalore,Karnataka,India,Software Engineering Leader,"Game Design Methodology, Simulation & Interactive Storytelling",Foundational Contributions to Open-Source Operating Systems and Compilers
Satya Meier 276,1938-11-19,Tokyo,,Japan,Systems Software Architect,Reinforcement Learning & Autonomous Decision Systems,Developing Industry-Standard Game Engines and Physics Simulations
Sam Williams 277,1924-09-03,Helsinki,,Finland,Artificial General Intelligence Researcher,Large Language Models & Generative Artificial Intelligence,Developing Industry-Standard Game Engines and Physics Simulations
Sidney Hopper 278,1945-09-21,San Francisco,California,United States,Neural Network Researcher,"Game Design Methodology, Simulation & Interactive Storytelling",Revolutionizing Real-Time Ray Tracing and GPU Computing Architectures
Aman Hinton 279,1942-10-28,Tokyo,,Japan,Artificial Intelligence Researcher,Deep Learning Architectures & Neural Network Optimization,Developing Industry-Standard Game Engines and Physics Simulations
Brendan Meier 280,1960-01-11,Kyoto,,Japan,Cloud Computing Architect,Large Language Models & Generative Artificial Intelligence,Revolutionizing Real-Time Ray Tracing and GPU Computing Architectures
Andrew Bezos 281,1980-10-17,Bangalore,Karnataka,India,Gaming Industry Pioneer,Deep Learning Architectures & Neural Network Optimization,Revolutionizing Real-Time Ray Tracing and GPU Computing Architectures
Ken Stroustrup 282,1950-01-18,Bangalore,Karnataka,India,Software Engineering Leader,"Game Design Methodology, Simulation & Interactive Storytelling",Developing Industry-Standard Game Engines and Physics Simulations
Bjarne Huang 283,1931-11-28,Vancouver,British Columbia,Canada,Video Game Designer,Large Language Models & Generative Artificial Intelligence,Creating Iconic Open-World Video Games and Strategy Mechanics
Tim Zuckerberg 284,1915-03-06,Seoul,,South Korea,Gaming Industry Pioneer,"Distributed Systems, Operating Systems & Cloud Architecture",Advancing Reinforcement Learning for Complex Strategic Decision Making
John Eich 285,1949-08-17,Stockholm,,Sweden,Cloud Computing Architect,"Distributed Systems, Operating Systems & Cloud Architecture",Developing Industry-Standard Game Engines and Physics Simulations
Satoshi Thompson 286,1975-12-03,Toronto,Ontario,Canada,Cloud Computing Architect,"Distributed Systems, Operating Systems & Cloud Architecture",Pioneering Transformer Models and Generative AI Paradigms
Mark Ritchie 287,1921-12-10,Zurich,,Switzerland,Game Engine Architect,"Game Design Methodology, Simulation & Interactive Storytelling",Pioneering Transformer Models and Generative AI Paradigms
Dennis Buterin 288,1906-10-07,Shenzhen,,China,Open Source Software Pioneer,Reinforcement Learning & Autonomous Decision Systems,Developing Industry-Standard Game Engines and Physics Simulations
Brenda Berners-Lee 289,1935-06-15,London,,United Kingdom,Cloud Computing Architect,"Distributed Systems, Operating Systems & Cloud Architecture",Revolutionizing Real-Time Ray Tracing and GPU Computing Architectures
Larry Thompson 290,1903-12-23,Cambridge,Massachusetts,United States,Gaming Industry Pioneer,"Distributed Systems, Operating Systems & Cloud Architecture",Foundational Contributions to Open-Source Operating Systems and Compilers
Sundar Laurel 291,1994-10-14,Zurich,,Switzerland,Cloud Computing Architect,Large Language Models & Generative Artificial Intelligence,Revolutionizing Real-Time Ray Tracing and GPU Computing Architectures
Demis Vasiliev 292,1974-11-27,Vancouver,British Columbia,Canada,Neural Network Researcher,Real-Time 3D Graphics & Game Engine Development,Foundational Contributions to Open-Source Operating Systems and Compilers
Jeff Eich 293,1934-04-24,Toronto,Ontario,Canada,Neural Network Researcher,"Game Design Methodology, Simulation & Interactive Storytelling",Advancing Reinforcement Learning for Complex Strategic Decision Making
Dennis Van Rossum 294,1956-01-27,Shenzhen,,China,Artificial Intelligence Researcher,Real-Time 3D Graphics & Game Engine Development,Advancing Reinforcement Learning for Complex Strategic Decision Making
Yann Buterin 295,1975-11-20,Seattle,Washington,United States,Artificial Intelligence Researcher,Large Language Models & Generative Artificial Intelligence,Pioneering Transformer Models and Generative AI Paradigms
Sam Page 296,1989-01-21,Tokyo,,Japan,Artificial Intelligence Researcher,"Game Design Methodology, Simulation & Interactive Storytelling",Creating Iconic Open-World Video Games and Strategy Mechanics
Tim Hernandez 297,1986-03-13,Paris,,France,Deep Learning Scientist,Reinforcement Learning & Autonomous Decision Systems,Foundational Contributions to Open-Source Operating Systems and Compilers
Brendan Hernandez 298,1934-07-01,Cambridge,Massachusetts,United States,Systems Software Architect,Reinforcement Learning & Autonomous Decision Systems,Advancing Reinforcement Learning for Complex Strategic Decision Making
Geoffrey Nakamoto 299,1988-11-20,Beijing,,China,Software Engineering Leader,Deep Learning Architectures & Neural Network Optimization,Pioneering Transformer Models and Generative AI Paradigms
Sergey Nadella 300,1928-01-19,Tokyo,,Japan,Gaming Industry Pioneer,Large Language Models & Generative Artificial Intelligence,Foundational Contributions to Open-Source Operating Systems and Compilers
Steve Nadella 301,1906-12-20,Beijing,,China,Neural Network Researcher,Large Language Models & Generative Artificial Intelligence,Advancing Reinforcement Learning for Complex Strategic Decision Making
Ken Kojima 302,1901-11-08,Shenzhen,,China,Cloud Computing Architect,"Game Design Methodology, Simulation & Interactive Storytelling",Advancing Reinforcement Learning for Complex Strategic Decision Making
Tim Hinton 303,1945-06-20,Austin,Texas,United States,Artificial Intelligence Researcher,Real-Time 3D Graphics & Game Engine Development,Pioneering Transformer Models and Generative AI Paradigms
Javier Khosla 304,1936-07-16,Palo Alto,California,United States,Gaming Industry Pioneer,Real-Time 3D Graphics & Game Engine Development,Developing Industry-Standard Game Engines and Physics Simulations
Dennis Van Rossum 305,1952-02-13,San Francisco,California,United States,Gaming Industry Pioneer,"Distributed Systems, Operating Systems & Cloud Architecture",Pioneering Transformer Models and Generative AI Paradigms
Demis Laurel 306,1941-08-16,Seoul,,South Korea,Artificial Intelligence Researcher,"Game Design Methodology, Simulation & Interactive Storytelling",Developing Industry-Standard Game Engines and Physics Simulations
Mark Williams 307,1902-09-12,Seattle,Washington,United States,Game Engine Architect,Real-Time 3D Graphics & Game Engine Development,Developing Industry-Standard Game Engines and Physics Simulations
Brenda Nakamoto 308,1981-08-28,San Francisco,California,United States,Artificial General Intelligence Researcher,Deep Learning Architectures & Neural Network Optimization,Advancing Reinforcement Learning for Complex Strategic Decision Making
Vitalik Eich 309,1977-11-19,Bangalore,Karnataka,India,Artificial Intelligence Researcher,"Distributed Systems, Operating Systems & Cloud Architecture",Foundational Contributions to Open-Source Operating Systems and Compilers
Brendan Berners-Lee 310,1939-09-03,Berlin,,Germany,Systems Software Architect,Real-Time 3D Graphics & Game Engine Development,Creating Iconic Open-World Video Games and Strategy Mechanics
Jeff Ng 311,1933-11-12,Toronto,Ontario,Canada,Interactive Entertainment Innovator,Large Language Models & Generative Artificial Intelligence,Revolutionizing Real-Time Ray Tracing and GPU Computing Architectures
Hideo Hassabis 312,1993-10-22,Palo Alto,California,United States,Software Engineering Leader,"Distributed Systems, Operating Systems & Cloud Architecture",Advancing Reinforcement Learning for Complex Strategic Decision Making
Ken Nadella 313,1974-12-24,Shenzhen,,China,Artificial Intelligence Researcher,Large Language Models & Generative Artificial Intelligence,Foundational Contributions to Open-Source Operating Systems and Compilers
Ali Thompson 314,1930-06-19,Seoul,,South Korea,Deep Learning Scientist,"Distributed Systems, Operating Systems & Cloud Architecture",Pioneering Transformer Models and Generative AI Paradigms
Jeff Stroustrup 315,1922-04-27,London,,United Kingdom,Artificial General Intelligence Researcher,Real-Time 3D Graphics & Game Engine Development,Advancing Reinforcement Learning for Complex Strategic Decision Making
Tim Hernandez 316,1955-08-15,Cambridge,Massachusetts,United States,Cloud Computing Architect,Deep Learning Architectures & Neural Network Optimization,Foundational Contributions to Open-Source Operating Systems and Compilers
Bjarne Wright 317,1986-10-21,Kyoto,,Japan,Gaming Industry Pioneer,Reinforcement Learning & Autonomous Decision Systems,Pioneering Transformer Models and Generative AI Paradigms
Sidney Furukawa 318,1932-08-25,Sydney,New South Wales,Australia,Neural Network Researcher,Large Language Models & Generative Artificial Intelligence,Advancing Reinforcement Learning for Complex Strategic Decision Making
Tim Newell 319,1920-06-22,Vancouver,British Columbia,Canada,Cloud Computing Architect,Real-Time 3D Graphics & Game Engine Development,Revolutionizing Real-Time Ray Tracing and GPU Computing Architectures
Shuntaro Zuckerberg 320,1961-03-24,Paris,,France,Gaming Industry Pioneer,Real-Time 3D Graphics & Game Engine Development,Revolutionizing Real-Time Ray Tracing and GPU Computing Architectures
Yann Meier 321,1987-12-17,Vancouver,British Columbia,Canada,Software Engineering Leader,Deep Learning Architectures & Neural Network Optimization,Developing Industry-Standard Game Engines and Physics Simulations
Javier Thompson 322,1912-02-11,Stockholm,,Sweden,Game Engine Architect,"Distributed Systems, Operating Systems & Cloud Architecture",Foundational Contributions to Open-Source Operating Systems and Compilers
Brenda Thompson 323,1921-10-08,Vancouver,British Columbia,Canada,Gaming Industry Pioneer,"Game Design Methodology, Simulation & Interactive Storytelling",Advancing Reinforcement Learning for Complex Strategic Decision Making
Roberta Buterin 324,1982-03-02,Sydney,New South Wales,Australia,Artificial General Intelligence Researcher,"Game Design Methodology, Simulation & Interactive Storytelling",Advancing Reinforcement Learning for Complex Strategic Decision Making
Grace Carmack 325,1994-01-11,Bangalore,Karnataka,India,Artificial Intelligence Researcher,Large Language Models & Generative Artificial Intelligence,Foundational Contributions to Open-Source Operating Systems and Compilers
John Zuckerberg 326,1951-02-26,Berlin,,Germany,Deep Learning Scientist,Large Language Models & Generative Artificial Intelligence,Advancing Reinforcement Learning for Complex Strategic Decision Making
Mark Wright 327,1953-07-24,Stockholm,,Sweden,Neural Network Researcher,Deep Learning Architectures & Neural Network Optimization,Revolutionizing Real-Time Ray Tracing and GPU Computing Architectures
Alan Page 328,1956-08-26,Kyoto,,Japan,Gaming Industry Pioneer,Deep Learning Architectures & Neural Network Optimization,Pioneering Transformer Models and Generative AI Paradigms
Elena Ng 329,1934-01-24,Toronto,Ontario,Canada,Game Engine Architect,Large Language Models & Generative Artificial Intelligence,Pioneering Transformer Models and Generative AI Paradigms
Sam Carmack 330,1910-01-24,Stockholm,,Sweden,Cloud Computing Architect,"Game Design Methodology, Simulation & Interactive Storytelling",Advancing Reinforcement Learning for Complex Strategic Decision Making
Mark Furukawa 331,1963-06-20,Cambridge,Massachusetts,United States,Open Source Software Pioneer,Deep Learning Architectures & Neural Network Optimization,Revolutionizing Real-Time Ray Tracing and GPU Computing Architectures
Andrew Romero 332,1957-09-04,San Francisco,California,United States,Neural Network Researcher,"Distributed Systems, Operating Systems & Cloud Architecture",Creating Iconic Open-World Video Games and Strategy Mechanics
Alan Kojima 333,1904-05-16,Vancouver,British Columbia,Canada,Software Engineering Leader,Deep Learning Architectures & Neural Network Optimization,Developing Industry-Standard Game Engines and Physics Simulations
Ada Thompson 334,1916-02-20,Toronto,Ontario,Canada,Open Source Software Pioneer,Deep Learning Architectures & Neural Network Optimization,Developing Industry-Standard Game Engines and Physics Simulations
Steve Furukawa 335,1925-05-13,Cambridge,Massachusetts,United States,Software Engineering Leader,"Distributed Systems, Operating Systems & Cloud Architecture",Pioneering Transformer Models and Generative AI Paradigms
Javier Page 336,1968-09-02,Cambridge,Massachusetts,United States,Systems Software Architect,Large Language Models & Generative Artificial Intelligence,Advancing Reinforcement Learning for Complex Strategic Decision Making
Ken Stroustrup 337,1931-05-18,Vancouver,British Columbia,Canada,Systems Software Architect,Real-Time 3D Graphics & Game Engine Development,Foundational Contributions to Open-Source Operating Systems and Compilers
Shuntaro Altman 338,1978-06-08,Cambridge,Massachusetts,United States,Video Game Designer,Large Language Models & Generative Artificial Intelligence,Revolutionizing Real-Time Ray Tracing and GPU Computing Architectures
Bill Pichai 339,1978-01-07,Tokyo,,Japan,Neural Network Researcher,Deep Learning Architectures & Neural Network Optimization,Revolutionizing Real-Time Ray Tracing and GPU Computing Architectures
Alan Torvalds 340,1993-05-09,London,,United Kingdom,Game Engine Architect,Real-Time 3D Graphics & Game Engine Development,Pioneering Transformer Models and Generative AI Paradigms
Guido Brin 341,1943-02-17,Berlin,,Germany,Video Game Designer,"Game Design Methodology, Simulation & Interactive Storytelling",Pioneering Transformer Models and Generative AI Paradigms
Elena Romero 342,1923-06-02,Helsinki,,Finland,Interactive Entertainment Innovator,"Game Design Methodology, Simulation & Interactive Storytelling",Foundational Contributions to Open-Source Operating Systems and Compilers
Satoshi Buterin 343,1934-06-23,Seoul,,South Korea,Artificial Intelligence Researcher,Real-Time 3D Graphics & Game Engine Development,Advancing Reinforcement Learning for Complex Strategic Decision Making
Sidney Huang 344,1932-03-13,Berlin,,Germany,Interactive Entertainment Innovator,Reinforcement Learning & Autonomous Decision Systems,Foundational Contributions to Open-Source Operating Systems and Compilers
Javier Gates 345,1933-05-04,Shenzhen,,China,Interactive Entertainment Innovator,Reinforcement Learning & Autonomous Decision Systems,Developing Industry-Standard Game Engines and Physics Simulations
Shuntaro Page 346,1980-12-10,Toronto,Ontario,Canada,Game Engine Architect,Real-Time 3D Graphics & Game Engine Development,Foundational Contributions to Open-Source Operating Systems and Compilers
Sundar Torvalds 347,1978-07-11,Helsinki,,Finland,Software Engineering Leader,Reinforcement Learning & Autonomous Decision Systems,Advancing Reinforcement Learning for Complex Strategic Decision Making
Jeff Gates 348,1961-10-28,Austin,Texas,United States,Systems Software Architect,"Distributed Systems, Operating Systems & Cloud Architecture",Advancing Reinforcement Learning for Complex Strategic Decision Making
Hideo LeCun 349,1921-06-05,Palo Alto,California,United States,Neural Network Researcher,Deep Learning Architectures & Neural Network Optimization,Creating Iconic Open-World Video Games and Strategy Mechanics
Brendan Van Rossum 350,1904-01-15,Cambridge,Massachusetts,United States,Software Engineering Leader,Large Language Models & Generative Artificial Intelligence,Pioneering Transformer Models and Generative AI Paradigms
Alan Laurel 351,1992-04-21,Shenzhen,,China,Artificial General Intelligence Researcher,Real-Time 3D Graphics & Game Engine Development,Developing Industry-Standard Game Engines and Physics Simulations
Sid Hinton 352,1939-08-09,Tokyo,,Japan,Video Game Designer,Real-Time 3D Graphics & Game Engine Development,Pioneering Transformer Models and Generative AI Paradigms
Guido Brin 353,1926-01-16,London,,United Kingdom,Neural Network Researcher,Reinforcement Learning & Autonomous Decision Systems,Creating Iconic Open-World Video Games and Strategy Mechanics
Jeff Lovelace 354,1992-01-23,London,,United Kingdom,Neural Network Researcher,Large Language Models & Generative Artificial Intelligence,Advancing Reinforcement Learning for Complex Strategic Decision Making
Gabe Buterin 355,1965-01-01,London,,United Kingdom,Artificial General Intelligence Researcher,"Distributed Systems, Operating Systems & Cloud Architecture",Pioneering Transformer Models and Generative AI Paradigms
Guido Stroustrup 356,1974-09-26,Stockholm,,Sweden,Cloud Computing Architect,Reinforcement Learning & Autonomous Decision Systems,Revolutionizing Real-Time Ray Tracing and GPU Computing Architectures
John Sweeney 357,1986-04-09,Palo Alto,California,United States,Video Game Designer,Deep Learning Architectures & Neural Network Optimization,Developing Industry-Standard Game Engines and Physics Simulations
Dennis LeCun 358,1918-08-08,Tokyo,,Japan,Artificial General Intelligence Researcher,"Distributed Systems, Operating Systems & Cloud Architecture",Creating Iconic Open-World Video Games and Strategy Mechanics
Bjarne Gates 359,1977-09-13,Palo Alto,California,United States,Cloud Computing Architect,Reinforcement Learning & Autonomous Decision Systems,Developing Industry-Standard Game Engines and Physics Simulations
Ken Van Rossum 360,1938-12-04,Seoul,,South Korea,Cloud Computing Architect,Real-Time 3D Graphics & Game Engine Development,Foundational Contributions to Open-Source Operating Systems and Compilers
Sidney Brin 361,1963-12-23,London,,United Kingdom,Game Engine Architect,Large Language Models & Generative Artificial Intelligence,Developing Industry-Standard Game Engines and Physics Simulations
Jeff Khosla 362,1973-09-16,Seoul,,South Korea,Game Engine Architect,Deep Learning Architectures & Neural Network Optimization,Revolutionizing Real-Time Ray Tracing and GPU Computing Architectures
Demis Brin 363,1954-03-11,Vancouver,British Columbia,Canada,Game Engine Architect,Reinforcement Learning & Autonomous Decision Systems,Developing Industry-Standard Game Engines and Physics Simulations
Aman Nadella 364,1933-08-28,Stockholm,,Sweden,Game Engine Architect,"Distributed Systems, Operating Systems & Cloud Architecture",Foundational Contributions to Open-Source Operating Systems and Compilers
Sergey Ng 365,1962-10-25,Seattle,Washington,United States,Gaming Industry Pioneer,Reinforcement Learning & Autonomous Decision Systems,Pioneering Transformer Models and Generative AI Paradigms
Gabe Ritchie 366,1965-09-05,Tokyo,,Japan,Gaming Industry Pioneer,"Game Design Methodology, Simulation & Interactive Storytelling",Revolutionizing Real-Time Ray Tracing and GPU Computing Architectures
Shuntaro Ng 367,1927-12-14,Zurich,,Switzerland,Video Game Designer,Reinforcement Learning & Autonomous Decision Systems,Foundational Contributions to Open-Source Operating Systems and Compilers
Ali Stroustrup 368,1980-12-19,Kyoto,,Japan,Deep Learning Scientist,Real-Time 3D Graphics & Game Engine Development,Advancing Reinforcement Learning for Complex Strategic Decision Making
Geoffrey Hinton 369,1909-12-26,Bangalore,Karnataka,India,Software Engineering Leader,Deep Learning Architectures & Neural Network Optimization,Creating Iconic Open-World Video Games and Strategy Mechanics
Andrew Romero 370,1930-04-24,Zurich,,Switzerland,Open Source Software Pioneer,Deep Learning Architectures & Neural Network Optimization,Foundational Contributions to Open-Source Operating Systems and Compilers
Brenda Berners-Lee 371,1953-07-12,Stockholm,,Sweden,Cloud Computing Architect,Deep Learning Architectures & Neural Network Optimization,Creating Iconic Open-World Video Games and Strategy Mechanics
Gabe Altman 372,1909-09-05,Vancouver,British Columbia,Canada,Software Engineering Leader,"Distributed Systems, Operating Systems & Cloud Architecture",Creating Iconic Open-World Video Games and Strategy Mechanics
Ken Berners-Lee 373,1903-12-24,Seoul,,South Korea,Game Engine Architect,"Distributed Systems, Operating Systems & Cloud Architecture",Creating Iconic Open-World Video Games and Strategy Mechanics
Vitalik Page 374,1961-03-06,Beijing,,China,Open Source Software Pioneer,Real-Time 3D Graphics & Game Engine Development,Developing Industry-Standard Game Engines and Physics Simulations
Sam Vasiliev 375,1916-08-11,Shenzhen,,China,Artificial Intelligence Researcher,Reinforcement Learning & Autonomous Decision Systems,Foundational Contributions to Open-Source Operating Systems and Compilers
Bjarne Hernandez 376,1947-11-19,Seoul,,South Korea,Deep Learning Scientist,Large Language Models & Generative Artificial Intelligence,Revolutionizing Real-Time Ray Tracing and GPU Computing Architectures
Ken Berners-Lee 377,1918-02-10,Stockholm,,Sweden,Artificial General Intelligence Researcher,"Game Design Methodology, Simulation & Interactive Storytelling",Pioneering Transformer Models and Generative AI Paradigms
Andrew Van Rossum 378,1910-04-27,Helsinki,,Finland,Systems Software Architect,"Game Design Methodology, Simulation & Interactive Storytelling",Creating Iconic Open-World Video Games and Strategy Mechanics
Jeff Stroustrup 379,1949-08-19,Vancouver,British Columbia,Canada,Systems Software Architect,Reinforcement Learning & Autonomous Decision Systems,Foundational Contributions to Open-Source Operating Systems and Compilers
Shuntaro Sweeney 380,1988-12-14,Seattle,Washington,United States,Open Source Software Pioneer,Large Language Models & Generative Artificial Intelligence,Developing Industry-Standard Game Engines and Physics Simulations
Hideo Vasiliev 381,1963-10-11,Paris,,France,Game Engine Architect,"Distributed Systems, Operating Systems & Cloud Architecture",Pioneering Transformer Models and Generative AI Paradigms
Yann Bhutani 382,1914-04-01,London,,United Kingdom,Gaming Industry Pioneer,"Game Design Methodology, Simulation & Interactive Storytelling",Pioneering Transformer Models and Generative AI Paradigms
Gabe Carmack 383,1962-09-18,Cambridge,Massachusetts,United States,Software Engineering Leader,Large Language Models & Generative Artificial Intelligence,Advancing Reinforcement Learning for Complex Strategic Decision Making
Vitalik LeCun 384,1920-10-20,London,,United Kingdom,Game Engine Architect,Reinforcement Learning & Autonomous Decision Systems,Pioneering Transformer Models and Generative AI Paradigms
Linus Bhutani 385,1965-02-03,Helsinki,,Finland,Open Source Software Pioneer,Real-Time 3D Graphics & Game Engine Development,Creating Iconic Open-World Video Games and Strategy Mechanics
Elena Meier 386,1986-12-24,London,,United Kingdom,Artificial General Intelligence Researcher,Real-Time 3D Graphics & Game Engine Development,Developing Industry-Standard Game Engines and Physics Simulations
Sundar Nadella 387,1964-06-19,Berlin,,Germany,Game Engine Architect,Large Language Models & Generative Artificial Intelligence,Advancing Reinforcement Learning for Complex Strategic Decision Making
Jensen Bezos 388,1924-12-14,Kyoto,,Japan,Gaming Industry Pioneer,Reinforcement Learning & Autonomous Decision Systems,Foundational Contributions to Open-Source Operating Systems and Compilers
Elena Vasiliev 389,1967-03-21,Seoul,,South Korea,Video Game Designer,Large Language Models & Generative Artificial Intelligence,Advancing Reinforcement Learning for Complex Strategic Decision Making
Sam Berners-Lee 390,1953-12-14,Kyoto,,Japan,Deep Learning Scientist,"Game Design Methodology, Simulation & Interactive Storytelling",Foundational Contributions to Open-Source Operating Systems and Compilers
Tim Furukawa 391,1941-01-13,Seoul,,South Korea,Gaming Industry Pioneer,Large Language Models & Generative Artificial Intelligence,Foundational Contributions to Open-Source Operating Systems and Compilers
Sundar LeCun 392,1993-01-15,Zurich,,Switzerland,Artificial General Intelligence Researcher,Real-Time 3D Graphics & Game Engine Development,Developing Industry-Standard Game Engines and Physics Simulations
Jensen Berners-Lee 393,1968-07-14,Bangalore,Karnataka,India,Cloud Computing Architect,Real-Time 3D Graphics & Game Engine Development,Revolutionizing Real-Time Ray Tracing and GPU Computing Architectures
Linus Hassabis 394,1900-02-28,Berlin,,Germany,Neural Network Researcher,Reinforcement Learning & Autonomous Decision Systems,Advancing Reinforcement Learning for Complex Strategic Decision Making
Satoshi Khosla 395,1987-09-13,Sydney,New South Wales,Australia,Gaming Industry Pioneer,Reinforcement Learning & Autonomous Decision Systems,Pioneering Transformer Models and Generative AI Paradigms
Linus Hopper 396,1929-03-06,London,,United Kingdom,Gaming Industry Pioneer,"Game Design Methodology, Simulation & Interactive Storytelling",Creating Iconic Open-World Video Games and Strategy Mechanics
Dennis Stroustrup 397,1938-12-24,Seoul,,South Korea,Deep Learning Scientist,"Distributed Systems, Operating Systems & Cloud Architecture",Foundational Contributions to Open-Source Operating Systems and Compilers
Dennis Vasiliev 398,1930-06-02,Toronto,Ontario,Canada,Gaming Industry Pioneer,"Game Design Methodology, Simulation & Interactive Storytelling",Foundational Contributions to Open-Source Operating Systems and Compilers
Satoshi Altman 399,1938-02-15,Cambridge,Massachusetts,United States,Software Engineering Leader,"Game Design Methodology, Simulation & Interactive Storytelling",Creating Iconic Open-World Video Games and Strategy Mechanics
Yann Brin 400,1957-09-27,Tokyo,,Japan,Deep Learning Scientist,Large Language Models & Generative Artificial Intelligence,Developing Industry-Standard Game Engines and Physics Simulations
Roberta Furukawa 401,1974-05-05,Seattle,Washington,United States,Artificial Intelligence Researcher,Large Language Models & Generative Artificial Intelligence,Developing Industry-Standard Game Engines and Physics Simulations
Gabe Torvalds 402,1921-09-02,Beijing,,China,Open Source Software Pioneer,Reinforcement Learning & Autonomous Decision Systems,Advancing Reinforcement Learning for Complex Strategic Decision Making
Ken Ritchie 403,1916-06-09,Tokyo,,Japan,Open Source Software Pioneer,Deep Learning Architectures & Neural Network Optimization,Foundational Contributions to Open-Source Operating Systems and Compilers
Roberta LeCun 404,1992-05-04,Shenzhen,,China,Systems Software Architect,Real-Time 3D Graphics & Game Engine Development,Creating Iconic Open-World Video Games and Strategy Mechanics
Grace Bezos 405,1977-05-27,Cambridge,Massachusetts,United States,Neural Network Researcher,Large Language Models & Generative Artificial Intelligence,Pioneering Transformer Models and Generative AI Paradigms
Aman Hopper 406,1991-04-09,Beijing,,China,Game Engine Architect,"Game Design Methodology, Simulation & Interactive Storytelling",Creating Iconic Open-World Video Games and Strategy Mechanics
Mark Laurel 407,1912-03-09,Beijing,,China,Neural Network Researcher,Real-Time 3D Graphics & Game Engine Development,Developing Industry-Standard Game Engines and Physics Simulations
Dennis Page 408,1926-10-13,Kyoto,,Japan,Cloud Computing Architect,"Distributed Systems, Operating Systems & Cloud Architecture",Foundational Contributions to Open-Source Operating Systems and Compilers
Bill Huang 409,1945-11-12,Shenzhen,,China,Systems Software Architect,Large Language Models & Generative Artificial Intelligence,Foundational Contributions to Open-Source Operating Systems and Compilers
Sid Eich 410,1982-03-26,Tokyo,,Japan,Neural Network Researcher,Deep Learning Architectures & Neural Network Optimization,Advancing Reinforcement Learning for Complex Strategic Decision Making
Gabe Buterin 411,1955-08-27,Palo Alto,California,United States,Cloud Computing Architect,Real-Time 3D Graphics & Game Engine Development,Advancing Reinforcement Learning for Complex Strategic Decision Making
Shuntaro Eich 412,1989-07-12,Seoul,,South Korea,Neural Network Researcher,Real-Time 3D Graphics & Game Engine Development,Creating Iconic Open-World Video Games and Strategy Mechanics
Tim Pichai 413,1940-08-15,Bangalore,Karnataka,India,Artificial Intelligence Researcher,Reinforcement Learning & Autonomous Decision Systems,Creating Iconic Open-World Video Games and Strategy Mechanics
Roberta Brin 414,1929-04-20,Austin,Texas,United States,Systems Software Architect,Reinforcement Learning & Autonomous Decision Systems,Developing Industry-Standard Game Engines and Physics Simulations
Mark Page 415,1978-08-27,Zurich,,Switzerland,Deep Learning Scientist,Large Language Models & Generative Artificial Intelligence,Pioneering Transformer Models and Generative AI Paradigms
Mark Laurel 416,1904-09-09,Shenzhen,,China,Interactive Entertainment Innovator,"Game Design Methodology, Simulation & Interactive Storytelling",Pioneering Transformer Models and Generative AI Paradigms
Ali Hinton 417,1987-12-02,Palo Alto,California,United States,Neural Network Researcher,Real-Time 3D Graphics & Game Engine Development,Foundational Contributions to Open-Source Operating Systems and Compilers
Vitalik Turing 418,1970-06-04,Bangalore,Karnataka,India,Software Engineering Leader,Deep Learning Architectures & Neural Network Optimization,Creating Iconic Open-World Video Games and Strategy Mechanics
Jeff Newell 419,1988-04-20,Seattle,Washington,United States,Cloud Computing Architect,Deep Learning Architectures & Neural Network Optimization,Developing Industry-Standard Game Engines and Physics Simulations
Brenda Nadella 420,1992-01-05,San Francisco,California,United States,Systems Software Architect,Deep Learning Architectures & Neural Network Optimization,Creating Iconic Open-World Video Games and Strategy Mechanics
Satya Ng 421,1960-02-15,Toronto,Ontario,Canada,Systems Software Architect,Deep Learning Architectures & Neural Network Optimization,Foundational Contributions to Open-Source Operating Systems and Compilers
Tim Nakamoto 422,1904-07-23,San Francisco,California,United States,Software Engineering Leader,"Game Design Methodology, Simulation & Interactive Storytelling",Revolutionizing Real-Time Ray Tracing and GPU Computing Architectures
Mark Williams 423,1907-06-07,Stockholm,,Sweden,Artificial General Intelligence Researcher,"Game Design Methodology, Simulation & Interactive Storytelling",Creating Iconic Open-World Video Games and Strategy Mechanics
Grace Hinton 424,1946-02-01,Palo Alto,California,United States,Software Engineering Leader,Reinforcement Learning & Autonomous Decision Systems,Pioneering Transformer Models and Generative AI Paradigms
Guido Wozniak 425,1968-09-11,Shenzhen,,China,Software Engineering Leader,Reinforcement Learning & Autonomous Decision Systems,Foundational Contributions to Open-Source Operating Systems and Compilers
Jeff Stroustrup 426,1922-04-02,Berlin,,Germany,Systems Software Architect,Deep Learning Architectures & Neural Network Optimization,Advancing Reinforcement Learning for Complex Strategic Decision Making
Tim Hernandez 427,1943-08-09,Kyoto,,Japan,Gaming Industry Pioneer,Reinforcement Learning & Autonomous Decision Systems,Foundational Contributions to Open-Source Operating Systems and Compilers
Demis Wozniak 428,1966-01-04,Berlin,,Germany,Open Source Software Pioneer,"Distributed Systems, Operating Systems & Cloud Architecture",Developing Industry-Standard Game Engines and Physics Simulations
Sergey Hopper 429,1925-10-08,Zurich,,Switzerland,Artificial Intelligence Researcher,"Game Design Methodology, Simulation & Interactive Storytelling",Advancing Reinforcement Learning for Complex Strategic Decision Making
Yann Wright 430,1916-02-21,Palo Alto,California,United States,Neural Network Researcher,Reinforcement Learning & Autonomous Decision Systems,Pioneering Transformer Models and Generative AI Paradigms
Jeff Turing 431,1905-07-01,Stockholm,,Sweden,Gaming Industry Pioneer,Reinforcement Learning & Autonomous Decision Systems,Developing Industry-Standard Game Engines and Physics Simulations
Javier Ritchie 432,1939-04-17,Stockholm,,Sweden,Interactive Entertainment Innovator,Reinforcement Learning & Autonomous Decision Systems,Foundational Contributions to Open-Source Operating Systems and Compilers
Bjarne Brin 433,1921-10-22,Austin,Texas,United States,Neural Network Researcher,Deep Learning Architectures & Neural Network Optimization,Pioneering Transformer Models and Generative AI Paradigms
Gabe Wright 434,1922-03-23,Seattle,Washington,United States,Artificial Intelligence Researcher,Deep Learning Architectures & Neural Network Optimization,Advancing Reinforcement Learning for Complex Strategic Decision Making
Aman Hinton 435,1903-02-03,Beijing,,China,Systems Software Architect,Real-Time 3D Graphics & Game Engine Development,Developing Industry-Standard Game Engines and Physics Simulations
Bjarne Ng 436,1986-03-08,Beijing,,China,Cloud Computing Architect,Real-Time 3D Graphics & Game Engine Development,Advancing Reinforcement Learning for Complex Strategic Decision Making
Mark Khosla 437,1948-09-06,Cambridge,Massachusetts,United States,Gaming Industry Pioneer,Deep Learning Architectures & Neural Network Optimization,Developing Industry-Standard Game Engines and Physics Simulations
Ada Bezos 438,1993-04-14,Berlin,,Germany,Gaming Industry Pioneer,"Game Design Methodology, Simulation & Interactive Storytelling",Creating Iconic Open-World Video Games and Strategy Mechanics
Bjarne Khosla 439,1974-06-06,Seattle,Washington,United States,Neural Network Researcher,Large Language Models & Generative Artificial Intelligence,Creating Iconic Open-World Video Games and Strategy Mechanics
Bjarne Lovelace 440,1936-12-01,Toronto,Ontario,Canada,Artificial General Intelligence Researcher,Real-Time 3D Graphics & Game Engine Development,Advancing Reinforcement Learning for Complex Strategic Decision Making
Roberta Huang 441,1976-06-04,London,,United Kingdom,Video Game Designer,"Distributed Systems, Operating Systems & Cloud Architecture",Creating Iconic Open-World Video Games and Strategy Mechanics
Vitalik Romero 442,1945-06-09,Stockholm,,Sweden,Artificial General Intelligence Researcher,"Game Design Methodology, Simulation & Interactive Storytelling",Creating Iconic Open-World Video Games and Strategy Mechanics
Roberta LeCun 443,1976-06-04,Shenzhen,,China,Video Game Designer,Large Language Models & Generative Artificial Intelligence,Advancing Reinforcement Learning for Complex Strategic Decision Making
Javier Wright 444,1961-08-16,London,,United Kingdom,Video Game Designer,"Game Design Methodology, Simulation & Interactive Storytelling",Creating Iconic Open-World Video Games and Strategy Mechanics
Hideo Hinton 445,1962-05-16,Seattle,Washington,United States,Systems Software Architect,Real-Time 3D Graphics & Game Engine Development,Developing Industry-Standard Game Engines and Physics Simulations
Sid Kojima 446,1903-05-20,Palo Alto,California,United States,Neural Network Researcher,Reinforcement Learning & Autonomous Decision Systems,Developing Industry-Standard Game Engines and Physics Simulations
Shuntaro Ritchie 447,1902-03-07,Shenzhen,,China,Open Source Software Pioneer,"Game Design Methodology, Simulation & Interactive Storytelling",Advancing Reinforcement Learning for Complex Strategic Decision Making
Brendan Furukawa 448,1966-06-03,Vancouver,British Columbia,Canada,Open Source Software Pioneer,Deep Learning Architectures & Neural Network Optimization,Foundational Contributions to Open-Source Operating Systems and Compilers
John Williams 449,1981-10-21,Helsinki,,Finland,Cloud Computing Architect,"Distributed Systems, Operating Systems & Cloud Architecture",Revolutionizing Real-Time Ray Tracing and GPU Computing Architectures
Ada Carmack 450,1986-01-17,Kyoto,,Japan,Artificial Intelligence Researcher,Large Language Models & Generative Artificial Intelligence,Foundational Contributions to Open-Source Operating Systems and Compilers
Ali Wozniak 451,1918-10-17,Tokyo,,Japan,Cloud Computing Architect,"Game Design Methodology, Simulation & Interactive Storytelling",Creating Iconic Open-World Video Games and Strategy Mechanics
Will Stroustrup 452,1983-04-11,Stockholm,,Sweden,Deep Learning Scientist,Deep Learning Architectures & Neural Network Optimization,Foundational Contributions to Open-Source Operating Systems and Compilers
Geoffrey Altman 453,1982-07-26,Tokyo,,Japan,Artificial General Intelligence Researcher,"Game Design Methodology, Simulation & Interactive Storytelling",Developing Industry-Standard Game Engines and Physics Simulations
Grace Stroustrup 454,1902-01-11,Cambridge,Massachusetts,United States,Artificial General Intelligence Researcher,Reinforcement Learning & Autonomous Decision Systems,Advancing Reinforcement Learning for Complex Strategic Decision Making
Aman Newell 455,1967-10-15,London,,United Kingdom,Gaming Industry Pioneer,Deep Learning Architectures & Neural Network Optimization,Advancing Reinforcement Learning for Complex Strategic Decision Making
Elena LeCun 456,1911-04-21,Bangalore,Karnataka,India,Cloud Computing Architect,"Distributed Systems, Operating Systems & Cloud Architecture",Developing Industry-Standard Game Engines and Physics Simulations
Ada Carmack 457,1914-10-20,Toronto,Ontario,Canada,Systems Software Architect,"Distributed Systems, Operating Systems & Cloud Architecture",Developing Industry-Standard Game Engines and Physics Simulations
Ken Vasiliev 458,1983-10-12,Berlin,,Germany,Neural Network Researcher,Real-Time 3D Graphics & Game Engine Development,Creating Iconic Open-World Video Games and Strategy Mechanics
Mark Brin 459,1941-09-07,Kyoto,,Japan,Video Game Designer,Deep Learning Architectures & Neural Network Optimization,Creating Iconic Open-World Video Games and Strategy Mechanics
Steve Gates 460,1965-12-14,Berlin,,Germany,Cloud Computing Architect,Reinforcement Learning & Autonomous Decision Systems,Creating Iconic Open-World Video Games and Strategy Mechanics
Brendan Berners-Lee 461,1994-08-19,Tokyo,,Japan,Systems Software Architect,Real-Time 3D Graphics & Game Engine Development,Advancing Reinforcement Learning for Complex Strategic Decision Making
Jeff Gates 462,1956-01-08,Toronto,Ontario,Canada,Software Engineering Leader,Large Language Models & Generative Artificial Intelligence,Developing Industry-Standard Game Engines and Physics Simulations
Ken Pichai 463,1960-10-03,Berlin,,Germany,Game Engine Architect,Reinforcement Learning & Autonomous Decision Systems,Creating Iconic Open-World Video Games and Strategy Mechanics
Vitalik Ng 464,1979-12-20,Palo Alto,California,United States,Software Engineering Leader,Reinforcement Learning & Autonomous Decision Systems,Revolutionizing Real-Time Ray Tracing and GPU Computing Architectures
Elena Pichai 465,1993-12-12,Tokyo,,Japan,Video Game Designer,Real-Time 3D Graphics & Game Engine Development,Pioneering Transformer Models and Generative AI Paradigms
Steve Turing 466,1937-01-07,Beijing,,China,Game Engine Architect,Large Language Models & Generative Artificial Intelligence,Foundational Contributions to Open-Source Operating Systems and Compilers
Steve Nadella 467,1933-07-03,Seoul,,South Korea,Software Engineering Leader,"Game Design Methodology, Simulation & Interactive Storytelling",Advancing Reinforcement Learning for Complex Strategic Decision Making
Roberta Vasiliev 468,1982-08-12,Berlin,,Germany,Interactive Entertainment Innovator,Large Language Models & Generative Artificial Intelligence,Pioneering Transformer Models and Generative AI Paradigms
Ken Zuckerberg 469,1930-02-08,London,,United Kingdom,Interactive Entertainment Innovator,Large Language Models & Generative Artificial Intelligence,Revolutionizing Real-Time Ray Tracing and GPU Computing Architectures
Ken Meier 470,1926-09-28,Shenzhen,,China,Cloud Computing Architect,Deep Learning Architectures & Neural Network Optimization,Developing Industry-Standard Game Engines and Physics Simulations
Bjarne Hernandez 471,1943-04-03,Cambridge,Massachusetts,United States,Open Source Software Pioneer,Reinforcement Learning & Autonomous Decision Systems,Creating Iconic Open-World Video Games and Strategy Mechanics
Geoffrey Hernandez 472,1962-08-04,Beijing,,China,Artificial Intelligence Researcher,Large Language Models & Generative Artificial Intelligence,Revolutionizing Real-Time Ray Tracing and GPU Computing Architectures
Gabe Newell 473,1977-04-01,Seoul,,South Korea,Neural Network Researcher,Reinforcement Learning & Autonomous Decision Systems,Foundational Contributions to Open-Source Operating Systems and Compilers
Brendan Williams 474,1937-08-06,Tokyo,,Japan,Video Game Designer,Real-Time 3D Graphics & Game Engine Development,Pioneering Transformer Models and Generative AI Paradigms
Larry Nakamoto 475,1937-05-01,Shenzhen,,China,Gaming Industry Pioneer,Large Language Models & Generative Artificial Intelligence,Foundational Contributions to Open-Source Operating Systems and Compilers
Grace Brin 476,1993-06-09,Vancouver,British Columbia,Canada,Deep Learning Scientist,Reinforcement Learning & Autonomous Decision Systems,Pioneering Transformer Models and Generative AI Paradigms
Roberta Torvalds 477,1904-04-02,Seattle,Washington,United States,Artificial General Intelligence Researcher,Reinforcement Learning & Autonomous Decision Systems,Pioneering Transformer Models and Generative AI Paradigms
Tim Bezos 478,1979-07-04,Sydney,New South Wales,Australia,Systems Software Architect,Reinforcement Learning & Autonomous Decision Systems,Pioneering Transformer Models and Generative AI Paradigms
Andrew Zuckerberg 479,1912-04-27,Paris,,France,Open Source Software Pioneer,Reinforcement Learning & Autonomous Decision Systems,Pioneering Transformer Models and Generative AI Paradigms
Ada Lovelace 480,1927-05-19,Sydney,New South Wales,Australia,Open Source Software Pioneer,"Game Design Methodology, Simulation & Interactive Storytelling",Developing Industry-Standard Game Engines and Physics Simulations
Tim Sweeney 481,1905-03-03,Shenzhen,,China,Cloud Computing Architect,Deep Learning Architectures & Neural Network Optimization,Foundational Contributions to Open-Source Operating Systems and Compilers
Demis Furukawa 482,1917-06-19,Vancouver,British Columbia,Canada,Neural Network Researcher,Deep Learning Architectures & Neural Network Optimization,Creating Iconic Open-World Video Games and Strategy Mechanics
Vitalik Hinton 483,1917-10-16,Helsinki,,Finland,Neural Network Researcher,"Distributed Systems, Operating Systems & Cloud Architecture",Advancing Reinforcement Learning for Complex Strategic Decision Making
Sidney Van Rossum 484,1939-03-05,Toronto,Ontario,Canada,Software Engineering Leader,Deep Learning Architectures & Neural Network Optimization,Advancing Reinforcement Learning for Complex Strategic Decision Making
Sid Pichai 485,1974-06-03,London,,United Kingdom,Neural Network Researcher,"Game Design Methodology, Simulation & Interactive Storytelling",Foundational Contributions to Open-Source Operating Systems and Compilers
Elena Romero 486,1900-01-05,Palo Alto,California,United States,Deep Learning Scientist,Large Language Models & Generative Artificial Intelligence,Foundational Contributions to Open-Source Operating Systems and Compilers
Javier Bhutani 487,1936-11-28,Paris,,France,Deep Learning Scientist,"Game Design Methodology, Simulation & Interactive Storytelling",Advancing Reinforcement Learning for Complex Strategic Decision Making
Mark Bezos 488,1985-05-25,Sydney,New South Wales,Australia,Deep Learning Scientist,Real-Time 3D Graphics & Game Engine Development,Developing Industry-Standard Game Engines and Physics Simulations
Larry Van Rossum 489,1945-06-02,Berlin,,Germany,Neural Network Researcher,"Distributed Systems, Operating Systems & Cloud Architecture",Pioneering Transformer Models and Generative AI Paradigms
Larry Furukawa 490,1979-01-17,London,,United Kingdom,Artificial General Intelligence Researcher,Deep Learning Architectures & Neural Network Optimization,Creating Iconic Open-World Video Games and Strategy Mechanics
Ali Wright 491,1955-08-07,Austin,Texas,United States,Deep Learning Scientist,Deep Learning Architectures & Neural Network Optimization,Creating Iconic Open-World Video Games and Strategy Mechanics
Linus Gates 492,1979-12-14,Helsinki,,Finland,Software Engineering Leader,"Game Design Methodology, Simulation & Interactive Storytelling",Pioneering Transformer Models and Generative AI Paradigms
Grace Vasiliev 493,1977-06-17,Sydney,New South Wales,Australia,Artificial General Intelligence Researcher,Deep Learning Architectures & Neural Network Optimization,Pioneering Transformer Models and Generative AI Paradigms
Javier Kojima 494,1949-01-24,Tokyo,,Japan,Artificial General Intelligence Researcher,Real-Time 3D Graphics & Game Engine Development,Pioneering Transformer Models and Generative AI Paradigms
Vitalik Williams 495,1935-03-17,Beijing,,China,Game Engine Architect,"Game Design Methodology, Simulation & Interactive Storytelling",Foundational Contributions to Open-Source Operating Systems and Compilers
Bjarne Turing 496,1955-05-09,Stockholm,,Sweden,Interactive Entertainment Innovator,Reinforcement Learning & Autonomous Decision Systems,Revolutionizing Real-Time Ray Tracing and GPU Computing Architectures
Tim Brin 497,1915-01-03,Austin,Texas,United States,Software Engineering Leader,Reinforcement Learning & Autonomous Decision Systems,Advancing Reinforcement Learning for Complex Strategic Decision Making
Sidney Wright 498,1964-04-18,Seattle,Washington,United States,Video Game Designer,"Game Design Methodology, Simulation & Interactive Storytelling",Revolutionizing Real-Time Ray Tracing and GPU Computing Architectures
Andrew Pichai 499,1954-09-23,Vancouver,British Columbia,Canada,Game Engine Architect,Deep Learning Architectures & Neural Network Optimization,Foundational Contributions to Open-Source Operating Systems and Compilers
Jensen Bezos 500,1986-06-09,Stockholm,,Sweden,Software Engineering Leader,Large Language Models & Generative Artificial Intelligence,Pioneering Transformer Models and Generative AI Paradigms
Ali Thompson 501,1935-10-28,Seattle,Washington,United States,Systems Software Architect,Real-Time 3D Graphics & Game Engine Development,Pioneering Transformer Models and Generative AI Paradigms
Sid Hinton 502,1929-01-19,Tokyo,,Japan,Open Source Software Pioneer,"Distributed Systems, Operating Systems & Cloud Architecture",Developing Industry-Standard Game Engines and Physics Simulations
Jensen Hinton 503,1948-06-26,Sydney,New South Wales,Australia,Systems Software Architect,Deep Learning Architectures & Neural Network Optimization,Foundational Contributions to Open-Source Operating Systems and Compilers
Shuntaro Wozniak 504,1922-09-25,Tokyo,,Japan,Video Game Designer,Large Language Models & Generative Artificial Intelligence,Advancing Reinforcement Learning for Complex Strategic Decision Making
Steve Hopper 505,1987-03-19,Shenzhen,,China,Interactive Entertainment Innovator,"Game Design Methodology, Simulation & Interactive Storytelling",Creating Iconic Open-World Video Games and Strategy Mechanics
Grace Stroustrup 506,1965-01-22,San Francisco,California,United States,Gaming Industry Pioneer,"Game Design Methodology, Simulation & Interactive Storytelling",Pioneering Transformer Models and Generative AI Paradigms
Andrew Ng 507,1963-11-27,Helsinki,,Finland,Game Engine Architect,Deep Learning Architectures & Neural Network Optimization,Revolutionizing Real-Time Ray Tracing and GPU Computing Architectures
Yann Nadella 508,1949-03-02,Beijing,,China,Cloud Computing Architect,Reinforcement Learning & Autonomous Decision Systems,Creating Iconic Open-World Video Games and Strategy Mechanics
Jeff Nadella 509,1918-10-12,Beijing,,China,Cloud Computing Architect,Large Language Models & Generative Artificial Intelligence,Foundational Contributions to Open-Source Operating Systems and Compilers
Satoshi Van Rossum 510,1925-10-10,Shenzhen,,China,Gaming Industry Pioneer,Real-Time 3D Graphics & Game Engine Development,Revolutionizing Real-Time Ray Tracing and GPU Computing Architectures
Brenda Turing 511,1909-06-06,Kyoto,,Japan,Cloud Computing Architect,"Game Design Methodology, Simulation & Interactive Storytelling",Developing Industry-Standard Game Engines and Physics Simulations
Sam LeCun 512,1906-09-11,Tokyo,,Japan,Open Source Software Pioneer,Reinforcement Learning & Autonomous Decision Systems,Advancing Reinforcement Learning for Complex Strategic Decision Making
Steve Eich 513,1914-03-04,Stockholm,,Sweden,Systems Software Architect,Real-Time 3D Graphics & Game Engine Development,Revolutionizing Real-Time Ray Tracing and GPU Computing Architectures
Sundar Van Rossum 514,1961-01-06,Bangalore,Karnataka,India,Systems Software Architect,Large Language Models & Generative Artificial Intelligence,Revolutionizing Real-Time Ray Tracing and GPU Computing Architectures
Jeff Carmack 515,1922-03-24,Bangalore,Karnataka,India,Open Source Software Pioneer,"Distributed Systems, Operating Systems & Cloud Architecture",Revolutionizing Real-Time Ray Tracing and GPU Computing Architectures
Sundar Hernandez 516,1946-08-25,Stockholm,,Sweden,Game Engine Architect,"Game Design Methodology, Simulation & Interactive Storytelling",Advancing Reinforcement Learning for Complex Strategic Decision Making
Roberta Bezos 517,1910-04-03,Shenzhen,,China,Artificial General Intelligence Researcher,"Game Design Methodology, Simulation & Interactive Storytelling",Creating Iconic Open-World Video Games and Strategy Mechanics
Roberta Furukawa 518,1913-10-24,Zurich,,Switzerland,Artificial Intelligence Researcher,Large Language Models & Generative Artificial Intelligence,Developing Industry-Standard Game Engines and Physics Simulations
Ali Newell 519,1945-12-04,Palo Alto,California,United States,Video Game Designer,"Game Design Methodology, Simulation & Interactive Storytelling",Foundational Contributions to Open-Source Operating Systems and Compilers
Elena Furukawa 520,1966-12-15,Shenzhen,,China,Game Engine Architect,"Distributed Systems, Operating Systems & Cloud Architecture",Advancing Reinforcement Learning for Complex Strategic Decision Making
Ali Pichai 521,1985-07-10,Toronto,Ontario,Canada,Open Source Software Pioneer,Large Language Models & Generative Artificial Intelligence,Revolutionizing Real-Time Ray Tracing and GPU Computing Architectures
Bjarne Wright 522,1970-08-10,Bangalore,Karnataka,India,Software Engineering Leader,Large Language Models & Generative Artificial Intelligence,Foundational Contributions to Open-Source Operating Systems and Compilers
Shuntaro Stroustrup 523,1920-04-06,Palo Alto,California,United States,Game Engine Architect,"Game Design Methodology, Simulation & Interactive Storytelling",Revolutionizing Real-Time Ray Tracing and GPU Computing Architectures
Sidney Turing 524,1912-05-26,Seattle,Washington,United States,Cloud Computing Architect,Deep Learning Architectures & Neural Network Optimization,Advancing Reinforcement Learning for Complex Strategic Decision Making
Jensen Carmack 525,1965-02-20,Kyoto,,Japan,Cloud Computing Architect,Deep Learning Architectures & Neural Network Optimization,Advancing Reinforcement Learning for Complex Strategic Decision Making
Vitalik Hopper 526,1948-10-06,Bangalore,Karnataka,India,Artificial Intelligence Researcher,Real-Time 3D Graphics & Game Engine Development,Creating Iconic Open-World Video Games and Strategy Mechanics
Will Wozniak 527,1953-05-05,Sydney,New South Wales,Australia,Gaming Industry Pioneer,Large Language Models & Generative Artificial Intelligence,Advancing Reinforcement Learning for Complex Strategic Decision Making
Bill Vasiliev 528,1989-09-10,Beijing,,China,Video Game Designer,Deep Learning Architectures & Neural Network Optimization,Revolutionizing Real-Time Ray Tracing and GPU Computing Architectures
Tim Vasiliev 529,1972-09-14,Shenzhen,,China,Software Engineering Leader,Large Language Models & Generative Artificial Intelligence,Revolutionizing Real-Time Ray Tracing and GPU Computing Architectures
Bjarne Furukawa 530,1980-03-14,Beijing,,China,Game Engine Architect,Large Language Models & Generative Artificial Intelligence,Foundational Contributions to Open-Source Operating Systems and Compilers
Ali Pichai 531,1967-02-26,Seoul,,South Korea,Gaming Industry Pioneer,Reinforcement Learning & Autonomous Decision Systems,Foundational Contributions to Open-Source Operating Systems and Compilers
Bill Hernandez 532,1921-03-09,Shenzhen,,China,Video Game Designer,Large Language Models & Generative Artificial Intelligence,Developing Industry-Standard Game Engines and Physics Simulations
Gabe Newell 533,1946-05-11,Palo Alto,California,United States,Artificial Intelligence Researcher,"Game Design Methodology, Simulation & Interactive Storytelling",Creating Iconic Open-World Video Games and Strategy Mechanics
Tim Gates 534,1908-08-19,Vancouver,British Columbia,Canada,Video Game Designer,Large Language Models & Generative Artificial Intelligence,Creating Iconic Open-World Video Games and Strategy Mechanics
Brendan Kojima 535,1962-06-27,Kyoto,,Japan,Cloud Computing Architect,Reinforcement Learning & Autonomous Decision Systems,Pioneering Transformer Models and Generative AI Paradigms
Linus Bezos 536,1937-03-12,Seoul,,South Korea,Interactive Entertainment Innovator,Large Language Models & Generative Artificial Intelligence,Pioneering Transformer Models and Generative AI Paradigms
Aman Wright 537,1911-08-09,Beijing,,China,Deep Learning Scientist,Real-Time 3D Graphics & Game Engine Development,Revolutionizing Real-Time Ray Tracing and GPU Computing Architectures
Yann Zuckerberg 538,1992-08-27,Seattle,Washington,United States,Game Engine Architect,"Distributed Systems, Operating Systems & Cloud Architecture",Creating Iconic Open-World Video Games and Strategy Mechanics
Steve Berners-Lee 539,1922-01-22,Seoul,,South Korea,Interactive Entertainment Innovator,"Game Design Methodology, Simulation & Interactive Storytelling",Foundational Contributions to Open-Source Operating Systems and Compilers
Ada Furukawa 540,1992-12-10,Cambridge,Massachusetts,United States,Software Engineering Leader,"Distributed Systems, Operating Systems & Cloud Architecture",Revolutionizing Real-Time Ray Tracing and GPU Computing Architectures
Satoshi Hassabis 541,1977-04-11,Austin,Texas,United States,Software Engineering Leader,Deep Learning Architectures & Neural Network Optimization,Revolutionizing Real-Time Ray Tracing and GPU Computing Architectures
Gabe Bhutani 542,1974-04-17,Berlin,,Germany,Artificial Intelligence Researcher,Real-Time 3D Graphics & Game Engine Development,Revolutionizing Real-Time Ray Tracing and GPU Computing Architectures
Brenda Buterin 543,1990-05-28,Seattle,Washington,United States,Interactive Entertainment Innovator,Large Language Models & Generative Artificial Intelligence,Creating Iconic Open-World Video Games and Strategy Mechanics
John Furukawa 544,1929-05-06,Toronto,Ontario,Canada,Artificial General Intelligence Researcher,Large Language Models & Generative Artificial Intelligence,Creating Iconic Open-World Video Games and Strategy Mechanics
Bjarne Altman 545,1989-03-23,Zurich,,Switzerland,Interactive Entertainment Innovator,Real-Time 3D Graphics & Game Engine Development,Developing Industry-Standard Game Engines and Physics Simulations
Shuntaro Meier 546,1914-10-09,Cambridge,Massachusetts,United States,Artificial General Intelligence Researcher,"Game Design Methodology, Simulation & Interactive Storytelling",Revolutionizing Real-Time Ray Tracing and GPU Computing Architectures
Jensen Huang 547,1909-01-23,Helsinki,,Finland,Artificial Intelligence Researcher,"Distributed Systems, Operating Systems & Cloud Architecture",Advancing Reinforcement Learning for Complex Strategic Decision Making
Vitalik Nadella 548,1981-06-27,Stockholm,,Sweden,Gaming Industry Pioneer,"Game Design Methodology, Simulation & Interactive Storytelling",Revolutionizing Real-Time Ray Tracing and GPU Computing Architectures
Hideo Laurel 549,1915-05-09,Seattle,Washington,United States,Game Engine Architect,Deep Learning Architectures & Neural Network Optimization,Foundational Contributions to Open-Source Operating Systems and Compilers
Satoshi Ng 550,1971-08-23,Seattle,Washington,United States,Game Engine Architect,Reinforcement Learning & Autonomous Decision Systems,Foundational Contributions to Open-Source Operating Systems and Compilers
Grace Romero 551,1921-08-01,San Francisco,California,United States,Artificial General Intelligence Researcher,"Game Design Methodology, Simulation & Interactive Storytelling",Pioneering Transformer Models and Generative AI Paradigms
Shuntaro Newell 552,1973-05-17,Austin,Texas,United States,Open Source Software Pioneer,Reinforcement Learning & Autonomous Decision Systems,Advancing Reinforcement Learning for Complex Strategic Decision Making
Ada Laurel 553,1920-07-26,Palo Alto,California,United States,Artificial Intelligence Researcher,Reinforcement Learning & Autonomous Decision Systems,Pioneering Transformer Models and Generative AI Paradigms
Hideo Sweeney 554,1915-05-20,Shenzhen,,China,Artificial Intelligence Researcher,"Game Design Methodology, Simulation & Interactive Storytelling",Developing Industry-Standard Game Engines and Physics Simulations
Satoshi Kojima 555,1906-01-15,Stockholm,,Sweden,Artificial General Intelligence Researcher,Large Language Models & Generative Artificial Intelligence,Advancing Reinforcement Learning for Complex Strategic Decision Making
Hideo Meier 556,1951-11-21,Zurich,,Switzerland,Systems Software Architect,Deep Learning Architectures & Neural Network Optimization,Foundational Contributions to Open-Source Operating Systems and Compilers
Bill Hernandez 557,1910-02-02,Cambridge,Massachusetts,United States,Interactive Entertainment Innovator,"Distributed Systems, Operating Systems & Cloud Architecture",Pioneering Transformer Models and Generative AI Paradigms
Roberta Khosla 558,1931-11-11,Berlin,,Germany,Game Engine Architect,Reinforcement Learning & Autonomous Decision Systems,Foundational Contributions to Open-Source Operating Systems and Compilers
Jeff Kojima 559,1920-03-17,Shenzhen,,China,Artificial General Intelligence Researcher,Real-Time 3D Graphics & Game Engine Development,Developing Industry-Standard Game Engines and Physics Simulations
Ken Hassabis 560,1903-09-19,Seattle,Washington,United States,Cloud Computing Architect,Reinforcement Learning & Autonomous Decision Systems,Revolutionizing Real-Time Ray Tracing and GPU Computing Architectures
Brendan Page 561,1984-03-26,Seattle,Washington,United States,Deep Learning Scientist,Large Language Models & Generative Artificial Intelligence,Foundational Contributions to Open-Source Operating Systems and Compilers
Tim Nakamoto 562,1990-07-10,Beijing,,China,Software Engineering Leader,"Distributed Systems, Operating Systems & Cloud Architecture",Foundational Contributions to Open-Source Operating Systems and Compilers
Gabe Van Rossum 563,1941-04-28,Tokyo,,Japan,Artificial General Intelligence Researcher,Reinforcement Learning & Autonomous Decision Systems,Revolutionizing Real-Time Ray Tracing and GPU Computing Architectures
Larry Pichai 564,1914-07-18,San Francisco,California,United States,Deep Learning Scientist,Deep Learning Architectures & Neural Network Optimization,Foundational Contributions to Open-Source Operating Systems and Compilers
Demis Nakamoto 565,1981-12-08,Seoul,,South Korea,Systems Software Architect,"Distributed Systems, Operating Systems & Cloud Architecture",Pioneering Transformer Models and Generative AI Paradigms
Jensen Thompson 566,1993-10-05,Bangalore,Karnataka,India,Video Game Designer,Large Language Models & Generative Artificial Intelligence,Developing Industry-Standard Game Engines and Physics Simulations
Sergey Gates 567,1978-10-14,Tokyo,,Japan,Game Engine Architect,Deep Learning Architectures & Neural Network Optimization,Advancing Reinforcement Learning for Complex Strategic Decision Making
Sam Ng 568,1990-08-25,Paris,,France,Gaming Industry Pioneer,Reinforcement Learning & Autonomous Decision Systems,Advancing Reinforcement Learning for Complex Strategic Decision Making
Linus Wozniak 569,1973-12-12,Tokyo,,Japan,Systems Software Architect,Large Language Models & Generative Artificial Intelligence,Developing Industry-Standard Game Engines and Physics Simulations
Grace Vasiliev 570,1963-09-03,San Francisco,California,United States,Systems Software Architect,"Game Design Methodology, Simulation & Interactive Storytelling",Revolutionizing Real-Time Ray Tracing and GPU Computing Architectures
Ali Hernandez 571,1909-12-07,Austin,Texas,United States,Game Engine Architect,Reinforcement Learning & Autonomous Decision Systems,Developing Industry-Standard Game Engines and Physics Simulations
Yann Bezos 572,1960-02-13,Palo Alto,California,United States,Gaming Industry Pioneer,Large Language Models & Generative Artificial Intelligence,Foundational Contributions to Open-Source Operating Systems and Compilers
Brendan Berners-Lee 573,1962-01-17,Vancouver,British Columbia,Canada,Software Engineering Leader,"Game Design Methodology, Simulation & Interactive Storytelling",Advancing Reinforcement Learning for Complex Strategic Decision Making
Sergey Pichai 574,1994-05-22,Sydney,New South Wales,Australia,Gaming Industry Pioneer,"Distributed Systems, Operating Systems & Cloud Architecture",Developing Industry-Standard Game Engines and Physics Simulations
Gabe Turing 575,1979-03-15,Kyoto,,Japan,Game Engine Architect,Reinforcement Learning & Autonomous Decision Systems,Advancing Reinforcement Learning for Complex Strategic Decision Making
Roberta Meier 576,1914-02-07,Tokyo,,Japan,Cloud Computing Architect,Deep Learning Architectures & Neural Network Optimization,Creating Iconic Open-World Video Games and Strategy Mechanics
Guido Van Rossum 577,1955-03-16,Palo Alto,California,United States,Deep Learning Scientist,Reinforcement Learning & Autonomous Decision Systems,Advancing Reinforcement Learning for Complex Strategic Decision Making
Roberta Nadella 578,1941-08-26,Kyoto,,Japan,Software Engineering Leader,Large Language Models & Generative Artificial Intelligence,Pioneering Transformer Models and Generative AI Paradigms
Tim Vasiliev 579,1987-05-18,Seoul,,South Korea,Game Engine Architect,"Distributed Systems, Operating Systems & Cloud Architecture",Foundational Contributions to Open-Source Operating Systems and Compilers
Javier Turing 580,1992-11-03,Sydney,New South Wales,Australia,Software Engineering Leader,"Distributed Systems, Operating Systems & Cloud Architecture",Developing Industry-Standard Game Engines and Physics Simulations
Geoffrey Carmack 581,1925-01-09,Helsinki,,Finland,Video Game Designer,Reinforcement Learning & Autonomous Decision Systems,Advancing Reinforcement Learning for Complex Strategic Decision Making
Sergey Kojima 582,1923-07-24,Cambridge,Massachusetts,United States,Deep Learning Scientist,"Game Design Methodology, Simulation & Interactive Storytelling",Advancing Reinforcement Learning for Complex Strategic Decision Making
Tim Pichai 583,1942-07-20,Helsinki,,Finland,Artificial Intelligence Researcher,Real-Time 3D Graphics & Game Engine Development,Foundational Contributions to Open-Source Operating Systems and Compilers
Roberta Hopper 584,1989-02-02,Helsinki,,Finland,Systems Software Architect,Deep Learning Architectures & Neural Network Optimization,Foundational Contributions to Open-Source Operating Systems and Compilers
Satya Vasiliev 585,1904-09-15,London,,United Kingdom,Artificial Intelligence Researcher,Reinforcement Learning & Autonomous Decision Systems,Revolutionizing Real-Time Ray Tracing and GPU Computing Architectures
Satoshi Nakamoto 586,1966-11-07,Shenzhen,,China,Video Game Designer,Real-Time 3D Graphics & Game Engine Development,Revolutionizing Real-Time Ray Tracing and GPU Computing Architectures
Andrew Thompson 587,1953-07-03,Bangalore,Karnataka,India,Software Engineering Leader,Real-Time 3D Graphics & Game Engine Development,Revolutionizing Real-Time Ray Tracing and GPU Computing Architectures
Sergey Kojima 588,1964-04-02,Cambridge,Massachusetts,United States,Artificial General Intelligence Researcher,"Game Design Methodology, Simulation & Interactive Storytelling",Creating Iconic Open-World Video Games and Strategy Mechanics
Roberta Carmack 589,1990-09-01,Tokyo,,Japan,Open Source Software Pioneer,Deep Learning Architectures & Neural Network Optimization,Foundational Contributions to Open-Source Operating Systems and Compilers
Vitalik Berners-Lee 590,1941-04-02,Toronto,Ontario,Canada,Open Source Software Pioneer,"Game Design Methodology, Simulation & Interactive Storytelling",Advancing Reinforcement Learning for Complex Strategic Decision Making
Dennis Thompson 591,1982-10-11,Palo Alto,California,United States,Artificial General Intelligence Researcher,Reinforcement Learning & Autonomous Decision Systems,Advancing Reinforcement Learning for Complex Strategic Decision Making
Elena Stroustrup 592,1932-02-01,Cambridge,Massachusetts,United States,Interactive Entertainment Innovator,"Game Design Methodology, Simulation & Interactive Storytelling",Developing Industry-Standard Game Engines and Physics Simulations
Satoshi Zuckerberg 593,1951-06-21,Kyoto,,Japan,Deep Learning Scientist,Real-Time 3D Graphics & Game Engine Development,Revolutionizing Real-Time Ray Tracing and GPU Computing Architectures
Yann Carmack 594,1952-11-22,Sydney,New South Wales,Australia,Software Engineering Leader,"Game Design Methodology, Simulation & Interactive Storytelling",Developing Industry-Standard Game Engines and Physics Simulations
Geoffrey Laurel 595,1931-05-19,Bangalore,Karnataka,India,Systems Software Architect,Reinforcement Learning & Autonomous Decision Systems,Advancing Reinforcement Learning for Complex Strategic Decision Making
Aman Zuckerberg 596,1955-05-15,Beijing,,China,Deep Learning Scientist,Real-Time 3D Graphics & Game Engine Development,Advancing Reinforcement Learning for Complex Strategic Decision Making
Roberta Wozniak 597,1940-12-25,Palo Alto,California,United States,Artificial General Intelligence Researcher,"Game Design Methodology, Simulation & Interactive Storytelling",Advancing Reinforcement Learning for Complex Strategic Decision Making
Larry Hernandez 598,1963-01-01,London,,United Kingdom,Deep Learning Scientist,"Game Design Methodology, Simulation & Interactive Storytelling",Creating Iconic Open-World Video Games and Strategy Mechanics
Andrew Brin 599,1915-04-02,Berlin,,Germany,Neural Network Researcher,Reinforcement Learning & Autonomous Decision Systems,Pioneering Transformer Models and Generative AI Paradigms
Satya Torvalds 600,1978-12-16,Palo Alto,California,United States,Artificial General Intelligence Researcher,"Game Design Methodology, Simulation & Interactive Storytelling",Pioneering Transformer Models and Generative AI Paradigms
