q_id,name,birth_date,occupation,job_group,exalted_planets,exalted_count,sign_conjunctions,conjunction_count,sign_exchange_candidates,exchange_count,Sun_exalted,Moon_exalted,Mercury_exalted,Venus_exalted,Mars_exalted,Jupiter_exalted,Saturn_exalted
Q1,Ali al-Ridha,0766-01-01,8th Imam of Twelver Shia Islam,Religion,Moon|Mars,2,Moon-Saturn|Mercury-Mars,2,Mercury-Saturn,1,False,True,False,False,True,False,False
Q2,Arnold Drakenborch,1684-01-01,Dutch scholar and author,Academic_Science,None,0,None,0,Jupiter-Mercury,1,False,False,False,False,False,False,False
Q3,William Clowes,1779-01-01,English publisher,Other,None,0,None,0,None,0,False,False,False,False,False,False,False
Q4,Ludovic Halévy,1834-01-01,French author and playwright,Writer_Journalism,None,0,Mercury-Venus|Mercury-Mars|Venus-Mars,3,Jupiter-Mars,1,False,False,False,False,False,False,False
Q5,Alfred Stieglitz,1864-01-01,American photographer and curator,Other,None,0,Venus-Jupiter,1,Mercury-Saturn,1,False,False,False,False,False,False,False
Q6,Chesley Bonestell,1888-01-01,"American painter, designer, and illustrator",Writer_Journalism,None,0,Moon-Saturn|Venus-Jupiter,2,None,0,False,False,False,False,False,False,False
Q7,Buster Nupen,1902-01-01,Norwegian-South African cricketer and lawyer,Athlete,Mars,1,Sun-Mercury|Sun-Saturn|Jupiter-Saturn,3,None,0,False,False,False,False,True,False,False
Q8,Patrick Anthony Porteous,1918-01-01,"Scottish colonel, Victoria Cross recipient",Other,None,0,Sun-Mercury,1,None,0,False,False,False,False,False,False,False
Q9,Ernest Tidyman,1928-01-01,American author and screenwriter,Writer_Journalism,None,0,Sun-Mercury|Mars-Saturn,2,None,0,False,False,False,False,False,False,False
Q10,Prathia Hall,1940-01-01,American civil rights movement activist,Other,None,0,Mars-Jupiter,1,None,0,False,False,False,False,False,False,False
Q11,Gary Johnson,1953-01-01,"American businessman and politician, 29th Governor of New Mexico",Politics_Government,Saturn,1,Venus-Mars,1,Saturn-Venus,1,False,False,False,False,False,False,True
Q12,Dedee Pfeiffer,1964-01-01,American actress,Actor_Media,None,0,Sun-Mercury|Mercury-Mars,2,None,0,False,False,False,False,False,False,False
Q13,Tank,1976-01-01,"American singer, songwriter, producer, and actor",Actor_Media,None,0,Sun-Moon,1,Mars-Venus,1,False,False,False,False,False,False,False
Q14,Pablo Cuevas,1986-01-01,Uruguayan tennis player,Athlete,None,0,Sun-Venus,1,None,0,False,False,False,False,False,False,False
Q15,Sardar Azmoun,1995-01-01,Iranian footballer,Athlete,None,0,Sun-Moon,1,None,0,False,False,False,False,False,False,False
Q16,Yōzei,1834-01-02,Japanese emperor,Politics_Government,None,0,Moon-Saturn|Mercury-Venus|Mercury-Mars|Venus-Mars,4,Jupiter-Mars,1,False,False,False,False,False,False,False
Q17,Marie Dumesnil,1713-01-02,French actress,Actor_Media,None,0,Venus-Jupiter,1,None,0,False,False,False,False,False,False,False
Q18,Pyotr Semyonov-Tyan-Shansky,1827-01-02,Russian geographer and statistician,Other,None,0,None,0,None,0,False,False,False,False,False,False,False
Q19,Gilbert Murray,1866-01-02,Australian-English playwright and scholar,Academic_Science,Saturn,1,Sun-Jupiter|Mercury-Venus|Mercury-Mars|Venus-Mars,4,None,0,False,False,False,False,False,False,True
Q20,Apsley Cherry-Garrard,1886-01-02,English explorer and author,Writer_Journalism,None,0,None,0,None,0,False,False,False,False,False,False,False
Q21,Theodore Plucknett,1897-01-02,English legal historian,Writer_Journalism,None,0,None,0,Jupiter-Sun,1,False,False,False,False,False,False,False
Q22,Michael Tippett,1905-01-02,English composer and conductor,Other,None,0,Sun-Mercury|Venus-Saturn,2,None,0,False,False,False,False,False,False,False
Q23,Isaac Asimov,1920-01-02,American writer and professor of biochemistry,Academic_Science,Moon|Jupiter,2,None,0,Mars-Mercury,1,False,True,False,False,False,True,False
Q24,John Hollowbread,1934-01-02,"English footballer, goalkeeper",Athlete,Mars,1,Venus-Saturn,1,Jupiter-Mercury,1,False,False,False,False,True,False,False
Q25,Charlie Davis,1944-01-02,Trinidadian cricketer,Athlete,None,0,None,0,Mars-Venus|Jupiter-Sun,2,False,False,False,False,False,False,False
Q26,Gabrielle Carteris,1961-01-02,American actress,Actor_Media,None,0,Sun-Mercury|Sun-Jupiter|Sun-Saturn|Mercury-Jupiter|Jupiter-Saturn,5,None,0,False,False,False,False,False,False,False
Q27,Eric Whitacre,1970-01-02,American composer and conductor,Other,None,0,Sun-Venus|Moon-Jupiter,2,Mars-Saturn|Jupiter-Venus,2,False,False,False,False,False,False,False
Q28,Brian Boucher,1977-01-02,American ice hockey player and sportscaster,Athlete,Moon,1,None,0,Jupiter-Mars,1,False,True,False,False,False,False,False
Q29,Germán Cano,1988-01-02,Argentine footballer,Athlete,None,0,Sun-Mercury,1,None,0,False,False,False,False,False,False,False
Q30,Arshad Nadeem,1997-01-02,Pakistani javelin thrower,Other,None,0,Sun-Mercury,1,Jupiter-Saturn,1,False,False,False,False,False,False,False
Q31,Gian Girolamo Albani,1509-01-03,Italian cardinal,Other,Mars,1,Moon-Mars,1,Mercury-Saturn,1,False,False,False,False,True,False,False
Q32,Antoni Melchior Fijałkowski,1778-01-03,Polish archbishop,Religion,Mars|Saturn,2,None,0,Jupiter-Sun,1,False,False,False,False,True,False,True
Q33,Savitribai Phule,1831-01-03,"Indian poet, educator, and activist",Writer_Journalism,None,0,Sun-Venus|Mercury-Jupiter,2,None,0,False,False,False,False,False,False,False
Q34,Henry Lytton,1865-01-03,English actor,Actor_Media,Saturn,1,None,0,Saturn-Venus,1,False,False,False,False,False,False,True
Q35,Harry Elkins Widener,1885-01-03,American businessman,Business,Mars,1,Sun-Mercury|Mercury-Mars,2,Jupiter-Sun,1,False,False,False,False,True,False,False
Q36,Ngô Đình Diệm,1901-01-03,"Vietnamese lawyer and politician, 1st President of the Republic of Vietnam",Politics_Government,None,0,Sun-Saturn|Mercury-Jupiter|Mercury-Saturn,3,None,0,False,False,False,False,False,False,False
Q37,Betty Furness,1916-01-03,American actress and television journalist,Actor_Media,None,0,None,0,None,0,False,False,False,False,False,False,False
Q38,Jill Balcon,1925-01-03,English actress,Actor_Media,Saturn,1,Mercury-Jupiter,1,None,0,False,False,False,False,False,False,True
Q39,Raymond Garneau,1935-01-03,Canadian businessman and politician,Politics_Government,None,0,Sun-Mercury,1,None,0,False,False,False,False,False,False,False
Q40,Blanche d'Alpuget,1944-01-03,Australian author,Writer_Journalism,None,0,None,0,Mars-Venus|Jupiter-Sun,2,False,False,False,False,False,False,False
Q41,Justin Fleming,1953-01-03,Australian playwright and author,Writer_Journalism,Saturn,1,Venus-Mars,1,Saturn-Venus,1,False,False,False,False,False,False,True
Q42,Chetan Sharma,1966-01-03,Indian cricketer,Athlete,Mars,1,Venus-Mars,1,Jupiter-Mercury,1,False,False,False,False,True,False,False
Q43,Dimitra Kalentzou,1978-01-03,Greek basketball player,Athlete,None,0,Sun-Venus,1,None,0,False,False,False,False,False,False,False
Q44,Dana Hussain,1986-01-03,Iraqi sprinter,Other,None,0,Sun-Venus,1,None,0,False,False,False,False,False,False,False
Q45,Rondae Hollis-Jefferson,1995-01-03,American-Jordanian basketball player,Athlete,None,0,None,0,None,0,False,False,False,False,False,False,False
Q46,Ali ibn Husayn Zayn al-Abidin,0659-01-04,,Unknown,Saturn,1,None,0,None,0,False,False,False,False,False,False,True
Q47,Hugh Boulter,1672-01-04,English-Irish archbishop,Religion,None,0,Sun-Mercury,1,Jupiter-Sun,1,False,False,False,False,False,False,False
Q48,Isaac Pitman,1813-01-04,English linguist and educator,Other,Jupiter,1,Sun-Saturn,1,Mars-Venus,1,False,False,False,False,False,True,False
Q49,Josef Suk,1874-01-04,Czech violinist and composer,Other,None,0,Mercury-Venus,1,Jupiter-Mercury,1,False,False,False,False,False,False,False
Q50,Edward Brooker,1891-01-04,"English-Australian sergeant and politician, 31st Premier of Tasmania",Politics_Government,None,0,None,0,None,0,False,False,False,False,False,False,False
Q51,Malietoa Tanumafili II,1913-01-04,Samoan ruler,Other,None,0,Mercury-Mars|Mars-Jupiter,2,Saturn-Venus,1,False,False,False,False,False,False,False
Q52,Sorrell Booke,1930-01-04,American actor and director,Actor_Media,None,0,Sun-Venus|Venus-Mars|Venus-Saturn|Mars-Saturn,4,Jupiter-Venus,1,False,False,False,False,False,False,False
Q53,Eberhard Wagner,1938-01-04,"German academic, linguist and author",Academic_Science,None,0,Sun-Venus|Mercury-Venus,2,Jupiter-Saturn,1,False,False,False,False,False,False,False
Q54,Chris Cutler,1947-01-04,"English percussionist, lyricist and music theorist",Other,Moon,1,Sun-Mars,1,None,0,False,True,False,False,False,False,False
Q55,Patty Loveless,1957-01-04,American singer-songwriter and guitarist,Actor_Media,None,0,None,0,None,0,False,False,False,False,False,False,False
Q56,Deana Carter,1966-01-04,American singer-songwriter and guitarist,Actor_Media,Moon|Mars,2,Venus-Mars,1,Jupiter-Mercury,1,False,True,False,False,True,False,False
Q57,Shane Carwin,1975-01-04,American mixed martial artist and wrestler,Athlete,None,0,Mercury-Venus,1,None,0,False,False,False,False,False,False,False
Q58,Javi Fuego,1984-01-04,Spanish footballer,Athlete,Saturn,1,Mercury-Jupiter,1,Mars-Venus,1,False,False,False,False,False,False,True
Q59,Kris Bryant,1992-01-04,American baseball player,Athlete,None,0,Sun-Moon|Mercury-Mars,2,Jupiter-Sun,1,False,False,False,False,False,False,False
Q60,Wessam Abou Ali,1999-01-04,Palestinian footballer,Athlete,None,0,None,0,None,0,False,False,False,False,False,False,False
Q61,"Richard, 1st Earl of Cornwall",1209-01-05,"English prince, nominal King of Germany",Politics_Government,None,0,Sun-Venus,1,None,0,False,False,False,False,False,False,False
Q62,Jean-Baptiste Say,1767-01-05,French economist and academic,Academic_Science,None,0,Sun-Venus,1,Jupiter-Mercury,1,False,False,False,False,False,False,False
Q63,King Camp Gillette,1855-01-05,"American businessman, founded the Gillette Company",Business,Mars,1,Sun-Venus|Mars-Jupiter,2,None,0,False,False,False,False,True,False,False
Q64,Nikolai Medtner,1880-01-05,Russian pianist and composer,Other,None,0,None,0,Jupiter-Saturn,1,False,False,False,False,False,False,False
Q65,Yves Tanguy,1900-01-05,French-American painter,Other,None,0,Sun-Mars|Mercury-Saturn,2,Jupiter-Mars,1,False,False,False,False,False,False,False
Q66,Jack Lovelock,1910-01-05,New Zealand runner and journalist,Athlete,None,0,Mars-Saturn,1,None,0,False,False,False,False,False,False,False
Q67,Anthony Synnot,1922-01-05,Australian admiral,Other,None,0,Sun-Mercury,1,Jupiter-Mercury,1,False,False,False,False,False,False,False
Q68,Alvin Ailey,1931-01-05,"American dancer and choreographer, founded the Alvin Ailey American Dance Theater",Other,None,0,Sun-Mercury|Sun-Saturn|Mercury-Saturn,3,Jupiter-Mercury,1,False,False,False,False,False,False,False
Q69,Maurizio Pollini,1942-01-05,Italian pianist and conductor,Other,None,0,None,0,None,0,False,False,False,False,False,False,False
Q70,Pamela Sue Martin,1953-01-05,American actress,Actor_Media,Saturn,1,Venus-Mars,1,Saturn-Venus,1,False,False,False,False,False,False,True
Q71,Iris DeMent,1961-01-05,American singer-songwriter and guitarist,Actor_Media,None,0,Sun-Mercury|Sun-Jupiter|Sun-Saturn|Mercury-Jupiter|Mercury-Saturn|Jupiter-Saturn,6,None,0,False,False,False,False,False,False,False
Q72,Stian Carstensen,1971-01-05,Norwegian multi-instrumentalist and composer,Other,None,0,Venus-Jupiter,1,Mars-Venus,1,False,False,False,False,False,False,False
Q73,Jason Basham,1979-01-05,American stock car racing driver,Other,Jupiter,1,Sun-Mars,1,Jupiter-Moon,1,False,False,False,False,False,True,False
Q74,Brian Mushana Kwesiga,1987-01-05,"Ugandan-born entrepreneur, engineer, and civic leader",Business,None,0,Sun-Mercury|Moon-Mars,2,None,0,False,False,False,False,False,False,False
Q75,Toafofoa Sipley,1995-01-05,New Zealand rugby league player,Athlete,None,0,Moon-Saturn|Venus-Jupiter,2,None,0,False,False,False,False,False,False,False
Q76,Gertrude the Great,1256-01-06,German mystic,Other,None,0,Sun-Moon,1,None,0,False,False,False,False,False,False,False
Q77,Caspar Peucer,1525-01-06,German physician and scholar,Academic_Science,None,0,None,0,None,0,False,False,False,False,False,False,False
Q78,Giuseppe Sammartini,1695-01-06,Italian oboe player and composer,Athlete,None,0,Sun-Venus|Sun-Mars|Venus-Saturn,3,Jupiter-Sun,1,False,False,False,False,False,False,False
Q79,Jedediah Smith,1799-01-06,"American hunter, explorer, and author",Writer_Journalism,None,0,Sun-Moon|Sun-Venus|Moon-Mercury|Moon-Venus,4,Jupiter-Mars,1,False,False,False,False,False,False,False
Q80,Giuseppe Martucci,1856-01-06,"Italian pianist, composer, and conductor",Other,None,0,Sun-Mercury,1,None,0,False,False,False,False,False,False,False
Q81,Tom Mix,1880-01-06,American cowboy and actor,Actor_Media,None,0,None,0,Jupiter-Saturn,1,False,False,False,False,False,False,False
Q82,Maria of Yugoslavia,1900-01-06,Queen of Yugoslavia,Politics_Government,None,0,Sun-Mars|Mercury-Saturn,2,Jupiter-Mars,1,False,False,False,False,False,False,False
Q83,Henry Corden,1920-01-06,Canadian-born American actor,Actor_Media,Jupiter,1,None,0,None,0,False,False,False,False,False,True,False
Q84,Vic Tayback,1930-01-06,American actor,Actor_Media,None,0,Sun-Venus|Venus-Mars|Venus-Saturn|Mars-Saturn,4,Jupiter-Venus,1,False,False,False,False,False,False,False
Q85,Valeriy Lobanovskyi,1939-01-06,Ukrainian footballer and manager,Athlete,None,0,None,0,Mars-Venus|Jupiter-Saturn,2,False,False,False,False,False,False,False
Q86,Louis Freeh,1950-01-06,"American lawyer and jurist, 10th Director of the Federal Bureau of Investigation",Actor_Media,None,0,Mercury-Jupiter,1,None,0,False,False,False,False,False,False,False
Q87,Kapil Dev,1959-01-06,Indian cricketer,Athlete,None,0,Mercury-Saturn,1,None,0,False,False,False,False,False,False,False
Q88,Norman Reedus,1969-01-06,American actor and model,Actor_Media,None,0,None,0,None,0,False,False,False,False,False,False,False
Q89,Rinko Kikuchi,1981-01-06,Japanese actress,Actor_Media,Mars,1,Sun-Moon|Sun-Mercury|Moon-Mercury|Jupiter-Saturn,4,Jupiter-Mercury,1,False,False,False,False,True,False,False
Q90,Corey Conners,1992-01-06,Canadian professional golfer,Athlete,None,0,Moon-Saturn|Mercury-Mars,2,Jupiter-Sun,1,False,False,False,False,False,False,False
Q91,Li Bian,0889-01-07,emperor of Southern Tang,Politics_Government,None,0,Sun-Mercury|Moon-Venus|Jupiter-Saturn,3,Saturn-Sun,1,False,False,False,False,False,False,False
Q92,Johann Heinrich Zedler,1706-01-07,German publisher,Other,Jupiter,1,None,0,None,0,False,False,False,False,False,True,False
Q93,Robert Nicoll,1814-01-07,Scottish poet,Writer_Journalism,None,0,Sun-Saturn,1,Jupiter-Sun,1,False,False,False,False,False,False,False
Q94,Bernadette Soubirous,1844-01-07,French nun and saint,Other,None,0,Mercury-Venus|Mercury-Saturn,2,None,0,False,False,False,False,False,False,False
Q95,William Hurlstone,1876-01-07,English pianist and composer,Other,Moon,1,Sun-Mercury,1,Jupiter-Mars,1,False,True,False,False,False,False,False
Q96,John Brownlee,1900-01-07,Australian actor and singer,Actor_Media,None,0,Sun-Mars|Mercury-Saturn,2,Jupiter-Mars,1,False,False,False,False,False,False,False
Q97,W. L. Jeyasingham,1916-01-07,Sri Lankan geographer and academic,Academic_Science,None,0,Moon-Venus,1,Mercury-Saturn,1,False,False,False,False,False,False,False
Q98,Kim Jong-pil,1926-01-07,"South Korean lieutenant and politician, 11th Prime Minister of South Korea",Politics_Government,None,0,None,0,None,0,False,False,False,False,False,False,False
Q99,Bob Boland,1938-01-07,Australian rugby league player and coach,Athlete,None,0,Sun-Venus,1,Jupiter-Saturn,1,False,False,False,False,False,False,False
Q100,Tony Elliott,1947-01-07,"English publisher, founded ''Time Out''",Other,None,0,Sun-Mars,1,None,0,False,False,False,False,False,False,False
Q101,Nicholson Baker,1957-01-07,American novelist and essayist,Writer_Journalism,None,0,Sun-Mercury,1,None,0,False,False,False,False,False,False,False
Q102,Five for Fighting,1965-01-07,American singer-songwriter and pianist,Actor_Media,None,0,Moon-Saturn|Mercury-Venus,2,None,0,False,False,False,False,False,False,False
Q103,Vic Darchinyan,1976-01-07,Armenian-Australian boxer,Athlete,None,0,None,0,Mars-Venus,1,False,False,False,False,False,False,False
Q104,Jon Lester,1984-01-07,American baseball player,Athlete,Saturn,1,Mercury-Jupiter,1,Mars-Venus,1,False,False,False,False,False,False,True
Q105,Jarnell Stokes,1994-01-07,American basketball player,Athlete,None,0,Sun-Mercury|Sun-Venus|Sun-Mars|Mercury-Venus|Mercury-Mars|Venus-Mars,6,Jupiter-Venus,1,False,False,False,False,False,False,False
Q106,Su Dongpo,1037-01-08,Chinese calligrapher and poet,Writer_Journalism,None,0,Venus-Mars,1,Saturn-Sun,1,False,False,False,False,False,False,False
Q107,"François-Henri de Montmorency, duc de Luxembourg",1628-01-08,French general,Politics_Government,None,0,Sun-Mercury|Sun-Venus|Mercury-Venus,3,Mercury-Saturn,1,False,False,False,False,False,False,False
Q108,Lowell Mason,1792-01-08,American composer and educator,Other,None,0,None,0,None,0,False,False,False,False,False,False,False
Q109,Lawrence Alma-Tadema,1836-01-08,Dutch-English painter and academic,Academic_Science,Saturn,1,Sun-Mercury|Sun-Mars|Mercury-Mars,3,Jupiter-Mercury|Saturn-Venus,2,False,False,False,False,False,False,True
Q110,William G. Conley,1866-01-08,"American educator and politician, 18th Governor of West Virginia",Politics_Government,Saturn,1,Sun-Jupiter|Mercury-Mars|Venus-Mars|Venus-Jupiter,4,None,0,False,False,False,False,False,False,True
Q111,John Curtin,1885-01-08,"Australian journalist and politician, 14th Prime Minister of Australia",Politics_Government,Mars,1,Sun-Mars,1,Jupiter-Sun,1,False,False,False,False,True,False,False
Q112,Karl Brandt,1904-01-08,German physician and SS officer,Academic_Science,Mars,1,Mercury-Saturn,1,None,0,False,False,False,False,True,False,False
Q113,Peter Matthew Hillsman Taylor,1917-01-08,"American novelist, short story writer, and playwright",Writer_Journalism,Mars,1,Mercury-Mars,1,None,0,False,False,False,False,True,False,False
Q114,Saeed Jaffrey,1929-01-08,Indian-British actor,Actor_Media,None,0,Moon-Saturn,1,None,0,False,False,False,False,False,False,False
Q115,Carolina Herrera,1939-01-08,Venezuelan-American fashion designer,Other,None,0,None,0,Mars-Venus|Jupiter-Saturn,2,False,False,False,False,False,False,False
Q116,Gillies MacKinnon,1948-01-08,Scottish director and screenwriter,Actor_Media,None,0,Sun-Mercury|Moon-Jupiter,2,None,0,False,False,False,False,False,False,False
Q117,Paul Hester,1959-01-08,Australian drummer,Other,None,0,Moon-Saturn|Mercury-Saturn,2,None,0,False,False,False,False,False,False,False
Q118,Jason Giambi,1971-01-08,American baseball player,Athlete,Moon,1,Venus-Jupiter,1,Mars-Venus,1,False,True,False,False,False,False,False
Q119,Genevieve Cortese,1981-01-08,American actress,Actor_Media,Mars,1,Sun-Mercury|Jupiter-Saturn,2,Jupiter-Mercury,1,False,False,False,False,True,False,False
Q120,Josh Hazlewood,1991-01-08,Australian cricketer,Athlete,Jupiter,1,Venus-Saturn,1,None,0,False,False,False,False,False,True,False
Q121,Hōjō Takatoki,1304-01-09,Japanese shikken of the Kamakura bakufu,Other,None,0,None,0,Mercury-Saturn,1,False,False,False,False,False,False,False
Q122,Reinhard Keiser,1674-01-09,German composer,Other,None,0,Sun-Mercury,1,Jupiter-Venus,1,False,False,False,False,False,False,False
Q123,Gilbert Abbott à Beckett,1811-01-09,English journalist and author,Writer_Journalism,None,0,None,0,Jupiter-Venus,1,False,False,False,False,False,False,False
Q124,Princess Frederica of Hanover,1848-01-09,,Unknown,None,0,None,0,Jupiter-Mercury,1,False,False,False,False,False,False,False
Q125,Hayim Nahman Bialik,1873-01-09,"Ukrainian-Austrian journalist, author, and poet",Writer_Journalism,Moon,1,Sun-Saturn,1,Jupiter-Sun,1,False,True,False,False,False,False,False
Q126,Eva Bowring,1892-01-09,American lawyer and politician,Politics_Government,None,0,None,0,None,0,False,False,False,False,False,False,False
Q127,Rudolf Bing,1902-01-09,American impresario and businessman,Business,Mars,1,Sun-Moon|Sun-Mercury|Sun-Jupiter|Sun-Saturn|Moon-Saturn|Mercury-Jupiter|Mercury-Saturn|Jupiter-Saturn,8,Jupiter-Saturn,1,False,False,False,False,True,False,False
Q128,"William Morris Meredith, Jr.",1919-01-09,American poet and academic,Academic_Science,Mars,1,None,0,Jupiter-Mercury,1,False,False,False,False,True,False,False
Q129,Algis Budrys,1931-01-09,Lithuanian-American author and critic,Writer_Journalism,None,0,Sun-Mercury|Sun-Saturn|Mercury-Saturn,3,Jupiter-Mercury,1,False,False,False,False,False,False,False
Q130,Joan Baez,1941-01-09,"American singer-songwriter, guitarist and activist",Actor_Media,Moon,1,Sun-Mercury|Jupiter-Saturn,2,None,0,False,True,False,False,False,False,False
Q131,Kaushik Basu,1952-01-09,Indian economist and academic,Academic_Science,Moon,1,None,0,Mars-Venus,1,False,True,False,False,False,False,False
Q132,Didier Camberabero,1961-01-09,French rugby player,Athlete,None,0,Sun-Mercury|Sun-Jupiter|Sun-Saturn|Mercury-Jupiter|Mercury-Saturn|Jupiter-Saturn,6,None,0,False,False,False,False,False,False,False
Q133,Angela Bettis,1973-01-09,"American actress, director, and producer",Actor_Media,None,0,Sun-Jupiter,1,None,0,False,False,False,False,False,False,False
Q134,Juan Francisco Torres,1985-01-09,Spanish footballer,Athlete,None,0,Sun-Jupiter|Venus-Mars,2,Mars-Saturn,1,False,False,False,False,False,False,False
Q135,Radek Faksa,1994-01-09,Czech ice hockey player,Athlete,None,0,Sun-Mercury|Sun-Venus|Sun-Mars|Mercury-Venus|Mercury-Mars|Venus-Mars,6,Jupiter-Venus,1,False,False,False,False,False,False,False
Q136,Husayn ibn Ali,0626-01-10,the third Shia Imam,Religion,None,0,Moon-Venus,1,Mercury-Saturn,1,False,False,False,False,False,False,False
Q137,"Thomas Erskine, 1st Baron Erskine",1750-01-10,"Scottish-English lawyer and politician, Lord Chancellor of Great Britain",Politics_Government,None,0,Sun-Mercury|Mars-Jupiter,2,None,0,False,False,False,False,False,False,False
Q138,Herman Koeckemann,1828-01-10,German bishop and missionary,Religion,None,0,Mars-Jupiter,1,None,0,False,False,False,False,False,False,False
Q139,John Wellborn Root,1850-01-10,"American architect, designed the Rookery Building and Monadnock Building",Engineering_Tech,None,0,None,0,None,0,False,False,False,False,False,False,False
Q140,Frederick Gardner Cottrell,1877-01-10,"American physical chemist, inventor and philanthropist",Academic_Science,None,0,Venus-Jupiter,1,None,0,False,False,False,False,False,False,False
Q141,Albert Jacka,1893-01-10,"Australian captain, Victoria Cross recipient",Other,None,0,Mercury-Venus|Mars-Jupiter,2,None,0,False,False,False,False,False,False,False
Q142,Jaime Garcia Goulart,1908-01-10,Portuguese Catholic missionary and bishop,Religion,Jupiter,1,Sun-Mercury|Mars-Saturn,2,Jupiter-Moon,1,False,False,False,False,False,True,False
Q143,Sune Bergström,1916-01-10,"Swedish biochemist and academic, Nobel Prize laureate",Academic_Science,None,0,Moon-Jupiter,1,Mercury-Saturn,1,False,False,False,False,False,False,False
Q144,Musallam Bseiso,1926-01-10,Palestinian journalist and politician,Politics_Government,None,0,Moon-Saturn,1,None,0,False,False,False,False,False,False,False
Q145,Stephen E. Ambrose,1936-01-10,American historian and author,Writer_Journalism,None,0,Venus-Jupiter,1,None,0,False,False,False,False,False,False,False
Q146,George Alec Effinger,1947-01-10,American author,Writer_Journalism,None,0,Sun-Mercury|Sun-Mars|Mercury-Mars,3,None,0,False,False,False,False,False,False,False
Q147,Richard Bartle,1960-01-10,British game designer and academic,Academic_Science,Moon,1,Mercury-Saturn|Mars-Jupiter,2,Jupiter-Mars,1,False,True,False,False,False,False,False
Q148,Mohammed Benzakour,1972-01-10,"Moroccan-Dutch journalist, poet, and author",Writer_Journalism,None,0,Mercury-Jupiter,1,Saturn-Venus,1,False,False,False,False,False,False,False
Q149,Sarah Shahi,1980-01-10,American actress,Actor_Media,None,0,Sun-Mercury|Mars-Jupiter,2,Jupiter-Sun,1,False,False,False,False,False,False,False
Q150,John Carlson,1990-01-10,American ice hockey player,Athlete,None,0,Sun-Mercury|Sun-Saturn|Moon-Jupiter|Mercury-Saturn,4,Jupiter-Mercury,1,False,False,False,False,False,False,False
Q151,Theodosius I,0347-01-11,Roman emperor,Politics_Government,None,0,None,0,None,0,False,False,False,False,False,False,False
Q152,Bastiaan Govertsz van der Leeuw,1624-01-11,Dutch painter,Other,None,0,None,0,None,0,False,False,False,False,False,False,False
Q153,Joseph Jackson Lister,1786-01-11,English physicist,Academic_Science,Moon,1,Sun-Mercury,1,None,0,False,True,False,False,False,False,False
Q154,Albert Victor Bäcklund,1845-01-11,Swedish mathematician and physicist,Academic_Science,None,0,Sun-Mercury,1,None,0,False,False,False,False,False,False,False
Q155,John Ernest Adamson,1867-01-11,English educationalist and Director of Education of the Colony of Transvaal,Actor_Media,Saturn,1,None,0,None,0,False,False,False,False,False,False,True
Q156,George Zucco,1886-01-11,British actor,Actor_Media,None,0,None,0,Jupiter-Mercury,1,False,False,False,False,False,False,False
Q157,Kwon Ki-ok,1901-01-11,Korean pilot,Other,None,0,Sun-Mercury|Mercury-Saturn|Venus-Jupiter,3,None,0,False,False,False,False,False,False,False
Q158,"Don ""Red"" Barry",1912-01-11,"American actor, producer, and screenwriter",Actor_Media,None,0,Venus-Jupiter,1,Mars-Venus,1,False,False,False,False,False,False,False
Q159,Grant Tinker,1925-01-11,"American television producer, co-founded MTM Enterprises",Actor_Media,Saturn,1,Mercury-Venus|Mercury-Jupiter,2,None,0,False,False,False,False,False,False,True
Q160,Felix Silla,1937-01-11,"Italian character actor, circus performer, voice artist, and stuntman",Actor_Media,None,0,Sun-Mercury|Moon-Jupiter,2,None,0,False,False,False,False,False,False,False
Q161,Hamish Macdonald,1947-01-11,New Zealand rugby player,Athlete,None,0,Sun-Mercury|Sun-Mars|Mercury-Mars,3,None,0,False,False,False,False,False,False,False
Q162,Brett Bodine,1959-01-11,American NASCAR driver,Other,None,0,Mercury-Saturn,1,None,0,False,False,False,False,False,False,False
Q163,Manfredi Beninati,1970-01-11,Italian painter and sculptor,Other,None,0,Sun-Mercury|Sun-Venus|Mercury-Venus,3,Mars-Saturn|Jupiter-Venus,2,False,False,False,False,False,False,False
Q164,Darren Lynn Bousman,1979-01-11,American director and screenwriter,Actor_Media,Jupiter,1,Sun-Mars,1,None,0,False,False,False,False,False,True,False
Q165,Andrea Bertolacci,1991-01-11,Italian footballer,Athlete,Jupiter,1,Sun-Saturn,1,None,0,False,False,False,False,False,True,False
Q166,Henry III of Nassau-Breda,1483-01-12,,Unknown,Saturn,1,Sun-Mercury|Moon-Saturn,2,Saturn-Venus,1,False,False,False,False,False,False,True
Q167,Rosalba Carriera,1673-01-12,Italian painter,Other,None,0,None,0,None,0,False,False,False,False,False,False,False
Q168,Johann Heinrich Pestalozzi,1746-01-12,Swiss philosopher and educator,Other,None,0,None,0,Mercury-Saturn,1,False,False,False,False,False,False,False
Q169,Jean Béraud,1849-01-12,Russian-French painter and academic,Academic_Science,Jupiter,1,Sun-Mercury,1,None,0,False,False,False,False,False,True,False
Q170,Ferenc Molnár,1878-01-12,Hungarian-American author and playwright,Writer_Journalism,None,0,Sun-Mercury|Sun-Jupiter|Mercury-Jupiter,3,None,0,False,False,False,False,False,False,False
Q171,Leo Aryeh Mayer,1895-01-12,Polish-Israeli scholar and academic,Academic_Science,Saturn,1,Sun-Mercury,1,Saturn-Venus,1,False,False,False,False,False,False,True
Q172,Jean Delannoy,1908-01-12,"French actor, director, and screenwriter",Actor_Media,Jupiter,1,Sun-Mercury,1,None,0,False,False,False,False,False,True,False
Q173,Ira Hayes,1923-01-12,American marine who raised the U.S. flag on Iwo Jima,Other,None,0,None,0,Mercury-Saturn,1,False,False,False,False,False,False,False
Q174,Teresa del Conde,1935-01-12,Mexican historian and critic,Writer_Journalism,None,0,Sun-Mercury|Mercury-Venus,2,None,0,False,False,False,False,False,False,False
Q175,"Hazel Cosgrove, Lady Cosgrove",1946-01-12,Scottish lawyer and judge,Law,None,0,Sun-Venus|Mars-Saturn,2,Mars-Moon|Jupiter-Venus,2,False,False,False,False,False,False,False
Q176,Tom Ardolino,1955-01-12,American rock drummer,Other,Jupiter|Saturn,2,None,0,None,0,False,False,False,False,False,True,True
Q177,Jeff Bezos,1964-01-12,American computer scientist and businessman,Academic_Science,Mars,1,Venus-Saturn,1,None,0,False,False,False,False,True,False,False
Q178,Brian Culbertson,1973-01-12,American pianist and producer,Actor_Media,None,0,Sun-Jupiter,1,None,0,False,False,False,False,False,False,False
Q179,Jonathan Zydko,1984-01-12,French footballer,Athlete,Saturn,1,Mercury-Jupiter,1,Mars-Venus,1,False,False,False,False,False,False,True
Q180,Allisha Gray,1995-01-12,American basketball player,Athlete,Moon,1,Venus-Jupiter,1,None,0,False,True,False,False,False,False,False
Q181,Al-Hakam II,0915-01-13,Umayyad caliph,Other,None,0,Sun-Mercury|Mercury-Venus,2,Mercury-Saturn,1,False,False,False,False,False,False,False
Q182,Jan van Goyen,1596-01-13,Dutch painter and illustrator,Writer_Journalism,None,0,Sun-Venus,1,Saturn-Sun,1,False,False,False,False,False,False,False
Q183,John Davis,1787-01-13,"American lawyer and politician, 14th Governor of Massachusetts",Politics_Government,None,0,Mercury-Mars|Venus-Mars,2,Jupiter-Mars,1,False,False,False,False,False,False,False
Q184,Oskar Minkowski,1858-01-13,Lithuanian-German biologist and academic,Academic_Science,None,0,Sun-Mercury,1,None,0,False,False,False,False,False,False,False
Q185,Lionel Groulx,1878-01-13,Canadian priest and historian,Writer_Journalism,None,0,Sun-Mercury|Sun-Jupiter|Mercury-Jupiter,3,None,0,False,False,False,False,False,False,False
Q186,Shimizugawa Motokichi,1900-01-13,Japanese sumo wrestler,Athlete,Mars,1,Sun-Mars|Mercury-Saturn,2,None,0,False,False,False,False,True,False,False
Q187,Joh Bjelke-Petersen,1911-01-13,"New Zealand-Australian farmer and politician, 31st Premier of Queensland",Politics_Government,None,0,Sun-Mercury,1,None,0,False,False,False,False,False,False,False
Q188,Michael Bond,1926-01-13,"English author, created Paddington Bear",Writer_Journalism,None,0,None,0,None,0,False,False,False,False,False,False,False
Q189,Guy Dodson,1937-01-13,New Zealand-English biochemist and academic,Academic_Science,None,0,Sun-Mercury|Moon-Mercury,2,None,0,False,False,False,False,False,False,False
Q190,Jacek Majchrowski,1947-01-13,"Polish historian, lawyer, and politician",Politics_Government,None,0,Sun-Mercury|Sun-Mars|Mercury-Mars,3,None,0,False,False,False,False,False,False,False
Q191,Claudia Emerson,1957-01-13,American poet and academic,Academic_Science,Moon,1,Sun-Mercury,1,Jupiter-Mercury,1,False,True,False,False,False,False,False
Q192,Patrick Dempsey,1966-01-13,American actor and race car driver,Actor_Media,Mars,1,Venus-Mars,1,None,0,False,False,False,False,True,False,False
Q193,Rune Eriksen,1975-01-13,Norwegian guitarist and composer,Other,None,0,Moon-Mercury|Moon-Venus|Mercury-Venus,3,Mercury-Saturn,1,False,False,False,False,False,False,False
Q194,Ender Arslan,1983-01-13,Turkish basketball player,Athlete,Saturn,1,Sun-Moon|Sun-Mercury,2,Saturn-Venus,1,False,False,False,False,False,False,True
Q195,Adam Matthews,1992-01-13,Welsh footballer,Athlete,None,0,Mercury-Mars,1,Jupiter-Sun,1,False,False,False,False,False,False,False
Q196,Valdemar I of Denmark,1131-01-14,,Unknown,None,0,Sun-Mercury|Sun-Jupiter|Mercury-Jupiter|Venus-Mars,4,Mars-Saturn,1,False,False,False,False,False,False,False
Q197,Johann Matthias Hase,1684-01-14,"German mathematician, astronomer, and cartographer",Academic_Science,None,0,Sun-Mercury,1,Saturn-Sun,1,False,False,False,False,False,False,False
Q198,Christian de Meza,1792-01-14,Danish general,Politics_Government,None,0,None,0,None,0,False,False,False,False,False,False,False
Q199,Duncan Gillies,1834-01-14,"Scottish-Australian politician, 14th Premier of Victoria",Politics_Government,None,0,Mercury-Venus|Mercury-Mars,2,Jupiter-Mars,1,False,False,False,False,False,False,False
Q200,Manuel de Oliveira Gomes da Costa,1863-01-14,"Portuguese general and politician, 10th President of Portugal",Politics_Government,None,0,Mercury-Venus,1,Mercury-Saturn,1,False,False,False,False,False,False,False
Q201,Ecaterina Teodoroiu,1894-01-14,Romanian soldier and nurse,Other,Saturn,1,None,0,Saturn-Venus,1,False,False,False,False,False,False,True
Q202,Georges-Émile Lapalme,1907-01-14,Canadian lawyer and politician,Politics_Government,None,0,Sun-Moon,1,Mars-Venus|Jupiter-Mercury,2,False,False,False,False,False,False,False
Q203,Murray Bookchin,1921-01-14,American author and philosopher,Writer_Journalism,None,0,Sun-Mercury|Venus-Mars|Jupiter-Saturn,3,None,0,False,False,False,False,False,False,False
Q204,Frank Costigan,1931-01-14,Australian lawyer and politician,Politics_Government,None,0,Moon-Venus,1,Mars-Moon|Jupiter-Mercury,2,False,False,False,False,False,False,False
Q205,Julian Bond,1940-01-14,American academic and politician,Politics_Government,None,0,Mars-Jupiter,1,None,0,False,False,False,False,False,False,False
Q206,Lawrence Kasdan,1949-01-14,"American director, producer, and screenwriter",Actor_Media,Mars,1,Mercury-Mars,1,Saturn-Sun,1,False,False,False,False,True,False,False
Q207,Rob Hall,1961-01-14,New Zealand mountaineer,Other,None,0,Sun-Mercury|Sun-Jupiter|Sun-Saturn|Jupiter-Saturn,4,None,0,False,False,False,False,False,False,False
Q208,Kyle Brady,1972-01-14,American football player and sportscaster,Athlete,None,0,Moon-Mercury|Moon-Jupiter,2,Saturn-Venus,1,False,False,False,False,False,False,False
Q209,Abdelmalek Cherrad,1981-01-14,Algerian footballer,Athlete,Mars,1,Jupiter-Saturn,1,Mercury-Saturn,1,False,False,False,False,True,False,False
Q210,Kacy Catanzaro,1990-01-14,American athlete and wrestler,Athlete,None,0,Sun-Venus|Sun-Saturn|Mercury-Saturn,3,Jupiter-Mercury,1,False,False,False,False,False,False,False
Q211,Afonso V of Portugal,1432-01-15,,Unknown,None,0,Sun-Saturn|Moon-Venus|Moon-Mars,3,None,0,False,False,False,False,False,False,False
Q212,Philip Livingston,1716-01-15,American merchant and politician,Politics_Government,None,0,Moon-Saturn,1,None,0,False,False,False,False,False,False,False
Q213,Jo Abbott,1840-01-15,"American judge, politician and Confederate army officer",Politics_Government,Moon|Mars,2,Venus-Saturn,1,Mars-Saturn,1,False,True,False,False,True,False,False
Q214,Nathan Söderblom,1866-01-15,"Swedish archbishop, historian, and academic, Nobel Prize laureate",Academic_Science,Saturn,1,Moon-Mercury|Moon-Venus|Moon-Mars|Moon-Jupiter|Mercury-Mars|Venus-Jupiter|Mars-Jupiter,7,None,0,False,False,False,False,False,False,True
Q215,Lorenz Böhler,1885-01-15,Austrian physician and author,Academic_Science,Mars,1,Sun-Mars|Mercury-Venus,2,None,0,False,False,False,False,True,False,False
Q216,Torin Thatcher,1905-01-15,British actor,Actor_Media,None,0,None,0,None,0,False,False,False,False,False,False,False
Q217,Maurice Herzog,1919-01-15,"French mountaineer and politician, French Minister of Youth Affairs and Sports",Politics_Government,Mars,1,Moon-Jupiter,1,Jupiter-Mercury|Saturn-Sun,2,False,False,False,False,True,False,False
Q218,Phyllis Coates,1927-01-15,American actress,Actor_Media,None,0,None,0,None,0,False,False,False,False,False,False,False
Q219,Richard Franklin,1936-01-15,"English actor, writer, director and political activist",Actor_Media,None,0,Venus-Jupiter|Mars-Saturn,2,None,0,False,False,False,False,False,False,False
Q220,Ko Chun-hsiung,1945-01-15,"Taiwanese actor, director, and politician",Actor_Media,None,0,Mercury-Mars,1,Jupiter-Mercury,1,False,False,False,False,False,False,False
Q221,"Jose Dalisay, Jr.",1954-01-15,"Filipino poet, author, and screenwriter",Writer_Journalism,Moon|Saturn,2,Sun-Mercury|Sun-Venus|Moon-Jupiter|Mercury-Venus|Mars-Saturn,5,Jupiter-Venus,1,False,True,False,False,False,False,True
Q222,Osmo Tapio Räihälä,1964-01-15,Finnish composer,Other,Mars,1,Sun-Moon|Sun-Mars|Moon-Mars|Venus-Saturn,4,None,0,False,False,False,False,True,False,False
Q223,Séverine Deneulin,1974-01-15,international development academic,Academic_Science,None,0,Sun-Mercury,1,Mercury-Saturn,1,False,False,False,False,False,False,False
Q224,Hugo Viana,1983-01-15,Portuguese footballer,Athlete,Saturn,1,Sun-Mercury|Moon-Venus,2,Saturn-Venus,1,False,False,False,False,False,False,True
Q225,Joël Veltman,1992-01-15,Dutch footballer,Athlete,Moon,1,Mercury-Mars,1,None,0,False,True,False,False,False,False,False
Q226,Sheng Zong,0972-01-16,emperor of the Liao Dynasty,Politics_Government,None,0,None,0,None,0,False,False,False,False,False,False,False
Q227,Jakobea of Baden,1558-01-16,"Margravine of Baden by birth, Duchess of Jülich-Cleves-Berg by marriage",Other,None,0,Sun-Jupiter|Venus-Mars,2,Mars-Saturn,1,False,False,False,False,False,False,False
Q228,Vittorio Alfieri,1749-01-16,Italian poet and playwright,Writer_Journalism,Saturn,1,Moon-Venus|Mars-Saturn,2,None,0,False,False,False,False,False,False,True
Q229,William Hall-Jones,1851-01-16,"English-New Zealand politician, 16th Prime Minister of New Zealand",Politics_Government,None,0,None,0,None,0,False,False,False,False,False,False,False
Q230,Samuel Jones,1880-01-16,American high jumper,Other,None,0,None,0,Jupiter-Saturn,1,False,False,False,False,False,False,False
Q231,Margaret Booth,1898-01-16,American producer and editor,Actor_Media,None,0,Sun-Venus|Mercury-Mars,2,Jupiter-Mercury,1,False,False,False,False,False,False,False
Q232,Clement Greenberg,1909-01-16,American art critic,Other,None,0,None,0,None,0,False,False,False,False,False,False,False
Q233,Elliott Reid,1920-01-16,American actor and screenwriter,Actor_Media,Jupiter,1,None,0,Mars-Venus|Saturn-Sun,2,False,False,False,False,False,True,False
Q234,John Enderby,1931-01-16,English physicist and academic,Academic_Science,None,0,Moon-Mercury,1,Jupiter-Mercury,1,False,False,False,False,False,False,False
Q235,Claire Gordon,1941-01-16,English actress and comedian,Actor_Media,None,0,Sun-Mercury|Jupiter-Saturn,2,None,0,False,False,False,False,False,False,False
Q236,Debbie Allen,1950-01-16,"American actress, dancer, and choreographer",Actor_Media,None,0,Sun-Mercury|Venus-Jupiter,2,Saturn-Sun,1,False,False,False,False,False,False,False
Q237,Kenneth Sivertsen,1961-01-16,Norwegian guitarist and composer,Other,None,0,Sun-Moon|Sun-Mercury|Sun-Saturn|Moon-Jupiter|Moon-Saturn|Jupiter-Saturn,6,None,0,False,False,False,False,False,False,False
Q238,Sergi Bruguera,1971-01-16,Spanish tennis player and coach,Athlete,None,0,Mars-Jupiter,1,None,0,False,False,False,False,False,False,False
Q239,Lin-Manuel Miranda,1980-01-16,"American actor, playwright, and composer",Actor_Media,None,0,Sun-Mercury|Mars-Jupiter,2,None,0,False,False,False,False,False,False,False
Q240,Dennis Kelly,1990-01-16,American football player,Athlete,None,0,Sun-Venus|Mercury-Saturn,2,Jupiter-Mercury,1,False,False,False,False,False,False,False
Q241,"Philip II, Duke of Burgundy",1342-01-17,,Unknown,None,0,Sun-Mercury|Moon-Venus,2,None,0,False,False,False,False,False,False,False
Q242,Robert Fludd,1574-01-17,"English physician, astrologer, and mathematician",Academic_Science,None,0,None,0,None,0,False,False,False,False,False,False,False
Q243,John Stanley,1712-01-17,English organist and composer,Other,Mars,1,None,0,None,0,False,False,False,False,True,False,False
Q244,Anne Brontë,1820-01-17,English author and poet,Writer_Journalism,None,0,Moon-Venus|Moon-Jupiter|Venus-Jupiter,3,Jupiter-Saturn,1,False,False,False,False,False,False,False
Q245,David Lloyd George,1863-01-17,"Welsh lawyer and politician, Prime Minister of the United Kingdom",Politics_Government,None,0,Mercury-Venus,1,Mercury-Saturn,1,False,False,False,False,False,False,False
Q246,"Noah Beery, Sr.",1882-01-17,American actor,Actor_Media,None,0,Sun-Mercury,1,None,0,False,False,False,False,False,False,False
Q247,Ray Cunningham,1905-01-17,American baseball player,Athlete,Moon,1,None,0,None,0,False,True,False,False,False,False,False
Q248,Jackie Henderson,1921-01-17,Scottish footballer,Athlete,None,0,Sun-Mercury|Venus-Mars|Jupiter-Saturn,3,Mercury-Saturn,1,False,False,False,False,False,False,False
Q249,John Cater,1932-01-17,English actor,Actor_Media,Mars|Jupiter,2,Sun-Mars|Sun-Saturn|Mars-Saturn,3,None,0,False,False,False,False,True,True,False
Q250,"István Horthy, Jr.",1941-01-17,Hungarian physicist and architect,Academic_Science,None,0,Sun-Mercury|Jupiter-Saturn,2,None,0,False,False,False,False,False,False,False
Q251,Jeff Berlin,1953-01-17,American bass player and educator,Athlete,Saturn,1,Venus-Mars,1,Saturn-Venus,1,False,False,False,False,False,False,True
Q252,Jun Azumi,1962-01-17,"Japanese broadcaster and politician, 46th Japanese Minister of Finance",Politics_Government,Moon,1,Sun-Venus|Sun-Saturn|Mercury-Jupiter|Venus-Mars|Venus-Saturn,5,None,0,False,True,False,False,False,False,False
Q253,Cuauhtémoc Blanco,1973-01-17,Mexican footballer and actor,Athlete,None,0,Sun-Mercury|Sun-Jupiter|Mercury-Jupiter,3,None,0,False,False,False,False,False,False,False
Q254,Calvin Harris,1984-01-17,"Scottish singer-songwriter, DJ, and producer",Actor_Media,Saturn,1,Mercury-Jupiter,1,Mars-Venus,1,False,False,False,False,False,False,True
Q255,Indya Moore,1995-01-17,American actor and model,Actor_Media,None,0,Venus-Jupiter,1,None,0,False,False,False,False,False,False,False
Q256,Sir Philip Courtenay,1404-01-18,English noble,Other,None,0,Sun-Mercury|Sun-Venus|Sun-Jupiter|Mercury-Venus|Mercury-Jupiter|Venus-Jupiter,6,None,0,False,False,False,False,False,False,False
Q257,Montesquieu,1689-01-18,French lawyer and philosopher,Law,Saturn,1,Sun-Jupiter,1,Saturn-Venus,1,False,False,False,False,False,False,True
Q258,Daniel Webster,1782-01-18,"American lawyer and politician, 14th United States Secretary of State",Politics_Government,None,0,Jupiter-Saturn,1,Jupiter-Mars,1,False,False,False,False,False,False,False
Q259,Edmund Barton,1849-01-18,"Australian judge and politician, 1st Prime Minister of Australia",Politics_Government,Jupiter,1,Sun-Mercury,1,None,0,False,False,False,False,False,True,False
Q260,Paul Ehrenfest,1880-01-18,Austrian-Dutch physicist and academic,Academic_Science,None,0,None,0,Jupiter-Saturn,1,False,False,False,False,False,False,False
Q261,C. M. Eddy Jr.,1896-01-18,American author,Writer_Journalism,Jupiter|Saturn,2,None,0,None,0,False,False,False,False,False,True,True
Q262,José María Arguedas,1911-01-18,"Peruvian anthropologist, author, and poet",Writer_Journalism,None,0,None,0,None,0,False,False,False,False,False,False,False
Q263,John Graham,1923-01-18,General Officer Commanding,Politics_Government,None,0,Moon-Mercury,1,Mercury-Saturn,1,False,False,False,False,False,False,False
Q264,Emeka Anyaoku,1933-01-18,"Nigerian politician, 8th Nigerian Minister of Foreign Affairs",Politics_Government,None,0,Mars-Jupiter,1,Jupiter-Mercury,1,False,False,False,False,False,False,False
Q265,Paul Keating,1944-01-18,"Australian economist and politician, 24th Prime Minister of Australia",Politics_Government,None,0,None,0,Mars-Venus,1,False,False,False,False,False,False,False
Q266,Brett Hudson,1953-01-18,American singer-songwriter and producer,Actor_Media,Saturn,1,Moon-Venus|Moon-Mars|Venus-Mars,3,Saturn-Venus,1,False,False,False,False,False,False,True
Q267,Brady Anderson,1964-01-18,American baseball player,Athlete,Mars,1,Sun-Mars,1,None,0,False,False,False,False,True,False,False
Q268,Laurence Courtois,1976-01-18,Belgian tennis player,Athlete,None,0,None,0,Mars-Venus,1,False,False,False,False,False,False,False
Q269,Seung-Hui Cho,1984-01-18,South Korean mass murderer,Other,Saturn,1,Mercury-Jupiter,1,Mars-Venus,1,False,False,False,False,False,False,True
Q270,Francesco Bardi,1992-01-18,Italian footballer,Athlete,None,0,Mercury-Mars,1,None,0,False,False,False,False,False,False,False
Q271,Pulcheria,0399-01-19,Byzantine empress and saint,Other,Venus|Mars,2,Mercury-Mars,1,None,0,False,False,False,True,True,False,False
Q272,Giuseppe Millico,1737-01-19,"Italian soprano, composer, and educator",Other,None,0,Sun-Mercury,1,Saturn-Venus,1,False,False,False,False,False,False,False
Q273,Robert E. Lee,1807-01-19,American Confederate general,Politics_Government,Moon|Saturn,2,Sun-Venus|Sun-Jupiter,2,Saturn-Venus,1,False,True,False,False,False,False,True
Q274,Dethloff Willrodt,1840-01-19,American Civil War veteran and politician,Politics_Government,None,0,Venus-Saturn,1,Mars-Saturn,1,False,False,False,False,False,False,False
Q275,Wakashima Gonshirō,1876-01-19,"Japanese sumo wrestler, the 21st Yokozuna",Athlete,None,0,Venus-Saturn,1,Jupiter-Mars,1,False,False,False,False,False,False,False
Q276,Ólafur Thors,1892-01-19,"Icelandic lawyer and politician, Prime Minister of Iceland",Politics_Government,None,0,Moon-Saturn,1,None,0,False,False,False,False,False,False,False
Q277,Rex Ingamells,1913-01-19,Australian author and poet,Writer_Journalism,Moon,1,Mercury-Mars|Mars-Jupiter,2,Saturn-Venus,1,False,True,False,False,False,False,False
Q278,Hans Massaquoi,1926-01-19,German-American journalist and author,Writer_Journalism,None,0,Sun-Jupiter,1,None,0,False,False,False,False,False,False,False
Q279,Princess Birgitta of Sweden,1937-01-19,,Unknown,None,0,Mercury-Jupiter|Venus-Saturn,2,None,0,False,False,False,False,False,False,False
Q280,Julian Barnes,1946-01-19,"English novelist, short story writer, essayist, and critic",Writer_Journalism,None,0,Sun-Venus|Mars-Saturn,2,None,0,False,False,False,False,False,False,False
Q281,Katey Sagal,1954-01-19,American actress and singer,Actor_Media,Saturn,1,Sun-Mercury|Sun-Venus|Mercury-Venus,3,Saturn-Venus,1,False,False,False,False,False,False,True
Q282,Michael Adams,1963-01-19,American basketball player and coach,Athlete,None,0,Sun-Mercury,1,None,0,False,False,False,False,False,False,False
Q283,Antero Manninen,1973-01-19,Finnish cellist,Other,None,0,Sun-Mercury|Sun-Jupiter|Mercury-Jupiter,3,None,0,False,False,False,False,False,False,False
Q284,Pete Buttigieg,1982-01-19,American politician,Politics_Government,None,0,Sun-Venus,1,Mercury-Saturn,1,False,False,False,False,False,False,False
Q285,Petra Martić,1991-01-19,Croatian tennis player,Athlete,Jupiter,1,Sun-Saturn,1,None,0,False,False,False,False,False,True,False
Q286,Gordian III,0225-01-20,Roman emperor,Politics_Government,None,0,Sun-Venus,1,None,0,False,False,False,False,False,False,False
Q287,Rafael Bombelli,1526-01-20,Italian mathematician,Academic_Science,None,0,Sun-Mercury|Venus-Mars,2,None,0,False,False,False,False,False,False,False
Q288,Richard Henry Lee,1732-01-20,"American lawyer and politician, President of the Continental Congress",Politics_Government,None,0,Moon-Mars|Mercury-Venus,2,None,0,False,False,False,False,False,False,False
Q289,David Wilmot,1814-01-20,"American politician, sponsor of Wilmot Proviso",Politics_Government,None,0,Sun-Saturn|Moon-Mercury|Moon-Saturn,3,None,0,False,False,False,False,False,False,False
Q290,Steve Bloomer,1874-01-20,English footballer and coach,Athlete,None,0,Sun-Saturn|Mercury-Venus,2,Jupiter-Mercury,1,False,False,False,False,False,False,False
Q291,Mischa Elman,1891-01-20,Ukrainian-American violinist,Other,Moon,1,None,0,Saturn-Sun,1,False,True,False,False,False,False,False
Q292,Leon Ames,1902-01-20,American actor,Actor_Media,Moon|Mars,2,Sun-Jupiter|Mercury-Mars|Jupiter-Saturn,3,Jupiter-Saturn,1,False,True,False,False,True,False,False
Q293,Ray Anthony,1922-01-20,American trumpeter and bandleader,Other,None,0,Sun-Venus,1,Mercury-Saturn,1,False,False,False,False,False,False,False
Q294,Buzz Aldrin,1930-01-20,"American colonel, pilot, and astronaut",Other,None,0,Sun-Mercury|Sun-Venus|Mercury-Venus,3,None,0,False,False,False,False,False,False,False
Q295,Linda Moulton Howe,1942-01-20,American journalist and producer,Actor_Media,None,0,Mercury-Venus,1,None,0,False,False,False,False,False,False,False
Q296,Iván Fischer,1951-01-20,Hungarian conductor and composer,Other,None,0,None,0,None,0,False,False,False,False,False,False,False
Q297,Janey Godley,1961-01-20,"Scottish actor, writer and comedian",Actor_Media,None,0,Moon-Venus|Jupiter-Saturn,2,None,0,False,False,False,False,False,False,False
Q298,Skeet Ulrich,1970-01-20,American actor,Actor_Media,None,0,Sun-Venus,1,None,0,False,False,False,False,False,False,False
Q299,Karl Anderson,1980-01-20,American wrestler,Athlete,None,0,Sun-Mercury|Moon-Venus|Mars-Jupiter,3,Mercury-Saturn,1,False,False,False,False,False,False,False
Q300,Uwa Elderson Echiéjilé,1988-01-20,Nigerian footballer,Athlete,None,0,Moon-Mercury,1,None,0,False,False,False,False,False,False,False
Q301,"Alexander, Prince of Scotland",1264-01-21,,Unknown,Venus,1,None,0,None,0,False,False,False,True,False,False,False
Q302,Antonio María de Bucareli y Ursúa,1717-01-21,Spanish military officer and governor of Cuba,Politics_Government,None,0,Sun-Mercury,1,Mercury-Saturn,1,False,False,False,False,False,False,False
Q303,Theodor Fliedner,1800-01-21,German Lutheran minister,Politics_Government,None,0,Moon-Venus|Moon-Mars|Venus-Mars,3,Jupiter-Mercury,1,False,False,False,False,False,False,False
Q304,Oscar II of Sweden,1829-01-21,,Unknown,None,0,Sun-Mercury,1,Jupiter-Mars,1,False,False,False,False,False,False,False
Q305,Karl Julius Beloch,1854-01-21,German classical and economic historian,Writer_Journalism,None,0,Mercury-Jupiter,1,Saturn-Venus,1,False,False,False,False,False,False,False
Q306,Paul E. Kahle,1875-01-21,German orientalist,Other,None,0,Sun-Mercury,1,Mars-Venus,1,False,False,False,False,False,False,False
Q307,Cristóbal Balenciaga,1895-01-21,"Spanish fashion designer, founded Balenciaga",Other,Saturn,1,Sun-Mercury|Mercury-Venus,2,Saturn-Venus,1,False,False,False,False,False,False,True
Q308,Carlo Cavagnoli,1907-01-21,Italian boxer,Athlete,None,0,Sun-Mercury,1,Mars-Venus|Jupiter-Mercury,2,False,False,False,False,False,False,False
Q309,Lincoln Alexander,1922-01-21,"Canadian lawyer and politician, 23rd Canadian Minister of Labour",Politics_Government,None,0,Sun-Venus|Moon-Mars,2,Mercury-Saturn,1,False,False,False,False,False,False,False
Q310,Dick Davies,1936-01-21,American basketball player,Athlete,None,0,Moon-Venus|Venus-Jupiter|Mars-Saturn,3,None,0,False,False,False,False,False,False,False
Q311,Andrzej Bachleda,1947-01-21,Polish former alpine skier,Other,Mars,1,Sun-Mercury|Sun-Mars|Moon-Mars|Mercury-Mars,4,None,0,False,False,False,False,True,False,False
Q312,Sergei Alifirenko,1959-01-21,Russian pistol shooter,Other,Moon,1,None,0,None,0,False,True,False,False,False,False,False
Q313,Billel Dziri,1972-01-21,Algerian footballer and manager,Athlete,None,0,None,0,Saturn-Venus,1,False,False,False,False,False,False,False
Q314,Alex Acker,1983-01-21,American-Italian basketball player,Athlete,Saturn,1,None,0,Saturn-Venus,1,False,False,False,False,False,False,True
Q315,Amin Affane,1994-01-21,Swedish footballer,Athlete,Mars,1,Sun-Venus|Sun-Mars|Venus-Mars,3,None,0,False,False,False,False,True,False,False
Q316,Ibn Taymiyyah,1263-01-22,Syrian scholar and theologian,Academic_Science,None,0,Sun-Mercury|Mars-Saturn,2,None,0,False,False,False,False,False,False,False
Q317,Nicolas Lancret,1690-01-22,French painter,Other,Saturn,1,Sun-Mercury,1,None,0,False,False,False,False,False,False,True
Q318,Ludger Duvernay,1799-01-22,"Canadian journalist, publisher, and politician",Politics_Government,None,0,Sun-Venus,1,None,0,False,False,False,False,False,False,False
Q319,Gisela Januszewska,1867-01-22,Jewish-Austrian physician,Academic_Science,None,0,None,0,None,0,False,False,False,False,False,False,False
Q320,Helen Hoyt,1887-01-22,American poet and author,Writer_Journalism,None,0,None,0,None,0,False,False,False,False,False,False,False
Q321,Ernst Busch,1900-01-22,German actor and singer,Actor_Media,Mars,1,Sun-Mars,1,None,0,False,False,False,False,True,False,False
Q322,Bruno Kreisky,1911-01-22,"Austrian lawyer and politician, 22nd Chancellor of Austria",Politics_Government,None,0,None,0,None,0,False,False,False,False,False,False,False
Q323,Howard Moss,1922-01-22,"American poet, playwright and critic",Writer_Journalism,None,0,Sun-Venus,1,Mercury-Saturn,1,False,False,False,False,False,False,False
Q324,Berthold Grünfeld,1932-01-22,Norwegian psychiatrist and academic,Academic_Science,Mars|Jupiter,2,Sun-Mars|Sun-Saturn|Mars-Saturn,3,None,0,False,False,False,False,True,True,False
Q325,Mimis Domazos,1942-01-22,Greek footballer,Athlete,None,0,Mercury-Venus,1,None,0,False,False,False,False,False,False,False
Q326,Tully Blanchard,1954-01-22,Canadian-American wrestler,Athlete,Saturn,1,Sun-Mercury|Sun-Venus|Mercury-Venus,3,Saturn-Venus,1,False,False,False,False,False,False,True
Q327,Nigel Benn,1964-01-22,English-Australian boxer,Athlete,Mars,1,Sun-Mars,1,None,0,False,False,False,False,True,False,False
Q328,Rogério Ceni,1973-01-22,Brazilian footballer,Athlete,None,0,Sun-Mercury|Mercury-Jupiter,2,None,0,False,False,False,False,False,False,False
Q329,Étienne Bacrot,1983-01-22,French chess player,Athlete,Saturn,1,None,0,Saturn-Venus,1,False,False,False,False,False,False,True
Q330,Vincent Aboubakar,1992-01-22,Cameroonian footballer,Athlete,None,0,Sun-Saturn|Moon-Jupiter,2,None,0,False,False,False,False,False,False,False
Q331,Vincent Ferrer,1350-01-23,Spanish missionary and saint,Other,None,0,None,0,None,0,False,False,False,False,False,False,False
Q332,Muzio Clementi,1752-01-23,"Italian pianist, composer, and conductor",Other,None,0,Sun-Mercury|Moon-Mars|Venus-Saturn,3,None,0,False,False,False,False,False,False,False
Q333,Édouard Manet,1832-01-23,French painter,Other,None,0,Venus-Mars,1,Saturn-Sun,1,False,False,False,False,False,False,False
Q334,David Hilbert,1862-01-23,German mathematician and academic,Academic_Science,None,0,Sun-Mercury|Jupiter-Saturn,2,Mercury-Saturn,1,False,False,False,False,False,False,False
Q335,Subhas Chandra Bose,1897-01-23,Indian freedom fighter and politician,Politics_Government,None,0,Sun-Mercury,1,None,0,False,False,False,False,False,False,False
Q336,Django Reinhardt,1910-01-23,Belgian guitarist and composer,Other,None,0,Sun-Mercury,1,None,0,False,False,False,False,False,False,False
Q337,Gottfried Böhm,1920-01-23,German architect,Engineering_Tech,Jupiter,1,None,0,Saturn-Sun,1,False,False,False,False,False,True,False
Q338,Myron Cope,1929-01-23,American journalist and sportscaster,Writer_Journalism,None,0,None,0,None,0,False,False,False,False,False,False,False
Q339,Giant Baba,1938-01-23,"Japanese wrestler and promoter, founded All Japan Pro Wrestling",Athlete,None,0,Sun-Venus|Sun-Jupiter|Venus-Jupiter|Mars-Saturn,4,Jupiter-Saturn,1,False,False,False,False,False,False,False
Q340,Arnoldo Alemán,1946-01-23,"Nicaraguan lawyer and politician, President of Nicaragua",Politics_Government,None,0,Sun-Venus|Mars-Saturn,2,None,0,False,False,False,False,False,False,False
Q341,Trevor Hohns,1954-01-23,Australian cricketer,Athlete,Saturn,1,Sun-Mercury|Sun-Venus|Mercury-Venus,3,Saturn-Venus,1,False,False,False,False,False,False,True
Q342,Jonatha Brooke,1964-01-23,American singer-songwriter and guitarist,Actor_Media,Mars,1,Sun-Mars,1,None,0,False,False,False,False,True,False,False
Q343,Ewen Bremner,1972-01-23,Scottish actor,Actor_Media,None,0,None,0,Saturn-Venus,1,False,False,False,False,False,False,False
Q344,Irving Saladino,1983-01-23,Panamanian long jumper,Other,Saturn,1,None,0,Saturn-Venus,1,False,False,False,False,False,False,True
Q345,Addison Russell,1994-01-23,American baseball player,Athlete,Moon|Mars,2,Sun-Venus|Sun-Mars,2,None,0,False,True,False,False,True,False,False
Q346,Richard de Bury,1287-01-24,"English bishop and politician, Lord Chancellor of Great Britain",Politics_Government,None,0,Mars-Saturn,1,None,0,False,False,False,False,False,False,False
Q347,William Congreve,1670-01-24,English playwright and poet,Writer_Journalism,Venus,1,Sun-Mercury|Moon-Venus,2,None,0,False,False,False,True,False,False,False
Q348,Pierre Beaumarchais,1732-01-24,French playwright and financier,Other,None,0,Mercury-Venus,1,None,0,False,False,False,False,False,False,False
Q349,Vasily Surikov,1848-01-24,Russian painter,Other,None,0,Sun-Mercury,1,None,0,False,False,False,False,False,False,False
Q350,Henry King,1886-01-24,"American actor, director, producer, and screenwriter",Actor_Media,None,0,Moon-Mars|Moon-Jupiter,2,Jupiter-Mercury,1,False,False,False,False,False,False,False
Q351,Hoyt Vandenberg,1899-01-24,U.S. Air Force general,Politics_Government,None,0,Venus-Saturn,1,None,0,False,False,False,False,False,False,False
Q352,Norman Dello Joio,1913-01-24,American organist and composer,Other,None,0,Mars-Jupiter,1,Saturn-Venus,1,False,False,False,False,False,False,False
Q353,Brian Bevan,1924-01-24,Australian rugby league player,Athlete,Saturn,1,None,0,Saturn-Venus,1,False,False,False,False,False,False,True
Q354,Leonard Goldberg,1934-01-24,American producer,Actor_Media,Moon|Mars,2,Sun-Mercury|Venus-Mars|Venus-Saturn|Mars-Saturn,4,None,0,False,True,False,False,True,False,False
Q355,Ingo Friedrich,1942-01-24,German Member of the European Parliament,Other,None,0,Moon-Mars|Mercury-Venus,2,None,0,False,False,False,False,False,False,False
Q356,Daniel Auteuil,1950-01-24,"French actor, director, and screenwriter",Actor_Media,None,0,Venus-Jupiter,1,Saturn-Sun,1,False,False,False,False,False,False,False
Q357,Akira Maeda,1959-01-24,"Japanese wrestler, mixed martial artist, and actor",Athlete,None,0,None,0,None,0,False,False,False,False,False,False,False
Q358,Fernando Escartín,1968-01-24,Spanish cyclist,Athlete,None,0,None,0,None,0,False,False,False,False,False,False,False
Q359,Andrija Gerić,1977-01-24,Serbian volleyball player,Athlete,None,0,Mercury-Mars,1,Jupiter-Mars,1,False,False,False,False,False,False,False
Q360,Brian Cushing,1987-01-24,American football player,Athlete,None,0,Sun-Mercury|Venus-Saturn,2,None,0,False,False,False,False,False,False,False
Q361,Leo IV the Khazar,0750-01-25,Byzantine emperor,Politics_Government,Moon,1,Jupiter-Saturn,1,None,0,False,True,False,False,False,False,False
Q362,Robert Boyle,1627-01-25,Anglo-Irish chemist and physicist,Academic_Science,Moon,1,Sun-Mercury,1,Mercury-Saturn|Jupiter-Mars,2,False,True,False,False,False,False,False
Q363,Paolo Mascagni,1755-01-25,Italian physician and anatomist,Academic_Science,None,0,Mercury-Venus|Mercury-Saturn|Venus-Saturn,3,None,0,False,False,False,False,False,False,False
Q364,Charles Reed Bishop,1822-01-25,"American businessman, philanthropist, and politician, founded the Bishop Museum",Politics_Government,None,0,Sun-Mercury|Jupiter-Saturn,2,None,0,False,False,False,False,False,False,False
Q365,W. Somerset Maugham,1874-01-25,"British playwright, novelist, and short story writer",Writer_Journalism,None,0,Sun-Mercury|Sun-Venus|Sun-Saturn|Mercury-Venus|Mercury-Saturn|Venus-Saturn,6,None,0,False,False,False,False,False,False,False
Q366,István Fekete,1900-01-25,Hungarian author,Writer_Journalism,Mars,1,Sun-Mars,1,None,0,False,False,False,False,True,False,False
Q367,Huang Hua,1913-01-25,"Chinese translator and politician, 5th Foreign Minister of the People's Republic of China",Politics_Government,None,0,Mars-Jupiter,1,Saturn-Venus,1,False,False,False,False,False,False,False
Q368,Arvid Carlsson,1923-01-25,"Swedish pharmacologist and physician, Nobel Prize laureate",Academic_Science,None,0,Sun-Mercury,1,Mercury-Saturn,1,False,False,False,False,False,False,False
Q369,Dean Jones,1931-01-25,American actor and singer,Actor_Media,None,0,Mercury-Saturn,1,Jupiter-Mercury,1,False,False,False,False,False,False,False
Q370,Tobe Hooper,1943-01-25,"American director, producer, and screenwriter",Actor_Media,None,0,Sun-Mercury,1,Saturn-Venus,1,False,False,False,False,False,False,False
Q371,The Honky Tonk Man,1953-01-25,American wrestler,Athlete,Moon|Saturn,2,Sun-Mercury|Venus-Mars,2,Saturn-Venus,1,False,True,False,False,False,False,True
Q372,Fernando Haddad,1963-01-25,"Brazilian academic and politician, 61st Mayor of São Paulo",Politics_Government,None,0,Sun-Moon|Sun-Saturn,2,None,0,False,False,False,False,False,False,False
Q373,Luca Badoer,1971-01-25,Italian racing driver,Other,None,0,Moon-Mercury|Mars-Jupiter,2,None,0,False,False,False,False,False,False,False
Q374,"Charlene, Princess of Monaco",1978-01-25,,Unknown,None,0,Sun-Venus,1,Jupiter-Mercury|Saturn-Sun,2,False,False,False,False,False,False,False
Q375,Maria Kirilenko,1987-01-25,Russian tennis player,Athlete,None,0,Venus-Saturn,1,None,0,False,False,False,False,False,False,False
Q376,Lady Zhen,0183-01-26,wife of Cao Pi,Other,Venus,1,Sun-Mercury|Sun-Jupiter|Mercury-Jupiter,3,Mercury-Saturn,1,False,False,False,True,False,False,False
Q377,"George Germain, 1st Viscount Sackville",1716-01-26,"English general and politician, Secretary of State for the Colonies",Politics_Government,None,0,Sun-Mercury|Moon-Venus,2,Mercury-Saturn,1,False,False,False,False,False,False,False
Q378,Pierre Savorgnan de Brazza,1852-01-26,Italian-French explorer,Other,None,0,None,0,None,0,False,False,False,False,False,False,False
Q379,Harry Ricardo,1885-01-26,English engineer and academic,Academic_Science,Moon|Mars,2,Sun-Mars|Mercury-Venus,2,None,0,False,True,False,False,True,False,False
Q380,Ancel Keys,1904-01-26,American physiologist and nutritionist,Other,None,0,Sun-Saturn,1,None,0,False,False,False,False,False,False,False
Q381,Dürrüşehvar Sultan,1914-01-26,Imperial Princess of the Ottoman Empire,Other,None,0,Sun-Moon|Sun-Mercury|Sun-Venus|Sun-Jupiter|Moon-Mercury|Moon-Venus|Moon-Jupiter|Mercury-Venus|Mercury-Jupiter|Venus-Jupiter,10,Saturn-Venus,1,False,False,False,False,False,False,False
Q382,Patrick J. Hannifin,1923-01-26,American admiral,Other,None,0,Sun-Mercury,1,Mercury-Saturn,1,False,False,False,False,False,False,False
Q383,Donald Sarason,1933-01-26,American mathematician,Academic_Science,None,0,Sun-Moon|Sun-Saturn|Moon-Saturn|Mars-Jupiter,4,None,0,False,False,False,False,False,False,False
Q384,Angela Davis,1944-01-26,"American activist, academic, and author",Academic_Science,None,0,None,0,None,0,False,False,False,False,False,False,False
Q385,David Briggs,1951-01-26,"Australian guitarist, songwriter, and producer",Actor_Media,None,0,Mars-Jupiter,1,None,0,False,False,False,False,False,False,False
Q386,Wayne Gretzky,1961-01-26,Canadian ice hockey player and coach,Athlete,Moon,1,Jupiter-Saturn,1,None,0,False,True,False,False,False,False,False
Q387,Jupiter Apple,1968-01-26,"Brazilian singer-songwriter, film director, and actor",Actor_Media,None,0,Moon-Venus,1,None,0,False,False,False,False,False,False,False
Q388,Sara Rue,1979-01-26,American actress,Actor_Media,Mars|Jupiter,2,Sun-Mars|Mercury-Mars,2,Jupiter-Moon|Saturn-Sun,2,False,False,False,False,True,True,False
Q389,Dan Bailey,1988-01-26,American football player,Athlete,None,0,None,0,None,0,False,False,False,False,False,False,False
Q390,Zakaria Bakkali,1996-01-26,Belgian footballer,Athlete,Mars,1,Venus-Saturn,1,None,0,False,False,False,False,True,False,False
Q391,Edward of Angoulême,1365-01-27,English noble,Other,Saturn,1,Moon-Venus,1,Jupiter-Venus,1,False,False,False,False,False,False,True
Q392,"George Byng, 1st Viscount Torrington",1663-01-27,Royal Navy admiral,Other,Mars,1,Sun-Venus|Sun-Mars|Mercury-Venus|Mercury-Mars|Venus-Mars|Jupiter-Saturn,6,Mars-Saturn,1,False,False,False,False,True,False,False
Q393,Juan Álvarez,1855-01-27,Mexican general and president,Politics_Government,Moon,1,Sun-Mercury|Sun-Jupiter|Moon-Saturn|Mercury-Venus|Mercury-Jupiter|Venus-Mars,6,Saturn-Venus,1,False,True,False,False,False,False,False
Q394,Édouard Lalo,1823-01-27,French violinist and composer,Other,Mars,1,Mercury-Venus|Mercury-Mars|Venus-Mars,3,Mars-Saturn,1,False,False,False,False,True,False,False
Q395,John Collier,1850-01-27,English painter and author,Writer_Journalism,None,0,None,0,None,0,False,False,False,False,False,False,False
Q396,Soong Ching-ling,1893-01-27,"Chinese politician, Honorary President of the People's Republic of China",Politics_Government,Moon,1,Mars-Jupiter,1,Mercury-Saturn,1,False,True,False,False,False,False,False
Q397,Edvard Kardelj,1910-01-27,"Slovene general, economist, and politician, 2nd Foreign Minister of Yugoslavia",Politics_Government,None,0,Sun-Mercury,1,None,0,False,False,False,False,False,False,False
Q398,Rauf Denktaş,1924-01-27,"Cypriot lawyer and politician, 1st President of Northern Cyprus",Politics_Government,Saturn,1,None,0,Saturn-Venus,1,False,False,False,False,False,False,True
Q399,Steve Demeter,1935-01-27,"American baseball player, coach, and manager",Athlete,None,0,Mercury-Venus|Mercury-Saturn|Venus-Saturn,3,None,0,False,False,False,False,False,False,False
Q400,Harold Cardinal,1945-01-27,Canadian lawyer and politician,Politics_Government,Venus,1,Mercury-Mars,1,Jupiter-Mercury,1,False,False,False,True,False,False,False
Q401,Brian Engblom,1955-01-27,Canadian ice hockey player and sportscaster,Athlete,Jupiter|Saturn,2,None,0,None,0,False,False,False,False,False,True,True
Q402,George Monbiot,1963-01-27,English-Welsh author and activist,Writer_Journalism,None,0,Sun-Saturn,1,None,0,False,False,False,False,False,False,False
Q403,Patrice Brisebois,1971-01-27,Canadian ice hockey player and coach,Athlete,None,0,Sun-Moon|Mars-Jupiter,2,None,0,False,False,False,False,False,False,False
Q404,Alicia Molik,1981-01-27,Australian tennis player and sportscaster,Athlete,Mars,1,Mercury-Mars|Jupiter-Saturn,2,Mercury-Saturn,1,False,False,False,False,True,False,False
Q405,Tim Beckham,1990-01-27,American baseball player,Athlete,None,0,Mercury-Saturn|Venus-Saturn,2,Jupiter-Mercury,1,False,False,False,False,False,False,False
Q406,Taizong,0598-01-28,emperor of the Tang dynasty,Politics_Government,Saturn,1,Sun-Mercury|Sun-Jupiter|Mercury-Jupiter,3,Saturn-Venus,1,False,False,False,False,False,False,True
Q407,Giovanni Alfonso Borelli,1608-01-28,Italian physiologist and physicist,Academic_Science,None,0,Mercury-Saturn,1,None,0,False,False,False,False,False,False,False
Q408,Johann Elias Schlegel,1719-01-28,German poet and critic,Writer_Journalism,Saturn,1,Sun-Mercury|Sun-Venus|Mercury-Venus,3,Saturn-Venus,1,False,False,False,False,False,False,True
Q409,William Seward Burroughs I,1855-01-28,"American businessman, founded the Burroughs Corporation",Business,Moon,1,Sun-Mercury|Sun-Jupiter|Mercury-Venus|Mercury-Jupiter|Venus-Mars,5,Saturn-Venus,1,False,True,False,False,False,False,False
Q410,Julián Carrillo,1875-01-28,"Mexican violinist, composer, and conductor",Other,None,0,Sun-Saturn|Moon-Jupiter|Mercury-Saturn,3,Jupiter-Venus,1,False,False,False,False,False,False,False
Q411,Aleksander Kamiński,1903-01-28,Polish author and educator,Writer_Journalism,None,0,Sun-Moon|Sun-Saturn|Moon-Saturn|Mercury-Venus|Mercury-Jupiter|Venus-Jupiter,6,None,0,False,False,False,False,False,False,False
Q412,Gabby Gabreski,1919-01-28,American colonel and pilot,Other,None,0,Venus-Mars,1,Jupiter-Mercury|Saturn-Sun,2,False,False,False,False,False,False,False
Q413,Acker Bilk,1929-01-28,English singer and clarinet player,Athlete,Venus,1,None,0,None,0,False,False,False,True,False,False,False
Q414,John M. Fabian,1939-01-28,"American colonel, pilot, and astronaut",Other,None,0,None,0,Jupiter-Saturn,1,False,False,False,False,False,False,False
Q415,Ilkka Kanerva,1948-01-28,Finnish politician,Politics_Government,None,0,Moon-Mars,1,None,0,False,False,False,False,False,False,False
Q416,Mark Napier,1957-01-28,Canadian ice hockey player and sportscaster,Athlete,None,0,Moon-Mercury|Moon-Venus|Mercury-Venus,3,Jupiter-Mercury,1,False,False,False,False,False,False,False
Q417,Seiji Mizushima,1966-01-28,Japanese director and producer,Actor_Media,None,0,Sun-Mercury|Sun-Venus|Mercury-Venus,3,None,0,False,False,False,False,False,False,False
Q418,Sireli Bobo,1976-01-28,Fijian rugby player,Athlete,None,0,Moon-Venus,1,None,0,False,False,False,False,False,False,False
Q419,Daniel Carcillo,1985-01-28,Canadian ice hockey player,Athlete,Venus,1,Mercury-Jupiter|Venus-Mars,2,None,0,False,False,False,True,False,False,False
Q420,Mimi-Isabella Cesar,1995-01-28,British rhythmic gymnast,Other,None,0,None,0,None,0,False,False,False,False,False,False,False
Q421,Johann Reuchlin,1455-01-29,German-born humanist and scholar,Academic_Science,None,0,None,0,None,0,False,False,False,False,False,False,False
Q422,Johann Georg Graevius,1632-01-29,German scholar and critic,Academic_Science,None,0,None,0,None,0,False,False,False,False,False,False,False
Q423,Christian VII of Denmark,1749-01-29,,Unknown,Saturn,1,Sun-Mercury|Mars-Saturn,2,None,0,False,False,False,False,False,False,True
Q424,Ernst Kummer,1810-01-29,Polish-German mathematician and academic,Academic_Science,None,0,None,0,Mars-Saturn,1,False,False,False,False,False,False,False
Q425,Frederick Delius,1862-01-29,English composer,Other,None,0,Sun-Moon|Jupiter-Saturn,2,Mercury-Saturn,1,False,False,False,False,False,False,False
Q426,Alice Catherine Evans,1881-01-29,American microbiologist,Other,Venus,1,Sun-Moon|Sun-Mercury,2,None,0,False,False,False,True,False,False,False
Q427,Barnett Newman,1905-01-29,American painter and etcher,Other,Venus,1,None,0,None,0,False,False,False,True,False,False,False
Q428,Paddy Chayefsky,1923-01-29,American author and screenwriter,Writer_Journalism,None,0,Sun-Mercury,1,Mercury-Saturn,1,False,False,False,False,False,False,False
Q429,Alan Cowley,1934-01-29,British chemist,Academic_Science,None,0,Sun-Mercury|Mercury-Venus|Mercury-Saturn|Venus-Mars|Venus-Saturn|Mars-Saturn,6,None,0,False,False,False,False,False,False,False
Q430,Tony Blackburn,1943-01-29,English radio and television host,Actor_Media,None,0,None,0,Saturn-Venus,1,False,False,False,False,False,False,False
Q431,Pete Geren,1952-01-29,American attorney and politician,Politics_Government,None,0,None,0,None,0,False,False,False,False,False,False,False
Q432,Cho-liang Lin,1960-01-29,Taiwanese-American musician,Actor_Media,None,0,Sun-Mercury|Mars-Saturn,2,None,0,False,False,False,False,False,False,False
Q433,Sam Trammell,1969-01-29,American actor,Actor_Media,Venus,1,Sun-Mercury,1,None,0,False,False,False,True,False,False,False
Q434,Andrew Keegan,1979-01-29,American actor,Actor_Media,Mars|Jupiter,2,Sun-Mercury|Sun-Mars|Mercury-Mars,3,Saturn-Sun,1,False,False,False,False,True,True,False
Q435,José Abreu,1987-01-29,Cuban baseball player,Athlete,None,0,Sun-Moon|Venus-Saturn,2,None,0,False,False,False,False,False,False,False
Q436,William Calthorpe,1410-01-30,English knight,Other,Jupiter,1,None,0,None,0,False,False,False,False,False,True,False
Q437,Charles Rollin,1661-01-30,French historian and educator,Writer_Journalism,None,0,Sun-Moon|Mercury-Mars,2,Jupiter-Mercury,1,False,False,False,False,False,False,False
Q438,Nathaniel P. Banks,1816-01-30,"American general and politician, 24th Governor of Massachusetts",Politics_Government,None,0,Sun-Saturn|Moon-Mercury|Moon-Saturn,3,Jupiter-Venus,1,False,False,False,False,False,False,False
Q439,Gelett Burgess,1866-01-30,"American author, poet, and critic",Writer_Journalism,Saturn,1,Sun-Venus|Mercury-Mars|Mercury-Jupiter|Mars-Jupiter,4,Saturn-Venus,1,False,False,False,False,False,False,True
Q440,Nikolaus Pevsner,1902-01-30,German-English historian and scholar,Academic_Science,Mars,1,Mercury-Venus|Mercury-Mars|Jupiter-Saturn,3,Jupiter-Saturn,1,False,False,False,False,True,False,False
Q441,Paul Frère,1917-01-30,Belgian racing driver and journalist,Writer_Journalism,Mars,1,Sun-Mars|Mercury-Venus,2,None,0,False,False,False,False,True,False,False
Q442,Douglas Engelbart,1925-01-30,"American computer scientist, invented the computer mouse",Academic_Science,Saturn,1,Moon-Mars|Mercury-Venus,2,None,0,False,False,False,False,False,False,True
Q443,Tammy Grimes,1934-01-30,American actress and singer,Actor_Media,None,0,Sun-Mercury|Sun-Saturn|Mercury-Venus|Mercury-Saturn|Venus-Mars|Venus-Saturn,6,None,0,False,False,False,False,False,False,False
Q444,Davey Johnson,1943-01-30,American baseball player and manager,Athlete,None,0,None,0,Saturn-Venus,1,False,False,False,False,False,False,False
Q445,Phil Collins,1951-01-30,"English drummer, singer-songwriter, producer, and actor",Actor_Media,None,0,Venus-Mars|Mars-Jupiter,2,None,0,False,False,False,False,False,False,False
Q446,Jody Watley,1959-01-30,American entertainer,Actor_Media,None,0,None,0,None,0,False,False,False,False,False,False,False
Q447,Kimiya Yui,1970-01-30,Japanese astronaut,Other,None,0,Sun-Venus|Moon-Jupiter,2,None,0,False,False,False,False,False,False,False
Q448,Trevor Gillies,1979-01-30,Canadian ice hockey player,Athlete,Mars|Jupiter,2,Sun-Mercury|Sun-Mars|Mercury-Mars,3,Saturn-Sun,1,False,False,False,False,True,True,False
Q449,Becky Lynch,1987-01-30,Irish wrestler,Athlete,None,0,Moon-Mercury|Venus-Saturn,2,None,0,False,False,False,False,False,False,False
Q450,Dafne Navarro,1996-01-30,Mexican trampoline gymnast,Other,Moon|Mars,2,Sun-Mars|Venus-Saturn,2,None,0,False,True,False,False,True,False,False
Q451,"Henry, King of Portugal",1512-01-31,,Unknown,Saturn,1,Sun-Mercury,1,None,0,False,False,False,False,False,False,True
Q452,Hans Egede,1686-01-31,Norwegian missionary and explorer,Other,Venus,1,Sun-Mercury|Venus-Mars,2,Mercury-Saturn|Jupiter-Mars,2,False,False,False,True,False,False,False
Q453,Rodolphe Töpffer,1799-01-31,"Swiss teacher, author, painter, cartoonist, and caricaturist",Writer_Journalism,None,0,Sun-Venus,1,None,0,False,False,False,False,False,False,False
Q454,Marta Sandal,1878-01-31,Norwegian singer,Actor_Media,None,0,Moon-Mercury|Moon-Jupiter|Mercury-Jupiter|Venus-Saturn,4,None,0,False,False,False,False,False,False,False
Q455,Betty Parsons,1900-01-31,"American artist, art dealer and collector",Other,Mars,1,Sun-Moon|Sun-Mercury|Sun-Mars|Mercury-Mars,4,None,0,False,False,False,False,True,False,False
Q456,Stewart Udall,1920-01-31,"American lawyer and politician, 37th United States Secretary of the Interior",Politics_Government,Moon|Jupiter,2,Sun-Mercury,1,Saturn-Sun,1,False,True,False,False,False,True,False
Q457,Irma Wyman,1928-01-31,American computer scientist and engineer,Academic_Science,Moon,1,Venus-Mars,1,None,0,False,True,False,False,False,False,False
Q458,Can Bartu,1936-01-31,Turkish footballer and basketball player,Athlete,None,0,Sun-Mercury|Mars-Saturn,2,None,0,False,False,False,False,False,False,False
Q459,John Inverarity,1944-01-31,Australian cricketer and coach,Athlete,None,0,None,0,None,0,False,False,False,False,False,False,False
Q460,Faoud Bacchus,1954-01-31,Guyanese cricketer,Athlete,Saturn,1,Sun-Venus,1,Saturn-Venus,1,False,False,False,False,False,False,True
Q461,"Elizabeth Barker, Baroness Barker",1961-01-31,English politician,Politics_Government,Venus,1,Jupiter-Saturn,1,None,0,False,False,False,True,False,False,False
Q462,Dov Charney,1969-01-31,"Canadian-American fashion designer and businessman, founded American Apparel",Business,Venus,1,Sun-Mercury,1,None,0,False,False,False,True,False,False,False
Q463,Bobby Moynihan,1977-01-31,American actor and comedian,Actor_Media,Venus,1,Mercury-Mars,1,Jupiter-Mars,1,False,False,False,True,False,False,False
Q464,Adam Federici,1985-01-31,Australian footballer,Athlete,Moon|Venus,2,Mercury-Jupiter|Venus-Mars,2,None,0,False,True,False,True,False,False,False
Q465,Qiu Bo,1993-01-31,Chinese diver,Other,Venus,1,Sun-Mercury|Mercury-Saturn,2,None,0,False,False,False,True,False,False,False
Q466,Walter de Stapledon,1261-02-01,"English bishop and politician, Lord High Treasurer",Politics_Government,None,0,Venus-Jupiter,1,None,0,False,False,False,False,False,False,False
Q467,Elkanah Settle,1648-02-01,English poet and playwright,Writer_Journalism,Mars,1,Sun-Mars,1,None,0,False,False,False,False,True,False,False
Q468,Thomas Campbell,1763-02-01,Irish minister and theologian,Politics_Government,None,0,None,0,None,0,False,False,False,False,False,False,False
Q469,Victor Herbert,1859-02-01,"Irish-American cellist, composer, and conductor",Other,None,0,Moon-Mercury,1,Moon-Saturn|Jupiter-Venus,2,False,False,False,False,False,False,False
Q470,Tip Snooke,1881-02-01,South African cricketer,Athlete,Venus,1,Sun-Mercury,1,None,0,False,False,False,True,False,False,False
Q471,Frank Buckles,1901-02-01,American soldier,Other,None,0,Sun-Mercury,1,None,0,False,False,False,False,False,False,False
Q472,Ngapoi Ngawang Jigme,1910-02-01,Chinese general and politician,Politics_Government,None,0,None,0,None,0,False,False,False,False,False,False,False
Q473,Emmanuel Scheffer,1924-02-01,"German-Israeli footballer, coach, and manager",Athlete,Saturn,1,Mars-Jupiter,1,Saturn-Venus,1,False,False,False,False,False,False,True
Q474,Tuncel Kurtiz,1936-02-01,"Turkish actor, playwright, and director",Actor_Media,Moon,1,Sun-Mercury|Mars-Saturn,2,None,0,False,True,False,False,False,False,False
Q475,Normie Rowe,1947-02-01,Australian singer-songwriter and actor,Actor_Media,Moon|Mars,2,Sun-Mercury|Sun-Mars,2,None,0,False,True,False,False,True,False,False
Q476,Luther Blissett,1958-02-01,Jamaican-English footballer and manager,Athlete,None,0,Sun-Venus|Mars-Saturn,2,None,0,False,False,False,False,False,False,False
Q477,Lisa Marie Presley,1968-02-01,American singer-songwriter and actress,Actor_Media,None,0,Moon-Mars,1,None,0,False,False,False,False,False,False,False
Q478,Phil Ivey,1977-02-01,American poker player,Athlete,Venus|Mars,2,Mercury-Mars,1,None,0,False,False,False,True,True,False,False
Q479,Dean Shiels,1985-02-01,Irish footballer,Athlete,Moon|Venus,2,Mercury-Jupiter|Venus-Mars,2,None,0,False,True,False,True,False,False,False
Q480,Diego Mella,1993-02-01,Italian footballer,Athlete,Moon|Venus,2,Sun-Mercury|Sun-Saturn|Mercury-Saturn,3,None,0,False,True,False,True,False,False,False
Q481,James I of Aragon,1208-02-02,,Unknown,Venus|Jupiter,2,None,0,Mercury-Saturn,1,False,False,False,True,False,True,False
Q482,Piotr Skarga,1536-02-02,Polish writer,Writer_Journalism,None,0,Sun-Moon,1,Saturn-Sun,1,False,False,False,False,False,False,False
Q483,William Phips,1651-02-02,Royal governor of the Province of Massachusetts Bay,Politics_Government,None,0,Moon-Saturn,1,Mercury-Saturn,1,False,False,False,False,False,False,False
Q484,Jacques Philippe Marie Binet,1786-02-02,"French mathematician, physicist, and astronomer",Academic_Science,None,0,Sun-Saturn|Venus-Saturn,2,None,0,False,False,False,False,False,False,False
Q485,Solomon R. Guggenheim,1861-02-02,"American businessman and philanthropist, founded the Solomon R. Guggenheim Museum",Business,None,0,Sun-Mercury,1,Saturn-Sun,1,False,False,False,False,False,False,False
Q486,Orval Overall,1881-02-02,American baseball player and manager,Athlete,Venus,1,Sun-Mercury|Moon-Venus,2,None,0,False,False,False,True,False,False,False
Q487,George Halas,1895-02-02,American football player and coach,Athlete,Saturn,1,Moon-Mars|Mercury-Venus,2,Saturn-Venus,1,False,False,False,False,False,False,True
Q488,Millvina Dean,1912-02-02,English civil servant and cartographer,Other,None,0,None,0,None,0,False,False,False,False,False,False,False
Q489,Sonny Stitt,1924-02-02,American saxophonist and composer,Other,Saturn,1,Mars-Jupiter,1,Saturn-Venus,1,False,False,False,False,False,False,True
Q490,Pete Brown,1935-02-02,American golfer,Athlete,None,0,Mercury-Venus|Mercury-Saturn|Venus-Saturn,3,None,0,False,False,False,False,False,False,False
Q491,Greg Antonacci,1947-02-02,"American actor, director, producer, and screenwriter",Actor_Media,Mars,1,Sun-Mercury|Sun-Mars,2,None,0,False,False,False,False,True,False,False
Q492,Phil Barney,1957-02-02,Algerian-French singer-songwriter,Actor_Media,None,0,Mercury-Venus,1,Jupiter-Mercury,1,False,False,False,False,False,False,False
Q493,Roar Strand,1970-02-02,Norwegian footballer,Athlete,None,0,Sun-Venus,1,None,0,False,False,False,False,False,False,False
Q494,Lance Allred,1981-02-02,American basketball player and activist,Athlete,None,0,Mercury-Mars|Jupiter-Saturn,2,Mercury-Saturn,1,False,False,False,False,False,False,False
Q495,Lammtarra,1992-02-02,American race horse,Other,None,0,Sun-Mercury|Sun-Saturn|Moon-Mercury|Mercury-Saturn|Venus-Mars,5,None,0,False,False,False,False,False,False,False
Q496,Joanna of Bourbon,1338-02-03,,Unknown,None,0,None,0,None,0,False,False,False,False,False,False,False
Q497,Friedrich Wilhelm von Seydlitz,1721-02-03,Prussian general,Politics_Government,Venus,1,None,0,Jupiter-Venus,1,False,False,False,True,False,False,False
Q498,Antonio José de Sucre,1795-02-03,"Venezuelan general and politician, 2nd President of Bolivia",Politics_Government,None,0,Sun-Mercury,1,None,0,False,False,False,False,False,False,False
Q499,Elizabeth Blackwell,1821-02-03,American physician and educator,Academic_Science,Mars,1,Sun-Mercury|Sun-Mars|Mercury-Mars,3,None,0,False,False,False,False,True,False,False
Q500,Hugo Junkers,1859-02-03,"German engineer, designed the Junkers J 1",Engineering_Tech,None,0,Sun-Moon,1,Moon-Saturn|Jupiter-Venus,2,False,False,False,False,False,False,False
Q501,Juan Negrín,1892-02-03,"Spanish physician and politician, 67th Prime Minister of Spain",Politics_Government,None,0,Venus-Jupiter,1,Mercury-Saturn,1,False,False,False,False,False,False,False
Q502,Pretty Boy Floyd,1904-02-03,American gangster,Other,None,0,Sun-Saturn,1,None,0,False,False,False,False,False,False,False
Q503,Johannes Kotkas,1915-02-03,Estonian wrestler and hammer thrower,Athlete,Mars,1,Mercury-Jupiter,1,Mercury-Saturn,1,False,False,False,False,True,False,False
Q504,Kenneth Anger,1927-02-03,"American actor, director, and screenwriter",Actor_Media,None,0,Sun-Mercury|Moon-Venus|Moon-Jupiter|Venus-Jupiter,4,None,0,False,False,False,False,False,False,False
Q505,Fran Tarkenton,1940-02-03,American football player and sportscaster,Athlete,None,0,Sun-Mercury|Mars-Saturn,2,None,0,False,False,False,False,False,False,False
Q506,Fred Lynn,1952-02-03,American baseball player,Athlete,None,0,None,0,Mercury-Saturn,1,False,False,False,False,False,False,False
Q507,Michele Greene,1962-02-03,"American actress, singer, and author",Actor_Media,Mars,1,Sun-Mercury|Sun-Venus|Sun-Jupiter|Moon-Mars|Mercury-Venus|Mercury-Jupiter|Venus-Jupiter|Mars-Saturn,8,None,0,False,False,False,False,True,False,False
Q508,Óscar Córdoba,1970-02-03,Colombian footballer,Athlete,None,0,Sun-Venus,1,None,0,False,False,False,False,False,False,False
Q509,Becky Bayless,1982-02-03,American wrestler,Athlete,Moon,1,Sun-Mercury|Mars-Saturn,2,Mercury-Saturn,1,False,True,False,False,False,False,False
Q510,Olli Aitola,1992-02-03,Finnish ice hockey player,Athlete,None,0,Sun-Moon|Sun-Mercury|Sun-Saturn|Moon-Mercury|Moon-Saturn|Mercury-Saturn|Venus-Mars,7,None,0,False,False,False,False,False,False,False
Q511,Lodovico Lazzarelli,1447-02-04,Italian poet,Writer_Journalism,Moon,1,None,0,None,0,False,True,False,False,False,False,False
Q512,Dru Drury,1725-02-04,English entomologist and author,Writer_Journalism,Mars,1,Sun-Mercury|Sun-Jupiter|Mercury-Jupiter|Venus-Saturn,4,Jupiter-Saturn,1,False,False,False,False,True,False,False
Q513,Jean Aicard,1848-02-04,"French poet, author, and playwright",Writer_Journalism,None,0,Sun-Moon|Sun-Mercury,2,None,0,False,False,False,False,False,False,False
Q514,Gotse Delchev,1872-02-04,Bulgarian and Macedonian revolutionary activist,Other,Jupiter,1,Mercury-Saturn,1,None,0,False,False,False,False,False,True,False
Q515,M. A. Ayyangar,1891-02-04,"Indian lawyer and politician, second Speaker of the Lok Sabha",Politics_Government,None,0,Sun-Jupiter,1,Saturn-Sun,1,False,False,False,False,False,False,False
Q516,Charles Lindbergh,1902-02-04,American pilot and explorer,Other,None,0,Mercury-Venus|Mercury-Mars|Venus-Mars|Jupiter-Saturn,4,Jupiter-Saturn,1,False,False,False,False,False,False,False
Q517,Rosa Parks,1913-02-04,American civil rights activist,Other,Venus,1,Sun-Mercury|Moon-Mars,2,None,0,False,False,False,True,False,False,False
Q518,Bhimsen Joshi,1922-02-04,Indian vocalist of the Hindustani classical music tradition,Other,None,0,Sun-Venus,1,Mercury-Saturn,1,False,False,False,False,False,False,False
Q519,Tibor Antalpéter,1930-02-04,"Hungarian volleyball player and diplomat, Hungarian Ambassador to the United Kingdom",Athlete,Mars,1,Sun-Venus|Mercury-Mars,2,None,0,False,False,False,False,True,False,False
Q520,Stan Lundine,1939-02-04,"American lawyer and politician, Lieutenant Governor of New York",Politics_Government,None,0,None,0,Jupiter-Saturn,1,False,False,False,False,False,False,False
Q521,Michael Beck,1949-02-04,American actor,Actor_Media,None,0,Sun-Mercury,1,Saturn-Sun,1,False,False,False,False,False,False,False
Q522,Siobhan Dowd,1960-02-04,English author and activist,Writer_Journalism,None,0,Sun-Mercury|Venus-Mars|Venus-Saturn|Mars-Saturn,4,None,0,False,False,False,False,False,False,False
Q523,Sergei Grinkov,1967-02-04,Russian figure skater,Athlete,Jupiter,1,None,0,None,0,False,False,False,False,False,True,False
Q524,Gavin DeGraw,1977-02-04,American singer-songwriter,Actor_Media,Venus|Mars,2,Moon-Saturn|Mercury-Mars,2,None,0,False,False,False,True,True,False,False
Q525,Maximilian Götz,1986-02-04,German racing driver,Other,None,0,Sun-Mercury|Sun-Venus|Moon-Saturn|Mercury-Venus|Venus-Jupiter|Mars-Saturn,6,None,0,False,False,False,False,False,False,False
Q526,Sanjō,0976-02-05,emperor of Japan,Politics_Government,Venus,1,Moon-Mercury,1,Moon-Saturn,1,False,False,False,True,False,False,False
Q527,Esteban Manuel de Villegas,1589-02-05,Spanish poet and educator,Writer_Journalism,None,0,None,0,None,0,False,False,False,False,False,False,False
Q528,John Jeffries,1744-02-05,"American medical doctor, scientist, military surgeon, and inspiration for National Weatherperson's Day",Politics_Government,None,0,None,0,Saturn-Sun,1,False,False,False,False,False,False,False
Q529,Dwight L. Moody,1837-02-05,"American evangelist and publisher, founded Moody Church, Moody Bible Institute, and Moody Publishers",Other,Jupiter|Saturn,2,Sun-Moon|Sun-Mercury|Moon-Mercury|Mars-Jupiter,4,None,0,False,False,False,False,False,True,True
Q530,André Citroën,1878-02-05,"French engineer and businessman, founded Citroën",Business,None,0,Moon-Saturn|Mercury-Jupiter,2,None,0,False,False,False,False,False,False,False
Q531,John Carradine,1906-02-05,American actor,Actor_Media,None,0,Sun-Venus,1,None,0,False,False,False,False,False,False,False
Q532,Edward J. Mortola,1917-02-05,American academic and president of Pace University,Politics_Government,Mars,1,Sun-Mars|Moon-Saturn|Mercury-Venus,3,None,0,False,False,False,False,True,False,False
Q533,Cesare Maldini,1932-02-05,Italian footballer and manager,Athlete,Mars|Jupiter,2,Sun-Mars|Moon-Mercury|Moon-Saturn|Mercury-Saturn,4,None,0,False,False,False,False,True,True,False
Q534,Stephen J. Cannell,1941-02-05,"American actor, producer, and screenwriter",Actor_Media,Moon,1,Jupiter-Saturn,1,None,0,False,True,False,False,False,False,False
Q535,Kurt Beck,1949-02-05,German politician,Politics_Government,None,0,Sun-Mercury,1,Saturn-Sun,1,False,False,False,False,False,False,False
Q536,Jüri Tamm,1957-02-05,Estonian hammer thrower and politician,Politics_Government,None,0,None,0,Jupiter-Mercury,1,False,False,False,False,False,False,False
Q537,José María Olazábal,1966-02-05,Spanish golfer,Athlete,None,0,Sun-Mercury,1,None,0,False,False,False,False,False,False,False
Q538,Michael Maguire,1974-02-05,Australian rugby league player and coach,Athlete,None,0,Sun-Jupiter,1,Mercury-Saturn,1,False,False,False,False,False,False,False
Q539,Laura del Río,1982-02-05,Spanish footballer,Athlete,None,0,Mars-Saturn,1,Mercury-Saturn,1,False,False,False,False,False,False,False
Q540,Stefan de Vrij,1992-02-05,Dutch footballer,Athlete,None,0,Sun-Mercury|Sun-Saturn|Mercury-Saturn|Venus-Mars,4,None,0,False,False,False,False,False,False,False
Q541,Emperor Daigo,0885-02-06,of Japan,Other,Venus,1,None,0,Mercury-Saturn,1,False,False,False,True,False,False,False
Q542,Chongzhen Emperor,1611-02-06,of China,Other,None,0,Sun-Mercury|Sun-Saturn|Mercury-Saturn,3,None,0,False,False,False,False,False,False,False
Q543,Franz Xaver Messerschmidt,1736-02-06,German-Austrian sculptor,Other,None,0,Sun-Mercury|Moon-Mars,2,None,0,False,False,False,False,False,False,False
Q544,John Stevens Henslow,1796-02-06,English botanist and geologist,Other,None,0,Sun-Jupiter,1,Saturn-Venus,1,False,False,False,False,False,False,False
Q545,John Brown Gordon,1832-02-06,"American general and politician, 53rd Governor of Georgia",Politics_Government,None,0,Venus-Mars,1,Saturn-Sun,1,False,False,False,False,False,False,False
Q546,Nikolay Zelinsky,1861-02-06,Russian chemist and academic,Academic_Science,None,0,Sun-Mercury,1,Saturn-Sun,1,False,False,False,False,False,False,False
Q547,Josef Frings,1887-02-06,German cardinal,Other,None,0,Sun-Mercury|Moon-Saturn|Venus-Mars,3,Mercury-Saturn,1,False,False,False,False,False,False,False
Q548,Claudio Arrau,1903-02-06,Chilean pianist and composer,Other,Moon,1,Mercury-Saturn|Venus-Jupiter,2,None,0,False,True,False,False,False,False,False
Q549,Kavi Pradeep,1915-02-06,Indian poet and songwriter,Writer_Journalism,Mars,1,Mercury-Jupiter,1,Mercury-Saturn,1,False,False,False,False,True,False,False
Q550,Allan H. Meltzer,1928-02-06,American economist and academic,Academic_Science,None,0,Venus-Mars,1,None,0,False,False,False,False,False,False,False
Q551,Stephen Albert,1941-02-06,American pianist and composer,Other,Moon,1,Jupiter-Saturn,1,None,0,False,True,False,False,False,False,False
Q552,Jerry Marotta,1956-02-06,American drummer,Other,Venus,1,Moon-Mars,1,None,0,False,False,False,True,False,False,False
Q553,Anita Cochran,1967-02-06,"American singer-songwriter, guitarist, and producer",Actor_Media,Jupiter,1,Mercury-Venus,1,Jupiter-Moon,1,False,False,False,False,False,True,False
Q554,Dan Bălan,1979-02-06,Moldovan singer-songwriter and producer,Actor_Media,Moon|Mars|Jupiter,3,Sun-Mercury|Sun-Mars|Mercury-Mars,3,Saturn-Sun,1,False,True,False,False,True,True,False
Q555,Craig Cathcart,1989-02-06,Northern Irish footballer,Athlete,None,0,Sun-Moon|Mercury-Venus,2,None,0,False,False,False,False,False,False,False
Q556,Prince Shōtoku,0574-02-07,of Japan,Other,None,0,Moon-Mercury|Moon-Venus|Mercury-Venus|Mercury-Mars|Mercury-Jupiter|Venus-Jupiter|Mars-Jupiter,7,Jupiter-Saturn,1,False,False,False,False,False,False,False
Q557,Vittoria della Rovere,1622-02-07,Italian noble,Other,Venus,1,Venus-Mars,1,Mercury-Saturn|Jupiter-Venus,2,False,False,False,True,False,False,False
Q558,John Deere,1804-02-07,"American blacksmith and businessman, founded Deere & Company",Business,Mars,1,Sun-Mercury,1,Mercury-Saturn,1,False,False,False,False,True,False,False
Q559,Alfred Adler,1870-02-07,Austrian-Scottish psychologist and therapist,Other,None,0,Sun-Mars,1,None,0,False,False,False,False,False,False,False
Q560,Harry Nyquist,1889-02-07,Swedish-American engineer and theorist,Engineering_Tech,Venus,1,None,0,None,0,False,False,False,True,False,False,False
Q561,Buster Crabbe,1908-02-07,American swimmer and actor,Athlete,Jupiter,1,Moon-Mars|Venus-Saturn,2,None,0,False,False,False,False,False,True,False
Q562,Hattie Jacques,1922-02-07,English actress,Actor_Media,Moon,1,Sun-Venus,1,Mercury-Saturn,1,False,True,False,False,False,False,False
Q563,Gay Talese,1932-02-07,American journalist and memoirist,Writer_Journalism,Venus|Mars|Jupiter,3,Sun-Mars|Mercury-Saturn,2,None,0,False,False,False,True,True,True,False
Q564,Eric Foner,1943-02-07,"American historian, author, and academic",Academic_Science,None,0,None,0,Saturn-Venus,1,False,False,False,False,False,False,False
Q565,Dieter Bohlen,1954-02-07,German singer-songwriter and producer,Actor_Media,Saturn,1,Sun-Venus,1,Saturn-Venus,1,False,False,False,False,False,False,True
Q566,Heidemarie Stefanyshyn-Piper,1963-02-07,American Naval officer and astronaut,Other,None,0,Sun-Saturn,1,None,0,False,False,False,False,False,False,False
Q567,Essence Atkins,1972-02-07,American actress,Actor_Media,Venus,1,Sun-Mercury,1,None,0,False,False,False,True,False,False,False
Q568,Dalibor Bagarić,1980-02-07,Croatian basketball player,Athlete,Venus,1,Mars-Jupiter,1,Mercury-Saturn,1,False,False,False,True,False,False,False
Q569,Ai Kago,1988-02-07,Japanese singer and actress,Actor_Media,Venus,1,Sun-Mercury,1,None,0,False,False,False,True,False,False,False
Q570,Aaron Ekblad,1996-02-07,Canadian ice hockey player,Athlete,Venus|Mars,2,Sun-Mars|Venus-Saturn,2,None,0,False,False,False,True,True,False,False
Q571,Proclus,0412-02-08,Greek mathematician and philosopher,Academic_Science,Mars,1,Sun-Venus|Jupiter-Saturn,2,Saturn-Venus,1,False,False,False,False,True,False,False
Q572,Agrippa d'Aubigné,1552-02-08,French poet and soldier,Writer_Journalism,Mars|Jupiter,2,Sun-Saturn|Mercury-Saturn,2,Jupiter-Moon,1,False,False,False,False,True,True,False
Q573,Gia Long,1762-02-08,Vietnamese emperor,Politics_Government,None,0,Sun-Mercury|Jupiter-Saturn,2,None,0,False,False,False,False,False,False,False
Q574,Maxime Du Camp,1822-02-08,French photographer and journalist,Writer_Journalism,Venus,1,Jupiter-Saturn,1,None,0,False,False,False,True,False,False,False
Q575,Moses Gomberg,1866-02-08,Ukrainian-American chemist and academic,Academic_Science,Mars|Saturn,2,Sun-Venus|Mars-Jupiter,2,Saturn-Venus,1,False,False,False,False,True,False,True
Q576,Edith Evans,1888-02-08,English actress,Actor_Media,None,0,Moon-Venus,1,None,0,False,False,False,False,False,False,False
Q577,Greta Keller,1903-02-08,Austrian-American singer and actress,Actor_Media,None,0,Mercury-Saturn,1,None,0,False,False,False,False,False,False,False
Q578,Barney Danson,1921-02-08,"Canadian colonel and politician, 21st Canadian Minister of National Defence",Politics_Government,Venus,1,Sun-Moon|Jupiter-Saturn,2,Mercury-Saturn,1,False,False,False,True,False,False,False
Q579,Elly Ameling,1933-02-08,Dutch soprano,Other,None,0,Sun-Mercury|Venus-Saturn|Mars-Jupiter,3,None,0,False,False,False,False,False,False,False
Q580,Dan Seals,1948-02-08,American singer-songwriter and guitarist,Actor_Media,Venus,1,None,0,Moon-Saturn,1,False,False,False,True,False,False,False
Q581,Sherri Martel,2007-02-08,American wrestler and manager,Athlete,None,0,Mercury-Venus,1,Jupiter-Mars,1,False,False,False,False,False,False,False
Q582,Gary Coleman,1968-02-08,American actor,Actor_Media,Moon,1,None,0,None,0,False,True,False,False,False,False,False
Q583,Khaled Mashud,1976-02-08,Bangladeshi cricketer,Athlete,None,0,None,0,None,0,False,False,False,False,False,False,False
Q584,Petra Cetkovská,1985-02-08,Czech tennis player,Athlete,Venus,1,Sun-Mercury|Venus-Mars,2,None,0,False,False,False,True,False,False,False
Q585,Bruno Martins Indi,1992-02-08,Portuguese-Dutch footballer,Athlete,None,0,Sun-Mercury|Mercury-Saturn|Venus-Mars,3,None,0,False,False,False,False,False,False,False
Q586,Honorius II,1060-02-09,pope of the Catholic Church,Religion,None,0,Moon-Venus|Moon-Jupiter|Venus-Jupiter|Mars-Saturn,4,Saturn-Venus,1,False,False,False,False,False,False,False
Q587,Luis Vicente de Velasco e Isla,1711-02-09,Spanish sailor and commander,Other,None,0,Sun-Venus,1,None,0,False,False,False,False,False,False,False
Q588,Vasily Zhukovsky,1783-02-09,Russian poet and translator,Writer_Journalism,Moon,1,None,0,None,0,False,True,False,False,False,False,False
Q589,Silas Adams,1839-02-09,"American colonel, lawyer, and politician",Politics_Government,None,0,None,0,None,0,False,False,False,False,False,False,False
Q590,Howard Taylor Ricketts,1871-02-09,American pathologist and physician,Academic_Science,None,0,Moon-Mars,1,None,0,False,False,False,False,False,False,False
Q591,Peggy Wood,1892-02-09,American actress,Actor_Media,Venus,1,Venus-Jupiter,1,Mercury-Saturn,1,False,False,False,True,False,False,False
Q592,Trường Chinh,1907-02-09,"Vietnamese politician, 4th President of Vietnam",Politics_Government,None,0,Sun-Mercury|Moon-Venus,2,None,0,False,False,False,False,False,False,False
Q593,Fred Allen,1920-02-09,New Zealand rugby player and coach,Athlete,Jupiter,1,Sun-Mercury,1,Saturn-Sun,1,False,False,False,False,False,True,False
Q594,Tatsuro Hirooka,1932-02-09,Japanese baseball player and manager,Athlete,Venus|Mars|Jupiter,3,Sun-Mars|Moon-Venus,2,None,0,False,False,False,True,True,True,False
Q595,Barbara Lewis,1943-02-09,American singer-songwriter,Actor_Media,None,0,None,0,Saturn-Venus,1,False,False,False,False,False,False,False
Q596,Danny White,1952-02-09,American football player and sportscaster,Athlete,None,0,None,0,Mercury-Saturn,1,False,False,False,False,False,False,False
Q597,Anik Bissonnette,1962-02-09,Canadian ballerina,Other,Mars,1,Sun-Venus|Sun-Jupiter|Mercury-Mars|Mercury-Jupiter|Mercury-Saturn|Venus-Jupiter|Mars-Saturn,7,None,0,False,False,False,False,True,False,False
Q598,Darren Ferguson,1972-02-09,Scottish footballer and manager,Athlete,Venus,1,Sun-Mercury,1,None,0,False,False,False,True,False,False,False
Q599,Domingo Cisma,1982-02-09,Spanish footballer,Athlete,None,0,Mars-Saturn,1,Mercury-Saturn|Jupiter-Venus,2,False,False,False,False,False,False,False
Q600,Avan Jogia,1992-02-09,Canadian actor,Actor_Media,None,0,Sun-Mercury|Mercury-Saturn|Venus-Mars,3,None,0,False,False,False,False,False,False,False
Q601,George of the Palatinate,1486-02-10,German bishop,Religion,Venus,1,Moon-Mars,1,None,0,False,False,False,True,False,False,False
Q602,Benjamin Smith Barton,1766-02-10,American botanist and physician,Academic_Science,Venus|Jupiter,2,None,0,None,0,False,False,False,True,False,True,False
Q603,Agnes Mary Clerke,1842-02-10,Irish astronomer and author,Academic_Science,None,0,Sun-Moon|Sun-Venus|Moon-Venus|Jupiter-Saturn,4,None,0,False,False,False,False,False,False,False
Q604,Ernst Põdder,1879-02-10,Estonian general,Politics_Government,None,0,Sun-Jupiter,1,Jupiter-Saturn,1,False,False,False,False,False,False,False
Q605,Bertolt Brecht,1898-02-10,"German director, playwright, and poet",Actor_Media,Mars,1,Sun-Venus|Moon-Jupiter|Mercury-Mars,3,Mars-Saturn,1,False,False,False,False,True,False,False
Q606,Anthony Cottrell,1907-02-10,New Zealand rugby player,Athlete,None,0,Sun-Mercury,1,None,0,False,False,False,False,False,False,False
Q607,Árpád Göncz,1922-02-10,"Hungarian author, playwright, and politician, 1st President of Hungary",Politics_Government,None,0,Sun-Venus|Mercury-Venus,2,Mercury-Saturn,1,False,False,False,False,False,False,False
Q608,James West,1931-02-10,American inventor and acoustician,Engineering_Tech,None,0,None,0,Mars-Moon,1,False,False,False,False,False,False,False
Q609,Michael Apted,1941-02-10,English director and producer,Actor_Media,None,0,Jupiter-Saturn,1,Jupiter-Mars,1,False,False,False,False,False,False,False
Q610,Lee Hsien Loong,1952-02-10,"Singaporean general and politician, 3rd Prime Minister of Singapore",Politics_Government,None,0,None,0,Mercury-Saturn,1,False,False,False,False,False,False,False
Q611,Cliff Burton,1962-02-10,American musician and songwriter,Actor_Media,Mars,1,Sun-Venus|Sun-Jupiter|Mercury-Mars|Mercury-Saturn|Venus-Jupiter|Mars-Saturn,6,None,0,False,False,False,False,True,False,False
Q612,Lorena Rojas,1971-02-10,Mexican actress and singer,Actor_Media,None,0,Mars-Jupiter,1,None,0,False,False,False,False,False,False,False
Q613,Joey Hand,1979-02-10,American race car driver,Other,Mars|Jupiter,2,Sun-Mercury|Sun-Mars|Moon-Jupiter|Mercury-Mars,4,Saturn-Sun,1,False,False,False,False,True,True,False
Q614,Justin Braun,1987-02-10,American ice hockey player,Athlete,None,0,None,0,None,0,False,False,False,False,False,False,False
Q615,Sterling Brown,1995-02-10,American basketball player,Athlete,Moon,1,None,0,None,0,False,True,False,False,False,False,False
Q616,Poggio Bracciolini,1380-02-11,Italian scholar and translator,Academic_Science,None,0,Sun-Mercury|Sun-Venus|Mercury-Venus,3,None,0,False,False,False,False,False,False,False
Q617,Egidio Duni,1708-02-11,Italian composer,Other,Mars,1,None,0,Saturn-Venus,1,False,False,False,False,True,False,False
Q618,Otto Ludwig,1813-02-11,"German author, playwright, and critic",Writer_Journalism,Jupiter,1,None,0,None,0,False,False,False,False,False,True,False
Q619,Rachilde,1860-02-11,French author and playwright,Writer_Journalism,Venus,1,Sun-Mercury,1,Saturn-Sun,1,False,False,False,True,False,False,False
Q620,John Warren Davis,1888-02-11,"American educator, college administrator, and civil rights leader",Other,None,0,Sun-Moon,1,Moon-Saturn,1,False,False,False,False,False,False,False
Q621,Max Baer,1909-02-11,American boxer and actor,Athlete,None,0,Sun-Mercury,1,None,0,False,False,False,False,False,False,False
Q622,Lloyd Bentsen,1921-02-11,"American politician, 69th United States Secretary of the Treasury",Politics_Government,Venus,1,Moon-Venus|Moon-Mars|Jupiter-Saturn,3,Mercury-Saturn,1,False,False,False,True,False,False,False
Q623,Dennis Skinner,1932-02-11,English miner and politician,Politics_Government,Venus|Mars|Jupiter,3,Sun-Mars,1,Jupiter-Moon,1,False,False,False,True,True,True,False
Q624,Sérgio Mendes,1941-02-11,Brazilian pianist and composer,Other,None,0,Jupiter-Saturn,1,Jupiter-Mars,1,False,False,False,False,False,False,False
Q625,James Silas,1949-02-11,American basketball player,Athlete,None,0,Sun-Mars|Mercury-Venus,2,Saturn-Sun,1,False,False,False,False,False,False,False
Q626,Carey Lowell,1961-02-11,American actress,Actor_Media,Venus,1,Jupiter-Saturn,1,None,0,False,False,False,True,False,False,False
Q627,Damian Lewis,1971-02-11,English actor,Actor_Media,None,0,None,0,None,0,False,False,False,False,False,False,False
Q628,Roc Marciano,1978-02-11,American rapper and record producer,Actor_Media,None,0,Sun-Venus,1,Saturn-Sun,1,False,False,False,False,False,False,False
Q629,Gabriel Boric,1986-02-11,"Chilean politician, 36th President of Chile",Politics_Government,None,0,Sun-Venus|Sun-Jupiter|Mercury-Venus|Mercury-Jupiter|Venus-Jupiter|Mars-Saturn,6,None,0,False,False,False,False,False,False,False
Q630,Dansby Swanson,1994-02-11,American baseball player,Athlete,Mars,1,Sun-Venus|Moon-Mercury|Moon-Venus|Moon-Saturn|Mercury-Saturn|Venus-Saturn,6,None,0,False,False,False,False,True,False,False
Q631,Daughter of Emperor Xiaoming of Northern Wei,0528-02-12,nominal empress regnant of Northern Wei,Other,None,0,None,0,Saturn-Venus,1,False,False,False,False,False,False,False
Q632,Thomas Campion,1567-02-12,"English composer, poet, and physician",Academic_Science,Mars,1,Sun-Venus|Mercury-Venus,2,Saturn-Sun,1,False,False,False,False,True,False,False
Q633,Étienne-Louis Boullée,1728-02-12,French architect,Engineering_Tech,None,0,Sun-Saturn|Mercury-Saturn,2,Jupiter-Venus,1,False,False,False,False,False,False,False
Q634,Peter Cooper,1791-02-12,"American businessman and philanthropist, founded Cooper Union",Business,Moon,1,Sun-Mars|Venus-Mars,2,None,0,False,True,False,False,False,False,False
Q635,Eugène Atget,1857-02-12,French photographer,Other,Venus,1,Venus-Jupiter,1,Mercury-Saturn,1,False,False,False,True,False,False,False
Q636,Anna Pavlova,1881-02-12,Russian-English ballerina and actress,Actor_Media,Venus,1,Venus-Jupiter|Jupiter-Saturn,2,None,0,False,False,False,True,False,False,False
Q637,Roger J. Traynor,1900-02-12,"American lawyer and jurist, 23rd Chief Justice of California",Law,Venus|Mars,2,Sun-Mercury|Sun-Mars,2,None,0,False,False,False,True,True,False,False
Q638,R. F. Delderfield,1912-02-12,English author and playwright,Writer_Journalism,None,0,Moon-Jupiter,1,None,0,False,False,False,False,False,False,False
Q639,Franco Zeffirelli,1923-02-12,"Italian director, producer, and politician",Actor_Media,None,0,None,0,Mercury-Saturn|Jupiter-Venus,2,False,False,False,False,False,False,False
Q640,Gene McDaniels,1935-02-12,American singer-songwriter and producer,Actor_Media,Moon,1,Sun-Saturn|Mercury-Saturn,2,None,0,False,True,False,False,False,False,False
Q641,Ray Kurzweil,1948-02-12,American computer scientist and engineer,Academic_Science,Venus,1,None,0,Moon-Saturn,1,False,False,False,True,False,False,False
Q642,Larry Nance,1959-02-12,American basketball player,Athlete,None,0,Sun-Mercury,1,None,0,False,False,False,False,False,False,False
Q643,Scott Menville,1971-02-12,"American voice actor, singer, actor and musician",Actor_Media,None,0,None,0,None,0,False,False,False,False,False,False,False
Q644,Jesse Spencer,1979-02-12,Australian actor and violinist,Actor_Media,Mars|Jupiter,2,Sun-Mercury|Sun-Mars|Mercury-Mars,3,Saturn-Sun,1,False,False,False,False,True,True,False
Q645,DeMarco Murray,1988-02-12,American football player,Athlete,Venus,1,Sun-Mercury|Mars-Saturn,2,None,0,False,False,False,True,False,False,False
Q646,Hartmann Schedel,1440-02-13,German physician,Academic_Science,None,0,Moon-Mercury|Venus-Jupiter,2,None,0,False,False,False,False,False,False,False
Q647,"William V, Landgrave of Hesse-Kassel",1602-02-13,,Unknown,None,0,Moon-Saturn|Mercury-Venus,2,None,0,False,False,False,False,False,False,False
Q648,Peter Gustav Lejeune Dirichlet,1805-02-13,German mathematician and academic,Academic_Science,None,0,Mercury-Venus,1,Mercury-Saturn,1,False,False,False,False,False,False,False
Q649,Hugo Becker,1863-02-13,German cellist and composer,Other,None,0,Sun-Mercury,1,Mercury-Saturn,1,False,False,False,False,False,False,False
Q650,Eleanor Farjeon,1881-02-13,"English author, poet, and playwright",Writer_Journalism,Venus|Mars,2,Venus-Jupiter|Jupiter-Saturn,2,Mars-Saturn,1,False,False,False,True,True,False,False
Q651,Hubert Ashton,1898-02-13,English cricketer and politician,Athlete,Mars,1,Sun-Venus|Mercury-Mars,2,Mars-Saturn,1,False,False,False,False,True,False,False
Q652,Faiz Ahmad Faiz,1911-02-13,Indian-Pakistani poet and journalist,Writer_Journalism,None,0,None,0,None,0,False,False,False,False,False,False,False
Q653,Jeanne Demessieux,1921-02-13,French pianist and composer,Other,Venus,1,Jupiter-Saturn,1,Mercury-Saturn,1,False,False,False,True,False,False,False
Q654,Paul Biya,1933-02-13,"Cameroon politician, 2nd President of Cameroon",Politics_Government,None,0,Sun-Mercury|Venus-Saturn|Mars-Jupiter,3,None,0,False,False,False,False,False,False,False
Q655,Marian Dawkins,1945-02-13,English biologist and academic,Academic_Science,Venus|Mars,2,None,0,Mercury-Saturn,1,False,False,False,True,True,False,False
Q656,Donnie Moore,1954-02-13,American baseball player,Athlete,Saturn,1,Sun-Venus,1,Saturn-Venus,1,False,False,False,False,False,False,True
Q657,Stephen Bowen,1964-02-13,"American engineer, captain, and astronaut",Engineering_Tech,Venus,1,Sun-Moon|Sun-Mars|Sun-Saturn|Moon-Mars|Moon-Saturn|Mars-Saturn,6,None,0,False,False,False,True,False,False,False
Q658,Fonzworth Bentley,1974-02-13,American rapper and actor,Actor_Media,None,0,Sun-Jupiter,1,Mercury-Saturn,1,False,False,False,False,False,False,False
Q659,Even Helte Hermansen,1982-02-13,Norwegian guitarist and composer,Other,None,0,Moon-Saturn|Mars-Saturn,2,Mercury-Saturn|Jupiter-Venus,2,False,False,False,False,False,False,False
Q660,Eliaquim Mangala,1991-02-13,French footballer,Athlete,Jupiter,1,Moon-Mercury,1,None,0,False,False,False,False,False,True,False
Q661,Leon Battista Alberti,1404-02-14,"Italian painter, poet, and philosopher",Writer_Journalism,None,0,Sun-Venus|Mercury-Jupiter,2,None,0,False,False,False,False,False,False,False
Q662,Francesco Cavalli,1602-02-14,Italian composer,Other,None,0,Mercury-Venus,1,None,0,False,False,False,False,False,False,False
Q663,Jean Victor Marie Moreau,1763-02-14,French general,Politics_Government,None,0,Moon-Mercury,1,Jupiter-Mars,1,False,False,False,False,False,False,False
Q664,Christopher Latham Sholes,1819-02-14,"American journalist and politician, invented the typewriter",Politics_Government,Mars,1,Mercury-Mars|Mercury-Jupiter|Mars-Jupiter,3,None,0,False,False,False,False,True,False,False
Q665,Frank Harris,1855-02-14,Irish author and journalist,Writer_Journalism,None,0,Mercury-Venus|Mercury-Mars|Venus-Mars,3,Saturn-Venus,1,False,False,False,False,False,False,False
Q666,Nina Hamnett,1890-02-14,Welsh-English painter and author,Writer_Journalism,None,0,Sun-Venus|Mercury-Jupiter,2,Saturn-Sun,1,False,False,False,False,False,False,False
Q667,Stuart Erwin,1903-02-14,American actor,Actor_Media,None,0,Sun-Jupiter|Mercury-Saturn,2,None,0,False,False,False,False,False,False,False
Q668,Jay Hebert,1923-02-14,American golfer,Athlete,None,0,None,0,Mercury-Saturn|Jupiter-Venus,2,False,False,False,False,False,False,False
Q669,Florence Henderson,1934-02-14,American actress and singer,Actor_Media,None,0,Sun-Moon|Sun-Saturn|Moon-Mars|Mercury-Mars,4,None,0,False,False,False,False,False,False,False
Q670,Carl Bernstein,1944-02-14,American journalist and author,Writer_Journalism,Jupiter,1,None,0,None,0,False,False,False,False,False,True,False
Q671,Carol Kalish,1955-02-14,American publisher,Other,Saturn,1,Sun-Mercury|Moon-Saturn,2,None,0,False,False,False,False,False,False,True
Q672,Enrico Colantoni,1963-02-14,"Canadian actor, director, and producer",Actor_Media,None,0,None,0,None,0,False,False,False,False,False,False,False
Q673,H. D. Ackerman,1973-02-14,South African cricketer,Athlete,None,0,None,0,Saturn-Venus,1,False,False,False,False,False,False,False
Q674,Matteo Brighi,1981-02-14,Italian footballer,Athlete,None,0,Sun-Mercury|Mercury-Mars|Jupiter-Saturn,3,Mercury-Saturn,1,False,False,False,False,False,False,False
Q675,Chris Babb,1990-02-14,American basketball player,Athlete,None,0,Venus-Saturn,1,None,0,False,False,False,False,False,False,False
Q676,Ladislaus of Naples,1377-02-15,,Unknown,Mars,1,Moon-Mercury|Moon-Mars|Mercury-Mars|Venus-Saturn,4,None,0,False,False,False,False,True,False,False
Q677,"Paul de Chomedey, Sieur de Maisonneuve",1612-02-15,"French soldier, founded Montreal",Other,None,0,Mercury-Venus|Mercury-Saturn|Venus-Saturn,3,None,0,False,False,False,False,False,False,False
Q678,Jeremy Bentham,1748-02-15,English jurist and philosopher,Law,Venus|Saturn,2,Sun-Mercury,1,None,0,False,False,False,True,False,False,True
Q679,"Carter Harrison, Sr.",1825-02-15,"American lawyer and politician, 29th Mayor of Chicago",Politics_Government,Venus|Jupiter,2,Moon-Mercury,1,None,0,False,False,False,True,False,True,False
Q680,Rickman Godlee,1849-02-15,English surgeon and academic,Academic_Science,Venus|Jupiter,2,None,0,None,0,False,False,False,True,False,True,False
Q681,Robert Ley,1890-02-15,German politician,Politics_Government,None,0,Sun-Venus|Mercury-Jupiter,2,Saturn-Sun,1,False,False,False,False,False,False,False
Q682,Jean Langlais,1907-02-15,French organist and composer,Other,None,0,None,0,None,0,False,False,False,False,False,False,False
Q683,Endicott Peabody,1920-02-15,"American soldier, lawyer, and politician, 62nd Governor of Massachusetts",Politics_Government,Jupiter,1,Sun-Mercury,1,Jupiter-Moon|Saturn-Sun,2,False,False,False,False,False,True,False
Q684,Graham Hill,1929-02-15,English racing driver and businessman,Business,Venus,1,Moon-Jupiter,1,None,0,False,False,False,True,False,False,False
Q685,Mick Avory,1944-02-15,English musician and songwriter,Actor_Media,Jupiter,1,Mars-Saturn,1,None,0,False,False,False,False,False,True,False
Q686,Ernie Howe,1953-02-15,English footballer and manager,Athlete,Venus|Saturn,2,Venus-Mars,1,Jupiter-Mars,1,False,False,False,True,False,False,True
Q687,Steven Michael Quezada,1963-02-15,"American actor, comedian, and politician",Actor_Media,None,0,None,0,None,0,False,False,False,False,False,False,False
Q688,Kateřina Neumannová,1973-02-15,Czech skier,Other,None,0,None,0,Saturn-Venus,1,False,False,False,False,False,False,False
Q689,Shameka Christon,1982-02-15,American basketball player,Athlete,None,0,Mars-Saturn,1,Mercury-Saturn,1,False,False,False,False,False,False,False
Q690,Ángel Sepúlveda,1991-02-15,Mexican footballer,Athlete,Jupiter,1,None,0,None,0,False,False,False,False,False,True,False
Q691,Nichiren,1222-02-16,founder of Nichiren Buddhism,Other,Venus,1,Sun-Mercury,1,None,0,False,False,False,True,False,False,False
Q692,Gaspard II de Coligny,1519-02-16,French admiral,Other,Moon,1,None,0,None,0,False,True,False,False,False,False,False
Q693,Pierre Rode,1774-02-16,French violinist and composer,Other,Venus,1,Sun-Mars|Mercury-Mars|Venus-Jupiter,3,Mercury-Saturn,1,False,False,False,True,False,False,False
Q694,Joseph Victor von Scheffel,1826-02-16,German poet and author,Writer_Journalism,Moon,1,Sun-Venus|Moon-Saturn,2,Saturn-Venus,1,False,True,False,False,False,False,False
Q695,Hugo de Vries,1848-02-16,"Dutch botanist, geneticist, and academic",Academic_Science,None,0,Mercury-Saturn,1,None,0,False,False,False,False,False,False,False
Q696,Kathleen Clifford,1887-02-16,American actress,Actor_Media,None,0,Sun-Mercury|Mercury-Mars|Venus-Mars,3,Mercury-Saturn,1,False,False,False,False,False,False,False
Q697,Henrietta Barnett,1905-02-16,English Women's Royal Air Force officer,Other,Venus,1,Sun-Saturn,1,None,0,False,False,False,True,False,False,False
Q698,Heinz-Wolfgang Schnaufer,1922-02-16,German soldier and pilot,Other,None,0,Sun-Mercury|Sun-Venus|Mercury-Venus,3,Mercury-Saturn,1,False,False,False,False,False,False,False
Q699,Ken Brown,1934-02-16,English footballer and manager,Athlete,None,0,Sun-Saturn|Mercury-Mars,2,None,0,False,False,False,False,False,False,False
Q700,Yang Jen-fu,1942-02-16,Taiwanese politician,Politics_Government,None,0,Mercury-Venus|Mars-Saturn,2,None,0,False,False,False,False,False,False,False
Q701,Iain Banks,1954-02-16,Scottish author and playwright,Writer_Journalism,Saturn,1,Sun-Venus,1,Saturn-Venus,1,False,False,False,False,False,False,True
Q702,Bebeto,1964-02-16,Brazilian footballer and manager,Athlete,Venus,1,Sun-Mars|Sun-Saturn|Moon-Venus|Mars-Saturn,4,None,0,False,False,False,True,False,False,False
Q703,Mahershala Ali,1974-02-16,American actor,Actor_Media,None,0,Sun-Jupiter,1,Mercury-Saturn,1,False,False,False,False,False,False,False
Q704,Agyness Deyn,1983-02-16,"English model, actress, and singer",Actor_Media,Saturn,1,Venus-Mars,1,Saturn-Venus,1,False,False,False,False,False,False,True
Q705,Sergio Canales,1991-02-16,Spanish footballer,Athlete,Jupiter,1,Moon-Venus,1,None,0,False,False,False,False,False,True,False
Q706,Wu Zetian,0624-02-17,Chinese empress consort,Other,Venus,1,Mercury-Venus,1,Saturn-Sun,1,False,False,False,True,False,False,False
Q707,Tobias Mayer,1723-02-17,German astronomer and academic,Academic_Science,Mars,1,Venus-Mars|Jupiter-Saturn,2,None,0,False,False,False,False,True,False,False
Q708,Carl Julian (von) Graba,1799-02-17,German lawyer and ornithologist who visited and studied the Faroe Islands,Law,None,0,Moon-Saturn,1,Mercury-Saturn,1,False,False,False,False,False,False,False
Q709,Joseph Favre,1849-02-17,Swiss chef,Other,Venus|Jupiter,2,None,0,Jupiter-Moon,1,False,False,False,True,False,True,False
Q710,Mary Carson Breckinridge,1881-02-17,"American nurse midwife, founded Frontier Nursing Service",Other,Venus|Mars,2,Venus-Jupiter|Jupiter-Saturn,2,Mars-Saturn,1,False,False,False,True,True,False,False
Q711,Sadegh Hedayat,1903-02-17,Iranian-French author and translator,Writer_Journalism,None,0,Sun-Jupiter|Mercury-Saturn,2,None,0,False,False,False,False,False,False,False
Q712,Arthur Kennedy,1914-02-17,American actor,Actor_Media,None,0,Sun-Venus,1,Saturn-Venus,1,False,False,False,False,False,False,False
Q713,Margaret Truman,1924-02-17,American singer and author,Actor_Media,Venus|Saturn,2,Mars-Jupiter,1,None,0,False,False,False,True,False,False,True
Q714,Alan Bates,1934-02-17,English actor,Actor_Media,None,0,Mercury-Mars,1,None,0,False,False,False,False,False,False,False
Q715,Zina Bethune,1945-02-17,"American actress, dancer, and choreographer",Actor_Media,Venus|Mars,2,None,0,Mercury-Saturn,1,False,False,False,True,True,False,False
Q716,Mo Yan,1955-02-17,"Chinese author and academic, Nobel Prize laureate",Academic_Science,Saturn,1,None,0,None,0,False,False,False,False,False,False,True
Q717,Sherry Hawco,1964-02-17,Canadian gymnast,Other,Venus,1,Sun-Mars|Sun-Saturn|Moon-Jupiter|Mars-Saturn,4,None,0,False,False,False,True,False,False,False
Q718,Drew Barry,1973-02-17,American basketball player,Athlete,None,0,None,0,Saturn-Venus,1,False,False,False,False,False,False,False
Q719,Adriano,1982-02-17,Brazilian footballer,Athlete,None,0,Mars-Saturn,1,Mercury-Saturn,1,False,False,False,False,False,False,False
Q720,Phil Pressey,1991-02-17,American basketball player and coach,Athlete,Venus|Jupiter,2,Moon-Venus,1,Jupiter-Moon,1,False,False,False,True,False,True,False
Q721,Nasir al-Din al-Tusi,1201-02-18,Persian scientist and writer,Academic_Science,Moon,1,Sun-Venus|Moon-Mars,2,None,0,False,True,False,False,False,False,False
Q722,Bahāʾ al-dīn al-ʿĀmilī,1547-02-18,founder of Isfahan School of Islamic Philosophy,Other,Venus,1,Sun-Jupiter|Mercury-Jupiter,2,Jupiter-Saturn,1,False,False,False,True,False,False,False
Q723,Marie Champmeslé,1642-02-18,French actress,Actor_Media,None,0,Sun-Jupiter|Mercury-Venus,2,None,0,False,False,False,False,False,False,False
Q724,Konstanty Schmidt-Ciążyński,1818-02-18,Polish collector and art connoisseur who donated a large collection to the National Museum in Kraków,Other,None,0,Sun-Venus,1,None,0,False,False,False,False,False,False,False
Q725,Anders Zorn,1860-02-18,Swedish artist,Other,Venus,1,Sun-Mercury,1,Saturn-Sun,1,False,False,False,True,False,False,False
Q726,Edward Arnold,1890-02-18,American actor,Actor_Media,None,0,Sun-Venus|Mercury-Jupiter,2,Saturn-Sun,1,False,False,False,False,False,False,False
Q727,Hans Asperger,1906-02-18,Austrian pediatrician and academic,Academic_Science,None,0,Sun-Mercury|Sun-Venus|Sun-Saturn|Mercury-Venus|Mercury-Saturn|Venus-Saturn,6,None,0,False,False,False,False,False,False,False
Q728,Eric Gairy,1922-02-18,"Grenadan politician, 1st Prime Minister of Grenada",Politics_Government,None,0,Sun-Venus|Moon-Mars,2,Mercury-Saturn,1,False,False,False,False,False,False,False
Q729,Yoko Ono,1933-02-18,Japanese-American multimedia artist and musician,Actor_Media,None,0,Venus-Saturn|Mars-Jupiter,2,None,0,False,False,False,False,False,False,False
Q730,Michael Buerk,1946-02-18,English journalist,Writer_Journalism,None,0,Sun-Mercury|Sun-Venus|Mercury-Venus|Mars-Saturn,4,Mercury-Saturn,1,False,False,False,False,False,False,False
Q731,Marita Koch,1957-02-18,German sprinter,Other,None,0,Mercury-Venus,1,None,0,False,False,False,False,False,False,False
Q732,Phillip DeFreitas,1966-02-18,Dominican-English cricketer,Athlete,None,0,Mercury-Mars|Mars-Saturn,2,None,0,False,False,False,False,False,False,False
Q733,Ike Barinholtz,1977-02-18,American actor and comedian,Actor_Media,Venus|Mars,2,Sun-Moon|Mercury-Mars,2,Moon-Saturn,1,False,False,False,True,True,False,False
Q734,Roman Neustädter,1988-02-18,German-Russian footballer,Athlete,Venus,1,Mars-Saturn,1,Jupiter-Mars,1,False,False,False,True,False,False,False
Q735,Nathan Aké,1995-02-18,Dutch footballer,Athlete,None,0,None,0,None,0,False,False,False,False,False,False,False
Q736,Domenico Grimani,1461-02-19,Italian cardinal,Other,None,0,Sun-Moon|Sun-Mercury|Moon-Mercury,3,None,0,False,False,False,False,False,False,False
Q737,"Henry Frederick, Prince of Wales",1594-02-19,,Unknown,None,0,Mercury-Venus|Mercury-Jupiter|Venus-Jupiter,3,Moon-Saturn,1,False,False,False,False,False,False,False
Q738,Carl von Rokitansky,1804-02-19,"German physician, pathologist, and philosopher",Academic_Science,Moon|Venus|Mars,3,Mercury-Mars,1,Mercury-Saturn|Jupiter-Venus,2,False,True,False,True,True,False,False
Q739,Hovhannes Tumanyan,1869-02-19,Armenian-Russian poet and author,Writer_Journalism,Moon,1,Sun-Mercury,1,None,0,False,True,False,False,False,False,False
Q740,José Eustasio Rivera,1888-02-19,Colombian lawyer and poet,Writer_Journalism,Moon,1,None,0,None,0,False,True,False,False,False,False,False
Q741,Merle Oberon,1911-02-19,Indian-American actress,Actor_Media,None,0,Moon-Jupiter,1,None,0,False,False,False,False,False,False,False
Q742,C. Z. Guest,1920-02-19,"American actress, fashion designer, and author",Actor_Media,Jupiter,1,Sun-Moon,1,Saturn-Sun,1,False,False,False,False,False,True,False
Q743,Joseph P. Kerwin,1932-02-19,"American captain, physician, and astronaut",Academic_Science,Venus|Jupiter,2,Sun-Mercury|Sun-Mars|Mercury-Mars,3,None,0,False,False,False,True,False,True,False
Q744,Cyrus Chothia,1942-02-19,English biochemist and emeritus scientist at the Laboratory of Molecular Biology,Academic_Science,None,0,Mercury-Venus|Mars-Saturn,2,None,0,False,False,False,False,False,False,False
Q745,Juice Leskinen,1950-02-19,Finnish singer-songwriter,Actor_Media,None,0,Mercury-Venus,1,Saturn-Sun,1,False,False,False,False,False,False,False
Q746,Falco,1957-02-19,"Austrian singer-songwriter, rapper, and musician",Actor_Media,None,0,Mercury-Venus,1,None,0,False,False,False,False,False,False,False
Q747,Jon Fishman,1965-02-19,American drummer,Other,None,0,Sun-Mercury|Sun-Saturn,2,None,0,False,False,False,False,False,False,False
Q748,Eric Lange,1973-02-19,American actor,Actor_Media,None,0,None,0,Saturn-Venus,1,False,False,False,False,False,False,False
Q749,Kotoōshū Katsunori,1983-02-19,Bulgarian sumo wrestler,Athlete,Venus|Saturn,2,Venus-Mars,1,Jupiter-Mars,1,False,False,False,True,False,False,True
Q750,Camille Kostek,1992-02-19,American model,Other,Mars,1,Sun-Mercury|Moon-Jupiter|Venus-Mars,3,None,0,False,False,False,False,True,False,False
Q751,Eleanor of Aragon,1358-02-20,queen of John I of Castile,Politics_Government,Venus,1,None,0,None,0,False,False,False,True,False,False,False
Q752,Jan de Baen,1633-02-20,Dutch painter,Other,Venus,1,Sun-Mars,1,Mars-Saturn|Jupiter-Venus,2,False,False,False,True,False,False,False
Q753,Louis-Alexandre Berthier,1753-02-20,"French general and politician, French Minister of Defence",Politics_Government,Venus,1,None,0,None,0,False,False,False,True,False,False,False
Q754,Alfred Escher,1819-02-20,Swiss businessman and politician,Politics_Government,Mars,1,Mercury-Mars|Mars-Jupiter,2,None,0,False,False,False,False,True,False,False
Q755,Jay Johnson Morrow,1870-02-20,"American engineer and politician, 3rd Governor of the Panama Canal Zone",Politics_Government,None,0,Sun-Venus|Sun-Mars|Venus-Mars,3,None,0,False,False,False,False,False,False,False
Q756,Hulusi Behçet,1889-02-20,Turkish dermatologist and physician,Academic_Science,Venus,1,None,0,None,0,False,False,False,True,False,False,False
Q757,Pierre Boulle,1912-02-20,French soldier and author,Writer_Journalism,None,0,None,0,None,0,False,False,False,False,False,False,False
Q758,Buddy Rogers,1921-02-20,American wrestler,Athlete,Venus,1,Jupiter-Saturn,1,Mercury-Saturn,1,False,False,False,True,False,False,False
Q759,John Milnor,1931-02-20,American mathematician and academic,Academic_Science,None,0,Venus-Saturn,1,None,0,False,False,False,False,False,False,False
Q760,Antonio Inoki,1943-02-20,"Japanese wrestler, mixed martial artist, and politician",Athlete,Venus,1,None,0,None,0,False,False,False,True,False,False,False
Q761,Walter Becker,1950-02-20,"American singer-songwriter, guitarist, and producer",Actor_Media,None,0,Mercury-Venus,1,Saturn-Sun,1,False,False,False,False,False,False,False
Q762,Steve Lundquist,1961-02-20,American swimmer,Athlete,Venus,1,Sun-Mercury|Jupiter-Saturn,2,None,0,False,False,False,True,False,False,False
Q763,Liván Hernández,1975-02-20,Cuban-American baseball player,Athlete,Moon|Venus,2,Venus-Jupiter,1,Mercury-Saturn,1,False,True,False,True,False,False,False
Q764,Julio Borbón,1986-02-20,American baseball player,Athlete,None,0,Sun-Venus|Sun-Jupiter|Mercury-Venus|Mars-Saturn,4,None,0,False,False,False,False,False,False,False
Q765,Elle Purrier St. Pierre,1995-02-20,American track and field athlete,Athlete,None,0,None,0,None,0,False,False,False,False,False,False,False
Q766,Abe no Seimei,0921-02-21,Japanese astrologer,Other,Moon,1,Moon-Jupiter,1,None,0,False,True,False,False,False,False,False
Q767,Raimondo Montecuccoli,1609-02-21,Italian military commander,Politics_Government,Venus,1,Mars-Jupiter,1,None,0,False,False,False,True,False,False,False
Q768,Antonio López de Santa Anna,1794-02-21,"Mexican general and politician, 8th President of Mexico",Politics_Government,None,0,Sun-Mercury|Sun-Venus|Moon-Mars|Mercury-Venus,4,None,0,False,False,False,False,False,False,False
Q769,John Haden Badley,1865-02-21,"English author and educator, founded the Bedales School",Writer_Journalism,Venus|Saturn,2,None,0,None,0,False,False,False,True,False,False,True
Q770,Clemence Dane,1888-02-21,English author and playwright,Writer_Journalism,Moon,1,None,0,None,0,False,True,False,False,False,False,False
Q771,Arthur Nock,1902-02-21,English theologian and academic,Academic_Science,None,0,Sun-Mercury|Sun-Mars|Mercury-Venus,3,None,0,False,False,False,False,False,False,False
Q772,Claudia Jones,1915-02-21,Trinidad-British journalist and activist,Writer_Journalism,Moon|Mars,2,Sun-Mercury|Sun-Jupiter|Mercury-Jupiter,3,Mercury-Saturn,1,False,True,False,False,True,False,False
Q773,Bob Rafelson,1933-02-21,"American film director, producer, and screenwriter",Actor_Media,None,0,Venus-Saturn|Mars-Jupiter,2,None,0,False,False,False,False,False,False,False
Q774,Tony Martin,1942-02-21,Trinidadian-American historian and academic,Academic_Science,None,0,Moon-Mars|Mercury-Venus|Mars-Saturn,3,None,0,False,False,False,False,False,False,False
Q775,Vince Welnick,1951-02-21,American keyboard player,Athlete,Venus,1,Venus-Mars|Mars-Jupiter,2,Mercury-Saturn,1,False,False,False,True,False,False,False
Q776,Plamen Oresharski,1960-02-21,"Bulgarian economist and politician, 52nd Prime Minister of Bulgaria",Politics_Government,Mars,1,Moon-Jupiter|Venus-Mars,2,None,0,False,False,False,False,True,False,False
Q777,James Dean Bradfield,1969-02-21,Welsh singer-songwriter and guitarist,Actor_Media,Venus,1,Venus-Saturn,1,None,0,False,False,False,True,False,False,False
Q778,Steve Francis,1977-02-21,American basketball player,Athlete,Venus|Mars,2,Moon-Venus|Mercury-Mars,2,None,0,False,False,False,True,True,False,False
Q779,Andrew Ellis,1984-02-21,New Zealand rugby player,Athlete,Saturn,1,Mars-Saturn,1,Saturn-Venus,1,False,False,False,False,False,False,True
Q780,Joe Alwyn,1991-02-21,English actor,Actor_Media,Moon|Venus|Jupiter,3,Sun-Mercury,1,None,0,False,True,False,True,False,True,False
Q781,Rashi,1040-02-22,French rabbi and author,Writer_Journalism,Saturn,1,None,0,None,0,False,False,False,False,False,False,True
Q782,Peder Syv,1631-02-22,Danish historian,Writer_Journalism,Mars|Saturn,2,Sun-Venus|Moon-Saturn|Mercury-Jupiter,3,Saturn-Venus,1,False,False,False,False,True,False,True
Q783,Sarah Fuller Flower Adams,1805-02-22,English poet and hymnwriter,Writer_Journalism,None,0,Mercury-Venus,1,Mercury-Saturn|Mars-Moon,2,False,False,False,False,False,False,False
Q784,Nikolay Yakovlevich Sonin,1849-02-22,Russian mathematician and academic,Academic_Science,Venus|Mars|Jupiter,3,Sun-Moon|Sun-Mercury,2,None,0,False,False,False,True,True,True,False
Q785,Johannes Nicolaus Brønsted,1879-02-22,Danish chemist and academic,Academic_Science,Venus,1,Moon-Venus|Mercury-Jupiter,2,Jupiter-Saturn,1,False,False,False,True,False,False,False
Q786,Olave Baden-Powell,1889-02-22,"English scout leader, first World Chief Guide",Other,Venus,1,None,0,None,0,False,False,False,True,False,False,False
Q787,Constance Stokes,1906-02-22,Australian painter,Other,None,0,Sun-Mercury|Sun-Venus|Sun-Saturn|Mercury-Venus|Mercury-Saturn|Venus-Saturn,6,None,0,False,False,False,False,False,False,False
Q788,Zenaida Manfugás,1922-02-22,Cuban pianist,Other,None,0,Sun-Venus,1,Mercury-Saturn,1,False,False,False,False,False,False,False
Q789,Ted Kennedy,1932-02-22,"American soldier, lawyer, and politician",Politics_Government,Venus|Jupiter,2,Sun-Mercury|Sun-Mars|Mercury-Mars,3,None,0,False,False,False,True,False,True,False
Q790,Christine Keeler,1942-02-22,English model and dancer,Other,Moon,1,Moon-Mars|Moon-Saturn|Mercury-Venus|Mars-Saturn,4,None,0,False,True,False,False,False,False,False
Q791,Julius Erving,1950-02-22,American basketball player and sportscaster,Athlete,None,0,Mercury-Venus,1,Saturn-Sun,1,False,False,False,False,False,False,False
Q792,"Thomas Galbraith, 2nd Baron Strathclyde",1960-02-22,"Scottish politician, Chancellor of the Duchy of Lancaster",Politics_Government,Mars,1,Moon-Jupiter|Venus-Mars,2,None,0,False,False,False,False,True,False,False
Q793,Shawn Graham,1968-02-22,"Canadian politician, 31st Premier of New Brunswick",Politics_Government,None,0,Mars-Saturn,1,None,0,False,False,False,False,False,False,False
Q794,Brett Emerton,1979-02-22,Australian footballer,Athlete,Jupiter,1,Sun-Mars,1,Jupiter-Moon|Saturn-Sun,2,False,False,False,False,False,True,False
Q795,Franco Vázquez,1989-02-22,Argentine footballer,Athlete,None,0,None,0,None,0,False,False,False,False,False,False,False
Q796,Al-Zafir,1133-02-23,Fatimid caliph,Other,None,0,Sun-Venus,1,None,0,False,False,False,False,False,False,False
Q797,Balthazar Gerbier,1592-02-23,Dutch painter,Other,None,0,None,0,Mercury-Saturn,1,False,False,False,False,False,False,False
Q798,Richard Price,1723-02-23,Welsh-English minister and philosopher,Politics_Government,Mars,1,Venus-Mars|Jupiter-Saturn,2,None,0,False,False,False,False,True,False,False
Q799,Karl Robert Eduard von Hartmann,1842-02-23,German philosopher and author,Writer_Journalism,None,0,Sun-Venus|Jupiter-Saturn,2,None,0,False,False,False,False,False,False,False
Q800,Karl Jaspers,1883-02-23,German-Swiss psychiatrist and philosopher,Medicine,Mars,1,Mercury-Mars,1,Mars-Saturn|Jupiter-Venus,2,False,False,False,False,True,False,False
Q801,Terence Fisher,1904-02-23,English director and screenwriter,Actor_Media,None,0,Mercury-Saturn|Mars-Jupiter,2,None,0,False,False,False,False,False,False,False
Q802,Rafael Addiego Bruno,1923-02-23,"Uruguayan jurist and politician, President of Uruguay",Politics_Government,Moon,1,None,0,Mercury-Saturn|Jupiter-Venus,2,False,True,False,False,False,False,False
Q803,Paul West,1930-02-23,"English-American author, poet, and academic",Academic_Science,Mars,1,Sun-Venus|Moon-Saturn|Mercury-Mars,3,None,0,False,False,False,False,True,False,False
Q804,Bernard Cornwell,1944-02-23,English author and educator,Writer_Journalism,Jupiter,1,Mars-Saturn,1,Saturn-Venus,1,False,False,False,False,False,True,False
Q805,Rebecca Goldstein,1950-02-23,American philosopher and author,Writer_Journalism,None,0,Mercury-Venus|Mercury-Jupiter,2,Saturn-Sun,1,False,False,False,False,False,False,False
Q806,Charlie Brandt,1957-02-23,American serial killer,Other,None,0,Mercury-Venus,1,None,0,False,False,False,False,False,False,False
Q807,Steve Stricker,1967-02-23,American golfer,Athlete,Venus|Jupiter,2,Venus-Saturn,1,None,0,False,False,False,True,False,True,False
Q808,Michael Cornacchia,1975-02-23,"American actor, director, producer, and screenwriter",Actor_Media,Venus|Mars,2,Venus-Jupiter,1,Mercury-Saturn,1,False,False,False,True,True,False,False
Q809,Mido,1983-02-23,"Egyptian footballer, manager and sportscaster",Athlete,Venus|Saturn,2,Venus-Mars,1,Jupiter-Mars,1,False,False,False,True,False,False,True
Q810,Casemiro,1992-02-23,Brazilian footballer,Athlete,Mars,1,Venus-Mars|Venus-Saturn,2,None,0,False,False,False,False,True,False,False
Q811,Emperor Toba,1103-02-24,of Japan,Other,None,0,Sun-Mercury,1,None,0,False,False,False,False,False,False,False
Q812,John of Austria,1545-02-24,,Unknown,Venus,1,None,0,None,0,False,False,False,True,False,False,False
Q813,Jacques de Vaucanson,1709-02-24,French engineer,Engineering_Tech,None,0,None,0,Mercury-Saturn,1,False,False,False,False,False,False,False
Q814,Martin W. Bates,1786-02-24,American lawyer and politician,Politics_Government,None,0,Sun-Venus|Mercury-Saturn,2,None,0,False,False,False,False,False,False,False
Q815,Winslow Homer,1836-02-24,American painter and illustrator,Writer_Journalism,Moon|Venus|Mars|Saturn,4,Sun-Mercury,1,None,0,False,True,False,True,True,False,True
Q816,Rudolph Ganz,1877-02-24,"Swiss pianist, composer, and conductor",Other,None,0,Sun-Saturn|Mars-Jupiter,2,None,0,False,False,False,False,False,False,False
Q817,Vladimir Bartol,1903-02-24,Italian-Slovene author and playwright,Writer_Journalism,Venus,1,Sun-Jupiter|Moon-Mercury|Moon-Saturn|Mercury-Saturn,4,None,0,False,False,False,True,False,False,False
Q818,Hal Herring,1924-02-24,American football player and coach,Athlete,Venus|Saturn,2,Moon-Saturn|Mars-Jupiter,2,Jupiter-Mars,1,False,False,False,True,False,False,True
Q819,Bettino Craxi,1934-02-24,"Italian lawyer and politician, 45th Prime Minister of Italy",Politics_Government,None,0,Mercury-Mars,1,None,0,False,False,False,False,False,False,False
Q820,Kent Haruf,1943-02-24,American novelist,Writer_Journalism,Venus,1,None,0,None,0,False,False,False,True,False,False,False
Q821,Tommy Burleson,1952-02-24,American basketball player,Athlete,None,0,Sun-Mercury,1,Mercury-Saturn,1,False,False,False,False,False,False,False
Q822,Kelly Craft,1962-02-24,American businesswoman and diplomat,Business,Mars,1,Sun-Venus|Mercury-Saturn|Mars-Jupiter,3,None,0,False,False,False,False,True,False,False
Q823,Jeff Garcia,1970-02-24,American football player and coach,Athlete,None,0,Sun-Venus,1,None,0,False,False,False,False,False,False,False
Q824,Shinsuke Nakamura,1980-02-24,Japanese wrestler and mixed martial artist,Athlete,Moon|Venus,2,Mars-Jupiter,1,Mercury-Saturn,1,False,True,False,True,False,False,False
Q825,Trace Cyrus,1989-02-24,American singer-songwriter and guitarist,Actor_Media,None,0,Mars-Jupiter,1,None,0,False,False,False,False,False,False,False
Q826,Infanta Branca of Portugal,1259-02-25,daughter of King Afonso III of Portugal and Urraca of Castile,Politics_Government,None,0,Sun-Saturn|Venus-Mars,2,None,0,False,False,False,False,False,False,False
Q827,Peter Anthony Motteux,1663-02-25,"French-English author, playwright and translator",Writer_Journalism,None,0,Sun-Venus|Jupiter-Saturn,2,Mars-Saturn,1,False,False,False,False,False,False,False
Q828,José de San Martín,1778-02-25,"Argentinian general and politician, 1st President of Peru",Politics_Government,Jupiter|Saturn,2,Sun-Venus|Moon-Mercury,2,Saturn-Venus,1,False,False,False,False,False,True,True
Q829,George Reid,1845-02-25,"Scottish-Australian lawyer and politician, 4th Prime Minister of Australia",Politics_Government,None,0,Mercury-Venus|Mercury-Saturn|Venus-Saturn,3,None,0,False,False,False,False,False,False,False
Q830,Phoebus Levene,1869-02-25,Russian-American biochemist and physician,Academic_Science,None,0,Moon-Mars|Mercury-Venus,2,None,0,False,False,False,False,False,False,False
Q831,Myra Hess,1890-02-25,English pianist and educator,Other,Moon,1,Sun-Venus,1,Saturn-Sun,1,False,True,False,False,False,False,False
Q832,Sabahattin Ali,1907-02-25,"Turkish journalist, author, and poet",Writer_Journalism,None,0,Mercury-Saturn,1,Jupiter-Mercury,1,False,False,False,False,False,False,False
Q833,Philip Habib,1920-02-25,"American academic and diplomat, Assistant Secretary of State for East Asian and Pacific Affairs",Academic_Science,Jupiter,1,None,0,Saturn-Sun,1,False,False,False,False,False,True,False
Q834,Paul Elvstrøm,1928-02-25,Danish yachtsman,Other,Mars,1,Sun-Mercury|Venus-Mars,2,Mars-Saturn,1,False,False,False,False,True,False,False
Q835,David Puttnam,1941-02-25,English film producer and academic,Actor_Media,None,0,Sun-Moon|Sun-Mercury|Moon-Venus|Jupiter-Saturn,4,Jupiter-Mars,1,False,False,False,False,False,False,False
Q836,Don Quarrie,1951-02-25,Jamaican sprinter and coach,Other,Venus,1,Venus-Mars,1,Mercury-Saturn,1,False,False,False,True,False,False,False
Q837,Carrot Top,1965-02-25,American comedian,Actor_Media,None,0,Sun-Mercury|Sun-Saturn|Mercury-Saturn,3,None,0,False,False,False,False,False,False,False
Q838,Dominic Raab,1974-02-25,English politician; First Secretary of State and Secretary of State for Foreign and Commonwealth Affairs,Politics_Government,None,0,Sun-Mercury|Mercury-Jupiter,2,Mercury-Saturn,1,False,False,False,False,False,False,False
Q839,Justin Berfield,1986-02-25,"American actor, writer, and producer",Actor_Media,None,0,Sun-Jupiter|Mars-Saturn,2,None,0,False,False,False,False,False,False,False
Q840,Mario Hezonja,1995-02-25,Croatian basketball player,Athlete,None,0,Sun-Saturn,1,None,0,False,False,False,False,False,False,False
Q841,Wenceslaus IV of Bohemia,1361-02-26,,Unknown,Venus,1,Mercury-Venus,1,Jupiter-Venus|Saturn-Sun,2,False,False,False,True,False,False,False
Q842,"Anthony Ashley-Cooper, 3rd Earl of Shaftesbury",1671-02-26,English philosopher and politician,Politics_Government,Jupiter,1,Sun-Mercury|Sun-Venus|Sun-Saturn|Mercury-Venus|Mercury-Saturn|Venus-Saturn,6,None,0,False,False,False,False,False,True,False
Q843,Anton Reicha,1770-02-26,Bohemian composer and flautist,Other,Mars,1,Sun-Mercury|Sun-Venus|Mercury-Venus,3,Moon-Saturn,1,False,False,False,False,True,False,False
Q844,John Harvey Kellogg,1852-02-26,"American surgeon, co-created Corn flakes",Medicine,Venus,1,None,0,Mars-Moon,1,False,False,False,True,False,False,False
Q845,Kenneth Edgeworth,1880-02-26,Irish astronomer,Academic_Science,None,0,Mercury-Jupiter,1,Jupiter-Saturn,1,False,False,False,False,False,False,False
Q846,Halina Konopacka,1900-02-26,Polish discus thrower and poet,Writer_Journalism,Venus,1,None,0,None,0,False,False,False,True,False,False,False
Q847,Robert Alda,1914-02-26,"American actor, singer, and director",Actor_Media,None,0,Sun-Venus|Moon-Mercury,2,Saturn-Venus,1,False,False,False,False,False,False,False
Q848,Doris Belack,1926-02-26,American actress,Actor_Media,None,0,Venus-Jupiter,1,None,0,False,False,False,False,False,False,False
Q849,Paul Dickson,1937-02-26,American football player and coach,Athlete,Venus,1,None,0,None,0,False,False,False,True,False,False,False
Q850,Sandie Shaw,1947-02-26,English singer and psychotherapist,Actor_Media,None,0,None,0,None,0,False,False,False,False,False,False,False
Q851,Michel Houellebecq,1956-02-26,"French author, poet, screenwriter, and director",Actor_Media,Venus,1,None,0,None,0,False,False,False,True,False,False,False
Q852,Kazuyoshi Miura,1967-02-26,Japanese footballer,Athlete,Venus|Jupiter,2,Venus-Saturn,1,None,0,False,False,False,True,False,True,False
Q853,Mikee Cojuangco-Jaworski,1974-02-26,"Filipina television actress, host and equestrienne",Actor_Media,None,0,Sun-Mercury|Mercury-Jupiter,2,Mercury-Saturn,1,False,False,False,False,False,False,False
Q854,Li Na,1982-02-26,Chinese tennis player,Athlete,None,0,Mars-Saturn,1,Mercury-Saturn,1,False,False,False,False,False,False,False
Q855,Mikael Granlund,1992-02-26,Finnish hockey player,Athlete,Mars,1,Venus-Mars|Venus-Saturn|Mars-Saturn,3,None,0,False,False,False,False,True,False,False
Q856,Constantine the Great,0272-02-27,Roman emperor,Politics_Government,Venus,1,Sun-Venus,1,Mercury-Saturn|Jupiter-Sun,2,False,False,False,True,False,False,False
Q857,Carel Fabritius,1622-02-27,Dutch painter,Other,None,0,None,0,Mercury-Saturn,1,False,False,False,False,False,False,False
Q858,Louis-Jérôme Gohier,1746-02-27,"French politician, French Minister of Justice",Politics_Government,Moon,1,None,0,Mercury-Saturn|Jupiter-Mars,2,False,True,False,False,False,False,False
Q859,William Nicholson,1816-02-27,"English-Australian politician, 3rd Premier of Victoria",Politics_Government,None,0,Sun-Moon|Sun-Mercury|Moon-Mercury,3,None,0,False,False,False,False,False,False,False
Q860,Vladimir Filatov,1875-02-27,Russian-Ukrainian ophthalmologist and surgeon,Medicine,None,0,Sun-Mercury,1,Jupiter-Venus,1,False,False,False,False,False,False,False
Q861,David Sarnoff,1891-02-27,"American businessman, founded RCA",Business,None,0,None,0,Saturn-Sun,1,False,False,False,False,False,False,False
Q862,James T. Farrell,1904-02-27,American author and poet,Writer_Journalism,None,0,Mercury-Saturn|Mars-Jupiter,2,None,0,False,False,False,False,False,False,False
Q863,Chick Halbert,1919-02-27,American basketball player,Athlete,Venus,1,Sun-Mercury|Venus-Mars,2,Saturn-Sun,1,False,False,False,True,False,False,False
Q864,Jack Gibson,1929-02-27,"Australian rugby league player, coach, and sportscaster",Athlete,None,0,None,0,None,0,False,False,False,False,False,False,False
Q865,Don McKinnon,1939-02-27,"English-New Zealand farmer and politician, 12th Deputy Prime Minister of New Zealand",Politics_Government,Moon,1,Sun-Mercury|Sun-Jupiter|Mercury-Jupiter,3,Jupiter-Saturn,1,False,True,False,False,False,False,False
Q866,Carl A. Anderson,1951-02-27,13th Supreme Knight of the Knights of Columbus,Other,Venus,1,Venus-Mars,1,Mercury-Saturn,1,False,False,False,True,False,False,False
Q867,Andrés Gómez,1960-02-27,Ecuadorian tennis player,Athlete,Mars,1,Moon-Mercury|Venus-Mars,2,None,0,False,False,False,False,True,False,False
Q868,Juan E. Gilbert,1969-02-27,"American computer scientist, inventor, and academic",Academic_Science,Venus,1,Venus-Saturn,1,None,0,False,False,False,True,False,False,False
Q869,Brandon Beemer,1980-02-27,American actor,Actor_Media,Venus,1,Mars-Jupiter,1,Mercury-Saturn,1,False,False,False,True,False,False,False
Q870,David Button,1989-02-27,English footballer,Athlete,None,0,Mars-Jupiter,1,None,0,False,False,False,False,False,False,False
Q871,Alfonso VII,1105-03-01,king of León and Castile,Politics_Government,Moon,1,Sun-Mercury|Sun-Venus|Mercury-Venus,3,None,0,False,True,False,False,False,False,False
Q872,Jean-Charles della Faille,1597-03-01,Flemish priest and mathematician,Academic_Science,Mars,1,Venus-Mars,1,None,0,False,False,False,False,True,False,False
Q873,William Cushing,1732-03-01,American lawyer and judge,Law,Venus,1,Venus-Saturn,1,None,0,False,False,False,True,False,False,False
Q874,Joseph Hubert Reinkens,1821-03-01,German bishop and academic,Academic_Science,None,0,Mercury-Jupiter,1,None,0,False,False,False,False,False,False,False
Q875,Henri de Baillet-Latour,1876-03-01,Belgian businessman,Business,Venus,1,None,0,None,0,False,False,False,True,False,False,False
Q876,Ryūnosuke Akutagawa,1892-03-01,Japanese author and educator,Writer_Journalism,Venus,1,Sun-Mercury|Moon-Venus,2,Mercury-Saturn,1,False,False,False,True,False,False,False
Q877,Phạm Văn Đồng,1906-03-01,"Vietnamese lieutenant and politician, 2nd Prime Minister of Vietnam",Politics_Government,None,0,Sun-Mercury|Sun-Venus|Sun-Saturn|Mercury-Venus|Venus-Saturn,5,None,0,False,False,False,False,False,False,False
Q878,Max Bentley,1920-03-01,Canadian ice hockey player,Athlete,Jupiter,1,None,0,Saturn-Sun,1,False,False,False,False,False,True,False
Q879,Gastone Nencini,1930-03-01,Italian cyclist,Athlete,Mars,1,Sun-Venus|Moon-Venus|Mercury-Mars,3,None,0,False,False,False,False,True,False,False
Q880,Richard Myers,1942-03-01,American general,Politics_Government,None,0,Mercury-Venus|Mars-Saturn,2,None,0,False,False,False,False,False,False,False
Q881,Dave Barr,1952-03-01,Canadian golfer,Athlete,None,0,Sun-Mercury,1,Mercury-Saturn,1,False,False,False,False,False,False,False
Q882,Mike Rozier,1961-03-01,American football player,Athlete,Venus,1,Jupiter-Saturn,1,None,0,False,False,False,True,False,False,False
Q883,Jack Davenport,1973-03-01,English actor,Actor_Media,None,0,Moon-Jupiter,1,Saturn-Venus,1,False,False,False,False,False,False,False
Q884,Travis Diener,1982-03-01,American-Italian basketball player,Athlete,None,0,Mars-Saturn,1,Mercury-Saturn,1,False,False,False,False,False,False,False
Q885,Tenille Dashwood,1989-03-01,Australian professional wrestler,Athlete,None,0,Mars-Jupiter,1,None,0,False,False,False,False,False,False,False
Q886,Benedict of Nursia,0480-03-02,Italian Christian saint,Other,Venus|Saturn,2,Sun-Mercury|Mars-Jupiter,2,None,0,False,False,False,True,False,False,True
Q887,George Sandys,1577-03-02,"English traveller, colonist and poet",Writer_Journalism,Venus,1,Moon-Venus,1,None,0,False,False,False,True,False,False,False
Q888,Joel Roberts Poinsett,1779-03-02,"American physician and politician, 15th United States Secretary of War",Politics_Government,None,0,Mars-Saturn,1,None,0,False,False,False,False,False,False,False
Q889,Carl Schurz,1829-03-02,"German-American general, lawyer, and politician, 13th United States Secretary of the Interior",Politics_Government,None,0,Sun-Mercury,1,Moon-Saturn,1,False,False,False,False,False,False,False
Q890,Margaret Sibella Brown,1866-03-02,Canadian bryologist,Other,Mars|Saturn,2,Sun-Mercury|Sun-Venus|Mercury-Venus,3,Saturn-Venus,1,False,False,False,False,True,False,True
Q891,Dr. Seuss,1904-03-02,"American children's book writer, poet, and illustrator",Writer_Journalism,None,0,Mercury-Saturn|Venus-Saturn|Mars-Jupiter,3,None,0,False,False,False,False,False,False,False
Q892,Desi Arnaz,1917-03-02,"Cuban-American actor, singer, and producer",Actor_Media,None,0,Sun-Mars|Mercury-Venus,2,None,0,False,False,False,False,False,False,False
Q893,John Cullum,1930-03-02,American actor and singer,Actor_Media,Mars,1,Sun-Venus|Mercury-Mars,2,None,0,False,False,False,False,True,False,False
Q894,Jan Howard Finder,1939-03-02,American author and academic,Academic_Science,None,0,Sun-Jupiter|Mercury-Jupiter,2,Jupiter-Saturn,1,False,False,False,False,False,False,False
Q895,Larry Carlton,1948-03-02,American guitarist and songwriter,Writer_Journalism,None,0,Mars-Saturn,1,Mars-Moon,1,False,False,False,False,False,False,False
Q896,Kevin Curren,1958-03-02,South African-American tennis player,Athlete,None,0,Sun-Mercury,1,None,0,False,False,False,False,False,False,False
Q897,Daniel Craig,1968-03-02,English actor and producer,Actor_Media,None,0,Moon-Mars|Moon-Saturn|Mercury-Venus|Mars-Saturn,4,None,0,False,False,False,False,False,False,False
Q898,Jim Chalmers,1978-03-02,Australian politician,Politics_Government,None,0,Sun-Mercury|Mercury-Venus,2,Saturn-Sun,1,False,False,False,False,False,False,False
Q899,Jonathan D'Aversa,1986-03-02,Canadian ice hockey player,Athlete,None,0,Mercury-Venus|Mars-Saturn,2,None,0,False,False,False,False,False,False,False
Q900,Miguel Andújar,1995-03-02,Dominican baseball player,Athlete,None,0,Sun-Saturn,1,None,0,False,False,False,False,False,False,False
Q901,John II of Portugal,1455-03-03,,Unknown,Moon,1,Moon-Jupiter,1,None,0,False,True,False,False,False,False,False
Q902,Madeleine de Verchères,1678-03-03,Canadian rebel leader,Other,None,0,Sun-Jupiter|Mercury-Mars,2,None,0,False,False,False,False,False,False,False
Q903,William James Blacklock,1816-03-03,English-Scottish painter,Other,None,0,None,0,None,0,False,False,False,False,False,False,False
Q904,John Montgomery Ward,1860-03-03,American baseball player and manager,Athlete,Venus,1,Moon-Jupiter,1,Jupiter-Mercury,1,False,False,False,True,False,False,False
Q905,Yōsuke Matsuoka,1880-03-03,"Japanese politician, Japanese Minister of Foreign Affairs",Politics_Government,None,0,Mercury-Jupiter,1,None,0,False,False,False,False,False,False,False
Q906,Ruby Dandridge,1902-03-03,African-American film and radio actress,Actor_Media,None,0,Sun-Mars|Mercury-Venus,2,None,0,False,False,False,False,False,False,False
Q907,Arthur Kornberg,1918-03-03,"American biochemist and academic, Nobel Prize laureate",Academic_Science,None,0,None,0,None,0,False,False,False,False,False,False,False
Q908,Pierre Aubert,1927-03-03,Swiss lawyer and politician,Politics_Government,Venus,1,Sun-Moon|Sun-Jupiter|Moon-Jupiter,3,None,0,False,False,False,True,False,False,False
Q909,Mike Pender,1941-03-03,English singer-songwriter and guitarist,Actor_Media,None,0,Moon-Jupiter|Moon-Saturn|Mercury-Venus|Jupiter-Saturn,4,Jupiter-Mars,1,False,False,False,False,False,False,False
Q910,Rudy Fernandez,1952-03-03,Filipino actor and producer,Actor_Media,Moon,1,None,0,Mercury-Saturn,1,False,True,False,False,False,False,False
Q911,Mary Page Keller,1961-03-03,American actress and producer,Actor_Media,None,0,Jupiter-Saturn,1,None,0,False,False,False,False,False,False,False
Q912,Julie Bowen,1970-03-03,American actress,Actor_Media,None,0,Mars-Saturn,1,None,0,False,False,False,False,False,False,False
Q913,Ronan Keating,1977-03-03,Irish singer-songwriter and actor,Actor_Media,Venus|Mars,2,Moon-Saturn,1,Jupiter-Venus,1,False,False,False,True,True,False,False
Q914,Jed Collins,1986-03-03,American football player,Athlete,None,0,Moon-Mars|Moon-Saturn|Mercury-Venus|Mars-Saturn,4,None,0,False,False,False,False,False,False,False
Q915,Dilson Herrera,1994-03-03,Colombian baseball player,Athlete,None,0,Mercury-Mars|Mars-Saturn,2,None,0,False,False,False,False,False,False,False
Q916,Liu Zhiyuan,0895-03-04,founder of the Later Han Dynasty,Other,None,0,Sun-Moon|Mercury-Jupiter|Mars-Saturn,3,None,0,False,False,False,False,False,False,False
Q917,"John Somers, 1st Baron Somers",1651-03-04,"English lawyer, jurist, and politician, Lord High Chancellor of Great Britain",Politics_Government,None,0,Sun-Mercury,1,Mercury-Saturn,1,False,False,False,False,False,False,False
Q918,Muhammad Ali,1769-03-04,Ottoman military leader and pasha,Politics_Government,None,0,None,0,Mars-Venus,1,False,False,False,False,False,False,False
Q919,Francesco Bentivegna,1820-03-04,Italian rebel leader,Other,Venus,1,Sun-Mercury,1,Jupiter-Saturn,1,False,False,False,True,False,False,False
Q920,R. I. Pocock,1863-03-04,English zoologist and archaeologist,Other,Venus,1,None,0,Mercury-Saturn|Jupiter-Venus,2,False,False,False,True,False,False,False
Q921,Bernhard Kellermann,1879-03-04,German author and poet,Writer_Journalism,Venus,1,Sun-Mercury|Venus-Saturn,2,Jupiter-Saturn,1,False,False,False,True,False,False,False
Q922,Charles Corm,1894-03-04,Lebanese businessman and philanthropist,Business,Saturn,1,None,0,Saturn-Venus,1,False,False,False,False,False,False,True
Q923,Meindert DeJong,1906-03-04,Dutch-American soldier and author,Writer_Journalism,None,0,Sun-Venus|Sun-Saturn|Mercury-Venus,3,None,0,False,False,False,False,False,False,False
Q924,Kurt Dahlmann,1918-03-04,"German pilot, lawyer, and journalist",Writer_Journalism,None,0,Sun-Mercury,1,None,0,False,False,False,False,False,False,False
Q925,Bernard Haitink,1929-03-04,Dutch violinist and conductor,Other,None,0,Moon-Saturn,1,None,0,False,False,False,False,False,False,False
Q926,Gloria Gaither,1942-03-04,American singer-songwriter,Actor_Media,None,0,Mars-Saturn,1,Saturn-Venus,1,False,False,False,False,False,False,False
Q927,John Edwards,1953-03-04,Australian director and producer,Actor_Media,Saturn,1,Moon-Saturn|Venus-Mars,2,Jupiter-Mars,1,False,False,False,False,False,False,True
Q928,Daryll Cullinan,1967-03-04,South African cricketer and coach,Athlete,Venus|Jupiter,2,Sun-Mercury,1,Jupiter-Moon,1,False,False,False,True,False,True,False
Q929,Pierre Dagenais,1978-03-04,Canadian ice hockey player,Athlete,None,0,Sun-Mercury|Mercury-Venus,2,Saturn-Sun,1,False,False,False,False,False,False,False
Q930,Andrea Bowen,1990-03-04,American actress,Actor_Media,Moon|Mars,2,Venus-Mars|Mars-Saturn,2,None,0,False,True,False,False,True,False,False
Q931,Henry II of England,1133-03-05,,Unknown,None,0,Mercury-Venus,1,None,0,False,False,False,False,False,False,False
Q932,Christoph Pezel,1539-03-05,German theologian,Religion,Venus,1,Sun-Mercury|Sun-Mars|Mercury-Mars,3,Jupiter-Venus,1,False,False,False,True,False,False,False
Q933,Edward Cornwallis,1713-03-05,"English general and politician, Governor of Gibraltar",Politics_Government,None,0,Mercury-Jupiter,1,Saturn-Sun,1,False,False,False,False,False,False,False
Q934,Jacques Babinet,1794-03-05,"French physicist, mathematician, and astronomer",Academic_Science,None,0,Sun-Venus|Moon-Saturn,2,None,0,False,False,False,False,False,False,False
Q935,Louis-Alexandre Taschereau,1867-03-05,"Canadian lawyer and politician, 14th Premier of Quebec",Politics_Government,None,0,None,0,None,0,False,False,False,False,False,False,False
Q936,Dora Marsden,1882-03-05,English author and activist,Writer_Journalism,None,0,Sun-Venus,1,None,0,False,False,False,False,False,False,False
Q937,Karl Rahner,1904-03-05,German priest and theologian,Religion,None,0,Venus-Saturn|Mars-Jupiter,2,None,0,False,False,False,False,False,False,False
Q938,José Aboulker,1920-03-05,Algerian surgeon and activist,Medicine,Jupiter,1,None,0,Saturn-Sun,1,False,False,False,False,False,True,False
Q939,Paul Sand,1932-03-05,American actor,Actor_Media,Jupiter,1,Sun-Mercury|Sun-Mars,2,None,0,False,False,False,False,False,True,False
Q940,Des Wilson,1941-03-05,New Zealand-English businessman and activist,Business,Moon,1,Mercury-Venus|Jupiter-Saturn,2,Jupiter-Mars,1,False,True,False,False,False,False,False
Q941,Rodney Hogg,1951-03-05,Australian cricketer and coach,Athlete,Venus,1,Sun-Mercury|Sun-Jupiter|Venus-Mars,3,Mercury-Saturn,1,False,False,False,True,False,False,False
Q942,"Paul Drayson, Baron Drayson",1960-03-05,"English businessman and politician, Minister for Defence Equipment, Support and Technology",Politics_Government,Moon|Mars,2,None,0,None,0,False,True,False,False,True,False,False
Q943,Brian Grant,1972-03-05,American basketball player,Athlete,None,0,None,0,None,0,False,False,False,False,False,False,False
Q944,Dan Carter,1982-03-05,New Zealand rugby player,Athlete,None,0,Mars-Saturn,1,Mercury-Saturn,1,False,False,False,False,False,False,False
Q945,Ramiro Funes Mori,1991-03-05,Argentine footballer,Athlete,Venus|Jupiter,2,Sun-Mercury,1,None,0,False,False,False,True,False,True,False
Q946,John of Gaunt,1340-03-06,,Unknown,Venus,1,Sun-Venus,1,Jupiter-Sun,1,False,False,False,True,False,False,False
Q947,Cyrano de Bergerac,1619-03-06,French author and playwright,Writer_Journalism,None,0,Sun-Jupiter|Mercury-Venus,2,Saturn-Venus,1,False,False,False,False,False,False,False
Q948,Karol Kurpiński,1785-03-06,Polish composer and conductor,Other,Mars,1,Sun-Jupiter|Mars-Saturn,2,None,0,False,False,False,False,True,False,False
Q949,Viktor Burenin,1841-03-06,"Russian author, poet, playwright, and critic",Writer_Journalism,None,0,None,0,Mars-Venus,1,False,False,False,False,False,False,False
Q950,Rose Fyleman,1877-03-06,English writer and poet,Writer_Journalism,None,0,Sun-Saturn|Mercury-Venus|Mars-Jupiter,3,None,0,False,False,False,False,False,False,False
Q951,Empress Nagako,1903-03-06,of Japan,Other,Moon|Venus,2,None,0,None,0,False,True,False,True,False,False,False
Q952,Donald Davidson,1917-03-06,American philosopher and academic,Academic_Science,None,0,Sun-Mars|Mercury-Venus,2,None,0,False,False,False,False,False,False,False
Q953,Tom Foley,1929-03-06,"American lawyer and politician, 57th Speaker of the United States House of Representatives",Politics_Government,None,0,None,0,None,0,False,False,False,False,False,False,False
Q954,Peter Brötzmann,1941-03-06,German saxophonist and clarinet player,Athlete,Moon,1,Mercury-Venus|Jupiter-Saturn,2,Jupiter-Mars,1,False,True,False,False,False,False,False
Q955,Arthur Roche,1950-03-06,English archbishop,Religion,None,0,Moon-Mars|Mercury-Jupiter,2,Saturn-Sun,1,False,False,False,False,False,False,False
Q956,Sleepy Floyd,1960-03-06,American basketball player and coach,Athlete,Mars,1,None,0,None,0,False,False,False,False,True,False,False
Q957,Darrick Martin,1971-03-06,American basketball player and coach,Athlete,None,0,Sun-Mercury,1,Jupiter-Mars,1,False,False,False,False,False,False,False
Q958,Sage Rosenfels,1978-03-06,American football player,Athlete,Venus,1,Sun-Mercury|Mercury-Venus,2,Saturn-Sun,1,False,False,False,True,False,False,False
Q959,Mário Bližňák,1987-03-06,Slovak ice hockey player,Athlete,Moon,1,None,0,None,0,False,True,False,False,False,False,False
Q960,Josh Hart,1995-03-06,American basketball player,Athlete,None,0,Sun-Saturn,1,Mars-Moon,1,False,False,False,False,False,False,False
Q961,Publius Septimius Geta,0189-03-07,Roman emperor,Politics_Government,Venus,1,Sun-Venus,1,Jupiter-Sun,1,False,False,False,True,False,False,False
Q962,Ewald Christian von Kleist,1715-03-07,German soldier and poet,Writer_Journalism,None,0,None,0,None,0,False,False,False,False,False,False,False
Q963,Henry Draper,1837-03-07,American physician and astronomer,Academic_Science,Jupiter|Saturn,2,Mars-Jupiter,1,Jupiter-Moon|Saturn-Venus,2,False,False,False,False,False,True,True
Q964,Julius Wagner-Jauregg,1857-03-07,"Austrian physician and academic, Nobel Prize laureate",Academic_Science,None,0,Mars-Jupiter,1,Mercury-Saturn,1,False,False,False,False,False,False,False
Q965,William L. Laurence,1888-03-07,Lithuanian-American journalist,Writer_Journalism,None,0,Sun-Mercury,1,None,0,False,False,False,False,False,False,False
Q966,Jacques Chaban-Delmas,1915-03-07,"French general and politician, Prime Minister of France",Politics_Government,None,0,Mercury-Mars,1,Mercury-Saturn,1,False,False,False,False,False,False,False
Q967,"Antony Armstrong-Jones, 1st Earl of Snowdon",1930-03-07,English photographer and politician,Politics_Government,Moon|Venus|Mars,3,Sun-Venus|Moon-Jupiter|Mercury-Mars,3,Jupiter-Venus,1,False,True,False,True,True,False,False
Q968,Michael Eisner,1942-03-07,American businessman,Business,None,0,Mars-Saturn,1,Saturn-Venus,1,False,False,False,False,False,False,False
Q969,Helen Eadie,1947-03-07,Scottish politician,Politics_Government,None,0,Sun-Mercury,1,None,0,False,False,False,False,False,False,False
Q970,Rick Bass,1958-03-07,American author and environmentalist,Writer_Journalism,None,0,Sun-Mercury,1,None,0,False,False,False,False,False,False,False
Q971,Bret Easton Ellis,1964-03-07,American author and screenwriter,Writer_Journalism,None,0,Sun-Mercury|Sun-Mars|Mercury-Mars,3,None,0,False,False,False,False,False,False,False
Q972,Rachel Weisz,1970-03-07,English actress,Actor_Media,Venus,1,Sun-Moon|Mars-Saturn,2,Jupiter-Venus,1,False,False,False,True,False,False,False
Q973,Paul Cattermole,1977-03-07,English singer and actor,Actor_Media,Venus|Mars,2,Sun-Mercury,1,Jupiter-Venus,1,False,False,False,True,True,False,False
Q974,Ryan Ciminelli,1986-03-07,American bowler,Other,Venus,1,Mercury-Venus,1,None,0,False,False,False,True,False,False,False
Q975,Jerome Binnom-Williams,1995-03-07,English footballer,Athlete,Moon,1,Sun-Saturn,1,None,0,False,True,False,False,False,False,False
Q976,John of God,1495-03-08,Portuguese friar and saint,Other,None,0,Sun-Venus|Sun-Saturn|Venus-Saturn,3,None,0,False,False,False,False,False,False,False
Q977,Jan Potocki,1761-03-08,"Polish ethnologist, historian, linguist, and author",Writer_Journalism,None,0,Sun-Jupiter|Mercury-Mars|Mercury-Saturn|Mars-Saturn,4,Jupiter-Saturn,1,False,False,False,False,False,False,False
Q978,Harriet Samuel,1836-03-08,English businesswoman and founder the jewellery retailer H. Samuel,Business,Saturn,1,Mercury-Mars,1,None,0,False,False,False,False,False,False,True
Q979,Frederic Goudy,1865-03-08,American type designer,Other,Saturn,1,None,0,Mars-Venus,1,False,False,False,False,False,False,True
Q980,Konstantinos Karamanlis,1907-03-08,"Greek lawyer and politician, President of Greece",Politics_Government,None,0,Sun-Saturn,1,Jupiter-Mercury,1,False,False,False,False,False,False,False
Q981,Eileen Herlie,1918-03-08,Scottish-American actress,Actor_Media,None,0,Sun-Mercury,1,None,0,False,False,False,False,False,False,False
Q982,Ramon Revilla Sr.,1927-03-08,Filipino actor and politician,Actor_Media,Venus,1,Sun-Jupiter,1,None,0,False,False,False,True,False,False,False
Q983,Panditrao Agashe,1936-03-08,Indian businessman,Business,None,0,Sun-Saturn|Mercury-Venus,2,Jupiter-Mars,1,False,False,False,False,False,False,False
Q984,Micky Dolenz,1945-03-08,American singer-songwriter and actor,Actor_Media,Mars,1,Sun-Mercury,1,Jupiter-Mercury,1,False,False,False,False,True,False,False
Q985,Jim Rice,1953-03-08,"American baseball player, coach, and sportscaster",Athlete,Saturn,1,Venus-Mars,1,Jupiter-Mars,1,False,False,False,False,False,False,True
Q986,Irek Mukhamedov,1960-03-08,Russian ballet dancer,Other,Mars,1,Sun-Mercury,1,None,0,False,False,False,False,True,False,False
Q987,Jason Elam,1970-03-08,American football player,Athlete,Venus,1,Moon-Venus|Mars-Saturn,2,Jupiter-Venus,1,False,False,False,True,False,False,False
Q988,Tom Chaplin,1979-03-08,English singer-songwriter and musician,Actor_Media,Jupiter,1,None,0,Saturn-Sun,1,False,False,False,False,False,True,False
Q989,Milana Vayntrub,1987-03-08,Uzbekistani-American actress and comedian,Actor_Media,None,0,None,0,None,0,False,False,False,False,False,False,False
Q990,Claire Emslie,1994-03-08,Scottish footballer,Athlete,Venus,1,Mercury-Mars|Mars-Saturn,2,Jupiter-Venus,1,False,False,False,True,False,False,False
Q991,Amerigo Vespucci,1454-03-09,"Italian cartographer and explorer, namesake of the Americas",Other,Mars|Saturn,2,None,0,None,0,False,False,False,False,True,False,True
Q992,Josef Mysliveček,1737-03-09,Czech violinist and composer,Other,Moon,1,Mercury-Jupiter|Mars-Saturn,2,Mars-Venus,1,False,True,False,False,False,False,False
Q993,David Davis,1815-03-09,American jurist and politician,Politics_Government,Venus,1,Mercury-Venus,1,Jupiter-Mercury,1,False,False,False,True,False,False,False
Q994,Fritz Lenz,1887-03-09,"German geneticist and physician, influential eugenicist within the Nazi party",Academic_Science,Venus,1,Mercury-Venus|Mercury-Mars,2,Jupiter-Venus,1,False,False,False,True,False,False,False
Q995,Clara Rockmore,1911-03-09,American classical violin prodigy and theremin player,Athlete,Venus|Mars,2,None,0,Mars-Saturn|Jupiter-Venus,2,False,False,False,True,True,False,False
Q996,Joe Franklin,1926-03-09,American radio and television host,Actor_Media,None,0,Moon-Mars|Venus-Jupiter,2,None,0,False,False,False,False,False,False,False
Q997,Lloyd Price,1933-03-09,American R&B singer-songwriter,Actor_Media,None,0,None,0,None,0,False,False,False,False,False,False,False
Q998,Jim Colbert,1941-03-09,American golfer,Athlete,None,0,Jupiter-Saturn,1,Jupiter-Mars,1,False,False,False,False,False,False,False
Q999,Emma Bonino,1948-03-09,"Italian politician, Italian Minister of Foreign Affairs",Politics_Government,None,0,Mars-Saturn,1,Moon-Saturn,1,False,False,False,False,False,False,False
Q1000,Mark Dantonio,1956-03-09,American football player and coach,Athlete,None,0,None,0,None,0,False,False,False,False,False,False,False
Q1001,Juliette Binoche,1964-03-09,French actress,Actor_Media,None,0,Sun-Mercury|Sun-Mars|Mercury-Mars,3,None,0,False,False,False,False,False,False,False
Q1002,Jodey Arrington,1972-03-09,American politician,Politics_Government,None,0,Moon-Jupiter,1,None,0,False,False,False,False,False,False,False
Q1003,Matt Barnes,1980-03-09,American basketball player,Athlete,None,0,Sun-Mercury|Mars-Jupiter,2,Mercury-Saturn,1,False,False,False,False,False,False,False
Q1004,Daniel Hudson,1987-03-09,American baseball player,Athlete,None,0,None,0,None,0,False,False,False,False,False,False,False
Q1005,Nadeo Argawinata,1997-03-09,Indonesian footballer,Athlete,None,0,Sun-Moon|Sun-Mercury|Sun-Venus|Mercury-Venus,4,Jupiter-Saturn,1,False,False,False,False,False,False,False
Q1006,Ferdinand II,1452-03-10,King of Castile and León,Politics_Government,Venus|Saturn,2,Mercury-Venus,1,None,0,False,False,False,True,False,False,True
Q1007,Giacomo Serpotta,1656-03-10,Italian Rococo sculptor,Other,None,0,Moon-Saturn,1,None,0,False,False,False,False,False,False,False
Q1008,Francisco de Paula Martínez de la Rosa y Berdejo,1787-03-10,"Spanish playwright and politician, Prime Minister of Spain",Politics_Government,Mars,1,Mars-Saturn,1,None,0,False,False,False,False,True,False,False
Q1009,Alexander III of Russia,1845-03-10,,Unknown,None,0,Moon-Jupiter|Mercury-Venus,2,None,0,False,False,False,False,False,False,False
Q1010,Jakob Wassermann,1873-03-10,German-Austrian soldier and author,Writer_Journalism,None,0,None,0,Mars-Venus,1,False,False,False,False,False,False,False
Q1011,Arthur Honegger,1892-03-10,French composer and educator,Other,None,0,Sun-Mercury|Mercury-Jupiter,2,None,0,False,False,False,False,False,False,False
Q1012,Leonor Oyarzún,1919-03-10,"Chilean socialite, First Lady of Chile from 1990 to 1994",Other,Venus,1,Moon-Jupiter|Mercury-Mars,2,Jupiter-Mercury|Saturn-Sun,2,False,False,False,True,False,False,False
Q1013,Sara Montiel,1928-03-10,Spanish actress,Actor_Media,Mars,1,Mercury-Venus,1,Mars-Saturn,1,False,False,False,False,True,False,False
Q1014,Polly Farmer,1935-03-10,Australian footballer and coach,Athlete,Moon|Venus,2,None,0,None,0,False,True,False,True,False,False,False
Q1015,Katharine Houghton,1945-03-10,American actress and playwright,Actor_Media,Mars,1,None,0,None,0,False,False,False,False,True,False,False
Q1016,Toshio Suzuki,1955-03-10,Japanese race car driver,Other,Saturn,1,None,0,Saturn-Venus,1,False,False,False,False,False,False,True
Q1017,Greg Campbell,1964-03-10,Australian cricketer,Athlete,None,0,Sun-Mercury|Sun-Mars|Mercury-Mars,3,None,0,False,False,False,False,False,False,False
Q1018,Robin Thicke,1977-03-10,"American singer, songwriter, and record producer",Actor_Media,Mars,1,Sun-Mercury,1,None,0,False,False,False,False,True,False,False
Q1019,Martellus Bennett,1987-03-10,American football player,Athlete,None,0,None,0,None,0,False,False,False,False,False,False,False
Q1020,Bad Bunny,1994-03-10,"Puerto Rican rapper, songwriter, producer, actor, and wrestler",Athlete,Venus,1,Moon-Mercury|Moon-Mars|Moon-Saturn|Mars-Saturn,4,Jupiter-Venus,1,False,False,False,True,False,False,False
Q1021,Mary of Woodstock,1278-03-11,daughter of Edward I of England,Other,None,0,None,0,Mars-Venus,1,False,False,False,False,False,False,False
Q1022,Anna Bochkoltz,1815-03-11,"German operatic soprano, voice teacher and composer",Other,Venus,1,Sun-Moon|Sun-Mercury|Moon-Mercury,3,Jupiter-Mercury,1,False,False,False,True,False,False,False
Q1023,Carl Ruggles,1876-03-11,American composer and painter,Other,None,0,Mercury-Saturn,1,None,0,False,False,False,False,False,False,False
Q1024,Henry Cowell,1897-03-11,American pianist and composer,Other,Moon,1,Moon-Mars,1,None,0,False,True,False,False,False,False,False
Q1025,Robert Havemann,1910-03-11,German chemist and academic,Academic_Science,None,0,Sun-Moon,1,None,0,False,False,False,False,False,False,False
Q1026,Astor Piazzolla,1921-03-11,Argentine tango composer and bandoneon player,Athlete,None,0,None,0,Saturn-Sun,1,False,False,False,False,False,False,False
Q1027,David Gentleman,1930-03-11,English illustrator and engraver,Writer_Journalism,Venus,1,Mercury-Mars,1,Jupiter-Venus,1,False,False,False,True,False,False,False
Q1028,Shelly Zegart,2025-03-11,quilt historian,Writer_Journalism,Venus,1,Sun-Saturn|Mercury-Venus,2,Jupiter-Venus,1,False,False,False,True,False,False,False
Q1029,Bobby McFerrin,1950-03-11,"American singer-songwriter, producer, and conductor",Actor_Media,None,0,None,0,Saturn-Sun,1,False,False,False,False,False,False,False
Q1030,Qasem Soleimani,1957-03-11,Former Iranian commander of the Quds Force,Other,None,0,Mercury-Venus,1,None,0,False,False,False,False,False,False,False
Q1031,Gary Barnett,1963-03-11,English footballer and manager,Athlete,None,0,Sun-Jupiter,1,None,0,False,False,False,False,False,False,False
Q1032,Terrence Howard,1969-03-11,American actor and producer,Actor_Media,None,0,Venus-Saturn,1,None,0,False,False,False,False,False,False,False
Q1033,Rich Hill,1980-03-11,American baseball player,Athlete,None,0,Mars-Jupiter,1,Mercury-Saturn,1,False,False,False,False,False,False,False
Q1034,Dario Cologna,1986-03-11,Swiss skier,Other,Venus,1,Moon-Mercury|Moon-Venus|Mercury-Venus,3,None,0,False,False,False,True,False,False,False
Q1035,Jodie Comer,1993-03-11,English actress,Actor_Media,Venus,1,Sun-Mercury,1,None,0,False,False,False,True,False,False,False
Q1036,"Charles, Count of Valois",1270-03-12,,Unknown,None,0,Sun-Mars|Moon-Saturn,2,None,0,False,False,False,False,False,False,False
Q1037,"François-Emmanuel Guignard, comte de Saint-Priest",1735-03-12,French politician and diplomat,Politics_Government,Venus,1,Mercury-Venus|Mars-Saturn,2,None,0,False,False,False,True,False,False,False
Q1038,John Abbott,1821-03-12,"Canadian lawyer and politician, 3rd Prime Minister of Canada",Politics_Government,None,0,Mercury-Jupiter|Mercury-Saturn|Venus-Mars,3,None,0,False,False,False,False,False,False,False
Q1039,Eduard Birnbaum,1855-03-12,Polish-born German cantor,Other,Venus,1,Sun-Mars,1,None,0,False,False,False,True,False,False,False
Q1040,Edmund Eysler,1874-03-12,Austrian composer,Other,Venus,1,Sun-Venus|Mercury-Venus,2,Jupiter-Mercury,1,False,False,False,True,False,False,False
Q1041,Jesse Fuller,1896-03-12,American singer-songwriter and musician,Actor_Media,Mars|Jupiter|Saturn,3,Moon-Mercury|Mercury-Venus,2,Saturn-Venus,1,False,False,False,False,True,True,True
Q1042,László Lékai,1910-03-12,Archbishop of Esztergom and Cardinal,Religion,None,0,None,0,None,0,False,False,False,False,False,False,False
Q1043,Hjalmar Andersen,1923-03-12,Norwegian speed skater and cyclist,Athlete,None,0,None,0,Mercury-Saturn,1,False,False,False,False,False,False,False
Q1044,Myrna Fahey,1933-03-12,American actress,Actor_Media,None,0,None,0,None,0,False,False,False,False,False,False,False
Q1045,Ratko Mladić,1943-03-12,Serbian general,Politics_Government,Moon|Venus|Mars,3,Moon-Saturn,1,None,0,False,True,False,True,True,False,False
Q1046,Pavel Pinigin,1953-03-12,former Soviet wrestler and Olympic champion,Athlete,Saturn,1,Venus-Mars,1,None,0,False,False,False,False,False,False,True
Q1047,Dieter Eckstein,1964-03-12,German footballer,Athlete,None,0,Sun-Mercury|Sun-Mars|Moon-Saturn|Mercury-Mars,4,None,0,False,False,False,False,False,False,False
Q1048,Charles Akonnor,1974-03-12,Ghanaian footballer,Athlete,None,0,Mercury-Jupiter,1,Mercury-Saturn,1,False,False,False,False,False,False,False
Q1049,Atif Aslam,1983-03-12,Pakistani singer and actor,Actor_Media,Venus|Saturn,2,None,0,Jupiter-Mars,1,False,False,False,True,False,False,True
Q1050,Daniele Baselli,1992-03-12,Italian footballer,Athlete,Mars,1,Mars-Saturn,1,None,0,False,False,False,False,True,False,False
Q1051,"Louis I, Duke of Orléans",1372-03-13,,Unknown,Venus,1,Sun-Moon|Sun-Mercury|Sun-Venus|Mercury-Venus|Mars-Jupiter,5,Jupiter-Venus,1,False,False,False,True,False,False,False
Q1052,Michel Blavet,1700-03-13,French flute player and composer,Athlete,None,0,Mercury-Saturn,1,None,0,False,False,False,False,False,False,False
Q1053,Karl Friedrich Schinkel,1781-03-13,"German painter and architect, designed the Konzerthaus Berlin",Engineering_Tech,None,0,Mars-Saturn,1,Jupiter-Mars,1,False,False,False,False,False,False,False
Q1054,Paul Prosper Henrys,1862-03-13,French general,Politics_Government,None,0,Mercury-Venus|Jupiter-Saturn,2,None,0,False,False,False,False,False,False,False
Q1055,Home Run Baker,1886-03-13,American baseball player and manager,Athlete,Moon,1,None,0,Jupiter-Mercury,1,False,True,False,False,False,False,False
Q1056,Andrée Bosquet,1900-03-13,Belgian painter,Other,None,0,None,0,None,0,False,False,False,False,False,False,False
Q1057,W. O. Mitchell,1914-03-13,Canadian author and playwright,Writer_Journalism,Venus,1,Sun-Mercury|Sun-Venus,2,None,0,False,False,False,True,False,False,False
Q1058,Zbigniew Messner,1929-03-13,"Polish economist and politician, 9th Prime Minister of the Republic of Poland",Politics_Government,None,0,Venus-Jupiter,1,None,0,False,False,False,False,False,False,False
Q1059,Dave Cutler,1942-03-13,American computer scientist and engineer,Academic_Science,None,0,Moon-Venus,1,Saturn-Venus,1,False,False,False,False,False,False,False
Q1060,Andy Bean,1953-03-13,American golfer,Athlete,Saturn,1,Venus-Mars,1,None,0,False,False,False,False,False,False,True
Q1061,Adam Clayton,1960-03-13,English-Irish musician and songwriter,Actor_Media,Mars,1,Sun-Mercury,1,None,0,False,False,False,False,True,False,False
Q1062,Tim Story,1970-03-13,American director and producer,Actor_Media,Moon|Venus,2,Mars-Saturn,1,Jupiter-Venus,1,False,True,False,True,False,False,False
Q1063,Johan Santana,1979-03-13,Venezuelan baseball player,Athlete,Jupiter,1,None,0,Saturn-Sun,1,False,False,False,False,False,True,False
Q1064,Marco Andretti,1987-03-13,American race car driver,Other,None,0,None,0,None,0,False,False,False,False,False,False,False
Q1065,Gerard Deulofeu,1994-03-13,Spanish footballer,Athlete,Venus,1,Moon-Venus|Mars-Saturn,2,Jupiter-Venus,1,False,False,False,True,False,False,False
Q1066,Uljay Qutlugh Khatun,1888-03-14,Mongol empress consort of the Ilkhanate.,Other,None,0,None,0,None,0,False,False,False,False,False,False,False
Q1067,Johann Strauss I,1804-03-14,Austrian composer and conductor,Other,None,0,Moon-Venus|Mercury-Mars,2,Mercury-Saturn,1,False,False,False,False,False,False,False
Q1068,Charles Ammi Cutter,1837-03-14,American librarian,Other,Jupiter|Saturn,2,Mercury-Venus|Mars-Jupiter,2,Saturn-Venus,1,False,False,False,False,False,True,True
Q1069,Algernon Blackwood,1869-03-14,English author and playwright,Writer_Journalism,None,0,None,0,None,0,False,False,False,False,False,False,False
Q1070,K. C. Irving,1899-03-14,"Canadian businessman, founded Irving Oil",Business,None,0,None,0,None,0,False,False,False,False,False,False,False
Q1071,Cliff Bastin,1912-03-14,English footballer,Athlete,None,0,None,0,None,0,False,False,False,False,False,False,False
Q1072,Max Shulman,1919-03-14,American author and screenwriter,Writer_Journalism,Venus,1,Moon-Saturn|Mercury-Mars,2,Jupiter-Mercury,1,False,False,False,True,False,False,False
Q1073,Frank Borman,1928-03-14,American astronaut,Other,Mars,1,Moon-Saturn|Mercury-Venus,2,Mars-Saturn,1,False,False,False,False,True,False,False
Q1074,Raymond J. Barry,1939-03-14,American actor,Actor_Media,None,0,Sun-Jupiter|Mercury-Saturn,2,Jupiter-Saturn,1,False,False,False,False,False,False,False
Q1075,Tom Coburn,1948-03-14,American physician and politician,Politics_Government,None,0,Moon-Venus|Mars-Saturn,2,Mars-Moon,1,False,False,False,False,False,False,False
Q1076,"Albert II, Prince of Monaco",1958-03-14,,Unknown,Mars,1,None,0,None,0,False,False,False,False,True,False,False
Q1077,Jonas Elmer,1966-03-14,"Danish actor, director, and screenwriter",Actor_Media,None,0,Sun-Saturn|Mercury-Mars,2,None,0,False,False,False,False,False,False,False
Q1078,Brian Quinn,1976-03-14,American improvisational comedian and actor,Actor_Media,None,0,None,0,None,0,False,False,False,False,False,False,False
Q1079,Elton Chigumbura,1986-03-14,Zimbabwean cricketer,Athlete,Venus,1,Sun-Mercury,1,None,0,False,False,False,True,False,False,False
Q1080,Brandon Aubrey,1995-03-14,American multi-sport athlete,Athlete,None,0,Sun-Saturn|Moon-Mars,2,None,0,False,False,False,False,False,False,False
Q1081,Anne de Montmorency,1493-03-15,French captain and diplomat,Other,Jupiter,1,None,0,None,0,False,False,False,False,False,True,False
Q1082,Andrew Jackson,1767-03-15,"American general, judge, and politician, 7th President of the United States",Politics_Government,Venus,1,Moon-Jupiter|Mercury-Venus,2,Jupiter-Sun,1,False,False,False,True,False,False,False
Q1083,Johann Josef Loschmidt,1821-03-15,Austrian physicist and chemist,Academic_Science,None,0,Mercury-Jupiter|Mercury-Saturn|Venus-Mars,3,None,0,False,False,False,False,False,False,False
Q1084,"Augusta, Lady Gregory",1852-03-15,"Anglo-Irish landowner, playwright, and translator",Other,None,0,Sun-Mercury|Venus-Saturn,2,None,0,False,False,False,False,False,False,False
Q1085,Harold L. Ickes,1874-03-15,"American journalist and politician, United States Secretary of the Interior",Politics_Government,Venus,1,Sun-Mercury|Sun-Venus|Moon-Saturn|Mercury-Venus,4,Jupiter-Mercury,1,False,False,False,True,False,False,False
Q1086,Zarah Leander,1907-03-15,Swedish actress and singer,Actor_Media,None,0,Sun-Mercury|Sun-Saturn,2,Jupiter-Mercury,1,False,False,False,False,False,False,False
Q1087,Madelyn Pugh,1921-03-15,American television writer and producer,Actor_Media,Moon,1,None,0,Jupiter-Sun,1,False,True,False,False,False,False,False
Q1088,Ruth Bader Ginsburg,1933-03-15,American lawyer and judge,Law,None,0,None,0,Jupiter-Sun,1,False,False,False,False,False,False,False
Q1089,David Cronenberg,1943-03-15,"Canadian actor, director, and screenwriter",Actor_Media,Venus|Mars,2,Moon-Jupiter,1,None,0,False,False,False,True,True,False,False
Q1090,Isobel Buchanan,1954-03-15,Scottish soprano and actress,Actor_Media,Venus|Saturn,2,None,0,Jupiter-Venus,1,False,False,False,True,False,False,True
Q1091,Rockwell,1964-03-15,American singer-songwriter and musician,Actor_Media,None,0,Sun-Mercury|Sun-Mars|Mercury-Mars,3,None,0,False,False,False,False,False,False,False
Q1092,Joanne Wise,1971-03-15,English long jumper,Other,None,0,None,0,Jupiter-Mars,1,False,False,False,False,False,False,False
Q1093,Kyle Mills,1979-03-15,New Zealand cricketer,Athlete,Jupiter,1,None,0,None,0,False,False,False,False,False,True,False
Q1094,Eric Decker,1987-03-15,American football player,Athlete,None,0,None,0,None,0,False,False,False,False,False,False,False
Q1095,Matt Gay,1994-03-15,American football player,Athlete,Venus,1,Mars-Saturn,1,Jupiter-Venus,1,False,False,False,True,False,False,False
Q1096,Xuande Emperor,1399-03-16,ruler of Ming China,Other,None,0,Sun-Moon,1,Jupiter-Sun,1,False,False,False,False,False,False,False
Q1097,René Le Bossu,1631-03-16,French literary critic,Other,Venus|Saturn,2,Sun-Venus|Sun-Jupiter|Venus-Jupiter,3,None,0,False,False,False,True,False,False,True
Q1098,Caroline Herschel,1750-03-16,German-English astronomer,Academic_Science,Venus,1,None,0,None,0,False,False,False,True,False,False,False
Q1099,Alaric Alexander Watts,1797-03-16,English poet and journalist,Writer_Journalism,None,0,Sun-Jupiter|Mercury-Venus,2,Mercury-Saturn,1,False,False,False,False,False,False,False
Q1100,William Henry Monk,1823-03-16,English organist and composer,Other,Venus,1,Sun-Mars|Moon-Saturn,2,Jupiter-Venus,1,False,False,False,True,False,False,False
Q1101,"Napoléon, Prince Imperial",1856-03-16,of France,Other,None,0,Mercury-Venus,1,Mercury-Saturn,1,False,False,False,False,False,False,False
Q1102,Ethel Anderson,1883-03-16,"Australian poet, author, and painter",Writer_Journalism,None,0,Mercury-Mars,1,Mars-Saturn,1,False,False,False,False,False,False,False
Q1103,Alexis Chantraine,1901-03-16,Belgian footballer,Athlete,None,0,Mercury-Venus|Jupiter-Saturn,2,None,0,False,False,False,False,False,False,False
Q1104,Mehrdad Pahlbod,1917-03-16,Iranian politician,Politics_Government,None,0,Sun-Mars|Mercury-Venus|Venus-Mars,3,None,0,False,False,False,False,False,False,False
Q1105,Augusto Boal,1931-03-16,"Brazilian theatre director, writer and politician",Actor_Media,None,0,Sun-Mercury,1,Jupiter-Mercury,1,False,False,False,False,False,False,False
Q1106,Roger Crozier,1942-03-16,Canadian-American ice hockey player,Athlete,None,0,Sun-Moon,1,Saturn-Venus,1,False,False,False,False,False,False,False
Q1107,David Heath,1954-03-16,English politician,Politics_Government,Venus|Saturn,2,None,0,Jupiter-Venus,1,False,False,False,True,False,False,True
Q1108,H.P. Baxxter,1966-03-16,German musician,Actor_Media,None,0,Sun-Saturn|Mercury-Mars,2,None,0,False,False,False,False,False,False,False
Q1109,Brooke Burns,1978-03-16,"American fashion model, television personality, and actress",Actor_Media,Moon|Venus,2,Moon-Jupiter|Mercury-Venus,2,Jupiter-Mercury,1,False,True,False,True,False,False,False
Q1110,Blake Griffin,1989-03-16,American basketball player,Athlete,None,0,Sun-Venus|Mars-Jupiter,2,None,0,False,False,False,False,False,False,False
Q1111,Harun al-Rashid,0763-03-17,Abbasid caliph,Other,None,0,Moon-Jupiter,1,None,0,False,False,False,False,False,False,False
Q1112,Jean-Baptiste Oudry,1686-03-17,French painter and engraver,Other,None,0,Venus-Mars,1,Mercury-Saturn,1,False,False,False,False,False,False,False
Q1113,Gottlieb Daimler,1834-03-17,"German engineer and businessman, co-founded Daimler-Motoren-Gesellschaft",Business,Moon|Venus|Mars,3,Sun-Venus,1,None,0,False,True,False,True,True,False,False
Q1114,Joseph Baptista,1864-03-17,"Indian engineer, lawyer, and politician",Politics_Government,Mars,1,None,0,Mercury-Saturn,1,False,False,False,False,True,False,False
Q1115,Princess Patricia of Connaught,1886-03-17,,Unknown,None,0,None,0,Jupiter-Mercury,1,False,False,False,False,False,False,False
Q1116,Bobby Jones,1902-03-17,American golfer and lawyer,Athlete,None,0,Sun-Mars,1,None,0,False,False,False,False,False,False,False
Q1117,Sammy Baugh,1914-03-17,American football player and coach,Athlete,Venus,1,None,0,None,0,False,False,False,True,False,False,False
Q1118,Stephen Dodgson,1924-03-17,English composer and educator,Other,Saturn,1,Sun-Mercury,1,Jupiter-Mars,1,False,False,False,False,False,False,True
Q1119,Myrlie Evers-Williams,1933-03-17,American journalist and activist,Writer_Journalism,None,0,None,0,Jupiter-Sun,1,False,False,False,False,False,False,False
Q1120,John Wayne Gacy,1942-03-17,American serial killer and rapist,Other,None,0,Sun-Moon|Mars-Jupiter,2,Saturn-Venus,1,False,False,False,False,False,False,False
Q1121,Barry Horne,1952-03-17,English activist,Other,None,0,Mercury-Jupiter,1,None,0,False,False,False,False,False,False,False
Q1122,Stefano Borgonovo,1964-03-17,Italian footballer,Athlete,None,0,Sun-Mercury|Sun-Mars|Moon-Venus,3,None,0,False,False,False,False,False,False,False
Q1123,Mark Dolan,1974-03-17,English comedian and television host,Actor_Media,None,0,Mercury-Jupiter,1,Mercury-Saturn,1,False,False,False,False,False,False,False
Q1124,Steven Pienaar,1982-03-17,South African footballer,Athlete,None,0,Mars-Saturn,1,Mercury-Saturn,1,False,False,False,False,False,False,False
Q1125,Hozier,1990-03-17,Irish musician,Actor_Media,Mars,1,Sun-Mercury|Venus-Mars,2,Jupiter-Mercury,1,False,False,False,False,True,False,False
Q1126,Al-Zamakhshari,1075-03-18,Persian scholar and theologian,Academic_Science,None,0,Sun-Mercury|Venus-Jupiter,2,Mars-Venus,1,False,False,False,False,False,False,False
Q1127,Simon Bradstreet,1603-03-18,English colonial magistrate,Other,Moon,1,None,0,Jupiter-Mars,1,False,True,False,False,False,False,False
Q1128,John C. Calhoun,1782-03-18,"American lawyer and politician, 7th Vice President of the United States",Politics_Government,Venus,1,Sun-Mercury|Sun-Venus|Moon-Mars|Mercury-Venus|Jupiter-Saturn,5,None,0,False,False,False,True,False,False,False
Q1129,Randal Cremer,1828-03-18,"English activist and politician, Nobel Prize laureate",Politics_Government,None,0,Sun-Mercury|Moon-Venus,2,None,0,False,False,False,False,False,False,False
Q1130,Eugène Jansson,1862-03-18,Swedish painter,Other,None,0,Mercury-Venus|Jupiter-Saturn,2,Jupiter-Sun,1,False,False,False,False,False,False,False
Q1131,Bernard Cronin,1884-03-18,English-Australian journalist and author,Writer_Journalism,Jupiter,1,None,0,Mars-Moon,1,False,False,False,False,False,True,False
Q1132,John Zachary Young,1907-03-18,English zoologist and neurophysiologist,Other,None,0,Sun-Mercury|Sun-Saturn|Mercury-Saturn,3,Jupiter-Mercury,1,False,False,False,False,False,False,False
Q1133,Andy Granatelli,1923-03-18,American race car driver and businessman,Business,None,0,None,0,Mercury-Saturn,1,False,False,False,False,False,False,False
Q1134,Unita Blackwell,1933-03-18,American civil rights activist and politician,Politics_Government,None,0,None,0,Jupiter-Sun,1,False,False,False,False,False,False,False
Q1135,Dennis Linde,1943-03-18,American singer-songwriter,Actor_Media,Mars,1,None,0,None,0,False,False,False,False,True,False,False
Q1136,Will Durst,1952-03-18,American journalist and actor,Actor_Media,None,0,Mercury-Jupiter,1,None,0,False,False,False,False,False,False,False
Q1137,Thomas Ian Griffith,1962-03-18,"American actor, producer, screenwriter, musician and martial artist",Actor_Media,Venus,1,Mercury-Mars|Mercury-Jupiter|Mars-Jupiter,3,None,0,False,False,False,True,False,False,False
Q1138,Wayne Arthurs,1971-03-18,Australian tennis player,Athlete,None,0,Moon-Jupiter,1,Jupiter-Mars,1,False,False,False,False,False,False,False
Q1139,Sébastien Frey,1980-03-18,French footballer,Athlete,None,0,Mars-Jupiter,1,Jupiter-Sun,1,False,False,False,False,False,False,False
Q1140,Travis Frederick,1991-03-18,American football player,Athlete,Jupiter,1,Moon-Venus,1,Mars-Venus,1,False,False,False,False,False,True,False
Q1141,Güyük Khan,1206-03-19,"Mongol ruler, 3rd Great Khan of the Mongol Empire",Other,None,0,Mercury-Mars|Jupiter-Saturn,2,None,0,False,False,False,False,False,False,False
Q1142,Abd al-Ghani al-Nabulsi,1641-03-19,Syrian author and scholar,Academic_Science,None,0,Sun-Mercury,1,Mars-Venus,1,False,False,False,False,False,False,False
Q1143,Edward Pakenham,1778-03-19,Anglo-Irish general and politician,Politics_Government,Venus|Jupiter|Saturn,3,Sun-Venus,1,None,0,False,False,False,True,False,True,True
Q1144,Carl Frederik Tietgen,1829-03-19,Danish businessman,Business,None,0,None,0,None,0,False,False,False,False,False,False,False
Q1145,Charles Marion Russell,1864-03-19,American painter and sculptor,Other,Mars,1,None,0,Mercury-Saturn,1,False,False,False,False,True,False,False
Q1146,Ernestine Rose,1880-03-19,American librarian and advocate,Other,None,0,Sun-Jupiter|Mercury-Saturn,2,None,0,False,False,False,False,False,False,False
Q1147,Gertrud Dorka,1893-03-19,"German archaeologist, prehistorian and museum director",Actor_Media,None,0,Moon-Mercury,1,None,0,False,False,False,False,False,False,False
Q1148,Joseph Carroll,1910-03-19,American general,Politics_Government,None,0,None,0,None,0,False,False,False,False,False,False,False
Q1149,Kjell Aukrust,1920-03-19,"Norwegian author, poet, and painter",Writer_Journalism,Jupiter,1,Sun-Mercury,1,None,0,False,False,False,False,False,True,False
Q1150,Emma Andijewska,1931-03-19,"Ukrainian poet, writer and painter",Writer_Journalism,None,0,Sun-Moon|Sun-Mercury|Moon-Mercury,3,Jupiter-Mercury,1,False,False,False,False,False,False,False
Q1151,Nate Bowman,1943-03-19,American basketball player,Athlete,Mars,1,None,0,None,0,False,False,False,False,True,False,False
Q1152,Warren Lees,1952-03-19,New Zealand cricketer and coach,Athlete,None,0,Mercury-Jupiter,1,None,0,False,False,False,False,False,False,False
Q1153,Yoko Kanno,1964-03-19,Japanese pianist and composer,Other,Moon,1,Sun-Mercury|Sun-Mars,2,None,0,False,True,False,False,False,False,False
Q1154,David Ross,1977-03-19,American baseball player and manager,Athlete,None,0,Sun-Moon|Sun-Mercury|Moon-Mercury,3,None,0,False,False,False,False,False,False,False
Q1155,Clayton Kershaw,1988-03-19,American baseball player,Athlete,None,0,None,0,Jupiter-Mars,1,False,False,False,False,False,False,False
Q1156,Wareru,1253-03-20,"founder of Ramanya Kingdom, renamed Hanthawady Kingdom of Pegu",Politics_Government,None,0,Sun-Mercury,1,Jupiter-Mars,1,False,False,False,False,False,False,False
Q1157,Ivan Mazepa,1639-03-20,"Ukrainian diplomat, Hetman of Ukraine",Other,Venus,1,Sun-Venus,1,None,0,False,False,False,True,False,False,False
Q1158,Napoleon II,1811-03-20,French emperor,Politics_Government,None,0,None,0,None,0,False,False,False,False,False,False,False
Q1159,Ismail Gasprinski,1851-03-20,"Crimean Tatar educator, publisher, and politician",Politics_Government,None,0,None,0,None,0,False,False,False,False,False,False,False
Q1160,Philipp Frank,1884-03-20,"Austrian-American physicist, mathematician, and philosopher",Academic_Science,Jupiter,1,None,0,Jupiter-Moon,1,False,False,False,False,False,True,False
Q1161,Amelia Chopitea Villa,1900-03-20,Bolivia's first female physician,Academic_Science,None,0,None,0,None,0,False,False,False,False,False,False,False
Q1162,Alfonso García Robles,1911-03-20,"Mexican lawyer and diplomat, Nobel Prize laureate",Law,Mars,1,Sun-Mercury,1,Mars-Saturn,1,False,False,False,False,True,False,False
Q1163,Rosemary Timperley,1920-03-20,English author and screenwriter,Writer_Journalism,Jupiter,1,Sun-Moon|Sun-Mercury|Moon-Mercury,3,Jupiter-Moon,1,False,False,False,False,False,True,False
Q1164,Dinos Christianopoulos,1931-03-20,Greek poet,Writer_Journalism,None,0,Sun-Mercury,1,Jupiter-Mercury,1,False,False,False,False,False,False,False
Q1165,Pat Corrales,1941-03-20,American baseball player and manager,Athlete,None,0,Sun-Venus|Jupiter-Saturn,2,Jupiter-Mars,1,False,False,False,False,False,False,False
Q1166,William Hurt,1950-03-20,American actor,Actor_Media,None,0,Sun-Mercury,1,None,0,False,False,False,False,False,False,False
Q1167,Norm Magnusson,1960-03-20,American painter and sculptor,Other,Mars,1,Moon-Jupiter|Mercury-Venus,2,None,0,False,False,False,False,True,False,False
Q1168,Edoardo Ballerini,1970-03-20,"American actor, director, producer, and screenwriter",Actor_Media,Venus,1,Sun-Mercury|Mars-Saturn,2,Jupiter-Venus,1,False,False,False,True,False,False,False
Q1169,Jamal Crawford,1980-03-20,American basketball player,Athlete,None,0,Moon-Venus|Mars-Jupiter,2,Jupiter-Sun,1,False,False,False,False,False,False,False
Q1170,Blake Ferguson,1990-03-20,Australian rugby league player,Athlete,Mars,1,Sun-Mercury|Venus-Mars,2,Jupiter-Mercury,1,False,False,False,False,True,False,False
Q1171,Emperor Taizu of Song,0927-03-21,,Unknown,None,0,Mars-Jupiter,1,None,0,False,False,False,False,False,False,False
Q1172,Johann Sebastian Bach,1685-03-21,German Baroque composer and musician,Actor_Media,None,0,Moon-Jupiter|Mercury-Venus,2,None,0,False,False,False,False,False,False,False
Q1173,Alexander Mozhaysky,1825-03-21,Russian soldier and engineer,Engineering_Tech,Jupiter,1,Sun-Mercury|Moon-Mars,2,Jupiter-Moon,1,False,False,False,False,False,True,False
Q1174,"Florenz Ziegfeld, Jr.",1867-03-21,American director and producer,Actor_Media,None,0,None,0,None,0,False,False,False,False,False,False,False
Q1175,Walter Dray,1886-03-21,American pole vaulter,Other,None,0,None,0,Jupiter-Mercury,1,False,False,False,False,False,False,False
Q1176,Jehane Benoît,1904-03-21,Canadian journalist and author,Writer_Journalism,None,0,Sun-Mercury|Sun-Jupiter,2,None,0,False,False,False,False,False,False,False
Q1177,Paul Tortelier,1914-03-21,French cellist and composer,Other,Venus,1,None,0,None,0,False,False,False,True,False,False,False
Q1178,Philip Abbott,1924-03-21,American actor,Actor_Media,Saturn,1,Sun-Mercury,1,Jupiter-Mars,1,False,False,False,False,False,False,True
Q1179,"Al Freeman, Jr.",1934-03-21,American actor and director,Actor_Media,Moon,1,Sun-Mars|Venus-Saturn,2,None,0,False,True,False,False,False,False,False
Q1180,Marie-Christine Barrault,1944-03-21,French actress,Actor_Media,Jupiter,1,Sun-Mercury|Mars-Saturn,2,Saturn-Venus,1,False,False,False,False,False,True,False
Q1181,Prayut Chan-o-cha,1954-03-21,"Thai politician, Prime Minister of Thailand",Politics_Government,Venus|Saturn,2,None,0,Jupiter-Venus,1,False,False,False,True,False,False,True
Q1182,Ieuan Evans,1964-03-21,Welsh rugby player,Athlete,None,0,Sun-Mars,1,Jupiter-Mars,1,False,False,False,False,False,False,False
Q1183,Laura Allen,1974-03-21,American actress,Actor_Media,None,0,Moon-Mercury|Moon-Jupiter|Mercury-Jupiter,3,Mercury-Saturn,1,False,False,False,False,False,False,False
Q1184,Tarence Kinsey,1984-03-21,American basketball player,Athlete,Saturn,1,Moon-Mars,1,Saturn-Venus,1,False,False,False,False,False,False,True
Q1185,Sven Andrighetto,1993-03-21,Swiss ice hockey player,Athlete,Venus,1,Moon-Mercury,1,None,0,False,False,False,True,False,False,False
Q1186,Bernard Plantapilosa,0841-03-22,Frankish son of Bernard of Septimania,Other,Venus|Jupiter,2,Mercury-Venus,1,Jupiter-Moon,1,False,False,False,True,False,True,False
Q1187,Gioseffo Zarlino,1517-03-22,Italian composer,Other,Jupiter,1,None,0,None,0,False,False,False,False,False,True,False
Q1188,Edward Moore,1712-03-22,English poet and playwright,Writer_Journalism,None,0,Sun-Mars,1,None,0,False,False,False,False,False,False,False
Q1189,Thomas Crawford,1814-03-22,"American sculptor, designed the Statue of Freedom",Other,None,0,Sun-Moon|Moon-Mercury,2,Jupiter-Sun,1,False,False,False,False,False,False,False
Q1190,Dorothy Tennant,1855-03-22,British painter,Other,Moon,1,Sun-Mars,1,None,0,False,True,False,False,False,False,False
Q1191,Aryeh Levin,1885-03-22,Polish-Lithuanian rabbi and educator,Religion,Moon,1,Moon-Saturn|Venus-Mars,2,Jupiter-Sun|Saturn-Venus,2,False,True,False,False,False,False,False
Q1192,Johannes Brinkman,1902-03-22,"Dutch architect, designed the Van Nelle Factory",Actor_Media,None,0,Sun-Mars,1,None,0,False,False,False,False,False,False,False
Q1193,John Stanley,1914-03-22,American author and illustrator,Writer_Journalism,Venus,1,Moon-Jupiter,1,None,0,False,False,False,True,False,False,False
Q1194,P. Ramlee,1929-03-22,"Malaysian actor, director, singer, songwriter, composer, and producer",Actor_Media,None,0,Venus-Jupiter,1,None,0,False,False,False,False,False,False,False
Q1195,Angelo Badalamenti,1937-03-22,American pianist and composer,Other,None,0,Sun-Mercury|Sun-Saturn|Mercury-Saturn,3,Jupiter-Saturn,1,False,False,False,False,False,False,False
Q1196,George Ferguson,1947-03-22,"English architect and politician, 1st Mayor of Bristol",Politics_Government,None,0,Sun-Moon|Mercury-Mars,2,None,0,False,False,False,False,False,False,False
Q1197,Jim Covert,1960-03-22,American football player,Athlete,Mars,1,Mercury-Venus,1,None,0,False,False,False,False,True,False,False
Q1198,Andreas Johnson,1970-03-22,Swedish singer-songwriter,Actor_Media,Venus,1,Sun-Mercury|Mars-Saturn,2,Jupiter-Venus,1,False,False,False,True,False,False,False
Q1199,Michalis Kouinelis,1979-03-22,Greek hip hop singer,Actor_Media,Jupiter,1,Sun-Mercury,1,Jupiter-Moon,1,False,False,False,False,False,True,False
Q1200,Chris Ivory,1988-03-22,American football player,Athlete,Moon,1,None,0,Jupiter-Mars,1,False,True,False,False,False,False,False
Q1201,Emperor Go-Kōgon,1338-03-23,of Japan,Other,None,0,Sun-Mercury,1,Jupiter-Mercury,1,False,False,False,False,False,False,False
Q1202,Johannes Matthias Sperger,1750-03-23,Austrian bassist and composer,Other,Venus,1,Sun-Jupiter|Venus-Jupiter,2,None,0,False,False,False,True,False,False,False
Q1203,Ludwig Quidde,1858-03-23,"German activist and politician, Nobel Prize laureate",Politics_Government,Venus,1,Sun-Mercury|Sun-Venus|Moon-Saturn|Mercury-Venus,4,None,0,False,False,False,True,False,False,False
Q1204,Franz Schreker,1878-03-23,Austrian composer and conductor,Other,None,0,Sun-Mercury,1,Jupiter-Saturn,1,False,False,False,False,False,False,False
Q1205,Josef Čapek,1887-03-23,Czech painter and poet,Writer_Journalism,None,0,Sun-Mercury|Sun-Mars,2,None,0,False,False,False,False,False,False,False
Q1206,Bhakti Hridaya Bon,1901-03-23,Indian guru and religious writer,Writer_Journalism,None,0,Jupiter-Saturn,1,None,0,False,False,False,False,False,False,False
Q1207,Milbourne Christopher,1914-03-23,American magician and author,Writer_Journalism,Venus,1,None,0,None,0,False,False,False,True,False,False,False
Q1208,Angelo Ingrassia,1923-03-23,American soldier and judge,Law,Moon,1,None,0,Mercury-Saturn,1,False,True,False,False,False,False,False
Q1209,Barry Cryer,1935-03-23,"English comedian, actor and screenwriter",Actor_Media,None,0,Mercury-Saturn,1,None,0,False,False,False,False,False,False,False
Q1210,Alan Bleasdale,1946-03-23,English screenwriter and producer,Actor_Media,Venus,1,Sun-Mercury|Mercury-Venus|Mars-Saturn,3,Jupiter-Venus,1,False,False,False,True,False,False,False
Q1211,Moses Malone,1955-03-23,American basketball player,Athlete,Saturn,1,None,0,Saturn-Venus,1,False,False,False,False,False,False,True
Q1212,Juan Ramón López Caro,1963-03-23,Spanish footballer and manager,Athlete,None,0,Sun-Mercury|Sun-Jupiter|Mercury-Jupiter|Venus-Saturn,4,None,0,False,False,False,False,False,False,False
Q1213,Jerzy Dudek,1973-03-23,Polish footballer,Athlete,Venus|Mars,2,Sun-Venus|Mars-Jupiter,2,None,0,False,False,False,True,True,False,False
Q1214,José Contreras Arrau,1982-03-23,Chilean footballer,Athlete,None,0,Moon-Mercury|Mars-Saturn,2,Mercury-Saturn,1,False,False,False,False,False,False,False
Q1215,Jaime Alguersuari,1990-03-23,Spanish race car driver,Other,Mars,1,Sun-Mercury|Moon-Venus|Venus-Mars,3,Jupiter-Mercury,1,False,False,False,False,True,False,False
Q1216,Yue Fei,1103-03-24,Chinese military general,Politics_Government,None,0,None,0,None,0,False,False,False,False,False,False,False
Q1217,Rufus King,1755-03-24,"American lawyer and politician, United States Ambassador to the United Kingdom",Politics_Government,None,0,Venus-Mars,1,Jupiter-Sun,1,False,False,False,False,False,False,False
Q1218,Edmond Becquerel,1820-03-24,French physicist and academic,Academic_Science,None,0,Sun-Saturn,1,Mars-Mercury|Jupiter-Saturn,2,False,False,False,False,False,False,False
Q1219,Silas Hocking,1850-03-24,English minister and author,Politics_Government,Venus,1,Sun-Venus|Sun-Saturn|Venus-Saturn,3,Jupiter-Sun,1,False,False,False,True,False,False,False
Q1220,Marcel Lalu,1882-03-24,French gymnast,Other,Moon|Venus,2,Sun-Venus,1,Jupiter-Venus,1,False,True,False,True,False,False,False
Q1221,Sergey Ivanovich Vavilov,1891-03-24,Russian physicist and academic,Academic_Science,None,0,Sun-Mercury,1,None,0,False,False,False,False,False,False,False
Q1222,Clyde Barrow,1909-03-24,American criminal,Other,Venus,1,None,0,Jupiter-Sun,1,False,False,False,True,False,False,False
Q1223,Gene Nelson,1920-03-24,"American actor, director, and screenwriter",Actor_Media,Moon|Jupiter,2,Sun-Mercury,1,None,0,False,True,False,False,False,True,False
Q1224,David Dacko,1930-03-24,"Central African politician, 1st president of the Central African Republic",Politics_Government,Venus,1,Sun-Mercury,1,Jupiter-Venus,1,False,False,False,True,False,False,False
Q1225,Jesús Alou,1942-03-24,Dominican baseball player,Athlete,None,0,Mars-Jupiter,1,Saturn-Venus,1,False,False,False,False,False,False,False
Q1226,Greg McCrary,1952-03-24,American football player,Athlete,None,0,Moon-Venus|Mercury-Jupiter,2,None,0,False,False,False,False,False,False,False
Q1227,Dean Jones,1961-03-24,Australian cricketer and coach,Athlete,None,0,Moon-Mars|Jupiter-Saturn,2,None,0,False,False,False,False,False,False,False
Q1228,Christophe Dugarry,1972-03-24,French footballer,Athlete,None,0,Mars-Saturn,1,Mars-Venus,1,False,False,False,False,False,False,False
Q1229,Mike Adams,1981-03-24,American football player,Athlete,Venus,1,Sun-Venus|Sun-Mars|Venus-Mars|Jupiter-Saturn,4,Mercury-Saturn,1,False,False,False,True,False,False,False
Q1230,Nick Browne,1991-03-24,English cricketer,Athlete,Jupiter,1,None,0,None,0,False,False,False,False,False,True,False
Q1231,Conradin,1252-03-25,Duke of Swabia,Other,Venus,1,Sun-Venus|Sun-Jupiter|Mercury-Venus|Venus-Jupiter,4,None,0,False,False,False,True,False,False,False
Q1232,Vasili III of Russia,1479-03-25,,Unknown,Venus,1,Sun-Mercury|Sun-Venus|Mercury-Venus,3,Jupiter-Venus,1,False,False,False,True,False,False,False
Q1233,Henric Piccardt,1636-03-25,Dutch lawyer,Law,None,0,None,0,Mars-Venus|Jupiter-Sun,2,False,False,False,False,False,False,False
Q1234,José de Espronceda,1808-03-25,Spanish poet and author,Writer_Journalism,None,0,Sun-Mercury|Sun-Mars|Venus-Jupiter,3,None,0,False,False,False,False,False,False,False
Q1235,Horatio Nelson Jackson,1872-03-25,American race car driver and physician,Academic_Science,None,0,Mercury-Mars,1,Jupiter-Mercury,1,False,False,False,False,False,False,False
Q1236,Siegfried Handloser,1895-03-25,German general and physician,Politics_Government,Saturn,1,None,0,Mars-Venus,1,False,False,False,False,False,False,True
Q1237,Jean Sablon,1906-03-25,French singer and actor,Actor_Media,Venus,1,Sun-Moon|Moon-Venus|Mercury-Venus,3,Jupiter-Venus,1,False,False,False,True,False,False,False
Q1238,Paul Scott,1920-03-25,"English author, poet, and playwright",Writer_Journalism,Moon|Jupiter,2,None,0,None,0,False,True,False,False,False,True,False
Q1239,Cecil Taylor,1929-03-25,American pianist and composer,Other,None,0,Venus-Jupiter,1,None,0,False,False,False,False,False,False,False
Q1240,Toni Cade Bambara,1939-03-25,"American author, academic, and activist",Academic_Science,Moon,1,Mercury-Saturn,1,Jupiter-Saturn,1,False,True,False,False,False,False,False
Q1241,Chuck Greenberg,1950-03-25,"American saxophonist, songwriter, and producer",Actor_Media,Moon,1,Sun-Mercury|Venus-Jupiter,2,None,0,False,True,False,False,False,False,False
Q1242,Mike Aulby,1960-03-25,American bowler,Other,None,0,Moon-Mercury|Moon-Venus|Mercury-Venus,3,None,0,False,False,False,False,False,False,False
Q1243,Magnus Larsson,1970-03-25,Swedish tennis player,Athlete,Venus,1,Sun-Mercury|Moon-Jupiter|Mars-Saturn,3,Jupiter-Venus,1,False,False,False,True,False,False,False
Q1244,Nate Bargatze,1979-03-25,American stand-up comedian and actor,Actor_Media,Jupiter,1,Sun-Mercury|Moon-Venus,2,None,0,False,False,False,False,False,True,False
Q1245,Big Sean,1988-03-25,"American rapper, singer and songwriter",Actor_Media,None,0,None,0,Jupiter-Mars,1,False,False,False,False,False,False,False
Q1246,Conrad Gessner,1516-03-26,Swiss botanist and zoologist,Other,Mars,1,Sun-Mercury,1,Jupiter-Mercury,1,False,False,False,False,True,False,False
Q1247,William Blount,1749-03-26,American politician,Politics_Government,Saturn,1,Mercury-Venus|Venus-Jupiter,2,Saturn-Venus,1,False,False,False,False,False,False,True
Q1248,Alexandre Saint-Yves d'Alveydre,1842-03-26,French occultist,Other,Venus,1,Sun-Venus|Jupiter-Saturn,2,None,0,False,False,False,True,False,False,False
Q1249,Fuad I of Egypt,1868-03-26,,Unknown,None,0,Mercury-Mars|Mars-Jupiter,2,Mars-Saturn,1,False,False,False,False,False,False,False
Q1250,Wilhelm Backhaus,1884-03-26,German pianist and educator,Other,Jupiter,1,Sun-Mercury|Moon-Mercury,2,Jupiter-Moon,1,False,False,False,False,False,True,False
Q1251,Monty Berman,1905-03-26,English cinematographer and producer,Actor_Media,None,0,None,0,None,0,False,False,False,False,False,False,False
Q1252,Toru Kumon,1914-03-26,Japanese mathematician and academic,Academic_Science,Venus,1,Sun-Moon,1,None,0,False,False,False,True,False,False,False
Q1253,Harold Chapman,1927-03-26,English photographer,Other,None,0,Mercury-Jupiter,1,Mars-Venus,1,False,False,False,False,False,False,False
Q1254,Norman Ackroyd,1938-03-26,English painter and illustrator,Writer_Journalism,Venus,1,Sun-Saturn|Mercury-Venus,2,Jupiter-Saturn,1,False,False,False,True,False,False,False
Q1255,Kyung-wha Chung,1948-03-26,South Korean violinist and educator,Other,None,0,Mars-Saturn,1,None,0,False,False,False,False,False,False,False
Q1256,Fiona Bruce,1957-03-26,Scottish lawyer and politician,Politics_Government,Venus,1,Sun-Mercury|Sun-Venus,2,Jupiter-Mercury,1,False,False,False,True,False,False,False
Q1257,Jason Chaffetz,1967-03-26,American politician,Politics_Government,Jupiter,1,Sun-Saturn,1,Mars-Venus,1,False,False,False,False,False,True,False
Q1258,Amy Smart,1976-03-26,American actress and former model,Actor_Media,None,0,Sun-Mercury,1,Moon-Saturn,1,False,False,False,False,False,False,False
Q1259,Keira Knightley,1985-03-26,English actress,Actor_Media,Moon|Venus,2,Mercury-Venus,1,None,0,False,True,False,True,False,False,False
Q1260,Ibai Llanos,1995-03-26,Spanish internet personality,Other,None,0,Mercury-Saturn,1,None,0,False,False,False,False,False,False,False
Q1261,Albert III,1401-03-27,duke of Bavaria,Other,None,0,None,0,None,0,False,False,False,False,False,False,False
Q1262,Claude Bourgelat,1712-03-27,French surgeon and author,Writer_Journalism,None,0,Sun-Mars,1,None,0,False,False,False,False,False,False,False
Q1263,Charles-Mathias Simons,1802-03-27,"German-Luxembourger jurist and politician, 3rd Prime Minister of Luxembourg",Politics_Government,Venus,1,Sun-Venus|Jupiter-Saturn,2,Jupiter-Sun,1,False,False,False,True,False,False,False
Q1264,Wilhelm Röntgen,1845-03-27,"German physicist and academic, Nobel Prize laureate",Academic_Science,Venus,1,Sun-Mercury|Sun-Jupiter|Mercury-Jupiter,3,None,0,False,False,False,True,False,False,False
Q1265,Henry Royce,1863-03-27,"English engineer and businessman, founded Rolls-Royce Limited",Business,None,0,None,0,Mercury-Saturn|Mars-Venus,2,False,False,False,False,False,False,False
Q1266,Marie Under,1883-03-27,Estonian author and poet,Writer_Journalism,None,0,Mercury-Mars,1,Saturn-Venus,1,False,False,False,False,False,False,False
Q1267,Karl Mannheim,1893-03-27,Hungarian-English sociologist and academic,Academic_Science,Venus,1,Sun-Mercury,1,None,0,False,False,False,True,False,False,False
Q1268,Golo Mann,1909-03-27,German historian and author,Writer_Journalism,Moon|Venus,2,Sun-Saturn,1,Jupiter-Sun,1,False,True,False,True,False,False,False
Q1269,Shūsaku Endō,1923-03-27,Japanese author,Writer_Journalism,None,0,None,0,None,0,False,False,False,False,False,False,False
Q1270,Stanley Rother,1935-03-27,American Roman Catholic priest and missionary,Religion,None,0,Mercury-Saturn,1,None,0,False,False,False,False,False,False,False
Q1271,Oliver Friggieri,1947-03-27,"Maltese author, critic, poet and philosopher",Writer_Journalism,Moon,1,Mercury-Mars,1,None,0,False,True,False,False,False,False,False
Q1272,Didier de Radiguès,1958-03-27,Belgian race car driver and motorcycle racer <!-- surname is Radiguès -->,Other,Mars,1,None,0,None,0,False,False,False,False,True,False,False
Q1273,Gianluigi Lentini,1969-03-27,Italian footballer and manager,Athlete,None,0,Venus-Saturn,1,Jupiter-Mercury,1,False,False,False,False,False,False,False
Q1274,Sean Ryan,1980-03-27,American football player,Athlete,None,0,Moon-Mars|Mars-Jupiter,2,Jupiter-Sun,1,False,False,False,False,False,False,False
Q1275,Erdin Demir,1990-03-27,Swedish-Turkish footballer,Athlete,Mars,1,Moon-Mercury,1,Jupiter-Mercury,1,False,False,False,False,True,False,False
Q1276,Fra Bartolomeo,1472-03-28,Italian painter,Other,None,0,Sun-Mercury,1,Saturn-Venus,1,False,False,False,False,False,False,False
Q1277,Andrew Kippis,1725-03-28,English minister and author,Politics_Government,None,0,Mercury-Venus|Venus-Mars|Mars-Jupiter,3,None,0,False,False,False,False,False,False,False
Q1278,John Neumann,1811-03-28,Czech-American bishop and saint,Religion,Moon,1,Moon-Jupiter,1,None,0,False,True,False,False,False,False,False
Q1279,James Darmesteter,1849-03-28,French historian and author,Writer_Journalism,Moon|Mars|Jupiter,3,None,0,None,0,False,True,False,False,True,True,False
Q1280,Martin Sheridan,1881-03-28,Irish-American discus thrower and jumper,Other,None,0,Moon-Mercury|Jupiter-Saturn,2,Mars-Saturn,1,False,False,False,False,False,False,False
Q1281,Sepp Herberger,1897-03-28,German footballer and manager,Athlete,None,0,Sun-Mercury,1,Jupiter-Sun,1,False,False,False,False,False,False,False
Q1282,Murray Adaskin,1906-03-28,"Canadian violinist, composer, and conductor",Other,Venus,1,Moon-Mars|Mercury-Venus,2,Jupiter-Venus,1,False,False,False,True,False,False,False
Q1283,Edward Anhalt,1914-03-28,American screenwriter and producer,Actor_Media,Venus,1,Moon-Venus,1,None,0,False,False,False,True,False,False,False
Q1284,"Cayetana Fitz-James Stuart, 18th Duchess of Alba",1926-03-28,,Unknown,Mars,1,Sun-Mercury|Venus-Jupiter,2,Mars-Saturn,1,False,False,False,False,True,False,False
Q1285,Tony Barber,1940-03-28,English-Australian television host,Actor_Media,None,0,Venus-Mars,1,Mars-Venus,1,False,False,False,False,False,False,False
Q1286,Ronnie Ray Smith,1949-03-28,American sprinter,Other,Venus,1,Sun-Venus|Sun-Mars|Moon-Mercury|Moon-Venus|Venus-Mars,5,None,0,False,False,False,True,False,False,False
Q1287,José Maria Neves,1960-03-28,"Cape Verdeian politician, 4th Prime Minister of Cape Verde",Politics_Government,None,0,Mercury-Venus,1,None,0,False,False,False,False,False,False,False
Q1288,Keith Tkachuk,1972-03-28,American ice hockey player,Athlete,None,0,Sun-Mercury|Venus-Mars|Mars-Saturn,3,Mars-Venus,1,False,False,False,False,False,False,False
Q1289,Christopher Samba,1984-03-28,Congolese footballer,Athlete,Saturn,1,None,0,Saturn-Venus,1,False,False,False,False,False,False,True
Q1290,Derek Carr,1991-03-28,American football player,Athlete,Jupiter,1,None,0,Mars-Mercury,1,False,False,False,False,False,True,False
Q1291,"Arthur I, Duke of Brittany",1187-03-29,grandson of King Henry II of England,Politics_Government,Saturn,1,Sun-Mercury|Jupiter-Saturn,2,None,0,False,False,False,False,False,False,True
Q1292,Jean-de-Dieu Soult,1769-03-29,"French general and politician, 12th Prime Minister of France",Politics_Government,None,0,None,0,Mercury-Saturn,1,False,False,False,False,False,False,False
Q1293,Elihu Thomson,1853-03-29,English-American engineer and inventor,Engineering_Tech,Venus,1,Venus-Mars,1,None,0,False,False,False,True,False,False,False
Q1294,Hal Colebatch,1872-03-29,"English-Australian politician, 12th Premier of Western Australia",Politics_Government,None,0,Mercury-Mars,1,None,0,False,False,False,False,False,False,False
Q1295,Yvan Goll,1891-03-29,French-German poet and playwright,Writer_Journalism,None,0,Sun-Mercury,1,None,0,False,False,False,False,False,False,False
Q1296,Douglas Harkness,1903-03-29,"Canadian colonel and politician, Canadian Minister of National Defence",Politics_Government,None,0,Sun-Moon,1,None,0,False,False,False,False,False,False,False
Q1297,Peter Geach,1916-03-29,English philosopher and academic,Academic_Science,None,0,Sun-Jupiter,1,None,0,False,False,False,False,False,False,False
Q1298,Vladimir Bolotin,1926-03-29,Russian physicist,Academic_Science,Mars,1,Sun-Mercury|Venus-Jupiter,2,Mars-Saturn,1,False,False,False,False,True,False,False
Q1299,Roberto Chabet,1937-03-29,Filipino painter and sculptor,Other,None,0,Sun-Mercury,1,Jupiter-Saturn,1,False,False,False,False,False,False,False
Q1300,Frank Bowe,1947-03-29,American academic,Academic_Science,None,0,None,0,None,0,False,False,False,False,False,False,False
Q1301,Earl Campbell,1955-03-29,American football player,Athlete,Moon|Saturn,2,None,0,Saturn-Venus,1,False,True,False,False,False,False,True
Q1302,Billy Beane,1962-03-29,American baseball player and manager,Athlete,Venus,1,None,0,None,0,False,False,False,True,False,False,False
Q1303,Ted Lieu,1969-03-29,American politician and AFRC colonel,Politics_Government,None,0,Venus-Saturn,1,Jupiter-Mercury,1,False,False,False,False,False,False,False
Q1304,Nina Riggs,1977-03-29,American writer and poet,Writer_Journalism,Venus,1,Mercury-Venus,1,Jupiter-Venus,1,False,False,False,True,False,False,False
Q1305,Sylvan Ebanks-Blake,1986-03-29,English footballer,Athlete,None,0,None,0,None,0,False,False,False,False,False,False,False
Q1306,Shi Jingtang,0892-03-30,founder of the Later Jin Dynasty,Other,Sun|Venus,2,Sun-Mars,1,Jupiter-Mars,1,True,False,False,True,False,False,False
Q1307,John Trenchard,1640-03-30,"English politician, Secretary of State for the Northern Department",Politics_Government,None,0,Venus-Saturn|Mars-Jupiter,2,None,0,False,False,False,False,False,False,False
Q1308,Paul Verlaine,1844-03-30,French poet,Writer_Journalism,None,0,Venus-Mars,1,None,0,False,False,False,False,False,False,False
Q1309,Coen de Koning,1879-03-30,Dutch speed skater,Athlete,Mars,1,Sun-Saturn,1,Jupiter-Saturn,1,False,False,False,False,True,False,False
Q1310,Jean Giono,1895-03-30,French author and poet,Writer_Journalism,Moon|Saturn,2,None,0,Mars-Venus,1,False,True,False,False,False,False,True
Q1311,Ekrem Akurgal,1911-03-30,Turkish archaeologist and academic,Academic_Science,Mars,1,Sun-Moon|Venus-Saturn,2,Mars-Saturn,1,False,False,False,False,True,False,False
Q1312,Turhan Bey,1922-03-30,American actor,Actor_Media,Venus,1,None,0,Mercury-Saturn,1,False,False,False,True,False,False,False
Q1313,Jean-Claude Brialy,1933-03-30,French actor and director,Actor_Media,Moon|Venus,2,Sun-Venus|Mercury-Venus,2,Jupiter-Sun,1,False,True,False,True,False,False,False
Q1314,Ruben Kun,1942-03-30,"Nauruan lawyer and politician, 14th President of Nauru",Politics_Government,None,0,Mars-Jupiter,1,Saturn-Venus,1,False,False,False,False,False,False,False
Q1315,Stuart Dryburgh,1952-03-30,English-New Zealand cinematographer,Other,Moon,1,Mercury-Jupiter,1,None,0,False,True,False,False,False,False,False
Q1316,Mark Begich,1962-03-30,American politician,Politics_Government,None,0,None,0,None,0,False,False,False,False,False,False,False
Q1317,Tobias Hill,1970-03-30,English poet and author,Writer_Journalism,None,0,Sun-Mercury,1,None,0,False,False,False,False,False,False,False
Q1318,Abhishek Chaubey,1977-03-30,Indian director and screenwriter,Actor_Media,Venus,1,Moon-Saturn|Mercury-Venus,2,Jupiter-Venus,1,False,False,False,True,False,False,False
Q1319,Giacomo Ricci,1985-03-30,Italian racing driver,Other,Venus,1,Sun-Mercury|Sun-Venus|Mercury-Venus,3,None,0,False,False,False,True,False,False,False
Q1320,Anitta,1993-03-30,Brazilian singer and entertainer,Actor_Media,Venus,1,Sun-Venus,1,None,0,False,False,False,True,False,False,False
Q1321,Philippa of Lancaster,1360-03-31,,Unknown,None,0,Sun-Mercury,1,None,0,False,False,False,False,False,False,False
Q1322,"Charles II, Elector Palatine",1651-03-31,German husband of Princess Wilhelmine Ernestine of Denmark,Other,None,0,None,0,Mercury-Saturn,1,False,False,False,False,False,False,False
Q1323,Charles Cagniard de la Tour,1777-03-31,French physicist and engineer,Academic_Science,Saturn,1,None,0,None,0,False,False,False,False,False,False,True
Q1324,John La Farge,1835-03-31,American artist,Other,None,0,None,0,Mercury-Saturn,1,False,False,False,False,False,False,False
Q1325,Borisav Stanković,1876-03-31,Serbian author,Writer_Journalism,None,0,Venus-Mars,1,None,0,False,False,False,False,False,False,False
Q1326,Robert Stevenson,1905-03-31,English director and screenwriter,Actor_Media,None,0,Moon-Saturn|Mercury-Jupiter,2,None,0,False,False,False,False,False,False,False
Q1327,Lucille Bliss,1916-03-31,American voice actress,Actor_Media,None,0,Sun-Jupiter,1,None,0,False,False,False,False,False,False,False
Q1328,Jean Coutu,1925-03-31,Canadian actor and director,Actor_Media,Venus|Saturn,2,Sun-Venus,1,None,0,False,False,False,True,False,False,True
Q1329,Anita Carter,1933-03-31,American singer-songwriter and bassist,Actor_Media,Moon|Venus,2,Sun-Venus,1,Jupiter-Sun,1,False,True,False,True,False,False,False
Q1330,Roy Andersson,1943-03-31,Swedish director and screenwriter,Actor_Media,Mars,1,Sun-Mercury|Moon-Mars,2,Jupiter-Mercury,1,False,False,False,False,True,False,False
Q1331,Svetozar Marović,1955-03-31,President of Serbia and Montenegro,Politics_Government,Saturn,1,Moon-Jupiter,1,Saturn-Venus,1,False,False,False,False,False,False,True
Q1332,Tom Barrasso,1965-03-31,American ice hockey player and coach,Athlete,Venus,1,Sun-Venus,1,Jupiter-Venus,1,False,False,False,True,False,False,False
Q1333,Makis Dreliozis,1975-03-31,Greek basketball player,Athlete,Mars,1,Sun-Jupiter,1,Mercury-Saturn,1,False,False,False,False,True,False,False
Q1334,Hashim Amla,1983-03-31,South African cricketer,Athlete,Saturn,1,Sun-Mercury,1,None,0,False,False,False,False,False,False,True
Q1335,Stijn de Looijer,1992-03-31,Dutch footballer,Athlete,None,0,Moon-Mars,1,Jupiter-Sun,1,False,False,False,False,False,False,False
Q1336,Emperor Go-Saga,1220-04-01,of Japan,Other,Venus|Jupiter,2,Sun-Venus|Moon-Saturn,2,Mars-Moon,1,False,False,False,True,False,True,False
Q1337,"John Wilmot, 2nd Earl of Rochester",1647-04-01,English poet and courtier,Writer_Journalism,Jupiter,1,Sun-Mercury|Mars-Jupiter,2,None,0,False,False,False,False,False,True,False
Q1338,Otto von Bismarck,1815-04-01,"German lawyer and politician, 1st Chancellor of the German Empire",Politics_Government,Mars,1,None,0,None,0,False,False,False,False,True,False,False
Q1339,Edmond Rostand,1868-04-01,French poet and playwright,Writer_Journalism,None,0,Mercury-Mars|Mars-Jupiter,2,Mars-Saturn,1,False,False,False,False,False,False,False
Q1340,Wallace Beery,1885-04-01,American actor,Actor_Media,Venus,1,Venus-Mars,1,Jupiter-Sun,1,False,False,False,True,False,False,False
Q1341,Maria Polydouri,1902-04-01,Greek poet,Writer_Journalism,None,0,Sun-Mars,1,None,0,False,False,False,False,False,False,False
Q1342,Memos Makris,1913-04-01,Greek sculptor,Other,None,0,Sun-Mercury,1,None,0,False,False,False,False,False,False,False
Q1343,Brendan Byrne,1924-04-01,"American lieutenant, judge, and politician, 47th Governor of New Jersey",Politics_Government,Saturn,1,None,0,Jupiter-Mars,1,False,False,False,False,False,False,True
Q1344,Cyril Karabus,1935-04-01,South African paediatric oncologist,Other,None,0,Moon-Mercury|Moon-Saturn,2,None,0,False,False,False,False,False,False,False
Q1345,Nikitas Kaklamanis,1946-04-01,"Greek academic and politician, Greek Minister of Health and Social Security",Politics_Government,None,0,Moon-Mercury|Mars-Saturn,2,None,0,False,False,False,False,False,False,False
Q1346,Don Hasselbeck,1955-04-01,American football player and sportscaster,Athlete,Saturn,1,None,0,Saturn-Venus,1,False,False,False,False,False,False,True
Q1347,Jane Adams,1965-04-01,"American film, television, and stage actress",Actor_Media,Venus,1,Sun-Moon|Sun-Venus|Moon-Venus,3,Jupiter-Venus,1,False,False,False,True,False,False,False
Q1348,Hugo Ibarra,1974-04-01,Argentinian footballer and manager,Athlete,None,0,None,0,Mercury-Saturn,1,False,False,False,False,False,False,False
Q1349,Taran Killam,1982-04-01,"American actor, voice artist, comedian, and writer",Actor_Media,None,0,None,0,None,0,False,False,False,False,False,False,False
Q1350,Julia Fischer,1990-04-01,German discus thrower,Other,Mars,1,Moon-Jupiter,1,None,0,False,False,False,False,True,False,False
Q1351,John Corvinus,1473-04-02,Hungarian noble,Other,None,0,Mercury-Mars,1,Mercury-Saturn|Jupiter-Mars,2,False,False,False,False,False,False,False
Q1352,Prince George of Denmark,1653-04-02,Duke of Cumberland,Other,Moon,1,None,0,None,0,False,True,False,False,False,False,False
Q1353,Samuel Bogart,1797-04-02,Texas state legislator,Other,Moon|Venus,2,Moon-Saturn|Mercury-Venus|Mercury-Jupiter|Venus-Jupiter,4,None,0,False,True,False,True,False,False,False
Q1354,Clément Ader,1841-04-02,"French engineer, designed the Ader Avion III",Engineering_Tech,None,0,None,0,None,0,False,False,False,False,False,False,False
Q1355,Neville Cardus,1888-04-02,English cricket and music writer,Writer_Journalism,None,0,Mercury-Venus,1,None,0,False,False,False,False,False,False,False
Q1356,Harald Andersson,1907-04-02,American-Swedish discus thrower,Other,None,0,Mercury-Saturn,1,None,0,False,False,False,False,False,False,False
Q1357,Gloria Henry,1923-04-02,actress,Actor_Media,None,0,Sun-Mercury,1,None,0,False,False,False,False,False,False,False
Q1358,Edward Egan,1932-04-02,American cardinal,Other,Jupiter,1,None,0,None,0,False,False,False,False,False,True,False
Q1359,Dr. Demento,1941-04-02,American radio host,Other,Moon|Venus|Mars,3,Sun-Venus|Jupiter-Saturn,2,Mars-Saturn,1,False,True,False,True,True,False,False
Q1360,Paul Gambaccini,1949-04-02,American-English radio and television host,Actor_Media,Moon|Venus,2,Sun-Venus|Sun-Mars|Mercury-Venus|Mercury-Mars|Venus-Mars,5,None,0,False,True,False,True,False,False,False
Q1361,Stefano Bettarello,1958-04-02,Italian rugby player,Athlete,Mars,1,None,0,None,0,False,False,False,False,True,False,False
Q1362,Rodney King,1965-04-02,American victim of police brutality,Other,Venus,1,Sun-Moon|Sun-Venus|Moon-Mercury,3,Jupiter-Venus,1,False,False,False,True,False,False,False
Q1363,Nate Huffman,1975-04-02,American basketball player,Athlete,Mars,1,Mercury-Jupiter,1,None,0,False,False,False,False,True,False,False
Q1364,Thom Evans,1985-04-02,Zimbabwean-Scottish rugby player,Athlete,Venus,1,Sun-Mercury|Sun-Venus|Mercury-Venus,3,None,0,False,False,False,True,False,False,False
Q1365,Zack Steffen,1995-04-02,American soccer player,Athlete,None,0,None,0,Mars-Moon,1,False,False,False,False,False,False,False
Q1366,Xing Zong,1016-04-03,Chinese emperor,Politics_Government,Sun,1,None,0,None,0,True,False,False,False,False,False,False
Q1367,Valentin Rathgeber,1682-04-03,German organist and composer,Other,Venus,1,Sun-Venus|Sun-Mars|Mercury-Mars,3,Moon-Saturn,1,False,False,False,True,False,False,False
Q1368,Washington Irving,1783-04-03,"American short story writer, essayist, biographer, historian",Writer_Journalism,Mars,1,Moon-Venus|Mars-Jupiter,2,Jupiter-Saturn,1,False,False,False,False,True,False,False
Q1369,Ulric Dahlgren,1842-04-03,American colonel,Other,Venus,1,Sun-Venus|Moon-Jupiter|Moon-Saturn|Jupiter-Saturn,4,None,0,False,False,False,True,False,False,False
Q1370,Alcide De Gasperi,1881-04-03,"Italian journalist and politician, 30th Prime Minister of Italy",Politics_Government,Moon,1,Jupiter-Saturn,1,Mars-Saturn,1,False,True,False,False,False,False,False
Q1371,Mario Castelnuovo-Tedesco,1895-04-03,Italian-American composer and educator,Other,Saturn,1,None,0,Mars-Venus,1,False,False,False,False,False,False,True
Q1372,Nanette Bordeaux,1911-04-03,Canadian-American actress,Actor_Media,Moon|Mars,2,Venus-Saturn,1,Mars-Saturn,1,False,True,False,False,True,False,False
Q1373,Robert Karvelas,1921-04-03,American actor,Actor_Media,None,0,Venus-Mars,1,Jupiter-Sun,1,False,False,False,False,False,False,False
Q1374,Lawton Chiles,1930-04-03,"American soldier, lawyer, and politician, 41st Governor of Florida",Politics_Government,Moon,1,Sun-Mercury|Moon-Jupiter,2,None,0,False,True,False,False,False,False,False
Q1375,Marsha Mason,1942-04-03,American actress,Actor_Media,None,0,Mars-Jupiter,1,Saturn-Venus,1,False,False,False,False,False,False,False
Q1376,Brendan Barber,1951-04-03,English trade union leader,Other,None,0,Mercury-Mars,1,None,0,False,False,False,False,False,False,False
Q1377,Tim Crews,1961-04-03,American baseball player,Athlete,None,0,Jupiter-Saturn,1,None,0,False,False,False,False,False,False,False
Q1378,Vitālijs Astafjevs,1971-04-03,Latvian footballer and manager,Athlete,None,0,None,0,Jupiter-Mars,1,False,False,False,False,False,False,False
Q1379,Aaron Bertram,1981-04-03,American trumpet player,Athlete,Venus,1,Sun-Venus|Sun-Mars|Moon-Mercury|Venus-Mars|Jupiter-Saturn,5,Mercury-Saturn,1,False,False,False,True,False,False,False
Q1380,Karim Ansarifard,1990-04-03,Iranian footballer,Athlete,Mars,1,None,0,None,0,False,False,False,False,True,False,False
Q1381,Caracalla,0188-04-04,Roman emperor,Politics_Government,Sun|Mars|Jupiter,3,Moon-Mars|Mercury-Venus,2,Mars-Saturn,1,True,False,False,False,True,True,False
Q1382,Antoine Galland,1646-04-04,French orientalist and archaeologist,Other,None,0,None,0,Mars-Saturn|Jupiter-Mercury,2,False,False,False,False,False,False,False
Q1383,Edward Hicks,1780-04-04,American minister and painter,Politics_Government,None,0,Sun-Moon,1,None,0,False,False,False,False,False,False,False
Q1384,John Hughlings Jackson,1835-04-04,English physician and neurologist,Academic_Science,None,0,None,0,Mercury-Saturn,1,False,False,False,False,False,False,False
Q1385,Maurice de Vlaminck,1876-04-04,French painter and poet,Writer_Journalism,None,0,Venus-Mars,1,None,0,False,False,False,False,False,False,False
Q1386,Robert E. Sherwood,1896-04-04,American playwright and screenwriter,Writer_Journalism,Jupiter|Saturn,2,None,0,Jupiter-Moon|Saturn-Venus,2,False,False,False,False,False,True,True
Q1387,Đặng Văn Ngữ,1910-04-04,Vietnamese physician and academic,Academic_Science,None,0,Sun-Mercury,1,Jupiter-Mercury,1,False,False,False,False,False,False,False
Q1388,Peter Vaughan,1923-04-04,English actor,Actor_Media,None,0,Sun-Mercury|Moon-Jupiter,2,None,0,False,False,False,False,False,False,False
Q1389,Clive Davis,1932-04-04,"American record producer, founded Arista Records and J Records",Actor_Media,Jupiter,1,Moon-Mars,1,Jupiter-Moon,1,False,False,False,False,False,True,False
Q1390,Paulette Jiles,1943-04-04,American writer,Writer_Journalism,Mars,1,Sun-Moon|Sun-Mercury|Moon-Mercury,3,Jupiter-Mercury,1,False,False,False,False,True,False,False
Q1391,Rosemarie Ackermann,1952-04-04,German high jumper,Other,Venus,1,Sun-Mercury|Mercury-Jupiter,2,None,0,False,False,False,True,False,False,False
Q1392,Craig Adams,1962-04-04,English bass player and songwriter,Athlete,None,0,Sun-Moon|Moon-Mercury,2,None,0,False,False,False,False,False,False,False
Q1393,Clay Davidson,1971-04-04,American singer-songwriter,Actor_Media,None,0,None,0,Jupiter-Mars,1,False,False,False,False,False,False,False
Q1394,Currensy,1981-04-04,American rapper,Other,Venus,1,Sun-Moon|Sun-Venus|Sun-Mars|Moon-Venus|Moon-Mars|Venus-Mars|Jupiter-Saturn,7,Jupiter-Mercury,1,False,False,False,True,False,False,False
Q1395,Elizabeth Booker Houston,1990-04-04,"American lawyer, public health professional, stand‑up comedian, and political commentator.",Actor_Media,Mars,1,None,0,None,0,False,False,False,False,True,False,False
Q1396,Isabella of Hainault,1170-04-05,,Unknown,Sun,1,Venus-Saturn,1,None,0,True,False,False,False,False,False,False
Q1397,Thomas Hobbes,1588-04-05,English philosopher,Other,Jupiter,1,Moon-Jupiter|Mercury-Mars|Venus-Saturn,3,None,0,False,False,False,False,False,True,False
Q1398,Benjamin Harrison V,1726-04-05,"American politician, planter and merchant",Politics_Government,Moon|Venus,2,Sun-Mercury|Sun-Venus|Mercury-Venus,3,None,0,False,True,False,True,False,False,False
Q1399,Wincenty Krasiński,1782-04-05,Polish nobleman,Other,Venus,1,Mercury-Venus|Jupiter-Saturn,2,None,0,False,False,False,True,False,False,False
Q1400,Émile Louis Victor de Laveleye,1822-04-05,Belgian economist,Other,None,0,Mercury-Venus,1,None,0,False,False,False,False,False,False,False
Q1401,Booker T. Washington,1856-04-05,"African-American educator, essayist and historian",Writer_Journalism,None,0,Sun-Moon|Mercury-Venus|Mercury-Jupiter|Venus-Jupiter,4,None,0,False,False,False,False,False,False,False
Q1402,Emmanuel Célestin Suhard,1874-04-05,French Cardinal of the Catholic Church,Other,None,0,None,0,None,0,False,False,False,False,False,False,False
Q1403,Raymond Bonney,1892-04-05,American ice hockey player,Athlete,None,0,None,0,None,0,False,False,False,False,False,False,False
Q1404,Albert Charles Smith,1906-04-05,American botanist,Other,None,0,Sun-Mercury,1,None,0,False,False,False,False,False,False,False
Q1405,Christopher Hewett,1921-04-05,English actor and theatre director,Actor_Media,None,0,Moon-Mercury|Venus-Mars,2,Jupiter-Sun,1,False,False,False,False,False,False,False
Q1406,Ronnie Bucknum,1936-04-05,American race car driver,Other,Venus,1,Sun-Mercury|Venus-Saturn,2,None,0,False,False,False,True,False,False,False
Q1407,Stanley Dziedzic,1949-04-05,American wrestler,Athlete,Venus,1,Sun-Venus|Sun-Mars|Mercury-Venus|Mercury-Mars|Venus-Mars,5,None,0,False,False,False,True,False,False,False
Q1408,Lana Clarkson,1962-04-05,American actress and model,Actor_Media,None,0,Moon-Venus,1,None,0,False,False,False,False,False,False,False
Q1409,Sarah Baldock,1975-04-05,English organist and conductor,Other,None,0,Mercury-Jupiter,1,None,0,False,False,False,False,False,False,False
Q1410,Gerson Acevedo,1988-04-05,Chilean footballer,Athlete,Mars,1,None,0,None,0,False,False,False,False,True,False,False
Q1411,Maimonides,1135-04-06,"Jewish philosopher, Torah scholar, physician and astronomer",Academic_Science,Sun|Venus,2,Mars-Jupiter,1,Jupiter-Venus,1,True,False,False,True,False,False,False
Q1412,André Cardinal Destouches,1672-04-06,French composer,Other,Mars,1,Mercury-Saturn,1,Jupiter-Sun,1,False,False,False,False,True,False,False
Q1413,Philip Henry Gosse,1810-04-06,English biologist and academic,Academic_Science,None,0,Sun-Venus|Mars-Jupiter,2,None,0,False,False,False,False,False,False,False
Q1414,Guillaume Bigourdan,1851-04-06,French astronomer and academic,Academic_Science,Moon,1,Sun-Mercury|Sun-Saturn|Mercury-Saturn,3,Mars-Saturn|Jupiter-Mercury,2,False,True,False,False,False,False,False
Q1415,Erich Mühsam,1878-04-06,"German author, poet, and playwright",Writer_Journalism,Moon,1,None,0,Jupiter-Saturn,1,False,True,False,False,False,False,False
Q1416,Leo Robin,1900-04-06,American composer and songwriter,Writer_Journalism,None,0,Mercury-Mars,1,Jupiter-Mars,1,False,False,False,False,False,False,False
Q1417,Feodor Felix Konrad Lynen,1911-04-06,"German biochemist and academic, Nobel Prize laureate",Academic_Science,Mars,1,Mercury-Saturn,1,Mars-Saturn,1,False,False,False,False,True,False,False
Q1418,Gordon Chater,1922-04-06,English-Australian comedian and actor,Actor_Media,None,0,None,0,Jupiter-Mercury,1,False,False,False,False,False,False,False
Q1419,Connie Broden,1932-04-06,Canadian ice hockey player,Athlete,Jupiter,1,Sun-Moon|Sun-Mercury|Moon-Mercury,3,Jupiter-Moon,1,False,False,False,False,False,True,False
Q1420,Christopher Allsopp,1941-04-06,English economist and academic,Academic_Science,Venus|Mars,2,Sun-Venus|Jupiter-Saturn,2,Mars-Saturn,1,False,False,False,True,True,False,False
Q1421,Bert Blyleven,1951-04-06,Dutch-American baseball player and sportscaster,Athlete,None,0,Sun-Moon|Mercury-Mars,2,None,0,False,False,False,False,False,False,False
Q1422,Rory Bremner,1961-04-06,Scottish impressionist and comedian,Actor_Media,None,0,Sun-Venus|Jupiter-Saturn,2,None,0,False,False,False,False,False,False,False
Q1423,Anders Thomas Jensen,1972-04-06,Danish director and screenwriter,Actor_Media,None,0,Moon-Jupiter|Venus-Mars|Venus-Saturn|Mars-Saturn,4,None,0,False,False,False,False,False,False,False
Q1424,Travis Moen,1982-04-06,Canadian ice hockey player,Athlete,None,0,Sun-Mercury,1,None,0,False,False,False,False,False,False,False
Q1425,Adrián Alonso,1994-04-06,Mexican actor,Actor_Media,None,0,Mercury-Mars,1,None,0,False,False,False,False,False,False,False
Q1426,"Otto II Wittelsbach, Duke of Bavaria",1206-04-07,,Unknown,Sun,1,Sun-Mercury|Venus-Jupiter|Venus-Saturn|Jupiter-Saturn,4,None,0,True,False,False,False,False,False,False
Q1427,Pope Clement XII,1652-04-07,,Unknown,None,0,Moon-Mercury,1,None,0,False,False,False,False,False,False,False
Q1428,James Curtiss,1803-04-07,"American journalist and politician, 11th Mayor of Chicago",Politics_Government,None,0,None,0,Jupiter-Mercury,1,False,False,False,False,False,False,False
Q1429,John McGraw,1873-04-07,American baseball player and manager,Athlete,Jupiter,1,Sun-Mercury|Moon-Jupiter,2,None,0,False,False,False,False,False,True,False
Q1430,Paul Berth,1890-04-07,Danish footballer,Athlete,None,0,Sun-Mercury,1,None,0,False,False,False,False,False,False,False
Q1431,Eduard Eelma,1902-04-07,Estonian footballer,Athlete,None,0,Sun-Mars|Moon-Mercury,2,None,0,False,False,False,False,False,False,False
Q1432,Stanley Adams,1915-04-07,American actor and screenwriter,Actor_Media,None,0,Mercury-Mars|Venus-Jupiter|Mars-Jupiter,3,None,0,False,False,False,False,False,False,False
Q1433,Chaturanan Mishra,1925-04-07,Indian trade union leader and politician,Politics_Government,Venus|Saturn,2,Sun-Venus,1,None,0,False,False,False,True,False,False,True
Q1434,Ian Richardson,1934-04-07,Scottish-English actor,Actor_Media,None,0,Sun-Mars|Venus-Saturn,2,None,0,False,False,False,False,False,False,False
Q1435,Shel Bachrach,1944-04-07,"American insurance broker, investor, businessman and philanthropist",Business,Venus|Jupiter,2,None,0,Mars-Mercury,1,False,False,False,True,False,True,False
Q1436,David Baulcombe,1952-04-07,English geneticist and academic,Academic_Science,Venus,1,Sun-Mercury|Sun-Jupiter,2,None,0,False,False,False,True,False,False,False
Q1437,Jon Cruddas,1962-04-07,English lawyer and politician,Politics_Government,Moon,1,None,0,None,0,False,True,False,False,False,False,False
Q1438,Leif Ove Andsnes,1970-04-07,Norwegian pianist and educator,Other,None,0,Moon-Mercury|Moon-Venus|Moon-Saturn|Mercury-Venus|Mercury-Saturn|Venus-Saturn,6,None,0,False,False,False,False,False,False,False
Q1439,Dragan Bogavac,1980-04-07,Montenegrin footballer,Athlete,None,0,Mars-Jupiter,1,Jupiter-Sun,1,False,False,False,False,False,False,False
Q1440,Antonio Piccolo,1988-04-07,Italian footballer,Athlete,Mars,1,None,0,None,0,False,False,False,False,True,False,False
Q1441,Peter I of Portugal,1320-04-08,,Unknown,Sun,1,Sun-Mercury|Moon-Jupiter,2,Mars-Mercury,1,True,False,False,False,False,False,False
Q1442,Philip IV of Spain,1605-04-08,,Unknown,Sun|Venus,2,Moon-Saturn|Mercury-Venus,2,Jupiter-Saturn,1,True,False,False,True,False,False,False
Q1443,Christian IX,1818-04-08,King of Denmark,Politics_Government,None,0,Sun-Mercury|Sun-Venus|Mercury-Venus,3,Mars-Mercury,1,False,False,False,False,False,False,False
Q1444,Manuel Díaz,1874-04-08,Cuban fencer,Other,None,0,None,0,Jupiter-Mercury,1,False,False,False,False,False,False,False
Q1445,Richard Neutra,1892-04-08,"Austrian-American architect, designer of the Los Angeles County Hall of Records",Engineering_Tech,None,0,None,0,None,0,False,False,False,False,False,False,False
Q1446,John Fante,1909-04-08,American author and screenwriter,Writer_Journalism,Venus|Mars,2,Sun-Venus|Sun-Saturn|Venus-Saturn,3,Jupiter-Sun,1,False,False,False,True,True,False,False
Q1447,Franco Corelli,1921-04-08,Italian tenor and actor,Actor_Media,None,0,Sun-Moon|Venus-Mars,2,Jupiter-Sun,1,False,False,False,False,False,False,False
Q1448,Jacques Brel,1929-04-08,Belgian singer-songwriter and actor,Actor_Media,None,0,None,0,None,0,False,False,False,False,False,False,False
Q1449,Kofi Annan,1938-04-08,"Ghanaian economist and diplomat, 7th Secretary-General of the United Nations",Politics_Government,None,0,Mercury-Venus,1,Jupiter-Saturn,1,False,False,False,False,False,False,False
Q1450,Tom DeLay,1947-04-08,American lawyer and politician,Politics_Government,None,0,Moon-Jupiter|Mercury-Mars,2,Jupiter-Mars,1,False,False,False,False,False,False,False
Q1451,Michael Benton,1956-04-08,Scottish-English paleontologist and academic,Academic_Science,Mars|Jupiter,2,Sun-Mercury,1,Mars-Saturn,1,False,False,False,False,True,True,False
Q1452,Steven Blaney,1965-04-08,"Canadian businessman and politician, 5th Canadian Minister of Public Safety",Politics_Government,Venus,1,Sun-Mercury|Sun-Venus|Mercury-Venus,3,Jupiter-Venus,1,False,False,False,True,False,False,False
Q1453,Ana de la Reguera,1977-04-08,Mexican actress,Actor_Media,Venus,1,Sun-Venus,1,Jupiter-Venus,1,False,False,False,True,False,False,False
Q1454,Patrick Schliwa,1985-04-08,German rugby player,Athlete,Venus,1,Sun-Venus|Moon-Saturn|Mercury-Venus,3,None,0,False,False,False,True,False,False,False
Q1455,Josh Chudleigh,1994-04-08,Australian rugby league player,Athlete,None,0,Moon-Mercury|Moon-Mars|Mercury-Mars,3,None,0,False,False,False,False,False,False,False
Q1456,Al-Muqtafi,1096-04-09,caliph of the Abbasid Caliphate,Other,Sun,1,None,0,None,0,True,False,False,False,False,False,False
Q1457,Countess Albertine Agnes of Nassau,1634-04-09,,Unknown,Sun|Venus,2,Sun-Venus|Moon-Mars,2,Mars-Sun,1,True,False,False,True,False,False,False
Q1458,Étienne Aignan,1773-04-09,French author and academic,Academic_Science,Venus,1,None,0,None,0,False,False,False,True,False,False,False
Q1459,Ezequiél Moreno y Díaz,1848-04-09,Spanish Augustinian Recollect priest and saint,Religion,Venus,1,Moon-Jupiter|Mercury-Venus|Mercury-Saturn|Venus-Saturn,4,Jupiter-Mercury,1,False,False,False,True,False,False,False
Q1460,Sol Hurok,1888-04-09,Ukrainian-American talent manager,Business,Venus,1,Moon-Mercury|Moon-Venus|Mercury-Venus,3,None,0,False,False,False,True,False,False,False
Q1461,Sharkey Bonano,1904-04-09,"American singer, trumpet player, and bandleader",Athlete,Venus,1,Mercury-Mars,1,None,0,False,False,False,True,False,False,False
Q1462,Johannes Bobrowski,1917-04-09,German songwriter and poet,Writer_Journalism,Venus,1,Sun-Venus|Venus-Mars,2,Jupiter-Mars,1,False,False,False,True,False,False,False
Q1463,Tiny Hill,1927-04-09,New Zealand rugby player,Athlete,None,0,Mercury-Jupiter,1,None,0,False,False,False,False,False,False,False
Q1464,"Simon Brown, Baron Brown of Eaton-under-Heywood",1937-04-09,"English lieutenant, lawyer, and judge",Law,None,0,Moon-Saturn|Mercury-Venus,2,Jupiter-Saturn,1,False,False,False,False,False,False,False
Q1465,Nate Colbert,1946-04-09,American baseball player,Athlete,None,0,Moon-Mars|Mars-Saturn,2,Jupiter-Mercury,1,False,False,False,False,False,False,False
Q1466,Seve Ballesteros,1957-04-09,Spanish golfer and architect,Athlete,Venus,1,Sun-Venus,1,None,0,False,False,False,True,False,False,False
Q1467,John Hammond,1966-04-09,English weather forecaster,Other,None,0,Sun-Mars|Mercury-Saturn,2,Jupiter-Mercury,1,False,False,False,False,False,False,False
Q1468,Kyle Peterson,1976-04-09,American baseball player and sportscaster,Athlete,Venus,1,Mercury-Jupiter,1,Mars-Mercury,1,False,False,False,True,False,False,False
Q1469,Antonio Nocerino,1985-04-09,Italian footballer,Athlete,Venus,1,Mercury-Venus,1,None,0,False,False,False,True,False,False,False
Q1470,Bladee,1994-04-09,Swedish rapper and singer,Actor_Media,None,0,Moon-Mercury|Moon-Mars|Mercury-Mars,3,None,0,False,False,False,False,False,False,False
Q1471,Theodosius II,0401-04-10,Roman emperor,Politics_Government,Sun|Venus,2,Mercury-Mars,1,Jupiter-Mercury,1,True,False,False,True,False,False,False
Q1472,René Lepage de Sainte-Claire,1656-04-10,"French-Canadian settler, founded Rimouski",Other,Sun,1,None,0,None,0,True,False,False,False,False,False,False
Q1473,Matthew C. Perry,1794-04-10,English-Scottish American commander,Other,None,0,Sun-Mercury|Sun-Venus,2,Mars-Venus,1,False,False,False,False,False,False,False
Q1474,George Arliss,1868-04-10,English actor and playwright,Actor_Media,None,0,Moon-Saturn|Mercury-Mars|Mercury-Jupiter|Mars-Jupiter,4,None,0,False,False,False,False,False,False,False
Q1475,Louis Rougier,1889-04-10,French philosopher from the Vienna Circle,Other,None,0,Moon-Saturn,1,None,0,False,False,False,False,False,False,False
Q1476,Steve Anderson,1906-04-10,American hurdler,Other,None,0,None,0,None,0,False,False,False,False,False,False,False
Q1477,Jagjit Singh Lyallpuri,1917-04-10,Indian politician,Politics_Government,Venus,1,Sun-Venus|Venus-Mars,2,Jupiter-Mars,1,False,False,False,True,False,False,False
Q1478,Mike Hawthorn,1929-04-10,English racing driver,Other,None,0,Sun-Mercury|Moon-Venus,2,None,0,False,False,False,False,False,False,False
Q1479,Don Meredith,1938-04-10,American football player and sportscaster,Athlete,None,0,Mercury-Venus,1,Jupiter-Saturn,1,False,False,False,False,False,False,False
Q1480,David A. Adler,1947-04-10,American author and educator,Writer_Journalism,None,0,Mercury-Mars,1,Jupiter-Mars,1,False,False,False,False,False,False,False
Q1481,Marit Breivik,1955-04-10,Norwegian handball player and coach,Athlete,Saturn,1,Moon-Saturn,1,Jupiter-Mercury|Saturn-Venus,2,False,False,False,False,False,False,True
Q1482,Warren DeMartini,1963-04-10,American guitarist and songwriter,Writer_Journalism,None,0,None,0,None,0,False,False,False,False,False,False,False
Q1483,Guillaume Canet,1973-04-10,French actor and director,Actor_Media,Venus|Mars,2,Sun-Venus|Mars-Jupiter,2,None,0,False,False,False,True,True,False,False
Q1484,Laura Bell Bundy,1981-04-10,American actress and singer,Actor_Media,Venus,1,Sun-Venus|Sun-Mars|Venus-Mars|Jupiter-Saturn,4,Jupiter-Mercury,1,False,False,False,True,False,False,False
Q1485,Charlie Culberson,1989-04-10,American baseball player,Athlete,Moon|Venus,2,Sun-Mercury|Sun-Venus|Moon-Mars|Mercury-Venus,4,Jupiter-Venus,1,False,True,False,True,False,False,False
Q1486,"William of Winchester, Lord of Lüneburg",1184-04-11,,Unknown,Sun,1,None,0,Jupiter-Mercury,1,True,False,False,False,False,False,False
Q1487,Marie Jeanne Baptiste of Savoy-Nemours,1644-04-11,Duchess of Savoy,Other,Sun,1,None,0,None,0,True,False,False,False,False,False,False
Q1488,Edward Everett,1794-04-11,"English-American educator and politician, 15th Governor of Massachusetts",Politics_Government,Sun,1,Sun-Venus,1,Mars-Venus,1,True,False,False,False,False,False,False
Q1489,Stefanos Thomopoulos,1859-04-11,Greek historian and author,Writer_Journalism,None,0,Moon-Saturn,1,None,0,False,False,False,False,False,False,False
Q1490,Edward Lawson,1873-04-11,"English soldier, Victoria Cross recipient",Other,Jupiter,1,None,0,None,0,False,False,False,False,False,True,False
Q1491,Misuzu Kaneko,1903-04-11,Japanese poet,Writer_Journalism,None,0,Sun-Mercury,1,None,0,False,False,False,False,False,False,False
Q1492,Norman McLaren,1914-04-11,"Scottish-Canadian animator, director, and producer",Actor_Media,None,0,None,0,None,0,False,False,False,False,False,False,False
Q1493,"George J. Maloof, Sr.",1923-04-11,American businessman,Business,None,0,Sun-Mercury,1,None,0,False,False,False,False,False,False,False
Q1494,Tony Brown,1933-04-11,American journalist and academic,Academic_Science,Venus,1,Sun-Venus,1,Jupiter-Sun,1,False,False,False,True,False,False,False
Q1495,Anatoly Berezovoy,1942-04-11,"Russian colonel, pilot, and astronaut",Other,None,0,Moon-Venus|Mars-Jupiter,2,Saturn-Venus,1,False,False,False,False,False,False,False
Q1496,Paul Fox,1951-04-11,English singer and guitarist,Actor_Media,Moon,1,Mercury-Mars,1,None,0,False,True,False,False,False,False,False
Q1497,Vincent Gallo,1961-04-11,"American actor, director, producer, and musician",Actor_Media,Venus,1,Sun-Venus|Jupiter-Saturn,2,None,0,False,False,False,True,False,False,False
Q1498,Balls Mahoney,1972-04-11,American wrestler,Athlete,None,0,Venus-Mars|Venus-Saturn|Mars-Saturn,3,None,0,False,False,False,False,False,False,False
Q1499,Ian Bell,1982-04-11,English cricketer,Athlete,None,0,Sun-Mercury,1,None,0,False,False,False,False,False,False,False
Q1500,Sinem Dybvad Demir,0033-04-11,Danish politician,Politics_Government,Sun|Venus,2,Mars-Jupiter,1,Moon-Saturn|Mars-Mercury,2,True,False,False,True,False,False,False
Q1501,Muhammad al-Jawad,0811-04-12,the ninth Imam of Shia Islam,Religion,Sun,1,Sun-Mercury,1,Jupiter-Saturn,1,True,False,False,False,False,False,False
Q1502,Christian IV of Denmark,1577-04-12,,Unknown,Sun,1,Venus-Mars,1,None,0,True,False,False,False,False,False,False
Q1503,Lyman Hall,1724-04-12,"American physician, clergyman, and politician, 16th Governor of Georgia",Politics_Government,Sun,1,None,0,Jupiter-Saturn,1,True,False,False,False,False,False,False
Q1504,Alexander Ostrovsky,1823-04-12,Russian playwright and translator,Other,Sun,1,Sun-Mars|Moon-Saturn|Venus-Saturn,3,None,0,True,False,False,False,False,False,False
Q1505,Henri Désiré Landru,1869-04-12,French serial killer,Other,Sun|Venus,2,Sun-Moon|Sun-Venus|Sun-Jupiter|Moon-Jupiter,4,Mars-Moon,1,True,False,False,True,False,False,False
Q1506,Henry Darger,1892-04-12,American writer and artist,Writer_Journalism,Sun,1,None,0,None,0,True,False,False,False,False,False,False
Q1507,Mahmoud Younis,1911-04-12,Egyptian engineer,Engineering_Tech,Mars,1,Mercury-Saturn,1,Mars-Saturn,1,False,False,False,False,True,False,False
Q1508,Ann Miller,1923-04-12,"American actress, singer, and dancer",Actor_Media,None,0,Sun-Mercury|Moon-Venus,2,None,0,False,False,False,False,False,False,False
Q1509,Leonid Derbenyov,1931-04-12,Russian poet and songwriter,Writer_Journalism,None,0,None,0,None,0,False,False,False,False,False,False,False
Q1510,Bobby Moore,1941-04-12,English footballer and manager,Athlete,Venus|Mars,2,Sun-Venus|Jupiter-Saturn,2,Mars-Saturn,1,False,False,False,True,True,False,False
Q1511,Joyce Banda,1950-04-12,"Malawian politician, 4th president of Malawi",Politics_Government,None,0,Moon-Venus|Moon-Jupiter|Venus-Jupiter,3,Mars-Mercury,1,False,False,False,False,False,False,False
Q1512,David Thirdkill,1960-04-12,American basketball player,Athlete,Venus,1,None,0,None,0,False,False,False,True,False,False,False
Q1513,Alicia Coppola,1968-04-12,American actress,Actor_Media,Venus,1,Sun-Saturn|Mercury-Venus|Mercury-Saturn,3,Jupiter-Sun,1,False,False,False,True,False,False,False
Q1514,Guy Berryman,1978-04-12,Scottish bassist,Other,Moon,1,Sun-Mercury,1,Jupiter-Mercury,1,False,True,False,False,False,False,False
Q1515,Ricky Álvarez,1988-04-12,Argentinian footballer,Athlete,Mars,1,None,0,None,0,False,False,False,False,True,False,False
Q1516,"Louis II, Duke of Bavaria",1229-04-13,,Unknown,Sun,1,Venus-Saturn,1,None,0,True,False,False,False,False,False,False
Q1517,Hendrik van Rheede,1636-04-13,Dutch botanist,Other,Sun,1,None,0,None,0,True,False,False,False,False,False,False
Q1518,Thomas Lawrence,1769-04-13,English painter and educator,Other,Sun,1,None,0,None,0,True,False,False,False,False,False,False
Q1519,William Alexander,1824-04-13,"Irish archbishop, poet, and theologian",Writer_Journalism,Sun|Venus,2,Sun-Mercury,1,Mars-Mercury,1,True,False,False,True,False,False,False
Q1520,Urania Marquard Olsen,1856-04-13,Danish-Norwegian actress and theatre director,Actor_Media,Sun|Venus,2,Venus-Jupiter,1,None,0,True,False,False,True,False,False,False
Q1521,Charles Christie,1880-04-13,"Canadian-American businessman, co-founded the Christie Film Company",Actor_Media,Sun|Moon|Venus,3,Sun-Saturn|Mercury-Venus|Mercury-Jupiter|Venus-Jupiter,4,None,0,True,True,False,True,False,False,False
Q1522,Fred Barnett,1896-04-13,English footballer,Athlete,Sun|Venus|Jupiter|Saturn,4,Sun-Moon|Sun-Mercury,2,None,0,True,False,False,True,False,True,True
Q1523,Harold Stassen,1907-04-13,"American lawyer and politician, 25th Governor of Minnesota",Politics_Government,None,0,Mercury-Saturn,1,Jupiter-Mercury,1,False,False,False,False,False,False,False
Q1524,Roberto Calvi,1920-04-13,Italian banker,Business,Sun|Venus|Jupiter,3,Mercury-Venus,1,None,0,True,False,False,True,False,True,False
Q1525,Orlando Letelier,1932-04-13,"Chilean-American economist and politician, Chilean Minister of National Defense",Politics_Government,Sun|Jupiter,2,Sun-Mercury,1,None,0,True,False,False,False,False,True,False
Q1526,Susan Davis,1944-04-13,Russian-American social worker and politician,Politics_Government,Sun|Venus|Jupiter,3,None,0,Mars-Mercury,1,True,False,False,True,False,True,False
Q1527,Steve Camp,1955-04-13,American singer-songwriter and guitarist,Actor_Media,Saturn,1,None,0,Jupiter-Mercury|Saturn-Venus,2,False,False,False,False,False,False,True
Q1528,Dana Barros,1967-04-13,American basketball player and coach,Athlete,Moon|Jupiter,2,Moon-Venus|Mercury-Saturn,2,None,0,False,True,False,False,False,True,False
Q1529,Baron Davis,1979-04-13,American basketball player,Athlete,Jupiter,1,Mercury-Mars,1,None,0,False,False,False,False,False,True,False
Q1530,Jordan Silk,1992-04-13,Australian cricketer,Athlete,Sun|Venus,2,Moon-Jupiter,1,None,0,True,False,False,True,False,False,False
Q1531,Averroes,1126-04-14,Andalusian Arab physician and philosopher,Academic_Science,Sun,1,Sun-Mercury,1,None,0,True,False,False,False,False,False,False
Q1532,Magnus Julius De la Gardie,1669-04-14,Swedish general and politician,Politics_Government,Sun|Venus,2,Mercury-Venus,1,Jupiter-Venus,1,True,False,False,True,False,False,False
Q1533,John Appold,1800-04-14,English engineer,Engineering_Tech,Sun|Venus|Mars,3,Sun-Mercury,1,None,0,True,False,False,True,True,False,False
Q1534,Alfred Hoare Powell,1865-04-14,"English architect, and designer and painter of pottery",Engineering_Tech,Sun|Saturn,2,None,0,Mars-Mercury,1,True,False,False,False,False,False,True
Q1535,Moritz Schlick,1882-04-14,German-Austrian physicist and philosopher,Academic_Science,Sun,1,Venus-Saturn,1,None,0,True,False,False,False,False,False,False
Q1536,John Gielgud,1904-04-14,"English actor, director, and producer",Actor_Media,Sun|Venus,2,Moon-Venus|Moon-Jupiter|Mercury-Mars,3,None,0,True,False,False,True,False,False,False
Q1537,Mary Healy,1918-04-14,American actress and singer,Actor_Media,Sun|Moon,2,Moon-Jupiter,1,Mars-Sun,1,True,True,False,False,False,False,False
Q1538,Barbara Anderson,1926-04-14,New Zealand author,Writer_Journalism,Sun|Mars,2,Mars-Jupiter,1,Mars-Saturn,1,True,False,False,False,True,False,False
Q1539,"Susan Cunliffe-Lister, Baroness Masham of Ilton",1935-04-14,"English table tennis player, swimmer, and politician",Athlete,Sun,1,None,0,None,0,True,False,False,False,False,False,False
Q1540,John Sergeant,1944-04-14,English journalist,Writer_Journalism,Sun|Venus|Jupiter,3,None,0,Mars-Mercury|Jupiter-Moon,2,True,False,False,True,False,True,False
Q1541,Katsuhiro Otomo,1954-04-14,"Japanese director, screenwriter, and illustrator",Actor_Media,Sun|Saturn,2,None,0,None,0,True,False,False,False,False,False,True
Q1542,Brian Adams,1964-04-14,American wrestler,Athlete,Sun,1,Sun-Jupiter,1,Jupiter-Mars,1,True,False,False,False,False,False,False
Q1543,Paul Devlin,1972-04-14,English-Scottish footballer and manager,Athlete,Sun,1,Venus-Mars|Venus-Saturn|Mars-Saturn,3,None,0,True,False,False,False,False,False,False
Q1544,Rebecca DiPietro,1979-04-14,American wrestler and model,Athlete,Sun|Jupiter,2,Mercury-Mars,1,None,0,True,False,False,False,False,True,False
Q1545,Eric Gryba,1988-04-14,Canadian ice hockey player,Athlete,Sun|Mars,2,Sun-Mercury,1,None,0,True,False,False,False,True,False,False
Q1546,"Frederick IV, Duke of Lorraine",1282-04-15,,Unknown,Sun|Venus,2,Mercury-Venus,1,Jupiter-Venus,1,True,False,False,True,False,False,False
Q1547,Suleiman II,1642-04-15,Ottoman sultan,Other,Sun|Mars,2,Sun-Mercury|Sun-Venus,2,Jupiter-Saturn,1,True,False,False,False,True,False,False
Q1548,Étienne Geoffroy Saint-Hilaire,1772-04-15,French biologist and zoologist,Other,Sun,1,None,0,None,0,True,False,False,False,False,False,False
Q1549,Wilhelm Busch,1832-04-15,"German poet, painter, and illustrator",Writer_Journalism,Sun|Venus,2,None,0,None,0,True,False,False,True,False,False,False
Q1550,Georg Kolbe,1877-04-15,German sculptor,Other,Sun|Venus|Mars,3,Sun-Venus,1,None,0,True,False,False,True,True,False,False
Q1551,Percy Shaw,1890-04-15,"English businessman, invented the cat's eye",Business,Sun,1,Sun-Mercury|Mercury-Venus,2,None,0,True,False,False,False,False,False,False
Q1552,John Williams,1903-04-15,English-American actor,Actor_Media,Sun,1,Sun-Mercury,1,Mars-Mercury,1,True,False,False,False,False,False,False
Q1553,Hans Conried,1917-04-15,American actor,Actor_Media,Sun|Venus,2,Sun-Venus|Mercury-Jupiter|Venus-Mars,3,Moon-Saturn|Jupiter-Mars,2,True,False,False,True,False,False,False
Q1554,Gérald Beaudoin,1929-04-15,Canadian lawyer and politician,Politics_Government,Sun,1,Sun-Mercury|Sun-Venus|Moon-Mars,3,None,0,True,False,False,False,False,False,False
Q1555,Jeffrey Archer,1940-04-15,"English author, playwright, and politician",Politics_Government,Sun,1,Sun-Jupiter|Sun-Saturn|Venus-Mars,3,None,0,True,False,False,False,False,False,False
Q1556,Josiane Balasko,1950-04-15,"French actress, director, and screenwriter",Actor_Media,Sun,1,None,0,Mars-Mercury,1,True,False,False,False,False,False,False
Q1557,Pierre Aubry,1960-04-15,Canadian ice hockey player,Athlete,Sun|Venus,2,None,0,None,0,True,False,False,True,False,False,False
Q1558,Jeromy Burnitz,1969-04-15,American baseball player,Athlete,Sun|Venus,2,Sun-Mercury|Sun-Saturn|Moon-Venus|Mercury-Saturn,4,None,0,True,False,False,True,False,False,False
Q1559,Luke Evans,1979-04-15,Welsh actor and singer,Actor_Media,Sun|Jupiter,2,Mercury-Venus,1,None,0,True,False,False,False,False,True,False
Q1560,Darren Nicholls,1989-04-15,Australian rugby league player,Athlete,Sun,1,Sun-Venus,1,Mars-Venus,1,True,False,False,False,False,False,False
Q1561,Jungjong of Joseon,1488-04-16,,Unknown,Sun,1,Sun-Mercury|Moon-Venus|Moon-Jupiter|Venus-Jupiter,4,Jupiter-Saturn,1,True,False,False,False,False,False,False
Q1562,John Hadley,1682-04-16,"English mathematician, invented the octant",Academic_Science,Sun,1,Sun-Venus|Sun-Mars|Venus-Mars,3,Jupiter-Mercury,1,True,False,False,False,False,False,False
Q1563,Juraj Dobrila,1812-04-16,Croatian bishop and national revivalist,Religion,Sun,1,Moon-Jupiter,1,None,0,True,False,False,False,False,False,False
Q1564,Kandukuri Veeresalingam,1848-04-16,Indian author and activist,Writer_Journalism,Sun|Venus,2,Mercury-Venus,1,Jupiter-Mercury,1,True,False,False,True,False,False,False
Q1565,Seth Bingham,1882-04-16,American organist and composer,Other,Sun,1,Moon-Mercury|Venus-Saturn,2,None,0,True,False,False,False,False,False,False
Q1566,Dora Richter,1892-04-16,German transgender woman and the first known person to undergo complete male-to-female gender-affirming surgery,Other,Sun,1,Sun-Mercury,1,None,0,True,False,False,False,False,False,False
Q1567,Joseph-Armand Bombardier,1907-04-16,"Canadian inventor and businessman, founded Bombardier Inc.",Business,Sun|Moon,2,Mercury-Saturn|Venus-Saturn,2,Jupiter-Mercury,1,True,True,False,False,False,False,False
Q1568,Ananda Dassanayake,1920-04-16,Sri Lankan politician,Politics_Government,Sun|Venus|Jupiter,3,Moon-Mercury|Mercury-Venus,2,Jupiter-Moon,1,True,False,False,True,False,True,False
Q1569,Roy Hamilton,1929-04-16,American singer,Actor_Media,Sun,1,Sun-Mercury|Sun-Venus|Mercury-Venus,3,Mars-Mercury,1,True,False,False,False,False,False,False
Q1570,Rich Rollins,1938-04-16,American baseball player,Athlete,Sun,1,None,0,Mars-Venus|Jupiter-Saturn,2,True,False,False,False,False,False,False
Q1571,Kareem Abdul-Jabbar,1947-04-16,American basketball player and coach,Athlete,Sun,1,Mercury-Mars,1,Moon-Saturn|Jupiter-Mars,2,True,False,False,False,False,False,False
Q1572,David M. Brown,1956-04-16,"American captain, pilot, and astronaut",Other,Sun|Mars|Jupiter,3,None,0,Mars-Saturn,1,True,False,False,False,True,True,False
Q1573,Yves-François Blanchet,1965-04-16,Canadian politician,Politics_Government,Sun,1,Sun-Venus,1,Mars-Sun,1,True,False,False,False,False,False,False
Q1574,Lukas Haas,1976-04-16,American actor and musician,Actor_Media,Sun|Venus,2,Mercury-Jupiter,1,Mars-Mercury,1,True,False,False,True,False,False,False
Q1575,Shinji Okazaki,1986-04-16,Japanese footballer,Athlete,Sun,1,None,0,None,0,True,False,False,False,False,False,False
Q1576,Michael IX Palaiologos,1277-04-17,Byzantine emperor,Politics_Government,Sun|Mars|Saturn,3,None,0,Saturn-Venus,1,True,False,False,False,True,False,True
Q1577,Johann David Heinichen,1683-04-17,German composer and theorist,Other,Sun|Jupiter,2,Jupiter-Saturn,1,Jupiter-Moon,1,True,False,False,False,False,True,False
Q1578,Étienne Bobillier,1798-04-17,French mathematician and academic,Academic_Science,Sun|Mars,2,Sun-Jupiter|Moon-Mercury|Mercury-Jupiter,3,None,0,True,False,False,False,True,False,False
Q1579,William R. Day,1849-04-17,"American jurist and politician, 36th United States Secretary of State",Politics_Government,Sun|Jupiter,2,None,0,None,0,True,False,False,False,False,True,False
Q1580,Emil Fuchs,1878-04-17,German-American lawyer and businessman,Law,Sun,1,None,0,Jupiter-Saturn,1,True,False,False,False,False,False,False
Q1581,Nisargadatta Maharaj,1897-04-17,Indian philosopher and educator,Other,Sun,1,Mercury-Venus,1,Mars-Mercury,1,True,False,False,False,False,False,False
Q1582,Marta Eggerth,1912-04-17,Hungarian-American actress and singer,Actor_Media,Sun|Venus,2,Sun-Moon|Sun-Mercury|Moon-Mercury,3,Mars-Mercury,1,True,False,False,True,False,False,False
Q1583,Lindsay Anderson,1923-04-17,"English actor, director, and screenwriter",Actor_Media,Sun,1,Moon-Mercury,1,None,0,True,False,False,False,False,False,False
Q1584,John Barrett,1931-04-17,English tennis player and sportscaster,Athlete,Sun,1,Sun-Moon,1,None,0,True,False,False,False,False,False,False
Q1585,Lagle Parek,1941-04-17,"Estonian architect and politician, Estonian Minister of the Interior",Politics_Government,Sun|Mars,2,Sun-Venus|Jupiter-Saturn,2,Mars-Saturn,1,True,False,False,False,True,False,False
Q1586,Riccardo Patrese,1954-04-17,Italian race car driver,Other,Sun|Saturn,2,None,0,None,0,True,False,False,False,False,False,True
Q1587,Ken Daneyko,1964-04-17,Canadian ice hockey player and sportscaster,Athlete,Sun,1,Sun-Jupiter,1,Jupiter-Mars,1,True,False,False,False,False,False,False
Q1588,Mikael Åkerfeldt,1974-04-17,"Swedish singer-songwriter, guitarist, and producer",Actor_Media,Sun,1,Venus-Jupiter|Mars-Saturn,2,None,0,True,False,False,False,False,False,False
Q1589,Brad Boyes,1982-04-17,Canadian ice hockey player,Athlete,Sun,1,Sun-Mercury,1,Mars-Mercury,1,True,False,False,False,False,False,False
Q1590,Lachlan Maranta,1992-04-17,Australian rugby league footballer,Athlete,Sun|Venus,2,None,0,None,0,True,False,False,True,False,False,False
Q1591,Gratian,0359-04-18,Roman emperor,Politics_Government,Sun,1,Sun-Mercury,1,None,0,True,False,False,False,False,False,False
Q1592,William Harrison,1534-04-18,English clergyman,Other,Sun,1,Sun-Mercury,1,Moon-Saturn|Mars-Mercury,2,True,False,False,False,False,False,False
Q1593,"Karl Philipp, Prince of Schwarzenberg",1771-04-18,,Unknown,Sun|Moon,2,Sun-Mercury,1,Mars-Mercury,1,True,True,False,False,False,False,False
Q1594,Clarence Darrow,1857-04-18,American lawyer,Law,Sun,1,Sun-Jupiter|Mercury-Mars,2,None,0,True,False,False,False,False,False,False
Q1595,Sam Crawford,1880-04-18,"American baseball player, coach, and umpire",Athlete,Sun|Venus,2,Mercury-Venus|Mercury-Jupiter|Venus-Jupiter,3,None,0,True,False,False,True,False,False,False
Q1596,Patrick Hennessy,1898-04-18,Irish soldier and businessman,Business,Sun,1,Moon-Mars|Mercury-Venus,2,Mars-Saturn,1,True,False,False,False,False,False,False
Q1597,Miklós Rózsa,1907-04-18,Hungarian-American composer and conductor,Other,Sun,1,Moon-Jupiter|Mercury-Saturn|Venus-Saturn,3,Jupiter-Mercury,1,True,False,False,False,False,False,False
Q1598,John F. Wiley,1920-04-18,American football player and coach,Athlete,Sun|Venus|Jupiter,3,Sun-Moon|Mercury-Venus,2,Jupiter-Moon,1,True,False,False,True,False,True,False
Q1599,Karl Josef Becker,1928-04-18,German cardinal and theologian,Religion,Sun|Venus,2,Moon-Venus|Mercury-Venus|Mercury-Jupiter,3,Mars-Saturn,1,True,False,False,True,False,False,False
Q1600,Keiko Abe,1937-04-18,Japanese marimba player and composer,Athlete,Sun,1,Sun-Venus,1,Jupiter-Saturn,1,True,False,False,False,False,False,False
Q1601,Hayley Mills,1946-04-18,English actress,Actor_Media,Sun,1,None,0,Jupiter-Mercury,1,True,False,False,False,False,False,False
Q1602,Gabi Delgado-López,1958-04-18,"Spanish-German singer, co-founder of D.A.F.",Actor_Media,Sun,1,Sun-Moon|Sun-Mercury|Moon-Mercury,3,None,0,True,False,False,False,False,False,False
Q1603,Keith DeCandido,1969-04-18,American author,Writer_Journalism,Sun|Venus,2,Sun-Saturn,1,None,0,True,False,False,True,False,False,False
Q1604,Matt Cooper,1979-04-18,Australian rugby league player,Athlete,Sun|Venus|Jupiter,3,Mercury-Venus,1,Jupiter-Moon,1,True,False,False,True,False,True,False
Q1605,Alia Shawkat,1989-04-18,American actress,Actor_Media,Sun,1,Sun-Venus,1,Mars-Venus,1,True,False,False,False,False,False,False
Q1606,Frederick IV,1452-04-19,King of Naples,Politics_Government,Sun|Mars,2,None,0,None,0,True,False,False,False,True,False,False
Q1607,"Johann Wilhelm, Elector Palatine",1658-04-19,German husband of Archduchess Maria Anna Josepha of Austria,Other,Sun,1,Sun-Venus,1,Jupiter-Mercury,1,True,False,False,False,False,False,False
Q1608,"Edward Pellew, 1st Viscount Exmouth",1757-04-19,English admiral and politician,Politics_Government,Sun|Venus,2,Mercury-Venus,1,Jupiter-Venus,1,True,False,False,True,False,False,False
Q1609,Louis Amédée Achard,1814-04-19,French journalist and author,Writer_Journalism,Sun,1,None,0,None,0,True,False,False,False,False,False,False
Q1610,Alice Salomon,1872-04-19,German social reformer,Other,Sun|Venus,2,Sun-Mars|Mercury-Mars,2,None,0,True,False,False,True,False,False,False
Q1611,Karl Tarvas,1885-04-19,Estonian architect,Engineering_Tech,Sun,1,Sun-Venus|Moon-Saturn,2,None,0,True,False,False,False,False,False,False
Q1612,Constance Talmadge,1898-04-19,American actress and producer,Actor_Media,Sun,1,Mercury-Venus,1,None,0,True,False,False,False,False,False,False
Q1613,Glenn T. Seaborg,1912-04-19,"American chemist and academic, Nobel Prize laureate",Academic_Science,Sun|Moon|Venus,3,Sun-Mercury|Moon-Saturn,2,None,0,True,True,False,True,False,False,False
Q1614,Hugh O'Brian,1925-04-19,American actor,Actor_Media,Sun|Saturn,2,Sun-Mercury|Sun-Venus|Mercury-Venus,3,Mars-Venus,1,True,False,False,False,False,False,True
Q1615,Dudley Moore,1935-04-19,"English actor, comedian, and pianist",Actor_Media,Sun,1,None,0,None,0,True,False,False,False,False,False,False
Q1616,Tim Curry,1946-04-19,English actor and singer,Actor_Media,Sun,1,None,0,Mars-Moon|Jupiter-Mercury,2,True,False,False,False,False,False,False
Q1617,Gustavo Petro,1960-04-19,"Colombian politician, 34th and current President of Colombia",Politics_Government,Sun|Venus,2,Mercury-Venus,1,None,0,True,False,False,True,False,False,False
Q1618,Madeleine Peyroux,1974-04-19,American French jazz and blues singer-songwriter,Actor_Media,Sun,1,Venus-Jupiter|Mars-Saturn,2,None,0,True,False,False,False,False,False,False
Q1619,"Samuel C. Morrison, Jr.",1982-04-19,"Liberian-American journalist, producer, and screenwriter",Actor_Media,Sun,1,None,0,Mars-Mercury,1,True,False,False,False,False,False,False
Q1620,Kelly Olynyk,1991-04-19,Canadian basketball player,Athlete,Sun|Jupiter,2,Sun-Mercury|Moon-Mars,2,None,0,True,False,False,False,False,True,False
Q1621,Johannes Agricola,1494-04-20,German theologian and reformer,Religion,Sun,1,None,0,None,0,True,False,False,False,False,False,False
Q1622,William Bedloe,1650-04-20,English spy,Other,Sun,1,Sun-Venus|Sun-Mars|Venus-Mars,3,None,0,True,False,False,False,False,False,False
Q1623,Bogoslav Šulek,1816-04-20,"Croatian philologist, historian, and lexicographer",Writer_Journalism,Sun|Venus,2,None,0,Jupiter-Venus,1,True,False,False,True,False,False,False
Q1624,Justinien de Clary,1860-04-20,French target shooter,Other,Sun,1,None,0,Jupiter-Mercury,1,True,False,False,False,False,False,False
Q1625,Albert Jean Amateau,1889-04-20,"Turkish rabbi, lawyer, and activist",Law,Sun,1,Sun-Mercury|Moon-Jupiter|Venus-Mars,3,None,0,True,False,False,False,False,False,False
Q1626,Miran Bakhsh,1907-04-20,Pakistani cricketer,Athlete,Sun,1,Venus-Saturn,1,Jupiter-Mercury,1,True,False,False,False,False,False,False
Q1627,Israel Epstein,1915-04-20,Chinese-Polish journalist and member of the Chinese Communist Party,Writer_Journalism,Sun,1,Moon-Saturn|Venus-Jupiter,2,None,0,True,False,False,False,False,False,False
Q1628,Nina Foch,1924-04-20,Dutch-American actress,Actor_Media,Sun|Mars|Saturn,3,None,0,None,0,True,False,False,False,True,False,True
Q1629,Pauli Ellefsen,1936-04-20,"Faroese technician, surveyor, and politician, 6th Prime Minister of the Faroe Islands",Politics_Government,Sun|Venus,2,Moon-Venus|Mercury-Mars,2,None,0,True,False,False,True,False,False,False
Q1630,Toivo Aare,1944-04-20,Estonian journalist and author,Writer_Journalism,Sun|Venus|Jupiter,3,None,0,Mars-Mercury|Jupiter-Moon,2,True,False,False,True,False,True,False
Q1631,Luther Vandross,1951-04-20,American singer-songwriter and producer,Actor_Media,Sun,1,Sun-Mercury|Sun-Mars|Mercury-Mars,3,None,0,True,False,False,False,False,False,False
Q1632,Perry Haddock,1959-04-20,Australian rugby league player,Athlete,Sun,1,None,0,None,0,True,False,False,False,False,False,False
Q1633,Lara Jill Miller,1967-04-20,American actress,Actor_Media,Sun|Jupiter,2,Mercury-Saturn,1,None,0,True,False,False,False,False,True,False
Q1634,Julie Powell,1973-04-20,American food writer and memoirist,Writer_Journalism,Sun|Mars,2,Sun-Venus|Mars-Jupiter,2,None,0,True,False,False,False,True,False,False
Q1635,Jorge Pinto,1987-04-20,Portuguese politician,Politics_Government,Sun|Venus,2,Mercury-Jupiter,1,None,0,True,False,False,True,False,False,False
Q1636,Sancho VI,1132-04-21,king of Navarre,Politics_Government,Sun,1,Sun-Venus|Mercury-Venus,2,None,0,True,False,False,False,False,False,False
Q1637,Simon de la Loubère,1642-04-21,"French mathematician, poet, and diplomat",Academic_Science,Sun,1,Sun-Mercury|Sun-Venus|Mercury-Venus,3,Jupiter-Saturn,1,True,False,False,False,False,False,False
Q1638,Pierre-Alexandre-Laurent Forfait,1752-04-21,"French engineer, hydrographer, and politician, French Minister of Marine and the Colonies",Politics_Government,Sun|Venus,2,None,0,Mars-Mercury|Jupiter-Venus,2,True,False,False,True,False,False,False
Q1639,"Angela Burdett-Coutts, 1st Baroness Burdett-Coutts",1814-04-21,English art collector and philanthropist,Other,Sun,1,None,0,None,0,True,False,False,False,False,False,False
Q1640,Vincent Scotto,1874-04-21,French composer and actor,Actor_Media,Sun,1,Venus-Mars,1,Mars-Venus|Jupiter-Mercury,2,True,False,False,False,False,False,False
Q1641,Odd Lindbäck-Larsen,1897-04-21,Norwegian Army general and war historian,Politics_Government,Sun,1,Mercury-Venus,1,Mars-Mercury,1,True,False,False,False,False,False,False
Q1642,Eve Arnold,1912-04-21,Russian-American photojournalist,Writer_Journalism,Sun|Venus,2,None,0,None,0,True,False,False,True,False,False,False
Q1643,Alistair MacLean,1922-04-21,Scottish novelist and screenwriter,Writer_Journalism,Sun,1,Sun-Mercury,1,None,0,True,False,False,False,False,False,False
Q1644,Morgan Wootten,1931-04-21,American high school basketball coach,Athlete,Sun|Moon|Venus,3,None,0,None,0,True,True,False,True,False,False,False
Q1645,Jacques Caron,1940-04-21,Canadian ice hockey player and coach,Athlete,Sun,1,Sun-Jupiter|Sun-Saturn|Venus-Mars,3,None,0,True,False,False,False,False,False,False
Q1646,Shivaji Satam,1950-04-21,Indian actor,Actor_Media,Sun|Moon,2,None,0,Mars-Sun,1,True,True,False,False,False,False,False
Q1647,Hervé Le Tellier,1957-04-21,French linguist and author,Writer_Journalism,Sun,1,Sun-Venus,1,Mars-Venus,1,True,False,False,False,False,False,False
Q1648,Glen Hansard,1970-04-21,Irish singer-songwriter,Actor_Media,Sun,1,Moon-Jupiter|Mercury-Venus,2,Mars-Venus,1,True,False,False,False,False,False,False
Q1649,Tony Romo,1980-04-21,American football player and announcer,Athlete,Sun,1,Mars-Jupiter,1,Mars-Sun,1,True,False,False,False,False,False,False
Q1650,Ana Grozdanović,1995-04-21,Serbian politician,Politics_Government,Sun|Venus,2,Sun-Mercury,1,None,0,True,False,False,True,False,False,False
Q1651,"Reinhard III, Count of Hanau",1412-04-22,,Unknown,Sun|Moon,2,Moon-Venus|Moon-Saturn|Venus-Saturn,3,Mars-Sun,1,True,True,False,False,False,False,False
Q1652,Giuseppe Torelli,1658-04-22,Italian violinist and composer,Other,Sun,1,Sun-Venus,1,Jupiter-Mercury,1,True,False,False,False,False,False,False
Q1653,Germaine de Staël,1766-04-22,French author and political philosopher,Writer_Journalism,Sun|Venus|Mars|Jupiter,4,None,0,None,0,True,False,False,True,True,True,False
Q1654,Henri La Fontaine,1854-04-22,"Belgian lawyer and author, Nobel Prize laureate",Writer_Journalism,Sun,1,None,0,Mars-Sun|Saturn-Venus,2,True,False,False,False,False,False,False
Q1655,Róbert Bárány,1876-04-22,"Austrian-Swedish otologist and physician, Nobel Prize laureate",Academic_Science,Sun,1,Sun-Mercury,1,None,0,True,False,False,False,False,False,False
Q1656,Vernon Johns,1892-04-22,African-American minister and activist,Politics_Government,Sun|Mars,2,Sun-Mercury,1,None,0,True,False,False,False,True,False,False
Q1657,Norman Steenrod,1910-04-22,American mathematician and academic,Academic_Science,Sun,1,Sun-Saturn|Moon-Jupiter,2,Mars-Mercury,1,True,False,False,False,False,False,False
Q1658,Donald J. Cram,1919-04-22,"American chemist and academic, Nobel Prize laureate",Academic_Science,Sun,1,Sun-Mars,1,Jupiter-Mercury,1,True,False,False,False,False,False,False
Q1659,Michael Atiyah,1929-04-22,English-Lebanese mathematician and academic,Academic_Science,Sun,1,Sun-Mercury|Sun-Venus,2,Mars-Mercury,1,True,False,False,False,False,False,False
Q1660,Alan Bond,1938-04-22,English-Australian businessman,Business,Sun,1,Sun-Mercury,1,Mars-Venus|Jupiter-Saturn,2,True,False,False,False,False,False,False
Q1661,Eddy Baldewijns,1945-04-22,Belgian politician,Politics_Government,Sun|Venus,2,Mercury-Venus,1,None,0,True,False,False,True,False,False,False
Q1662,Tom Lysiak,1953-04-22,Canadian ice hockey player,Athlete,Sun|Venus|Saturn,3,Mars-Jupiter,1,Jupiter-Venus,1,True,False,False,True,False,False,True
Q1663,Mickey Morandini,1966-04-22,American baseball player and manager,Athlete,Sun,1,Sun-Mars,1,Jupiter-Mercury,1,True,False,False,False,False,False,False
Q1664,Paul Malakwen Kosgei,1978-04-22,Kenyan runner and coach,Athlete,Sun,1,None,0,Jupiter-Mercury,1,True,False,False,False,False,False,False
Q1665,Dee Strange-Gordon,1988-04-22,American baseball player,Athlete,Sun|Mars,2,Sun-Mercury|Sun-Jupiter|Mercury-Jupiter,3,None,0,True,False,False,False,True,False,False
Q1666,Malcolm IV of Scotland,1141-04-23,,Unknown,Sun|Venus,2,Venus-Saturn,1,None,0,True,False,False,True,False,False,False
Q1667,Georg Fabricius,1516-04-23,"German poet, historian, and archaeologist",Writer_Journalism,Sun,1,Mercury-Venus,1,None,0,True,False,False,False,False,False,False
Q1668,Félix Vicq-d'Azyr,1748-04-23,French physician and anatomist,Academic_Science,Sun|Saturn,2,None,0,None,0,True,False,False,False,False,False,True
Q1669,Winthrop M. Crane,1853-04-23,"American businessman and politician, 40th Governor of Massachusetts",Politics_Government,Sun,1,Sun-Venus|Mercury-Mars,2,None,0,True,False,False,False,False,False,False
Q1670,Arthur Moeller van den Bruck,1876-04-23,German historian and author,Writer_Journalism,Sun,1,Sun-Mercury,1,None,0,True,False,False,False,False,False,False
Q1671,Bertil Ohlin,1899-04-23,"Swedish economist and politician, Nobel Prize laureate",Politics_Government,Sun|Venus,2,None,0,Jupiter-Venus,1,True,False,False,True,False,False,False
Q1672,Sheila Scott Macintyre,1910-04-23,Scottish mathematician,Academic_Science,Sun,1,Sun-Saturn,1,Mars-Mercury,1,True,False,False,False,False,False,False
Q1673,Judy Agnew,1921-04-23,Second Lady of the United States,Other,Sun,1,Sun-Venus,1,None,0,True,False,False,False,False,False,False
Q1674,George Canseco,1934-04-23,Filipino composer and producer,Actor_Media,Sun,1,Sun-Mars,1,Jupiter-Mercury,1,True,False,False,False,False,False,False
Q1675,Blair Brown,1946-04-23,American actress,Actor_Media,Sun,1,None,0,Jupiter-Mercury,1,True,False,False,False,False,False,False
Q1676,Stephen Dalton,1954-04-23,English air marshal,Other,Sun|Saturn,2,Moon-Mars,1,Jupiter-Mercury,1,True,False,False,False,False,False,True
Q1677,Gianandrea Noseda,1964-04-23,Italian pianist and conductor,Other,Sun,1,Sun-Mercury|Sun-Jupiter|Mercury-Jupiter,3,Jupiter-Mars,1,True,False,False,False,False,False,False
Q1678,Pierre Labrie,1972-04-23,Canadian poet and playwright,Writer_Journalism,Sun,1,Venus-Mars,1,None,0,True,False,False,False,False,False,False
Q1679,Kyle Beckerman,1982-04-23,American footballer,Athlete,Sun,1,Sun-Moon,1,Mars-Mercury,1,True,False,False,False,False,False,False
Q1680,Rui Fonte,1990-04-23,Portuguese footballer,Athlete,Sun,1,None,0,None,0,True,False,False,False,False,False,False
Q1681,Ramiro II of Aragon,1086-04-24,,Unknown,Sun|Moon,2,Sun-Mercury|Sun-Saturn|Moon-Venus|Moon-Mars|Mercury-Saturn|Venus-Mars,6,None,0,True,True,False,False,False,False,False
Q1682,Vincent de Paul,1581-04-24,French priest and saint,Religion,Sun|Venus,2,None,0,None,0,True,False,False,True,False,False,False
Q1683,Sebastián Lerdo de Tejada,1823-04-24,"Mexican politician, President of Mexico",Politics_Government,Sun,1,Sun-Mercury|Sun-Mars|Mercury-Mars|Venus-Jupiter,4,None,0,True,False,False,False,False,False,False
Q1684,Erich Raeder,1876-04-24,German admiral,Other,Sun,1,Sun-Moon|Sun-Mercury|Moon-Mercury,3,None,0,True,False,False,False,False,False,False
Q1685,Stafford Cripps,1889-04-24,"English academic and politician, Chancellor of the Exchequer",Politics_Government,Sun,1,Sun-Mercury|Venus-Mars,2,Moon-Saturn,1,True,False,False,False,False,False,False
Q1686,Gabriel Figueroa,1907-04-24,Mexican cinematographer,Other,Sun|Venus,2,Venus-Saturn,1,Jupiter-Mercury,1,True,False,False,True,False,False,False
Q1687,Gino Valenzano,1920-04-24,Italian race car driver,Other,Sun|Venus|Jupiter,3,Mercury-Venus,1,None,0,True,False,False,True,False,True,False
Q1688,Dr. Rajkumar,1929-04-24,Indian actor and singer,Actor_Media,Sun,1,Sun-Mercury|Sun-Venus|Mercury-Jupiter,3,Mars-Mercury,1,True,False,False,False,False,False,False
Q1689,Richard Holbrooke,1941-04-24,"American journalist, banker, and diplomat, 22nd United States Ambassador to the United Nations",Writer_Journalism,Sun|Mars,2,Sun-Venus|Jupiter-Saturn,2,Mars-Saturn,1,True,False,False,False,True,False,False
Q1690,Eddie Hart,1949-04-24,American sprinter,Other,Sun,1,Sun-Venus,1,None,0,True,False,False,False,False,False,False
Q1691,"Nazir Ahmed, Baron Ahmed",1957-04-24,Pakistani-English businessman and politician,Politics_Government,Sun,1,Sun-Venus,1,Mars-Mercury,1,True,False,False,False,False,False,False
Q1692,Jeff Jackson,1965-04-24,Canadian ice hockey player and manager,Athlete,Sun,1,Sun-Venus,1,Mars-Sun,1,True,False,False,False,False,False,False
Q1693,Gabby Logan,1973-04-24,"English gymnast, television and radio host",Actor_Media,Sun|Mars,2,Sun-Venus,1,None,0,True,False,False,False,True,False,False
Q1694,Taylor Dent,1981-04-24,American tennis player,Athlete,Sun,1,Sun-Mercury|Sun-Venus|Sun-Mars|Mercury-Mars|Jupiter-Saturn,5,None,0,True,False,False,False,False,False,False
Q1695,Sigrid Agren,1991-04-24,French-Swedish model,Other,Sun|Jupiter,2,None,0,None,0,True,False,False,False,False,True,False
Q1696,Louis IX of France,1214-04-25,,Unknown,Sun,1,Sun-Mercury|Venus-Mars,2,None,0,True,False,False,False,False,False,False
Q1697,Johann Heinrich Buttstett,1666-04-25,German organist and composer,Other,Sun,1,Sun-Venus,1,Mars-Sun,1,True,False,False,False,False,False,False
Q1698,Princess Alice of the United Kingdom,1843-04-25,,Unknown,Sun|Venus,2,Sun-Mercury|Moon-Venus,2,None,0,True,False,False,True,False,False,False
Q1699,C. B. Fry,1872-04-25,"English cricketer, footballer, educator, and politician",Athlete,Sun|Venus|Jupiter,3,Sun-Mercury|Sun-Mars|Mercury-Mars,3,None,0,True,False,False,True,False,True,False
Q1700,Fred Haney,1896-04-25,"American baseball player, coach, and manager",Athlete,Sun|Venus|Jupiter|Saturn,4,None,0,None,0,True,False,False,True,False,True,True
Q1701,William Pereira,1909-04-25,"American architect, designed the Transamerica Pyramid",Engineering_Tech,Sun|Mars,2,Sun-Mercury|Sun-Venus|Mercury-Venus,3,None,0,True,False,False,False,True,False,False
Q1702,Ella Fitzgerald,1917-04-25,American singer,Actor_Media,Sun,1,Sun-Venus,1,None,0,True,False,False,False,False,False,False
Q1703,Corín Tellado,1927-04-25,Spanish author,Writer_Journalism,Sun,1,None,0,None,0,True,False,False,False,False,False,False
Q1704,Henck Arron,1936-04-25,"Surinamese banker and politician, 1st Prime Minister of the Republic of Suriname",Politics_Government,Sun|Venus,2,Mercury-Mars,1,None,0,True,False,False,True,False,False,False
Q1705,Stu Cook,1945-04-25,"American bass player Creedence Clearwater Revival, songwriter, and producer",Athlete,Sun|Venus,2,Mercury-Venus,1,None,0,True,False,False,True,False,False,False
Q1706,Ron Clements,1953-04-25,"American animator, producer, and screenwriter",Actor_Media,Sun|Venus,2,Mercury-Venus|Mars-Jupiter,2,Jupiter-Venus,1,True,False,False,True,False,False,False
Q1707,Dinesh D'Souza,1961-04-25,Indian-American journalist and author,Writer_Journalism,Sun|Venus,2,Sun-Mercury|Jupiter-Saturn,2,None,0,True,False,False,True,False,False,False
Q1708,Joe Buck,1969-04-25,American sportscaster,Other,Sun|Venus,2,Sun-Saturn,1,None,0,True,False,False,True,False,False,False
Q1709,Daniel MacPherson,1980-04-25,Australian actor and television host,Actor_Media,Sun,1,Mars-Jupiter,1,Mars-Sun,1,True,False,False,False,False,False,False
Q1710,Marie-Michèle Gagnon,1989-04-25,Canadian skier,Other,Sun,1,Sun-Venus,1,None,0,True,False,False,False,False,False,False
Q1711,Al-Hadi,0764-04-26,Abbasid caliph,Other,Sun,1,Sun-Mercury|Mercury-Saturn|Venus-Mars,3,None,0,True,False,False,False,False,False,False
Q1712,Peter II of Portugal,1648-04-26,,Unknown,Sun|Moon|Venus,3,Sun-Mercury,1,None,0,True,True,False,True,False,False,False
Q1713,Ludwig Uhland,1787-04-26,"German poet, philologist, and historian",Writer_Journalism,Sun|Venus,2,Venus-Mars,1,Jupiter-Venus,1,True,False,False,True,False,False,False
Q1714,Edmund C. Tarbell,1862-04-26,American painter and educator,Other,Sun|Mars,2,Jupiter-Saturn,1,None,0,True,False,False,False,True,False,False
Q1715,Anita Loos,1889-04-26,"American author, playwright, and screenwriter",Writer_Journalism,Sun,1,Sun-Mercury|Sun-Venus|Mercury-Venus|Venus-Mars,4,None,0,True,False,False,False,False,False,False
Q1716,Paul-Émile Léger,1904-04-26,Canadian cardinal,Other,Sun|Venus,2,Venus-Jupiter,1,None,0,True,False,False,True,False,False,False
Q1717,A. E. van Vogt,1912-04-26,Canadian-American author,Writer_Journalism,Sun|Venus,2,Mercury-Venus,1,None,0,True,False,False,True,False,False,False
Q1718,Browning Ross,1924-04-26,American runner and soldier,Athlete,Sun|Mars|Saturn,3,None,0,None,0,True,False,False,False,True,False,True
Q1719,Israr Ahmed,1932-04-26,"Indian-Pakistani theologian, philosopher, and scholar",Academic_Science,Sun|Jupiter,2,Mercury-Mars,1,Jupiter-Moon,1,True,False,False,False,False,True,False
Q1720,Gary Wright,1943-04-26,"American singer-songwriter, keyboard player, and producer",Athlete,Sun,1,Venus-Saturn,1,None,0,True,False,False,False,False,False,False
Q1721,Tatyana Fomina,1954-04-26,Estonian chess player,Athlete,Sun|Saturn,2,None,0,Jupiter-Mercury,1,True,False,False,False,False,False,True
Q1722,Joan Chen,1961-04-26,"Chinese-American actress, director, producer, and screenwriter",Actor_Media,Sun|Venus,2,Sun-Mercury|Jupiter-Saturn,2,None,0,True,False,False,True,False,False,False
Q1723,Jason Bargwanna,1972-04-26,Australian racing driver,Other,Sun,1,Venus-Mars,1,None,0,True,False,False,False,False,False,False
Q1724,Caro Emerald,1981-04-26,Dutch pop and jazz singer,Actor_Media,Sun,1,Sun-Mercury|Sun-Venus|Sun-Mars|Mercury-Venus|Mercury-Mars|Jupiter-Saturn,6,None,0,True,False,False,False,False,False,False
Q1725,Jonathan dos Santos,1990-04-26,Mexican footballer,Athlete,Sun|Moon,2,Moon-Mercury,1,None,0,True,True,False,False,False,False,False
Q1726,Frederick Jagiellon,1468-04-27,Primate of Poland,Other,Sun,1,Sun-Mercury|Mars-Jupiter,2,Mars-Mercury,1,True,False,False,False,False,False,False
Q1727,Thomas Lewis,1718-04-27,Irish-born American surveyor and lawyer,Law,Sun|Venus|Jupiter|Saturn,4,Sun-Mercury,1,Jupiter-Moon,1,True,False,False,True,False,True,True
Q1728,Ulysses S. Grant,1822-04-27,"American general and politician, 18th President of the United States",Politics_Government,Sun|Venus,2,Sun-Jupiter|Sun-Saturn,2,Mars-Sun,1,True,False,False,True,False,False,False
Q1729,Frederick Fane,1875-04-27,"Irish-born, English cricketer",Athlete,Sun|Venus,2,None,0,Jupiter-Venus,1,True,False,False,True,False,False,False
Q1730,Rogers Hornsby,1896-04-27,"American baseball player, coach, and manager",Athlete,Sun|Venus|Jupiter|Saturn,4,None,0,None,0,True,False,False,True,False,True,True
Q1731,Lim Bo Seng,1909-04-27,"Chinese businessman, resistance fighter of Force 136 and war hero of Singapore",Business,Sun|Mars,2,Sun-Mercury|Sun-Venus|Mercury-Venus,3,None,0,True,False,False,False,True,False,False
Q1732,Sten Rudholm,1918-04-27,Swedish lawyer and jurist,Law,Sun,1,Sun-Mercury,1,Mars-Sun,1,True,False,False,False,False,False,False
Q1733,Coretta Scott King,1927-04-27,African-American activist and author,Writer_Journalism,Sun,1,None,0,None,0,True,False,False,False,False,False,False
Q1734,Earl Anthony,1938-04-27,American bowler and sportscaster,Other,Sun,1,Venus-Mars,1,Jupiter-Saturn,1,True,False,False,False,False,False,False
Q1735,G. K. Butterfield,1947-04-27,"African-American soldier, lawyer, and politician",Politics_Government,Sun|Venus,2,Moon-Saturn|Mercury-Mars,2,Jupiter-Mars,1,True,False,False,True,False,False,False
Q1736,Bryan Harvey,1956-04-27,American singer-songwriter and guitarist,Actor_Media,Sun|Mars|Jupiter,3,Moon-Saturn,1,Mars-Saturn,1,True,False,False,False,True,True,False
Q1737,Anna Chancellor,1965-04-27,English actress,Actor_Media,Sun,1,Sun-Venus|Moon-Saturn,2,Mars-Sun,1,True,False,False,False,False,False,False
Q1738,Frank Catalanotto,1974-04-27,American baseball player,Athlete,Sun,1,Mars-Saturn,1,Mars-Mercury,1,True,False,False,False,False,False,False
Q1739,Jenna Coleman,1986-04-27,English actress,Actor_Media,Sun,1,None,0,None,0,True,False,False,False,False,False,False
Q1740,Nick Kyrgios,1995-04-27,Australian tennis player,Athlete,Sun|Venus,2,Moon-Venus,1,None,0,True,False,False,True,False,False,False
Q1741,Nezahualcoyotl,1402-04-28,"Acolhuan philosopher, warrior, poet and ruler",Writer_Journalism,Sun,1,Sun-Mercury,1,Mars-Venus,1,True,False,False,False,False,False,False
Q1742,Frederick I,1676-04-28,prince consort and king of Sweden,Politics_Government,Sun,1,Sun-Saturn,1,None,0,True,False,False,False,False,False,False
Q1743,Tobias Asser,1838-04-28,"Dutch lawyer and scholar, Nobel Prize laureate",Academic_Science,Sun|Venus,2,None,0,None,0,True,False,False,True,False,False,False
Q1744,Karl Kraus,1874-04-28,Austrian journalist and author,Writer_Journalism,Sun,1,Venus-Mars,1,Jupiter-Mercury,1,True,False,False,False,False,False,False
Q1745,Ye Jianying,1897-04-28,"Chinese general and politician, Head of State of the People's Republic of China",Politics_Government,Sun,1,Sun-Venus,1,None,0,True,False,False,False,False,False,False
Q1746,"Sam Merwin, Jr.",1910-04-28,American author,Writer_Journalism,Sun,1,None,0,None,0,True,False,False,False,False,False,False
Q1747,Rowland Evans,1921-04-28,"American soldier, journalist, and author",Writer_Journalism,Sun,1,Mercury-Venus,1,Mars-Venus,1,True,False,False,False,False,False,False
Q1748,James Baker,1930-04-28,"American lawyer and politician, 61st United States Secretary of State",Politics_Government,Sun,1,Sun-Moon|Mercury-Venus,2,None,0,True,False,False,False,False,False,False
Q1749,Ann-Margret,1941-04-28,"Swedish-American actress, singer, and dancer",Actor_Media,Sun|Moon|Mars,3,Sun-Venus|Moon-Jupiter|Venus-Saturn|Jupiter-Saturn,4,Mars-Saturn,1,True,True,False,False,True,False,False
Q1750,Jeremy Cooke,1949-04-28,English lawyer and judge,Law,Sun,1,Sun-Moon|Sun-Venus|Moon-Venus,3,None,0,True,False,False,False,False,False,False
Q1751,Jimmy Barnes,1956-04-28,Scottish-Australian singer-songwriter and guitarist,Actor_Media,Sun|Mars|Jupiter,3,None,0,Mars-Saturn,1,True,False,False,False,True,True,False
Q1752,Petra Bayr,1968-04-28,Austrian politician,Politics_Government,Sun,1,Sun-Mercury|Moon-Mercury|Moon-Mars|Venus-Saturn,4,None,0,True,False,False,False,False,False,False
Q1753,Michael Walchhofer,1975-04-28,Austrian skier,Other,Sun,1,None,0,None,0,True,False,False,False,False,False,False
Q1754,Josh Brookes,1983-04-28,Australian motorcycle racer,Other,Sun|Saturn,2,None,0,None,0,True,False,False,False,False,False,True
Q1755,Blake Bortles,1992-04-28,American football player,Athlete,Sun,1,Moon-Mars,1,None,0,True,False,False,False,False,False,False
Q1756,"William II, Landgrave of Hesse",1469-04-29,,Unknown,Sun|Venus|Jupiter,3,Sun-Saturn,1,Mars-Saturn,1,True,False,False,True,False,True,False
Q1757,Georg Carl von Döbeln,1758-04-29,Swedish general,Politics_Government,Sun|Venus,2,None,0,None,0,True,False,False,True,False,False,False
Q1758,Carl Millöcker,1842-04-29,Austrian composer and conductor,Other,Sun,1,Venus-Mars,1,Jupiter-Saturn,1,True,False,False,False,False,False,False
Q1759,Thomas Beecham,1879-04-29,English conductor,Other,Sun,1,Mars-Jupiter,1,Jupiter-Saturn,1,True,False,False,False,False,False,False
Q1760,Marietta Blau,1894-04-29,Austrian physicist and academic,Academic_Science,Sun|Venus,2,Moon-Mars,1,Jupiter-Venus,1,True,False,False,True,False,False,False
Q1761,Jack Williamson,1908-04-29,American author and academic,Academic_Science,Sun|Jupiter,2,Moon-Mercury,1,None,0,True,False,False,False,False,True,False
Q1762,Parren Mitchell,1922-04-29,American politician,Politics_Government,Sun|Moon,2,Sun-Mercury|Moon-Venus,2,None,0,True,True,False,False,False,False,False
Q1763,Walter Kempowski,1929-04-29,German author and academic,Academic_Science,Sun,1,Mercury-Jupiter,1,Mars-Mercury,1,True,False,False,False,False,False,False
Q1764,Jill Paton Walsh,1937-04-29,English author,Writer_Journalism,Sun|Venus,2,None,0,Jupiter-Saturn,1,True,False,False,True,False,False,False
Q1765,Francis Lee,1944-04-29,English footballer and businessman,Athlete,Sun|Jupiter,2,Sun-Mercury,1,Mars-Mercury,1,True,False,False,False,False,True,False
Q1766,Bill Drummond,1953-04-29,British musician,Actor_Media,Sun|Venus,2,Mercury-Venus|Mars-Jupiter,2,Jupiter-Venus,1,True,False,False,True,False,False,False
Q1767,Mike Babcock,1963-04-29,Canadian ice hockey player and coach,Athlete,Sun|Venus,2,Venus-Jupiter,1,None,0,True,False,False,True,False,False,False
Q1768,Micol Ostow,1976-04-29,"American author, editor and educator",Writer_Journalism,Sun,1,Sun-Moon|Sun-Jupiter|Moon-Jupiter|Mars-Saturn,4,None,0,True,False,False,False,False,False,False
Q1769,Kirby Cote,1984-04-29,Canadian swimmer,Athlete,Sun|Saturn,2,Moon-Mercury|Moon-Venus|Mercury-Venus,3,None,0,True,False,False,False,False,False,True
Q1770,Christina Shakovets,1994-04-29,German tennis player,Athlete,Sun,1,Sun-Mercury,1,None,0,True,False,False,False,False,False,False
Q1771,Casimir III of Poland,1310-04-30,,Unknown,Sun,1,Sun-Mercury|Venus-Mars,2,Mercury-Venus|Jupiter-Saturn,2,True,False,False,False,False,False,False
Q1772,Jean-Baptiste de La Salle,1651-04-30,French priest and saint,Religion,Sun|Venus,2,None,0,Mars-Mercury,1,True,False,False,True,False,False,False
Q1773,Joseph Dart,1799-04-30,American businessman and entrepreneur,Business,Sun,1,Venus-Jupiter,1,Mars-Mercury,1,True,False,False,False,False,False,False
Q1774,Hans Poelzig,1869-04-30,"German architect, designed the IG Farben Building and Großes Schauspielhaus",Engineering_Tech,Sun,1,Sun-Mercury|Sun-Venus|Mercury-Venus|Venus-Jupiter,4,None,0,True,False,False,False,False,False,False
Q1775,Jaroslav Hašek,1883-04-30,Czech soldier and author,Writer_Journalism,Sun|Venus,2,Mercury-Saturn|Venus-Mars,2,None,0,True,False,False,True,False,False,False
Q1776,Simon Kuznets,1901-04-30,"Belarusian-American economist, statistician, and academic, Nobel Prize laureate",Academic_Science,Sun,1,Sun-Venus|Jupiter-Saturn,2,Mars-Sun,1,True,False,False,False,False,False,False
Q1777,Paul Kuusberg,1916-04-30,Estonian journalist and author,Writer_Journalism,Sun,1,Moon-Jupiter,1,Mercury-Venus,1,True,False,False,False,False,False,False
Q1778,Shrinivas Khale,1926-04-30,Indian composer,Other,Sun|Venus,2,Mars-Jupiter,1,Mars-Saturn,1,True,False,False,True,False,False,False
Q1779,Stavros Dimas,1941-04-30,"Greek lawyer and politician, Greek Minister of Foreign Affairs",Politics_Government,Sun|Moon|Mars,3,Sun-Mercury|Sun-Venus|Sun-Saturn|Venus-Saturn|Jupiter-Saturn,5,Mars-Saturn,1,True,True,False,False,True,False,False
Q1780,Phil Garner,1949-04-30,American baseball player and manager,Athlete,Sun|Moon,2,Sun-Venus|Moon-Mercury,2,None,0,True,True,False,False,False,False,False
Q1781,Stephen Harper,1959-04-30,"Canadian economist and politician, 22nd Prime Minister of Canada",Politics_Government,Sun,1,None,0,None,0,True,False,False,False,False,False,False
Q1782,Phil Chang,1967-04-30,Taiwanese singer-songwriter and actor,Actor_Media,Sun|Jupiter,2,None,0,Mars-Mercury,1,True,False,False,False,False,True,False
Q1783,Liljay,1978-04-30,Taiwanese singer,Actor_Media,Sun,1,None,0,Jupiter-Mercury,1,True,False,False,False,False,False,False
Q1784,Dianna Agron,1986-04-30,American actress and singer,Actor_Media,Sun,1,None,0,None,0,True,False,False,False,False,False,False
Q1785,Chae Seo-jin,1994-04-30,South Korean actress,Actor_Media,Sun,1,Sun-Mercury,1,None,0,True,False,False,False,False,False,False
Q1786,"John I, Count of Hainaut",1218-05-01,Flemish nobleman,Other,Sun|Venus|Saturn,3,Moon-Venus,1,Jupiter-Venus,1,True,False,False,True,False,False,True
Q1787,John Haynes,1594-05-01,"English-American politician, 1st Governor of the Colony of Connecticut",Politics_Government,Sun,1,Sun-Venus,1,None,0,True,False,False,False,False,False,False
Q1788,Phoebe Hinsdale Brown,1783-05-01,American hymnwriter,Writer_Journalism,Sun|Mars,2,Sun-Moon|Sun-Mercury|Moon-Mercury,3,Jupiter-Saturn,1,True,False,False,False,True,False,False
Q1789,Emily Stowe,1831-05-01,Canadian physician and activist,Academic_Science,Sun,1,None,0,None,0,True,False,False,False,False,False,False
Q1790,Theo van Gogh,1857-05-01,Dutch art dealer,Other,Sun,1,Mercury-Venus|Venus-Mars,2,None,0,True,False,False,False,False,False,False
Q1791,"Francis Curzon, 5th Earl Howe",1884-05-01,English race car driver and politician,Politics_Government,Sun|Jupiter,2,Moon-Jupiter,1,Mercury-Venus,1,True,False,False,False,False,True,False
Q1792,Ignazio Silone,1900-05-01,Italian journalist and politician,Politics_Government,Sun|Moon,2,Mercury-Mars,1,Jupiter-Mars,1,True,True,False,False,False,False,False
Q1793,Hanns Martin Schleyer,1915-05-01,German business executive,Business,Sun|Venus,2,Sun-Mercury|Venus-Mars,2,None,0,True,False,False,True,False,False,False
Q1794,Chuck Bednarik,1925-05-01,American lieutenant and football player,Athlete,Sun|Saturn,2,Sun-Venus,1,None,0,True,False,False,False,False,False,True
Q1795,Una Stubbs,1937-05-01,English actress and dancer,Actor_Media,Sun|Venus,2,None,0,Jupiter-Saturn,1,True,False,False,True,False,False,False
Q1796,Richard Blundell,1952-05-01,English economist and academic,Academic_Science,Sun,1,Venus-Jupiter,1,Mars-Venus,1,True,False,False,False,False,False,False
Q1797,Tim McGraw,1967-05-01,American singer-songwriter and actor,Actor_Media,Sun|Jupiter,2,None,0,Mars-Mercury,1,True,False,False,False,False,True,False
Q1798,James Murray,1976-05-01,American comedian,Actor_Media,Sun|Moon,2,Sun-Jupiter|Moon-Mercury|Mars-Saturn,3,None,0,True,True,False,False,False,False,False
Q1799,Christian Benítez,1986-05-01,Ecuadorian footballer,Athlete,Sun,1,None,0,None,0,True,False,False,False,False,False,False
Q1800,William Nylander,1996-05-01,Canadian-Swedish ice hockey player,Athlete,Sun,1,None,0,None,0,True,False,False,False,False,False,False
Q1801,Yongle Emperor,1360-05-02,of China,Other,Sun|Venus,2,Moon-Saturn|Venus-Mars,2,Jupiter-Venus,1,True,False,False,True,False,False,False
Q1802,Tokugawa Hidetada,1579-05-02,Japanese shōgun,Other,Sun|Venus,2,Sun-Mercury|Moon-Venus,2,Mars-Mercury|Jupiter-Venus,2,True,False,False,True,False,False,False
Q1803,Elias Boudinot,1740-05-02,"American lawyer and politician, 10th President of the Continental Congress",Politics_Government,Sun,1,Sun-Mercury,1,None,0,True,False,False,False,False,False,False
Q1804,Hans Christian Lumbye,1810-05-02,Danish composer and conductor,Other,Sun,1,Sun-Mercury|Sun-Jupiter|Mercury-Venus|Mercury-Mars|Venus-Mars,5,None,0,True,False,False,False,False,False,False
Q1805,John Scott Haldane,1860-05-02,"Scottish physiologist, physician, and academic",Academic_Science,Sun,1,None,0,Jupiter-Mercury,1,True,False,False,False,False,False,False
Q1806,Isabel González,1882-05-02,Puerto Rican activist who helped pave the way for Puerto Ricans' American citizenship,Other,Sun,1,Sun-Mercury|Sun-Saturn|Mercury-Saturn|Venus-Jupiter,4,None,0,True,False,False,False,False,False,False
Q1807,Lorenz Hart,1895-05-02,American playwright and lyricist,Other,Sun|Saturn,2,Sun-Mercury|Mars-Jupiter,2,Mars-Mercury,1,True,False,False,False,False,False,True
Q1808,Axel Springer,1912-05-02,"German journalist and publisher, founded Axel Springer AG",Writer_Journalism,Sun,1,Mercury-Venus,1,None,0,True,False,False,False,False,False,False
Q1809,John Neville,1925-05-02,English-Canadian actor,Actor_Media,Sun|Saturn,2,Sun-Venus,1,None,0,True,False,False,False,False,False,True
Q1810,Moshoeshoe II of Lesotho,1938-05-02,,Unknown,Sun|Moon,2,Moon-Mars|Venus-Mars,2,Jupiter-Saturn,1,True,True,False,False,False,False,False
Q1811,Larry Gatlin,1948-05-02,"American singer-songwriter, guitarist, and actor",Actor_Media,Sun,1,Sun-Mercury,1,Moon-Saturn|Mars-Sun,2,True,False,False,False,False,False,False
Q1812,Régis Labeaume,1956-05-02,"Canadian businessman and politician, 41st Mayor of Quebec City",Politics_Government,Sun|Mars|Jupiter,3,Moon-Mars,1,Mercury-Venus|Mars-Saturn,2,True,False,False,False,True,True,False
Q1813,Brian Lara,1969-05-02,Trinidadian cricketer,Athlete,Sun|Venus,2,None,0,None,0,True,False,False,True,False,False,False
Q1814,Tim Borowski,1980-05-02,German footballer,Athlete,Sun,1,Mars-Jupiter,1,Mars-Sun,1,True,False,False,False,False,False,False
Q1815,Neftalí Feliz,1988-05-02,Dominican baseball player,Athlete,Sun|Mars,2,Sun-Jupiter,1,Mercury-Venus,1,True,False,False,False,True,False,False
Q1816,Kʼan Joy Chitam I,0490-05-03,ruler of Palenque,Other,None,0,Sun-Mercury|Venus-Mars,2,Mercury-Venus,1,False,False,False,False,False,False,False
Q1817,Raffaele Riario,1461-05-03,Italian cardinal,Other,Sun|Venus,2,Sun-Mercury,1,None,0,True,False,False,True,False,False,False
Q1818,Henri Pitot,1695-05-03,"French physicist and engineer, invented the Pitot tube",Academic_Science,Sun|Jupiter,2,Moon-Saturn|Mercury-Mars,2,Jupiter-Moon,1,True,False,False,False,False,True,False
Q1819,Richard D'Oyly Carte,1844-05-03,English talent agent and composer,Other,Sun,1,Mercury-Mars,1,Mercury-Venus,1,True,False,False,False,False,False,False
Q1820,Princess Helena Victoria of Schleswig-Holstein,1870-05-03,,Unknown,Sun|Moon|Venus,3,Mercury-Jupiter,1,Jupiter-Venus,1,True,True,False,True,False,False,False
Q1821,Beulah Bondi,1889-05-03,American actress,Actor_Media,Sun|Moon,2,Sun-Venus|Mercury-Mars,2,Mars-Venus,1,True,True,False,False,False,False,False
Q1822,Alfred Kastler,1902-05-03,"German-French physicist and poet, Nobel Prize laureate",Academic_Science,Sun|Venus,2,Sun-Mercury|Sun-Mars,2,None,0,True,False,False,True,False,False,False
Q1823,Betty Comden,1917-05-03,American screenwriter and librettist,Writer_Journalism,Sun,1,Sun-Venus|Sun-Jupiter|Venus-Jupiter,3,None,0,True,False,False,False,False,False,False
Q1824,Yehuda Amichai,1924-05-03,German-Israeli author and poet,Writer_Journalism,Sun|Mars|Saturn,3,Sun-Moon|Sun-Mercury,2,None,0,True,False,False,False,True,False,True
Q1825,Ron Popeil,1935-05-03,"American businessman, founded the Ronco Company",Business,Sun,1,Sun-Moon|Sun-Mercury|Moon-Mercury,3,Mars-Mercury,1,True,False,False,False,False,False,False
Q1826,Doug Henning,1947-05-03,Canadian magician,Other,Sun|Venus,2,Venus-Mars,1,Jupiter-Mars,1,True,False,False,True,False,False,False
Q1827,Rod Langway,1957-05-03,Taiwanese-American ice hockey player and coach,Athlete,Sun,1,Sun-Mercury|Sun-Venus|Moon-Mars|Mercury-Venus,4,Mars-Mercury,1,True,False,False,False,False,False,False
Q1828,Ignatius Aphrem II,1965-05-03,Syrian patriarch,Other,Sun|Moon,2,Sun-Venus|Moon-Jupiter,2,Mars-Sun,1,True,True,False,False,False,False,False
Q1829,Paul Banks,1978-05-03,English-American singer-songwriter and guitarist,Actor_Media,Sun,1,None,0,Jupiter-Mercury,1,True,False,False,False,False,False,False
Q1830,Harvey Guillén,1990-05-03,American actor,Actor_Media,Sun|Venus,2,Sun-Mercury,1,None,0,True,False,False,True,False,False,False
Q1831,Khwaja Abdullah Ansari,1006-05-04,Persian mystic and poet,Writer_Journalism,Jupiter,1,None,0,None,0,False,False,False,False,False,True,False
Q1832,Françoise-Marie de Bourbon,1677-05-04,French noblewoman,Other,Sun|Moon,2,Mercury-Venus,1,None,0,True,True,False,False,False,False,False
Q1833,François Gérard,1770-05-04,French painter,Other,Sun,1,Sun-Mercury,1,None,0,True,False,False,False,False,False,False
Q1834,Frederic Edwin Church,1826-05-04,American painter,Other,Sun,1,None,0,None,0,True,False,False,False,False,False,False
Q1835,Richard Baggallay,1884-05-04,English army officer and cricketer,Athlete,Sun|Jupiter,2,None,0,Mercury-Venus,1,True,False,False,False,False,True,False
Q1836,Luther Adler,1903-05-04,American actor,Actor_Media,Sun,1,None,0,None,0,True,False,False,False,False,False,False
Q1837,Kakuei Tanaka,1918-05-04,"Japanese soldier and politician, 64th Prime Minister of Japan",Politics_Government,Sun|Venus,2,None,0,Moon-Saturn|Mars-Sun|Jupiter-Venus,3,True,False,False,True,False,False,False
Q1838,Manuel Contreras,1929-05-04,Chilean general,Politics_Government,Sun|Venus,2,Sun-Jupiter,1,None,0,True,False,False,True,False,False,False
Q1839,Amos Oz,1939-05-04,Israeli journalist and author,Writer_Journalism,Sun|Venus,2,Mercury-Venus|Mercury-Saturn,2,None,0,True,False,False,True,False,False,False
Q1840,John Barnard,1946-05-04,English car designer,Other,Sun,1,None,0,Jupiter-Mercury,1,True,False,False,False,False,False,False
Q1841,Ryan Cayabyab,1954-05-04,"Filipino pianist, composer, and conductor",Other,Sun|Moon|Saturn,3,Sun-Mercury|Moon-Venus,2,None,0,True,True,False,False,False,False,True
Q1842,Jay Aston,1961-05-04,English singer-songwriter and dancer,Actor_Media,Sun|Venus,2,Sun-Mercury|Jupiter-Saturn,2,None,0,True,False,False,True,False,False,False
Q1843,Kimora Lee Simmons,1975-05-04,American model,Other,Sun,1,None,0,Mercury-Venus,1,True,False,False,False,False,False,False
Q1844,Brad Maddox,1984-05-04,American wrestler and referee,Athlete,Sun|Saturn,2,Mercury-Venus,1,Mars-Venus,1,True,False,False,False,False,False,True
Q1845,Brianne Jenner,1991-05-04,Canadian women's ice hockey player,Athlete,Sun|Jupiter,2,None,0,Jupiter-Moon,1,True,False,False,False,False,True,False
Q1846,Afonso III of Portugal,1210-05-05,,Unknown,None,0,Sun-Mars,1,Mars-Venus,1,False,False,False,False,False,False,False
Q1847,"Thomas Cecil, 1st Earl of Exeter",1542-05-05,"English soldier and politician, Lord Lieutenant of Northamptonshire",Politics_Government,Sun|Saturn,2,Moon-Jupiter|Mars-Saturn,2,None,0,True,False,False,False,False,False,True
Q1848,Søren Kierkegaard,1813-05-05,Danish philosopher and author,Writer_Journalism,Sun|Mars|Jupiter,3,Sun-Venus|Mars-Saturn,2,None,0,True,False,False,False,True,True,False
Q1849,William George Beers,1843-05-05,Canadian dentist and patriot,Other,Sun|Venus,2,None,0,None,0,True,False,False,True,False,False,False
Q1850,Fabián de la Rosa,1869-05-05,Filipino painter and educator,Other,Sun,1,Sun-Mercury|Sun-Venus,2,Mars-Sun,1,True,False,False,False,False,False,False
Q1851,Dorothy Garrod,1892-05-05,British archaeologist,Other,Sun|Mars,2,None,0,None,0,True,False,False,False,True,False,False
Q1852,Leo Lionni,1910-05-05,American author and illustrator,Writer_Journalism,Sun|Venus,2,Moon-Venus,1,None,0,True,False,False,True,False,False,False
Q1853,Arthur Leonard Schawlow,1921-05-05,"American physicist and academic, Nobel Prize laureate",Academic_Science,Sun,1,Sun-Mercury,1,Mars-Venus,1,True,False,False,False,False,False,False
Q1854,Collie Smith,1933-05-05,Jamaican cricketer,Athlete,Sun,1,Sun-Venus|Moon-Jupiter,2,Mars-Sun,1,True,False,False,False,False,False,False
Q1855,Lance Henriksen,1940-05-05,American actor,Actor_Media,Sun,1,Moon-Mercury|Moon-Jupiter|Mercury-Jupiter|Venus-Mars,4,None,0,True,False,False,False,False,False,False
Q1856,Ed Lee,1952-05-05,"American politician and attorney, 43rd Mayor of San Francisco",Politics_Government,Sun,1,Venus-Jupiter,1,Mars-Venus,1,True,False,False,False,False,False,False
Q1857,Marg Downey,1961-05-05,Australian actress,Actor_Media,Sun|Venus,2,Sun-Mercury|Jupiter-Saturn,2,None,0,True,False,False,True,False,False,False
Q1858,Meb Keflezighi,1975-05-05,American runner,Athlete,Sun,1,None,0,Mercury-Venus,1,True,False,False,False,False,False,False
Q1859,Emanuele Giaccherini,1985-05-05,Italian footballer,Athlete,Sun|Venus,2,Moon-Saturn,1,None,0,True,False,False,True,False,False,False
Q1860,Celeste,1994-05-05,British singer,Actor_Media,Sun,1,Sun-Mercury|Moon-Saturn,2,None,0,True,False,False,False,False,False,False
Q1861,"Henry II, Holy Roman Emperor",0973-05-06,,Unknown,None,0,Sun-Mars,1,Mars-Venus,1,False,False,False,False,False,False,False
Q1862,Johann Joachim Becher,1635-05-06,German physician and alchemist,Academic_Science,Sun|Venus|Jupiter,3,Sun-Mars|Moon-Saturn,2,Jupiter-Moon,1,True,False,False,True,False,True,False
Q1863,André Masséna,1758-05-06,French general,Politics_Government,Sun|Venus,2,None,0,Mars-Moon,1,True,False,False,True,False,False,False
Q1864,Grove Karl Gilbert,1843-05-06,American geologist and academic,Academic_Science,Sun|Venus,2,None,0,None,0,True,False,False,True,False,False,False
Q1865,Junnosuke Inoue,1869-05-06,"Japanese businessman and central banker, 8th and 11th Governor of the Bank of Japan",Politics_Government,Sun,1,Sun-Venus,1,Mars-Sun,1,True,False,False,False,False,False,False
Q1866,Júlio César de Mello e Souza,1895-05-06,Brazilian mathematician and author,Academic_Science,Sun|Saturn,2,Sun-Mercury|Mars-Jupiter,2,Mars-Mercury,1,True,False,False,False,False,False,True
Q1867,Moshé Feldenkrais,1904-05-06,Ukrainian-Israeli physicist and academic,Academic_Science,Sun,1,Sun-Mars|Mercury-Mars,2,None,0,True,False,False,False,False,False,False
Q1868,Robert H. Dicke,1916-05-06,American physicist and astronomer,Academic_Science,Sun,1,Moon-Venus,1,Mercury-Venus,1,True,False,False,False,False,False,False
Q1869,"Alexander Thynn, 7th Marquess of Bath",1932-05-06,English lieutenant and politician,Politics_Government,Sun|Moon|Jupiter,3,Mercury-Mars,1,None,0,True,True,False,False,False,True,False
Q1870,Jimmie Dale Gilmore,1945-05-06,"American country singer-songwriter, guitarist, actor, and producer",Actor_Media,Sun|Venus,2,Mercury-Venus,1,None,0,True,False,False,True,False,False,False
Q1871,Tom Bergeron,1955-05-06,American television host,Actor_Media,Sun|Venus|Jupiter|Saturn,4,Moon-Saturn,1,None,0,True,False,False,True,False,True,True
Q1872,Lætitia Sadier,1968-05-06,French singer and keyboard player,Athlete,Sun,1,Moon-Jupiter|Mercury-Mars,2,Mars-Venus,1,True,False,False,False,False,False,False
Q1873,John Abraham,1978-05-06,American football player,Athlete,Sun,1,None,0,Mars-Moon|Jupiter-Mercury,2,True,False,False,False,False,False,False
Q1874,Dries Mertens,1987-05-06,Belgian footballer,Athlete,Sun|Venus,2,Sun-Mercury|Venus-Jupiter,2,None,0,True,False,False,True,False,False,False
Q1875,Mateo Kovačić,1994-05-06,Croatian international footballer,Athlete,Sun,1,Sun-Mercury,1,None,0,True,False,False,False,False,False,False
Q1876,Julia Maesa,0160-05-07,Roman noblewoman,Other,None,0,Sun-Venus|Mars-Jupiter,2,None,0,False,False,False,False,False,False,False
Q1877,Gerard van Swieten,1700-05-07,Dutch-Austrian physician,Academic_Science,Sun,1,None,0,Mercury-Venus,1,True,False,False,False,False,False,False
Q1878,Stephen Badlam,1751-05-07,American artisan and military officer,Politics_Government,Sun|Mars,2,Sun-Jupiter,1,Mars-Saturn,1,True,False,False,False,True,False,False
Q1879,Joseph Gurney Cannon,1836-05-07,"American lawyer and politician, 40th Speaker of the United States House of Representatives",Politics_Government,Sun|Saturn,2,Sun-Mercury,1,Mercury-Venus,1,True,False,False,False,False,False,True
Q1880,Tom Norman,1860-05-07,English businessman,Business,Sun,1,None,0,Jupiter-Mercury,1,True,False,False,False,False,False,False
Q1881,Willem Elsschot,1882-05-07,Belgian author and poet,Writer_Journalism,Sun,1,Sun-Mercury|Sun-Saturn|Mercury-Saturn|Venus-Jupiter,4,None,0,True,False,False,False,False,False,False
Q1882,Alfred Gerrard,1899-05-07,English sculptor and academic,Academic_Science,Sun|Venus,2,Moon-Mercury|Moon-Venus,2,Jupiter-Venus,1,True,False,False,True,False,False,False
Q1883,Simon Ramo,1913-05-07,American physicist and engineer,Academic_Science,Sun|Moon,2,Moon-Saturn|Mercury-Venus,2,None,0,True,True,False,False,False,False,False
Q1884,Ruth Prawer Jhabvala,1927-05-07,German-American author and screenwriter,Writer_Journalism,Sun,1,None,0,Mars-Mercury,1,True,False,False,False,False,False,False
Q1885,Tony O'Reilly,1936-05-07,Irish rugby player and businessman,Athlete,Sun,1,None,0,Mars-Venus,1,True,False,False,False,False,False,False
Q1886,John Dowling Coates,1950-05-07,"Australian lawyer, sports administrator and businessman",Law,Sun|Venus,2,None,0,Mars-Sun,1,True,False,False,True,False,False,False
Q1887,Owen Hart,1965-05-07,Canadian wrestler,Athlete,Sun,1,Sun-Venus,1,Mars-Sun,1,True,False,False,False,False,False,False
Q1888,Martina Topley-Bird,1975-05-07,"English singer, songwriter, and multi-instrumentalist",Actor_Media,Sun,1,None,0,Mercury-Venus,1,True,False,False,False,False,False,False
Q1889,Matt Helders,1986-05-07,English drummer,Other,Sun,1,Moon-Mercury,1,None,0,True,False,False,False,False,False,False
Q1890,Seko Fofana,1995-05-07,Ivorian international footballer,Athlete,Sun|Venus,2,None,0,None,0,True,False,False,True,False,False,False
Q1891,"Joan I, Countess of Auvergne",1326-05-08,,Unknown,None,0,Venus-Jupiter|Venus-Saturn,2,None,0,False,False,False,False,False,False,False
Q1892,"Victor Amadeus I, Duke of Savoy",1587-05-08,,Unknown,Sun|Moon|Venus,3,None,0,Mars-Sun,1,True,True,False,True,False,False,False
Q1893,"Charles Beauclerk, 1st Duke of St Albans",1670-05-08,"English soldier and politician, Lord Lieutenant of Berkshire",Politics_Government,Sun,1,Moon-Mars|Mercury-Venus,2,None,0,True,False,False,False,False,False,False
Q1894,Edward Tompkins,1815-05-08,American lawyer and politician,Politics_Government,Sun,1,Moon-Mercury,1,None,0,True,False,False,False,False,False,False
Q1895,Adolphe-Basile Routhier,1839-05-08,"Canadian judge, author, and songwriter",Writer_Journalism,Sun,1,None,0,Mars-Sun,1,True,False,False,False,False,False,False
Q1896,Margarete Böhme,1867-05-08,German novelist,Writer_Journalism,Sun|Venus|Saturn,3,None,0,None,0,True,False,False,True,False,False,True
Q1897,Aloysius Stepinac,1898-05-08,Croatian cardinal,Other,Sun,1,None,0,None,0,True,False,False,False,False,False,False
Q1898,Mary Lou Williams,1910-05-08,American pianist and composer,Other,Sun|Venus,2,Moon-Saturn,1,None,0,True,False,False,True,False,False,False
Q1899,Ali Hassan Mwinyi,1925-05-08,"Tanzanian politician, 2nd President of Tanzania",Politics_Government,Sun|Saturn,2,Sun-Venus|Moon-Saturn,2,Mars-Mercury,1,True,False,False,False,False,False,True
Q1900,Jean Giraud,1938-05-08,French author and illustrator,Writer_Journalism,Sun,1,Venus-Mars,1,Jupiter-Saturn,1,True,False,False,False,False,False,False
Q1901,Philip Bailey,1951-05-08,"American singer-songwriter, drummer, and actor",Actor_Media,Sun|Moon,2,Sun-Mars,1,None,0,True,True,False,False,False,False,False
Q1902,Ronnie Lott,1959-05-08,American football player and sportscaster,Athlete,Sun|Moon,2,Sun-Moon,1,Mars-Mercury,1,True,True,False,False,False,False,False
Q1903,Michael Bevan,1970-05-08,Australian cricketer and coach,Athlete,Sun|Moon,2,Sun-Mercury|Sun-Saturn|Mercury-Saturn|Venus-Mars,4,None,0,True,True,False,False,False,False,False
Q1904,Lúcio,1978-05-08,Brazilian footballer,Athlete,Sun|Moon,2,None,0,Jupiter-Mercury,1,True,True,False,False,False,False,False
Q1905,Lars Eller,1989-05-08,Danish ice hockey player,Athlete,Sun,1,Moon-Mars|Mercury-Jupiter,2,None,0,True,False,False,False,False,False,False
Q1906,Minamoto no Yoritomo,1147-05-09,Japanese shōgun,Other,Moon,1,Moon-Mercury|Moon-Saturn|Mercury-Jupiter|Mercury-Saturn,4,Mercury-Venus,1,False,True,False,False,False,False,False
Q1907,"Frederick, Landgrave of Hesse-Eschwege",1617-05-09,,Unknown,None,0,Sun-Saturn,1,None,0,False,False,False,False,False,False,False
Q1908,John Brougham,1814-05-09,Irish-American actor and playwright,Actor_Media,Sun|Venus,2,None,0,Mars-Mercury,1,True,False,False,True,False,False,False
Q1909,Gustaf de Laval,1845-05-09,Swedish engineer and businessman,Business,Sun|Mars,2,Sun-Mercury|Sun-Venus|Mercury-Venus,3,None,0,True,False,False,False,True,False,False
Q1910,Harry Vardon,1870-05-09,British golfer,Athlete,Sun|Venus,2,None,0,Jupiter-Venus,1,True,False,False,True,False,False,False
Q1911,Gianni Vella,1885-05-09,Maltese artist,Other,Sun,1,Sun-Venus|Mercury-Mars,2,None,0,True,False,False,False,False,False,False
Q1912,Richard Day,1896-05-09,Canadian-American art director and set decorator,Actor_Media,Sun|Jupiter|Saturn,3,None,0,Jupiter-Moon,1,True,False,False,False,False,True,True
Q1913,Pedro Armendáriz,1912-05-09,Mexican-American actor,Actor_Media,Sun,1,Sun-Saturn,1,Mars-Mercury,1,True,False,False,False,False,False,False
Q1914,Pancho Gonzales,1928-05-09,American tennis player,Athlete,Sun,1,Sun-Mercury,1,Jupiter-Mars,1,True,False,False,False,False,False,False
Q1915,Albert Finney,1936-05-09,English actor,Actor_Media,Sun,1,Moon-Jupiter,1,Mars-Venus,1,True,False,False,False,False,False,False
Q1916,John Ashcroft,1942-05-09,"American lawyer and politician, 79th United States Attorney General",Politics_Government,Sun|Venus,2,Mercury-Saturn,1,Jupiter-Venus,1,True,False,False,True,False,False,False
Q1917,Billy Joel,1949-05-09,American singer-songwriter and pianist,Actor_Media,Sun,1,Sun-Venus,1,None,0,True,False,False,False,False,False,False
Q1918,Steve Yzerman,1965-05-09,Canadian ice hockey player and manager,Athlete,Sun,1,Sun-Venus|Moon-Mars,2,Mars-Sun,1,True,False,False,False,False,False,False
Q1919,Rosario Dawson,1979-05-09,American actress,Actor_Media,Sun|Venus|Jupiter,3,Mercury-Venus|Mercury-Mars|Venus-Mars,3,None,0,True,False,False,True,False,True,False
Q1920,Ellen White,1989-05-09,English footballer,Athlete,Sun,1,Moon-Mars|Mercury-Jupiter,2,None,0,True,False,False,False,False,False,False
Q1921,Meng Zhixiang,0874-05-10,Chinese general and emperor,Politics_Government,Venus,1,None,0,Jupiter-Venus,1,False,False,False,True,False,False,False
Q1922,Robert Gray,1755-05-10,American captain and explorer,Other,Sun|Venus,2,Venus-Mars,1,None,0,True,False,False,True,False,False,False
Q1923,Montgomery Blair,1813-05-10,"American lieutenant and politician, 20th United States Postmaster General",Politics_Government,Sun|Mars|Jupiter,3,Sun-Venus,1,None,0,True,False,False,False,True,True,False
Q1924,Marcel Mauss,1872-05-10,French sociologist and anthropologist,Other,Sun|Jupiter,2,Sun-Mars|Mercury-Venus,2,None,0,True,False,False,False,False,True,False
Q1925,Alfred Jodl,1890-05-10,German general,Politics_Government,Sun,1,Moon-Jupiter|Mercury-Venus,2,None,0,True,False,False,False,False,False,False
Q1926,Ariel Durant,1898-05-10,American historian and author,Writer_Journalism,Sun,1,None,0,None,0,True,False,False,False,False,False,False
Q1927,Frieda Belinfante,1904-05-10,Dutch musician and LGBT member of the Dutch resistance,Actor_Media,Sun,1,Sun-Mercury|Sun-Mars|Mercury-Mars,3,Mars-Venus,1,True,False,False,False,False,False,False
Q1928,Bert Weedon,1920-05-10,English guitarist,Other,Sun|Jupiter,2,Mercury-Venus,1,Mars-Venus,1,True,False,False,False,False,True,False
Q1929,George E. Smith,1930-05-10,"American physicist and engineer, Nobel Prize laureate",Academic_Science,Sun,1,Venus-Jupiter,1,None,0,True,False,False,False,False,False,False
Q1930,Jim Calhoun,1942-05-10,American basketball player and coach,Athlete,Sun|Venus,2,None,0,None,0,True,False,False,True,False,False,False
Q1931,Mike Hagerty,1954-05-10,American actor,Actor_Media,Sun|Saturn,2,Sun-Mercury,1,None,0,True,False,False,False,False,False,True
Q1932,Bono,1960-05-10,"Irish singer-songwriter, musician and activist",Actor_Media,Sun,1,Mercury-Venus,1,None,0,True,False,False,False,False,False,False
Q1933,Al Murray,1968-05-10,English comedian and television host,Actor_Media,Sun,1,Mercury-Mars,1,Mars-Venus,1,True,False,False,False,False,False,False
Q1934,Adrian Morley,1977-05-10,English rugby league player,Athlete,Sun|Venus,2,Venus-Mars,1,Moon-Saturn|Jupiter-Venus,2,True,False,False,True,False,False,False
Q1935,Adam Lallana,1988-05-10,English footballer,Athlete,Sun|Mars,2,Sun-Jupiter,1,Mercury-Venus,1,True,False,False,False,True,False,False
Q1936,Niwa Nagashige,1571-05-11,Japanese daimyō,Other,Venus|Saturn,2,Sun-Mars,1,None,0,False,False,False,True,False,False,True
Q1937,Jean-Jacques Challet-Venel,1811-05-11,Swiss politician,Politics_Government,Sun|Venus,2,Moon-Saturn|Mercury-Jupiter,2,Jupiter-Venus,1,True,False,False,True,False,False,False
Q1938,Harriet Quimby,1875-05-11,American pilot and screenwriter,Writer_Journalism,Sun|Venus,2,Sun-Mercury,1,Jupiter-Venus,1,True,False,False,True,False,False,False
Q1939,Jacques Brugnon,1895-05-11,French tennis player,Athlete,Sun|Saturn,2,Sun-Mercury|Venus-Jupiter|Mars-Jupiter,3,Mercury-Venus,1,True,False,False,False,False,False,True
Q1940,Salvador Dalí,1904-05-11,Spanish artist,Other,Sun,1,Sun-Mercury|Sun-Mars|Mercury-Mars,3,Mars-Venus,1,True,False,False,False,False,False,False
Q1941,Camilo José Cela,1916-05-11,"Spanish author and politician, Nobel Prize laureate",Politics_Government,Sun,1,Venus-Saturn,1,Mercury-Venus,1,True,False,False,False,False,False,False
Q1942,Arthur Foulkes,1928-05-11,9th governor-general of the Bahamas,Politics_Government,Sun,1,None,0,Jupiter-Mars,1,True,False,False,False,False,False,False
Q1943,Jim Jeffords,1934-05-11,American lawyer and politician,Politics_Government,Sun|Venus,2,Sun-Mercury|Sun-Mars|Mercury-Mars,3,None,0,True,False,False,True,False,False,False
Q1944,Nirj Deva,1948-05-11,British politician,Politics_Government,Sun|Moon,2,None,0,Mercury-Venus|Mars-Sun,2,True,True,False,False,False,False,False
Q1945,Mike Nesbitt,1957-05-11,Northern Irish journalist and politician,Politics_Government,Sun,1,Sun-Venus,1,Mars-Mercury,1,True,False,False,False,False,False,False
Q1946,Harold Ford Jr.,1970-05-11,American lawyer and politician,Politics_Government,Sun,1,Sun-Mercury|Sun-Saturn|Mercury-Saturn|Venus-Mars,4,None,0,True,False,False,False,False,False,False
Q1947,Laetitia Casta,1978-05-11,French model and actress,Actor_Media,Sun,1,Moon-Jupiter,1,None,0,True,False,False,False,False,False,False
Q1948,Andrés Iniesta,1984-05-11,Spanish footballer,Athlete,Sun|Saturn,2,None,0,Mars-Venus,1,True,False,False,False,False,False,True
Q1949,Thibaut Courtois,1992-05-11,Belgian footballer,Athlete,Sun,1,None,0,None,0,True,False,False,False,False,False,False
Q1950,Coi Leray,1997-05-11,American rapper and singer,Actor_Media,Sun,1,None,0,Mars-Sun|Jupiter-Saturn,2,True,False,False,False,False,False,False
Q1951,"Rupert II, Elector Palatine",1325-05-12,,Unknown,Venus,1,Sun-Mercury|Jupiter-Saturn,2,Jupiter-Venus,1,False,False,False,True,False,False,False
Q1952,Louis Hennepin,1626-05-12,Flemish priest and missionary,Religion,None,0,Sun-Venus,1,None,0,False,False,False,False,False,False,False
Q1953,Manuel Godoy,1767-05-12,"Spanish field marshal and politician, Prime Minister of Spain",Politics_Government,None,0,Venus-Saturn,1,Mars-Mercury,1,False,False,False,False,False,False,False
Q1954,Adolf von Henselt,1814-05-12,German pianist and composer,Other,Sun|Venus,2,None,0,Mars-Mercury,1,True,False,False,True,False,False,False
Q1955,Jules Massenet,1842-05-12,French composer,Other,Sun|Moon,2,Sun-Mercury|Moon-Venus|Venus-Mars,3,Jupiter-Saturn,1,True,True,False,False,False,False,False
Q1956,Anton Korošec,1872-05-12,"Slovenian priest and politician, tenth Prime Minister of Yugoslavia",Politics_Government,Sun|Jupiter,2,Sun-Mars|Moon-Jupiter|Mercury-Venus,3,Mars-Venus,1,True,False,False,False,False,True,False
Q1957,Fritz Kortner,1892-05-12,Austrian-German actor and director,Actor_Media,Sun|Mars,2,None,0,None,0,True,False,False,False,True,False,False
Q1958,Nicholas Kaldor,1908-05-12,Hungarian-English economist,Other,Sun|Jupiter,2,Sun-Mercury,1,Mercury-Venus,1,True,False,False,False,False,True,False
Q1959,Tony Hancock,1924-05-12,"English actor, producer, and screenwriter",Actor_Media,Sun|Mars|Saturn,3,Sun-Mercury,1,None,0,True,False,False,False,True,False,True
Q1960,Beryl Burton,1937-05-12,English cyclist,Athlete,Sun|Moon|Venus,3,Sun-Mercury,1,Jupiter-Saturn,1,True,True,False,True,False,False,False
Q1961,Michael Ignatieff,1947-05-12,Canadian journalist and politician,Politics_Government,Sun|Venus,2,Sun-Mercury|Venus-Mars,2,Moon-Saturn|Jupiter-Venus,2,True,False,False,True,False,False,False
Q1962,Emilio Estevez,1962-05-12,American actor,Actor_Media,Sun,1,Mercury-Venus,1,None,0,True,False,False,False,False,False,False
Q1963,Jonah Lomu,1975-05-12,New Zealand rugby player,Athlete,Sun|Moon,2,Moon-Mercury,1,Mercury-Venus,1,True,True,False,False,False,False,False
Q1964,Domhnall Gleeson,1983-05-12,Irish actor,Actor_Media,Sun|Saturn,2,Sun-Moon|Sun-Mercury|Sun-Mars|Moon-Mercury|Mercury-Mars,5,None,0,True,False,False,False,False,False,True
Q1965,Timo Horn,1993-05-12,German footballer,Athlete,Sun|Venus,2,Sun-Mercury,1,None,0,True,False,False,True,False,False,False
Q1966,Hugh of Cluny,1024-05-13,French abbot and saint,Other,None,0,Venus-Mars,1,Mars-Mercury|Jupiter-Saturn,2,False,False,False,False,False,False,False
Q1967,"Sebastião José de Carvalho e Melo, 1st Marquis of Pombal",1699-05-13,"Portuguese politician, Prime Minister of Portugal",Politics_Government,Venus,1,Sun-Mars,1,None,0,False,False,False,True,False,False,False
Q1968,Lazare Carnot,1753-05-13,"French general, mathematician, and politician, French Minister of the Interior",Politics_Government,None,0,None,0,None,0,False,False,False,False,False,False,False
Q1969,Zebulon Baird Vance,1830-05-13,"American colonel, lawyer, and politician, 37th Governor of North Carolina",Politics_Government,Venus|Mars,2,Moon-Jupiter,1,Moon-Saturn,1,False,False,False,True,True,False,False
Q1970,Mehmet Emin Yurdakul,1869-05-13,Turkish writer,Writer_Journalism,Moon,1,Sun-Venus|Moon-Mercury,2,None,0,False,True,False,False,False,False,False
Q1971,Lorna Hodgkinson,1887-05-13,Australian educator and educational psychologist,Other,None,0,Sun-Mars,1,None,0,False,False,False,False,False,False,False
Q1972,Ken Darby,1909-05-13,American composer and conductor,Other,Sun|Mars,2,Sun-Venus|Moon-Mars,2,None,0,True,False,False,False,True,False,False
Q1973,Clive Barnes,1927-05-13,English writer and critic,Writer_Journalism,Sun,1,Sun-Mercury,1,Mars-Mercury,1,True,False,False,False,False,False,False
Q1974,Zohra Lampert,1937-05-13,American actress,Actor_Media,Sun|Venus,2,Sun-Mercury,1,Jupiter-Saturn,1,True,False,False,True,False,False,False
Q1975,Lasse Berghagen,1945-05-13,"Swedish singer-songwriter, guitarist, and actor",Actor_Media,Sun|Moon|Venus,3,None,0,None,0,True,True,False,True,False,False,False
Q1976,Mar Roxas,1957-05-13,"Filipino economist and politician, 24th Secretary of the Interior and Local Government",Politics_Government,Sun,1,Sun-Venus,1,Mars-Mercury,1,True,False,False,False,False,False,False
Q1977,Scott Morrison,1968-05-13,"Australian politician, 30th Prime Minister of Australia",Politics_Government,Sun,1,None,0,Mars-Venus,1,True,False,False,False,False,False,False
Q1978,"Prince Carl Philip, Duke of Värmland",1979-05-13,,Unknown,Sun|Jupiter,2,Mercury-Mars|Venus-Mars,2,None,0,True,False,False,False,False,True,False
Q1979,Candice King,1987-05-13,American singer-songwriter and actress,Actor_Media,Sun,1,Sun-Mercury,1,None,0,True,False,False,False,False,False,False
Q1980,Percy Tau,1994-05-13,South African footballer,Athlete,Sun|Moon,2,Moon-Venus,1,None,0,True,True,False,False,False,False,False
Q1981,"Charles IV, Holy Roman Emperor",1316-05-14,,Unknown,None,0,Mercury-Venus,1,None,0,False,False,False,False,False,False,False
Q1982,Victor Amadeus II,1666-05-14,of Sardinia,Other,None,0,Sun-Venus,1,None,0,False,False,False,False,False,False,False
Q1983,Timothy Dwight IV,1752-05-14,"American minister, theologian, and academic",Politics_Government,Moon,1,Moon-Mercury|Mercury-Jupiter,2,None,0,False,True,False,False,False,False,False
Q1984,James Martin,1820-05-14,"Irish-Australian politician, 6th Premier of New South Wales",Politics_Government,Moon,1,None,0,Jupiter-Saturn,1,False,True,False,False,False,False,False
Q1985,Arthur Rostron,1869-05-14,"English mariner, captain of the rescue ship Carpathia during the Titanic disaster",Other,None,0,Sun-Venus,1,None,0,False,False,False,False,False,False,False
Q1986,Archie Alexander,1888-05-14,American mathematician and engineer,Academic_Science,None,0,Sun-Mercury,1,None,0,False,False,False,False,False,False,False
Q1987,Hans Albert Einstein,1904-05-14,Swiss-American engineer and educator,Engineering_Tech,None,0,Sun-Mercury|Sun-Mars|Moon-Venus|Mercury-Mars,4,Mars-Venus,1,False,False,False,False,False,False,False
Q1988,Franjo Tuđman,1922-05-14,"Croatian historian and politician, 1st President of Croatia",Politics_Government,None,0,Mercury-Venus,1,None,0,False,False,False,False,False,False,False
Q1989,William James,1930-05-14,Australian general and physician,Politics_Government,None,0,Venus-Jupiter,1,None,0,False,False,False,False,False,False,False
Q1990,Gene Cornish,1944-05-14,Canadian-American guitarist,Other,Jupiter,1,Mercury-Venus,1,None,0,False,False,False,False,False,True,False
Q1991,Hazel Blears,1956-05-14,"English lawyer and politician, Secretary of State for Communities and Local Government",Politics_Government,Mars|Jupiter,2,None,0,Mercury-Venus|Mars-Saturn,2,False,False,False,False,True,True,False
Q1992,Suzy Kolber,1964-05-14,American sportscaster and producer,Actor_Media,None,0,Moon-Venus|Mercury-Mars|Mercury-Jupiter|Mars-Jupiter,4,None,0,False,False,False,False,False,False,False
Q1993,Natalie Appleton,1973-05-14,Canadian singer and actress,Actor_Media,None,0,Sun-Mercury,1,None,0,False,False,False,False,False,False,False
Q1994,Dan Auerbach,1979-05-14,"American singer-songwriter, guitarist, and producer",Actor_Media,Sun|Jupiter,2,Mercury-Mars|Venus-Mars,2,Jupiter-Moon,1,True,False,False,False,False,True,False
Q1995,Rob Gronkowski,1989-05-14,American football player,Athlete,Sun,1,Mercury-Venus|Mercury-Jupiter,2,None,0,True,False,False,False,False,False,False
Q1996,Sejong the Great,1397-05-15,Korean king of Joseon,Politics_Government,None,0,Sun-Mercury,1,None,0,False,False,False,False,False,False,False
Q1997,Levi Lincoln Sr.,1749-05-15,"American lawyer and politician, 4th United States Attorney General",Politics_Government,Saturn,1,Sun-Venus|Moon-Mercury|Moon-Venus|Mercury-Venus,4,None,0,False,False,False,False,False,False,True
Q1998,Debendranath Tagore,1817-05-15,Indian philosopher and author,Writer_Journalism,None,0,None,0,Jupiter-Mars,1,False,False,False,False,False,False,False
Q1999,Arthur Schnitzler,1862-05-15,Austrian author and playwright,Writer_Journalism,Venus,1,Jupiter-Saturn,1,None,0,False,False,False,True,False,False,False
Q2000,José Nepomuceno,1893-05-15,"Filipino filmmaker, founder of Philippine cinema",Actor_Media,None,0,Sun-Moon|Sun-Venus|Moon-Jupiter,3,Mars-Mercury,1,False,False,False,False,False,False,False
Q2001,Maria Reiche,1903-05-15,German mathematician and archaeologist,Academic_Science,None,0,None,0,Mercury-Venus,1,False,False,False,False,False,False,False
Q2002,Turk Broda,1914-05-15,Canadian ice hockey player and coach,Athlete,None,0,Sun-Mercury|Venus-Saturn,2,None,0,False,False,False,False,False,False,False
Q2003,Maria Koepcke,1924-05-15,German-Peruvian ornithologist and zoologist,Other,Mars|Saturn,2,None,0,None,0,False,False,False,False,True,False,True
Q2004,Dorothy Shirley,1939-05-15,English high jumper and educator,Other,Mars,1,Mercury-Venus|Mercury-Saturn|Venus-Saturn,3,Mars-Saturn,1,False,False,False,False,True,False,False
Q2005,Graeham Goble,1947-05-15,"Australian singer-songwriter, guitarist and producer",Actor_Media,None,0,Sun-Mercury|Venus-Mars,2,Moon-Saturn,1,False,False,False,False,False,False,False
Q2006,Mohamed Brahmi,1955-05-15,Tunisian politician,Politics_Government,Jupiter|Saturn,2,None,0,Mars-Venus,1,False,False,False,False,False,True,True
Q2007,Gavin Nebbeling,1963-05-15,South African footballer,Athlete,None,0,Sun-Mercury,1,None,0,False,False,False,False,False,False,False
Q2008,Karin Lušnic,1971-05-15,Slovenian tennis player,Athlete,Mars,1,Sun-Saturn|Mercury-Venus,2,None,0,False,False,False,False,True,False,False
Q2009,Patrice Evra,1981-05-15,French footballer,Athlete,None,0,Jupiter-Saturn,1,None,0,False,False,False,False,False,False,False
Q2010,Jordan Eberle,1990-05-15,Canadian ice hockey player,Athlete,Venus,1,Moon-Saturn,1,None,0,False,False,False,True,False,False,False
Q2011,John II of Cyprus,1418-05-16,King of Cyprus and Armenia and also titular King of Jerusalem from 1432 to 1458,Politics_Government,Moon|Mars,2,None,0,None,0,False,True,False,False,True,False,False
Q2012,Maria Gaetana Agnesi,1718-05-16,Italian mathematician and philosopher,Academic_Science,Venus|Jupiter|Saturn,3,Mercury-Mars,1,None,0,False,False,False,True,False,True,True
Q2013,Pierre Cuypers,1827-05-16,"Dutch architect, designed the Amsterdam Centraal railway station and Rijksmuseum",Engineering_Tech,Venus,1,None,0,None,0,False,False,False,True,False,False,False
Q2014,Maria Lacerda de Moura,1887-05-16,Brazilian teacher and anarcha-feminist,Other,None,0,Sun-Mars|Mercury-Mars,2,None,0,False,False,False,False,False,False,False
Q2015,Charles F. Brannock,1903-05-16,American inventor and manufacturer,Engineering_Tech,None,0,None,0,Mercury-Venus,1,False,False,False,False,False,False,False
Q2016,Edward T. Hall,1914-05-16,American anthropologist and author,Writer_Journalism,None,0,Sun-Mercury|Moon-Jupiter|Venus-Saturn,3,None,0,False,False,False,False,False,False,False
Q2017,Victoria Fromkin,1923-05-16,American linguist and academic,Academic_Science,Moon,1,Sun-Moon,1,Mars-Venus,1,False,True,False,False,False,False,False
Q2018,Kenneth O. Morgan,1934-05-16,Welsh historian and author,Writer_Journalism,Venus,1,Sun-Mercury|Sun-Mars,2,None,0,False,False,False,True,False,False,False
Q2019,David Penry-Davey,1942-05-16,English lawyer and judge,Law,Moon|Venus,2,Sun-Saturn|Moon-Saturn|Mercury-Jupiter,3,None,0,False,True,False,True,False,False,False
Q2020,Georg Bednorz,1950-05-16,"German physicist and academic, Nobel Prize laureate",Academic_Science,Venus,1,Sun-Moon|Sun-Mercury|Moon-Mercury,3,None,0,False,False,False,True,False,False,False
Q2021,Landon Deireragea,1960-05-16,"Nauruan politician, Nauruan Speaker of Parliament",Politics_Government,None,0,Sun-Mercury,1,None,0,False,False,False,False,False,False,False
Q2022,Ralph Tresvant,1968-05-16,American singer and producer,Actor_Media,None,0,None,0,Mars-Venus,1,False,False,False,False,False,False,False
Q2023,Tony Kakko,1975-05-16,"Finnish musician, composer, and vocalist",Actor_Media,None,0,Venus-Saturn,1,Mercury-Venus,1,False,False,False,False,False,False,False
Q2024,Daniel Kerr,1983-05-16,Australian footballer,Athlete,Saturn,1,Sun-Mercury|Sun-Mars|Moon-Venus,3,None,0,False,False,False,False,False,False,True
Q2025,Grigor Dimitrov,1991-05-16,Bulgarian tennis player,Athlete,Jupiter,1,None,0,None,0,False,False,False,False,False,True,False
Q2026,Jien,1155-05-17,"Japanese monk, poet, and historian",Writer_Journalism,None,0,None,0,None,0,False,False,False,False,False,False,False
Q2027,"Ferdinand Charles, Archduke of Austria",1628-05-17,,Unknown,None,0,None,0,Mars-Moon,1,False,False,False,False,False,False,False
Q2028,Edward Jenner,1749-05-17,English physician and microbiologist,Academic_Science,Moon|Saturn,2,Sun-Mercury|Sun-Venus|Mercury-Venus,3,None,0,False,True,False,False,False,False,True
Q2029,Jacint Verdaguer,1845-05-17,Catalan priest and poet,Writer_Journalism,Mars,1,Sun-Venus,1,None,0,False,False,False,False,True,False,False
Q2030,George Sheldon,1874-05-17,American diver,Other,Moon,1,Moon-Venus|Moon-Mars|Venus-Mars,3,None,0,False,True,False,False,False,False,False
Q2031,Odd Hassel,1897-05-17,"Norwegian chemist and academic, Nobel Prize laureate",Academic_Science,None,0,Sun-Mercury,1,Mars-Moon,1,False,False,False,False,False,False,False
Q2032,Lisa Fonssagrives,1911-05-17,Swedish-American model,Other,None,0,Mercury-Saturn,1,Mars-Saturn,1,False,False,False,False,False,False,False
Q2033,Jean Rédélé,1922-05-17,"French racing driver, founded Alpine",Other,None,0,Mercury-Venus,1,None,0,False,False,False,False,False,False,False
Q2034,Friedrich-Wilhelm Kiel,1934-05-17,German educator and politician,Politics_Government,Venus,1,Sun-Mercury|Sun-Mars,2,None,0,False,False,False,True,False,False,False
Q2035,Taj Mahal,1942-05-17,American blues singer-songwriter and musician,Actor_Media,Moon|Venus,2,Sun-Saturn|Moon-Mercury|Moon-Jupiter|Mercury-Jupiter,4,None,0,False,True,False,True,False,False,False
Q2036,Howard Ashman,1950-05-17,American playwright and composer,Other,Moon|Venus,2,Sun-Moon|Sun-Mercury,2,None,0,False,True,False,True,False,False,False
Q2037,Marcelo Loffreda,1959-05-17,Argentine rugby player and coach,Athlete,None,0,None,0,Mars-Mercury,1,False,False,False,False,False,False,False
Q2038,Mohamed Nasheed,1967-05-17,Maldivian lawyer and politician 4th President of the Maldives,Politics_Government,Jupiter,1,Sun-Mercury,1,Mercury-Venus,1,False,False,False,False,False,True,False
Q2039,Marcelinho Paraíba,1975-05-17,Brazilian footballer,Athlete,None,0,Venus-Saturn,1,Mercury-Venus,1,False,False,False,False,False,False,False
Q2040,Christian Bolaños,1984-05-17,Costa Rican footballer,Athlete,Saturn,1,Sun-Venus|Mars-Saturn,2,Mars-Venus,1,False,False,False,False,False,False,True
Q2041,Omar Khayyám,1048-05-18,"Persian mathematician, astronomer, and poet",Academic_Science,None,0,Moon-Mars|Mercury-Venus,2,None,0,False,False,False,False,False,False,False
Q2042,John George Children,1777-05-18,"English chemist, mineralogist, and zoologist",Academic_Science,Jupiter|Saturn,2,Mercury-Venus,1,None,0,False,False,False,False,False,True,True
Q2043,James Budd,1851-05-18,"American lawyer and politician, 19th Governor of California",Politics_Government,None,0,Sun-Mercury|Venus-Mars|Venus-Saturn,3,None,0,False,False,False,False,False,False,False
Q2044,Bertrand Russell,1872-05-18,"British mathematician, historian, and philosopher, Nobel Prize laureate",Academic_Science,Jupiter,1,Sun-Mars,1,Mars-Venus,1,False,False,False,False,False,True,False
Q2045,Rudolf Carnap,1891-05-18,German-American philosopher and academic,Academic_Science,None,0,None,0,Mars-Venus,1,False,False,False,False,False,False,False
Q2046,Ruth Alexander,1905-05-18,pioneering American pilot,Other,None,0,Moon-Mars|Mercury-Venus,2,Mars-Venus,1,False,False,False,False,False,False,False
Q2047,Bill Everett,1917-05-18,American author and illustrator,Writer_Journalism,None,0,Sun-Mercury|Sun-Venus|Sun-Jupiter|Mercury-Jupiter,4,None,0,False,False,False,False,False,False,False
Q2048,Richard Body,1927-05-18,English politician,Politics_Government,None,0,Sun-Mercury,1,Mercury-Venus,1,False,False,False,False,False,False,False
Q2049,Brooks Robinson,1937-05-18,American baseball player and sportscaster,Athlete,Venus,1,None,0,Jupiter-Saturn,1,False,False,False,True,False,False,False
Q2050,Gail Strickland,1945-05-18,American actress,Actor_Media,Venus,1,Venus-Mars,1,None,0,False,False,False,True,False,False,False
Q2051,Wreckless Eric,1954-05-18,English singer-songwriter and guitarist,Actor_Media,Saturn,1,Venus-Jupiter,1,Mercury-Venus,1,False,False,False,False,False,False,True
Q2052,Marty McSorley,1963-05-18,Canadian ice hockey player and coach,Athlete,None,0,Sun-Mercury,1,None,0,False,False,False,False,False,False,False
Q2053,Turner Stevenson,1972-05-18,Canadian ice hockey player and coach,Athlete,None,0,Venus-Mars,1,Mars-Mercury,1,False,False,False,False,False,False,False
Q2054,Mahamadou Diarra,1981-05-18,Malian international footballer,Athlete,None,0,Jupiter-Saturn,1,None,0,False,False,False,False,False,False,False
Q2055,Adwoa Aboah,1992-05-18,British fashion model,Other,None,0,Sun-Venus|Mercury-Venus,2,None,0,False,False,False,False,False,False,False
Q2056,"John Stourton, 1st Baron Stourton",1400-05-19,English soldier and politician,Politics_Government,Venus,1,Sun-Mars,1,None,0,False,False,False,True,False,False,False
Q2057,Charlotte of Mecklenburg-Strelitz,1744-05-19,German-born Queen to George III of the United Kingdom,Politics_Government,None,0,None,0,None,0,False,False,False,False,False,False,False
Q2058,Nellie Melba,1861-05-19,Australian soprano and actress,Actor_Media,Jupiter,1,Sun-Mercury|Sun-Venus|Mercury-Venus,3,None,0,False,False,False,False,False,True,False
Q2059,Francis Biddle,1886-05-19,"American lawyer and judge, 58th United States Attorney General",Politics_Government,Venus,1,None,0,None,0,False,False,False,True,False,False,False
Q2060,Julius Evola,1898-05-19,Italian philosopher and painter,Other,None,0,None,0,None,0,False,False,False,False,False,False,False
Q2061,Alan Melville,1910-05-19,South African cricketer,Athlete,Venus,1,Moon-Jupiter,1,None,0,False,False,False,True,False,False,False
Q2062,Leslie Broderick,1921-05-19,English lieutenant and pilot,Other,None,0,Mercury-Mars,1,Mars-Venus,1,False,False,False,False,False,False,False
Q2063,Eugene Genovese,1930-05-19,American historian and author,Writer_Journalism,None,0,Sun-Mercury|Venus-Jupiter,2,Mercury-Venus,1,False,False,False,False,False,False,False
Q2064,Moisés da Costa Amaral,1938-05-19,East Timorese politician,Politics_Government,None,0,Venus-Mars,1,Jupiter-Saturn,1,False,False,False,False,False,False,False
Q2065,Claude Lelièvre,1946-05-19,Belgian activist,Other,None,0,None,0,None,0,False,False,False,False,False,False,False
Q2066,"Patrick Hodge, Lord Hodge",1953-05-19,Scottish lawyer and judge,Law,Venus,1,Sun-Mercury|Sun-Jupiter,2,Jupiter-Venus,1,False,False,False,True,False,False,False
Q2067,Maile Flanagan,1965-05-19,"American actress, producer, and screenwriter",Actor_Media,None,0,Sun-Jupiter|Venus-Jupiter,2,None,0,False,False,False,False,False,False,False
Q2068,Dario Franchitti,1973-05-19,Scottish race car driver,Other,None,0,Sun-Mercury,1,None,0,False,False,False,False,False,False,False
Q2069,Luciano Figueroa,1981-05-19,Argentinian footballer,Athlete,None,0,Jupiter-Saturn,1,None,0,False,False,False,False,False,False,False
Q2070,Jordan Pruitt,1991-05-19,American singer-songwriter,Actor_Media,Jupiter,1,Moon-Jupiter,1,None,0,False,False,False,False,False,True,False
Q2071,Bonne of Luxembourg,1315-05-20,first wife of John II of France,Other,Jupiter,1,Sun-Mercury|Sun-Venus|Mercury-Venus,3,None,0,False,False,False,False,False,True,False
Q2072,William Thornton,1759-05-20,"Virgin Islander-American architect, designed the United States Capitol",Engineering_Tech,None,0,Sun-Mercury|Moon-Saturn,2,Mercury-Venus,1,False,False,False,False,False,False,False
Q2073,William Fargo,1818-05-20,"American businessman and politician, co-founded Wells Fargo and American Express",Politics_Government,None,0,Sun-Mercury,1,Mars-Moon,1,False,False,False,False,False,False,False
Q2074,Henri-Edmond Cross,1856-05-20,French Neo-Impressionist painter,Other,None,0,Mercury-Saturn,1,None,0,False,False,False,False,False,False,False
Q2075,Chandrashekarendra Saraswati,1894-05-20,Indian guru and scholar,Academic_Science,Venus,1,Sun-Mercury,1,Jupiter-Venus,1,False,False,False,True,False,False,False
Q2076,Carl Mydans,1907-05-20,American photographer and journalist,Writer_Journalism,None,0,Sun-Mercury,1,None,0,False,False,False,False,False,False,False
Q2077,George Gobel,1919-05-20,American comedian,Actor_Media,None,0,Sun-Mars|Venus-Jupiter,2,Moon-Saturn,1,False,False,False,False,False,False,False
Q2078,Bud Grant,1927-05-20,American football player and coach,Athlete,None,0,Sun-Mercury,1,Mercury-Venus,1,False,False,False,False,False,False,False
Q2079,Dave Hill,1937-05-20,American golfer,Athlete,Venus,1,None,0,Jupiter-Saturn,1,False,False,False,True,False,False,False
Q2080,Cher,1946-05-20,"American singer-songwriter, producer, and actress",Actor_Media,None,0,None,0,None,0,False,False,False,False,False,False,False
Q2081,Ingvar Ambjørnsen,1956-05-20,Norwegian-German author and critic,Writer_Journalism,Mars|Jupiter,2,None,0,Mercury-Venus|Mars-Saturn,2,False,False,False,False,True,True,False
Q2082,Ted Allen,1965-05-20,American television host and author,Actor_Media,None,0,Sun-Jupiter|Venus-Jupiter,2,None,0,False,False,False,False,False,False,False
Q2083,Nathan Long,1973-05-20,Australian rugby league player,Athlete,None,0,Sun-Mercury,1,None,0,False,False,False,False,False,False,False
Q2084,Iker Casillas,1981-05-20,Spanish footballer,Athlete,None,0,Jupiter-Saturn,1,None,0,False,False,False,False,False,False,False
Q2085,Siosia Vave,1989-05-20,Australian-Tongan rugby league player,Athlete,None,0,Sun-Mercury|Mercury-Venus|Venus-Jupiter,3,None,0,False,False,False,False,False,False,False
Q2086,Albrecht Dürer,1471-05-21,"German painter, engraver, and mathematician",Academic_Science,None,0,Sun-Saturn,1,None,0,False,False,False,False,False,False,False
Q2087,Lucien Bonaparte,1775-05-21,French soldier and politician,Politics_Government,None,0,Sun-Jupiter,1,Mercury-Venus,1,False,False,False,False,False,False,False
Q2088,William P. Sprague,1827-05-21,American banker and politician,Politics_Government,None,0,None,0,Mars-Venus,1,False,False,False,False,False,False,False
Q2089,Jacques Marie Eugène Godefroy Cavaignac,1853-05-21,French politician,Politics_Government,None,0,Sun-Venus|Sun-Saturn|Mercury-Mars,3,None,0,False,False,False,False,False,False,False
Q2090,Anne Walter Fearn,1867-05-21,American physician,Academic_Science,Saturn,1,None,0,None,0,False,False,False,False,False,False,True
Q2091,Armand Hammer,1898-05-21,"American physician and businessman, founded Occidental Petroleum",Academic_Science,Moon,1,None,0,None,0,False,True,False,False,False,False,False
Q2092,Chakravarthi V. Narasimhan,1915-05-21,Indian Civil Service Officer and former Under Secretary-General of the UN,Politics_Government,None,0,Venus-Mars,1,None,0,False,False,False,False,False,False,False
Q2093,Robert Creeley,1926-05-21,"American novelist, essayist, and poet",Writer_Journalism,Venus|Saturn,2,None,0,None,0,False,False,False,True,False,False,True
Q2094,Terry Lightfoot,1935-05-21,English clarinet player and bandleader,Athlete,None,0,None,0,Mercury-Venus,1,False,False,False,False,False,False,False
Q2095,Ernst Messerschmid,1945-05-21,German physicist and astronaut,Academic_Science,Venus,1,Venus-Mars,1,None,0,False,False,False,True,False,False,False
Q2096,Nora Aunor,1953-05-21,Filipino actress and recording artist,Actor_Media,Venus,1,Sun-Mercury|Sun-Jupiter|Mercury-Jupiter,3,Jupiter-Venus,1,False,False,False,True,False,False,False
Q2097,Richard Appel,1963-05-21,American screenwriter and producer,Actor_Media,None,0,Sun-Mercury|Moon-Venus,2,None,0,False,False,False,False,False,False,False
Q2098,Stewart Cink,1973-05-21,American golfer,Athlete,None,0,Sun-Mercury,1,None,0,False,False,False,False,False,False,False
Q2099,Craig Anderson,1981-05-21,American ice hockey player,Athlete,None,0,Jupiter-Saturn,1,None,0,False,False,False,False,False,False,False
Q2100,Kierre Beckles,1990-05-21,Barbadian athlete,Athlete,Venus,1,Moon-Venus,1,None,0,False,False,False,True,False,False,False
Q2101,Itzam K'an Ahk I,0626-05-22,Mayan king,Politics_Government,None,0,Mercury-Jupiter,1,None,0,False,False,False,False,False,False,False
Q2102,Daniel Gran,1694-05-22,Austrian painter,Other,Jupiter,1,Moon-Mercury,1,Mars-Moon,1,False,False,False,False,False,True,False
Q2103,William Sturgeon,1783-05-22,"English physicist and inventor, invented the electromagnet and electric motor",Academic_Science,None,0,None,0,Mercury-Venus|Jupiter-Saturn,2,False,False,False,False,False,False,False
Q2104,Catulle Mendès,1841-05-22,"French poet, author, and playwright",Writer_Journalism,None,0,Sun-Mercury|Mercury-Venus,2,None,0,False,False,False,False,False,False,False
Q2105,Augusto Pestana,1868-05-22,Brazilian engineer and politician,Politics_Government,Moon,1,Sun-Moon|Moon-Mercury,2,Mercury-Venus,1,False,True,False,False,False,False,False
Q2106,Friedrich Pollock,1894-05-22,German sociologist and philosopher,Other,Venus,1,Sun-Mercury|Mercury-Jupiter,2,Jupiter-Venus,1,False,False,False,True,False,False,False
Q2107,Bob Dyer,1909-05-22,American-Australian radio and television host,Actor_Media,None,0,Sun-Venus,1,None,0,False,False,False,False,False,False,False
Q2108,Quinn Martin,1922-05-22,American screenwriter and producer,Actor_Media,None,0,Mercury-Venus,1,None,0,False,False,False,False,False,False,False
Q2109,Peter Nero,1934-05-22,American pianist and conductor,Other,Venus,1,None,0,None,0,False,False,False,True,False,False,False
Q2110,Roger Brown,1942-05-22,American basketball player,Athlete,Venus,1,Sun-Saturn|Mercury-Jupiter,2,None,0,False,False,False,True,False,False,False
Q2111,Kenneth Bianchi,1951-05-22,American serial killer and rapist,Other,None,0,Sun-Mars,1,None,0,False,False,False,False,False,False,False
Q2112,Claude Closky,1963-05-22,French contemporary artist,Other,None,0,Sun-Mercury|Moon-Mercury,2,None,0,False,False,False,False,False,False,False
Q2113,Salva Ballesta,1975-05-22,Spanish footballer and manager,Athlete,None,0,Venus-Saturn,1,Mercury-Venus,1,False,False,False,False,False,False,False
Q2114,Natasha Kai,1983-05-22,American soccer player and Olympic medalist,Athlete,Saturn,1,Sun-Mars,1,None,0,False,False,False,False,False,False,True
Q2115,Anna Baryshnikov,1992-05-22,American actress,Actor_Media,None,0,Sun-Venus|Mercury-Venus,2,None,0,False,False,False,False,False,False,False
Q2116,Kʼinich Kan Bahlam II,0635-05-23,Mayan king,Politics_Government,Moon,1,Moon-Mercury,1,Mercury-Venus,1,False,True,False,False,False,False,False
Q2117,Bertholet Flemalle,1614-05-23,Flemish Baroque painter,Other,None,0,Sun-Mercury,1,None,0,False,False,False,False,False,False,False
Q2118,Franz Schlik,1789-05-23,Austrian earl and general,Politics_Government,Jupiter,1,Sun-Venus,1,None,0,False,False,False,False,False,True,False
Q2119,Jānis Frīdrihs Baumanis,1834-05-23,Latvian architect,Actor_Media,None,0,Mercury-Jupiter,1,None,0,False,False,False,False,False,False,False
Q2120,William O'Connor,1864-05-23,American fencer,Other,None,0,Sun-Mercury,1,None,0,False,False,False,False,False,False,False
Q2121,Herbert Marshall,1890-05-23,English-American actor and singer,Actor_Media,None,0,None,0,Mercury-Venus,1,False,False,False,False,False,False,False
Q2122,Margaret Wise Brown,1910-05-23,American author and educator,Writer_Journalism,Venus,1,Sun-Mercury,1,None,0,False,False,False,True,False,False,False
Q2123,Humphrey Lyttelton,1921-05-23,British jazz musician and broadcaster,Actor_Media,None,0,Mercury-Mars,1,Mars-Venus,1,False,False,False,False,False,False,False
Q2124,Kevork Ajemian,1932-05-23,Syrian-French journalist and author,Writer_Journalism,Jupiter,1,Mercury-Mars,1,Jupiter-Moon,1,False,False,False,False,False,True,False
Q2125,Peter Kenilorea,1943-05-23,"Solomon Islands politician, 1st Prime Minister of the Solomon Islands",Politics_Government,None,0,Sun-Mercury,1,Mercury-Venus,1,False,False,False,False,False,False,False
Q2126,Martin Parr,1952-05-23,English photographer and journalist,Writer_Journalism,Moon,1,Sun-Moon|Moon-Venus,2,None,0,False,True,False,False,False,False,False
Q2127,Viviane Baladi,1963-05-23,Swiss mathematician,Academic_Science,Moon,1,Sun-Moon,1,None,0,False,True,False,False,False,False,False
Q2128,Maxwell,1973-05-23,American singer-songwriter and producer,Actor_Media,None,0,Sun-Mercury|Moon-Jupiter|Mercury-Venus|Venus-Saturn,4,None,0,False,False,False,False,False,False,False
Q2129,Hugo Almeida,1984-05-23,Portuguese footballer,Athlete,Saturn,1,Sun-Venus|Mars-Saturn,2,None,0,False,False,False,False,False,False,True
Q2130,Esa Lindell,1994-05-23,Finnish ice hockey player,Athlete,None,0,Moon-Jupiter,1,Mercury-Venus,1,False,False,False,False,False,False,False
Q2131,"Margaret of Bohemia, Queen of Hungary",1335-05-24,,Unknown,Saturn,1,Sun-Venus,1,None,0,False,False,False,False,False,False,True
Q2132,Emerentia von Düben,1669-05-24,Swedish royal favorite,Other,None,0,Mercury-Venus|Mars-Jupiter,2,None,0,False,False,False,False,False,False,False
Q2133,Alexander von Nordmann,1803-05-24,Finnish biologist and paleontologist,Other,None,0,None,0,None,0,False,False,False,False,False,False,False
Q2134,Charlie Taylor,1868-05-24,American engineer and mechanic,Engineering_Tech,None,0,None,0,Mercury-Venus,1,False,False,False,False,False,False,False
Q2135,Mick Mannock,1887-05-24,"Irish soldier and pilot, Victoria Cross recipient",Other,Moon,1,Sun-Mercury|Sun-Mars|Mercury-Mars|Venus-Saturn,4,Mercury-Venus,1,False,True,False,False,False,False,False
Q2136,Lionel Conacher,1902-05-24,Canadian football player and politician,Athlete,Venus,1,None,0,None,0,False,False,False,True,False,False,False
Q2137,Roden Cutler,1916-05-24,"Australian lieutenant and politician, 32nd Governor of New South Wales",Politics_Government,None,0,Venus-Saturn,1,Mercury-Venus,1,False,False,False,False,False,False,False
Q2138,William Trevor,1928-05-24,"Irish novelist, playwright and short story writer",Writer_Journalism,None,0,None,0,Jupiter-Mars,1,False,False,False,False,False,False,False
Q2139,Prince Buster,1938-05-24,Jamaican singer-songwriter and producer,Actor_Media,None,0,None,0,Jupiter-Saturn,1,False,False,False,False,False,False,False
Q2140,Albert Bouchard,1947-05-24,"American singer-songwriter, guitarist, and drummer",Actor_Media,None,0,Moon-Saturn|Venus-Mars,2,None,0,False,False,False,False,False,False,False
Q2141,Pelle Lindbergh,1959-05-24,Swedish-American ice hockey player,Athlete,None,0,Moon-Saturn,1,None,0,False,False,False,False,False,False,False
Q2142,Tamer Karadağlı,1967-05-24,Turkish actor,Actor_Media,Jupiter,1,None,0,Mercury-Venus,1,False,False,False,False,False,True,False
Q2143,Alessandro Cortini,1976-05-24,Italian-American singer and keyboard player,Athlete,None,0,Sun-Mercury|Sun-Venus|Mercury-Venus|Mars-Saturn,4,None,0,False,False,False,False,False,False,False
Q2144,Sarah Hagan,1984-05-24,American actress,Actor_Media,Saturn,1,Sun-Venus|Mars-Saturn,2,None,0,False,False,False,False,False,False,True
Q2145,Joey Logano,1990-05-24,American race car driver,Other,Moon|Venus,2,Sun-Moon,1,None,0,False,True,False,True,False,False,False
Q2146,Emperor Shenzong of Song,1048-05-25,,Unknown,None,0,Sun-Mercury|Sun-Venus|Mercury-Venus,3,None,0,False,False,False,False,False,False,False
Q2147,Claude Buffier,1661-05-25,Polish-French historian and philosopher,Writer_Journalism,None,0,None,0,None,0,False,False,False,False,False,False,False
Q2148,Naim Frashëri,1846-05-25,Albanian-Turkish poet and translator,Writer_Journalism,Moon|Venus,2,Sun-Moon|Sun-Jupiter,2,Mars-Mercury|Jupiter-Venus,2,False,True,False,True,False,False,False
Q2149,Bill Robinson,1878-05-25,American actor and dancer,Actor_Media,Venus,1,None,0,Mars-Mercury|Jupiter-Saturn,2,False,False,False,True,False,False,False
Q2150,Miles Malleson,1888-05-25,English actor and screenwriter,Actor_Media,None,0,Moon-Jupiter,1,None,0,False,False,False,False,False,False,False
Q2151,U Nu,1907-05-25,"Burmese politician, 1st Prime Minister of Burma",Politics_Government,None,0,Sun-Mercury,1,None,0,False,False,False,False,False,False,False
Q2152,Hal David,1921-05-25,American songwriter and composer,Writer_Journalism,None,0,Mercury-Mars,1,Mars-Venus,1,False,False,False,False,False,False,False
Q2153,Sonia Rykiel,1930-05-25,French fashion designer,Other,None,0,Sun-Mercury|Moon-Mars|Venus-Jupiter,3,Mercury-Venus,1,False,False,False,False,False,False,False
Q2154,Dixie Carter,1939-05-25,American actress and singer,Actor_Media,Mars,1,None,0,Mars-Saturn,1,False,False,False,False,True,False,False
Q2155,Jamaica Kincaid,1949-05-25,"Antiguan-American novelist, short story writer, and essayist",Writer_Journalism,None,0,Mercury-Venus,1,None,0,False,False,False,False,False,False,False
Q2156,Stavros Arnaoutakis,1956-05-25,Greek politician,Politics_Government,None,0,Sun-Mercury,1,Mercury-Venus|Mars-Saturn,2,False,False,False,False,False,False,False
Q2157,Yahya Jammeh,1965-05-25,"Gambian colonel and politician, President of the Gambia",Politics_Government,None,0,Sun-Jupiter|Venus-Jupiter,2,None,0,False,False,False,False,False,False,False
Q2158,Dougie Freedman,1974-05-25,Scottish footballer and manager,Athlete,Venus,1,Moon-Mars,1,None,0,False,False,False,True,False,False,False
Q2159,Michalis Pelekanos,1981-05-25,Greek basketball player,Athlete,None,0,Jupiter-Saturn,1,None,0,False,False,False,False,False,False,False
Q2160,James Porter,1993-05-25,English cricketer,Athlete,Venus,1,None,0,None,0,False,False,False,True,False,False,False
Q2161,Koreyasu,1264-05-26,Japanese prince and shōgun,Other,None,0,None,0,Jupiter-Mars,1,False,False,False,False,False,False,False
Q2162,"John Churchill, 1st Duke of Marlborough",1650-05-26,"English general and politician, Lord Lieutenant of Oxfordshire",Politics_Government,None,0,Sun-Mercury|Sun-Venus|Mercury-Mars,3,None,0,False,False,False,False,False,False,False
Q2163,Bob Fitzsimmons,1863-05-26,English-New Zealand boxer,Athlete,None,0,Venus-Mars,1,None,0,False,False,False,False,False,False,False
Q2164,Peter Kürten,1883-05-26,German serial killer,Other,None,0,Sun-Saturn|Venus-Mars,2,None,0,False,False,False,False,False,False,False
Q2165,Karin Juel,1900-05-26,"Swedish singer, actress, and writer",Actor_Media,None,0,Sun-Mercury|Moon-Mars,2,Mercury-Venus,1,False,False,False,False,False,False,False
Q2166,János Kádár,1912-05-26,"Hungarian mechanic and politician, 46th Prime Minister of Hungary",Politics_Government,None,0,Venus-Saturn,1,None,0,False,False,False,False,False,False,False
Q2167,Inge Borkh,1921-05-26,German soprano,Other,None,0,Mercury-Mars,1,Mars-Venus,1,False,False,False,False,False,False,False
Q2168,Karim Emami,1930-05-26,Indian-Iranian lexicographer and critic,Other,None,0,None,0,Mercury-Venus,1,False,False,False,False,False,False,False
Q2169,Erica Terpstra,1943-05-26,"Dutch swimmer, journalist, and politician",Athlete,None,0,Sun-Mercury|Venus-Jupiter,2,Mercury-Venus,1,False,False,False,False,False,False,False
Q2170,Ramón Calderón,1951-05-26,Spanish lawyer and businessman,Law,None,0,Sun-Mars,1,None,0,False,False,False,False,False,False,False
Q2171,Ole Bornedal,1959-05-26,"Danish actor, director, and producer",Actor_Media,None,0,None,0,Mercury-Venus,1,False,False,False,False,False,False,False
Q2172,Philip Treacy,1967-05-26,"Irish milliner, hat designer",Other,Jupiter,1,None,0,Mercury-Venus|Jupiter-Moon,2,False,False,False,False,False,True,False
Q2173,Lauryn Hill,1975-05-26,"American singer-songwriter, producer, and actress",Actor_Media,None,0,Venus-Saturn,1,Mercury-Venus,1,False,False,False,False,False,False,False
Q2174,Hasan Kabze,1982-05-26,Turkish footballer,Athlete,None,0,None,0,None,0,False,False,False,False,False,False,False
Q2175,Ah Young,1991-05-26,South Korean singer and actress,Actor_Media,Jupiter,1,None,0,None,0,False,False,False,False,False,True,False
Q2176,Emperor Dezong of Tang,0742-05-27,,Unknown,None,0,Sun-Mercury,1,Mercury-Venus|Mars-Moon,2,False,False,False,False,False,False,False
Q2177,"William II, Prince of Orange",1626-05-27,,Unknown,None,0,Sun-Venus|Moon-Mercury,2,None,0,False,False,False,False,False,False,False
Q2178,John Rudolph Niernsee,1814-05-27,Viennese-born American architect,Engineering_Tech,Venus,1,None,0,None,0,False,False,False,True,False,False,False
Q2179,Theodor Curtius,1857-05-27,German chemist,Academic_Science,None,0,Sun-Mercury|Sun-Mars|Mercury-Mars,3,Mars-Venus,1,False,False,False,False,False,False,False
Q2180,Anna Cervin,1878-05-27,Swedish artist,Other,Venus,1,None,0,Mars-Mercury|Jupiter-Saturn,2,False,False,False,True,False,False,False
Q2181,John Cockcroft,1897-05-27,"English physicist and academic, Nobel Prize laureate",Academic_Science,None,0,None,0,Mars-Moon,1,False,False,False,False,False,False,False
Q2182,John Cheever,1912-05-27,American novelist and short story writer,Writer_Journalism,None,0,Venus-Saturn,1,None,0,False,False,False,False,False,False,False
Q2183,Jüri Randviir,1927-05-27,Estonian chess player and journalist,Athlete,None,0,Venus-Mars,1,Mercury-Venus,1,False,False,False,False,False,False,False
Q2184,Allan Carr,1937-05-27,American playwright and producer,Actor_Media,None,0,None,0,Jupiter-Saturn,1,False,False,False,False,False,False,False
Q2185,Wubbo de Boer,1948-05-27,Dutch civil servant,Other,None,0,None,0,Moon-Saturn,1,False,False,False,False,False,False,False
Q2186,Nick Anstee,1958-05-27,"English accountant and politician, 682nd Lord Mayor of London",Politics_Government,None,0,None,0,None,0,False,False,False,False,False,False,False
Q2187,Jeff Bagwell,1968-05-27,American baseball player and coach,Athlete,Moon,1,Sun-Moon|Sun-Venus|Sun-Mars|Moon-Mars,4,None,0,False,True,False,False,False,False,False
Q2188,Marcel Fässler,1976-05-27,Swiss racing driver,Other,None,0,Sun-Venus|Moon-Mercury|Moon-Jupiter|Mercury-Venus|Mars-Saturn,5,Mars-Moon,1,False,False,False,False,False,False,False
Q2189,Chiang Chien-ming,1985-05-27,Taiwanese baseball player,Athlete,Venus,1,None,0,None,0,False,False,False,True,False,False,False
Q2190,Maximilian Arnold,1994-05-27,German footballer,Athlete,None,0,None,0,None,0,False,False,False,False,False,False,False
Q2191,Xin Qiji,1140-05-28,"Chinese poet, general, and politician",Politics_Government,None,0,Sun-Mercury|Sun-Venus|Mercury-Venus,3,Mercury-Venus,1,False,False,False,False,False,False,False
Q2192,Joseph-Ignace Guillotin,1738-05-28,French physician,Academic_Science,None,0,Mercury-Venus|Mercury-Saturn|Venus-Saturn,3,Jupiter-Mars,1,False,False,False,False,False,False,False
Q2193,Ratmalane Sri Dharmaloka Thera,1828-05-28,"Buddhist monk and scholar, founder of Vidyalankara Pirivena",Academic_Science,None,0,Sun-Mercury|Venus-Saturn,2,None,0,False,False,False,False,False,False,False
Q2194,Paul Pelliot,1878-05-28,French sinologist and explorer,Other,None,0,Moon-Venus,1,Mars-Mercury|Jupiter-Saturn,2,False,False,False,False,False,False,False
Q2195,Minna Gombell,1892-05-28,American actress,Actor_Media,Mars,1,None,0,None,0,False,False,False,False,True,False,False
Q2196,Bob Crisp,1911-05-28,South African cricketer,Athlete,Moon,1,Sun-Moon|Mercury-Saturn,2,None,0,False,True,False,False,False,False,False
Q2197,D. V. Paluskar,1921-05-28,Indian Hindustani classical musician,Actor_Media,None,0,None,0,Mars-Venus,1,False,False,False,False,False,False,False
Q2198,Edward Seaga,1930-05-28,"American-Jamaican academic and politician, 5th Prime Minister of Jamaica",Politics_Government,Moon,1,Sun-Moon,1,Mercury-Venus,1,False,True,False,False,False,False,False
Q2199,David Brewer,1940-05-28,"English politician, Lord-Lieutenant of Greater London",Politics_Government,None,0,Venus-Mars|Jupiter-Saturn,2,Mercury-Venus,1,False,False,False,False,False,False,False
Q2200,Zahi Hawass,1947-05-28,Egyptian archaeologist and academic,Academic_Science,None,0,Venus-Mars,1,None,0,False,False,False,False,False,False,False
Q2201,Jerry Douglas,1956-05-28,American guitarist and producer,Actor_Media,None,0,Sun-Mercury,1,Mercury-Venus|Mars-Saturn,2,False,False,False,False,False,False,False
Q2202,Roger Kumble,1966-05-28,"American director, screenwriter, and playwright",Actor_Media,None,0,Sun-Mercury|Sun-Mars,2,Mars-Venus,1,False,False,False,False,False,False,False
Q2203,Marco Paulo Faria Lemos,1973-05-28,Portuguese footballer and manager,Athlete,None,0,Mercury-Venus|Mercury-Saturn|Venus-Saturn,3,None,0,False,False,False,False,False,False,False
Q2204,Laura Bailey,1981-05-28,American voice actress,Actor_Media,None,0,Jupiter-Saturn,1,None,0,False,False,False,False,False,False,False
Q2205,Kyle Walker,1990-05-28,English footballer,Athlete,None,0,None,0,None,0,False,False,False,False,False,False,False
Q2206,"Charles, Prince of Viana",1421-05-29,,Unknown,None,0,Mars-Jupiter,1,None,0,False,False,False,False,False,False,False
Q2207,Charles II of England,1630-05-29,,Unknown,Saturn,1,Sun-Mercury,1,None,0,False,False,False,False,False,False,True
Q2208,Johann Heinrich von Mädler,1794-05-29,German astronomer and selenographer,Academic_Science,Moon,1,Sun-Moon|Mercury-Saturn,2,Mercury-Venus,1,False,True,False,False,False,False,False
Q2209,Alfonsina Storni,1892-05-29,Swiss-Argentinian poet and author,Writer_Journalism,Mars,1,Moon-Venus,1,None,0,False,False,False,False,True,False,False
Q2210,Hubert Opperman,1904-05-29,Australian cyclist and politician,Athlete,None,0,Sun-Mars,1,None,0,False,False,False,False,False,False,False
Q2211,Karl Münchinger,1915-05-29,German conductor and composer,Other,None,0,Mercury-Saturn|Venus-Mars,2,None,0,False,False,False,False,False,False,False
Q2212,Lars Bo,1924-05-29,Danish author and illustrator,Writer_Journalism,Mars|Saturn,2,None,0,None,0,False,False,False,False,True,False,True
Q2213,André Brink,1935-05-29,South African author and playwright,Writer_Journalism,None,0,None,0,None,0,False,False,False,False,False,False,False
Q2214,Robert W. Edgar,1943-05-29,American educator and politician,Politics_Government,Jupiter,1,Sun-Saturn|Venus-Jupiter,2,Mercury-Venus|Jupiter-Moon,2,False,False,False,False,False,True,False
Q2215,Danny Elfman,1953-05-29,"American film composer, singer-songwriter, producer, and actor",Actor_Media,None,0,Sun-Mercury|Sun-Jupiter|Mercury-Mars,3,Mars-Venus,1,False,False,False,False,False,False,False
Q2216,Thomas Baumer,1960-05-29,Swiss economist and academic,Academic_Science,None,0,Sun-Venus,1,None,0,False,False,False,False,False,False,False
Q2217,Natarsha Belling,1970-05-29,Australian journalist,Writer_Journalism,None,0,Mercury-Saturn,1,Mars-Mercury,1,False,False,False,False,False,False,False
Q2218,Massimo Ambrosini,1977-05-29,Italian footballer,Athlete,Venus,1,Sun-Jupiter|Venus-Mars,2,Jupiter-Venus,1,False,False,False,True,False,False,False
Q2219,Lina Andrijauskaitė,1987-05-29,Lithuanian long jumper,Other,None,0,Moon-Mercury|Moon-Mars|Mercury-Mars,3,None,0,False,False,False,False,False,False,False
Q2220,Konosuke Takeshita,1995-05-29,Japanese professional wrestler,Athlete,Moon,1,Sun-Moon,1,None,0,False,True,False,False,False,False,False
Q2221,Ren Zong,1010-05-30,Chinese emperor,Politics_Government,None,0,None,0,None,0,False,False,False,False,False,False,False
Q2222,"Wills Hill, 1st Marquess of Downshire",1718-05-30,"English politician, Secretary of State for the Colonies",Politics_Government,Moon|Jupiter|Saturn,3,Sun-Moon|Mercury-Mars,2,None,0,False,True,False,False,False,True,True
Q2223,Pierre-Joseph-Olivier Chauveau,1820-05-30,"Canadian lawyer and politician, 1st Premier of Quebec",Politics_Government,None,0,None,0,Jupiter-Saturn,1,False,False,False,False,False,False,False
Q2224,Giovanni Gentile,1875-05-30,Italian philosopher and academic,Academic_Science,None,0,None,0,None,0,False,False,False,False,False,False,False
Q2225,Alexander Archipenko,1887-05-30,Ukrainian-American sculptor and illustrator,Writer_Journalism,None,0,Sun-Mercury|Venus-Saturn,2,Mercury-Venus,1,False,False,False,False,False,False,False
Q2226,Alfred Karindi,1901-05-30,Estonian pianist and composer,Other,None,0,Sun-Venus|Jupiter-Saturn,2,None,0,False,False,False,False,False,False,False
Q2227,Julius Axelrod,1912-05-30,"American biochemist and academic, Nobel Prize laureate",Academic_Science,None,0,Moon-Jupiter|Mercury-Saturn|Venus-Saturn,3,Mars-Moon,1,False,False,False,False,False,False,False
Q2228,Anthony Dryden Marshall,1924-05-30,American CIA officer and diplomat,Other,Mars|Saturn,2,None,0,None,0,False,False,False,False,True,False,True
Q2229,Larry Silverstein,1931-05-30,American real estate magnate,Other,None,0,Mercury-Venus,1,None,0,False,False,False,False,False,False,False
Q2230,Jagmohan Dalmiya,1940-05-30,Indian cricket administrator,Other,None,0,Venus-Mars|Jupiter-Saturn,2,Mercury-Venus,1,False,False,False,False,False,False,False
Q2231,Bertrand Delanoë,1950-05-30,"French politician, 14th Mayor of Paris",Politics_Government,None,0,None,0,Mars-Mercury,1,False,False,False,False,False,False,False
Q2232,Phil Brown,1959-05-30,"English footballer, coach, and manager",Athlete,None,0,Sun-Mercury|Venus-Mars,2,Mercury-Venus,1,False,False,False,False,False,False,False
Q2233,Jason Kenney,1968-05-30,"Canadian lawyer and politician, 18th Premier of Alberta",Politics_Government,None,0,Sun-Venus|Sun-Mars,2,None,0,False,False,False,False,False,False,False
Q2234,Mike Bishai,1979-05-30,Canadian ice hockey player,Athlete,Jupiter,1,Sun-Mercury|Moon-Jupiter|Venus-Mars,3,None,0,False,False,False,False,False,True,False
Q2235,Im Yoon-ah,1990-05-30,South Korean singer and actress,Actor_Media,None,0,None,0,None,0,False,False,False,False,False,False,False
Q2236,"Philipp II, Count of Hanau-Lichtenberg",1462-05-31,,Unknown,None,0,Sun-Mars,1,None,0,False,False,False,False,False,False,False
Q2237,Patriarch Dositheos II of Jerusalem,1641-05-31,,Unknown,None,0,Moon-Saturn|Venus-Mars,2,Mars-Mercury,1,False,False,False,False,False,False,False
Q2238,Robert Torrens,2008-05-31,"Irish-Australian politician, 3rd Premier of South Australia",Politics_Government,None,0,Sun-Venus,1,None,0,False,False,False,False,False,False,False
Q2239,"William Pirrie, 1st Viscount Pirrie",1847-05-31,"Canadian-Irish businessman and politician, Lord Mayor of Belfast",Politics_Government,None,0,Sun-Mercury|Mars-Saturn,2,Mercury-Venus,1,False,False,False,False,False,False,False
Q2240,Rosa May Billinghurst,1875-05-31,British suffragette and women's rights activist,Other,None,0,None,0,None,0,False,False,False,False,False,False,False
Q2241,Norman Vincent Peale,1898-05-31,American minister and author,Politics_Government,None,0,None,0,None,0,False,False,False,False,False,False,False
Q2242,Akira Ifukube,1914-05-31,Japanese composer and educator,Other,None,0,Mercury-Saturn,1,None,0,False,False,False,False,False,False,False
Q2243,Julian Beck,1925-05-31,American actor and director,Actor_Media,Saturn,1,None,0,Mars-Mercury,1,False,False,False,False,False,False,True
Q2244,Jim Hutton,1934-05-31,American actor,Actor_Media,None,0,None,0,Mars-Venus,1,False,False,False,False,False,False,False
Q2245,Rainer Werner Fassbinder,1945-05-31,"German actor, director, and screenwriter",Actor_Media,None,0,Venus-Mars,1,None,0,False,False,False,False,False,False,False
Q2246,Pirkka-Pekka Petelius,1953-05-31,Finnish actor and screenwriter,Actor_Media,None,0,Sun-Jupiter|Mercury-Mars,2,Mars-Venus,1,False,False,False,False,False,False,False
Q2247,Ray Cote,1961-05-31,Canadian ice hockey player,Athlete,None,0,Jupiter-Saturn,1,None,0,False,False,False,False,False,False,False
Q2248,Arun Luthra,1971-05-31,"Indo-Anglo-American saxophonist, konnakol artist, composer, and arranger",Other,Mars,1,Mercury-Venus,1,None,0,False,False,False,False,True,False,False
Q2249,Mikael Antonsson,1981-05-31,Swedish footballer,Athlete,None,0,Mercury-Venus|Jupiter-Saturn,2,None,0,False,False,False,False,False,False,False
Q2250,Azealia Banks,1991-05-31,American singer-songwriter and rapper,Actor_Media,Jupiter,1,Mars-Jupiter,1,Jupiter-Moon,1,False,False,False,False,False,True,False
Q2251,"Geoffrey, Count of Nantes",1134-06-01,,Unknown,Moon|Mars,2,Sun-Moon,1,Moon-Venus,1,False,True,False,False,True,False,False
Q2252,"Robert Cecil, 1st Earl of Salisbury",1563-06-01,"English politician, Secretary of State for England",Politics_Government,Moon,1,Sun-Moon,1,None,0,False,True,False,False,False,False,False
Q2253,Friedrich Laun,1770-06-01,German author,Writer_Journalism,None,0,Mercury-Venus,1,Jupiter-Mars,1,False,False,False,False,False,False,False
Q2254,Otto of Greece,1815-06-01,,Unknown,None,0,None,0,None,0,False,False,False,False,False,False,False
Q2255,Elena Alistar,1873-06-01,Bessarabian politician,Politics_Government,None,0,Moon-Jupiter,1,Mars-Venus,1,False,False,False,False,False,False,False
Q2256,Sydney Kyte,1896-06-01,British bandleader,Other,Jupiter|Saturn,2,None,0,None,0,False,False,False,False,False,True,True
Q2257,Herbert Tichy,1912-06-01,"Austrian geologist, author, and mountaineer",Writer_Journalism,None,0,Mercury-Saturn|Venus-Saturn,2,None,0,False,False,False,False,False,False,False
Q2258,Dilia Díaz Cisneros,1925-06-01,Venezuelan teacher,Other,Saturn,1,None,0,Mars-Mercury,1,False,False,False,False,False,False,True
Q2259,Haruo Remeliik,1933-06-01,"Palauan politician, 1st President of Palau",Politics_Government,None,0,Sun-Mercury|Moon-Mars|Moon-Jupiter|Mercury-Venus|Mars-Jupiter,5,None,0,False,False,False,False,False,False,False
Q2260,Parveen Kumar,1942-06-01,Pakistani-English physician and academic,Academic_Science,None,0,Sun-Saturn|Mercury-Jupiter,2,None,0,False,False,False,False,False,False,False
Q2261,Şenol Güneş,1952-06-01,Turkish footballer and manager,Athlete,None,0,Sun-Venus|Mercury-Venus,2,None,0,False,False,False,False,False,False,False
Q2262,Nambaryn Enkhbayar,1958-06-01,"Mongolian lawyer and politician, 3rd President of Mongolia",Politics_Government,None,0,None,0,None,0,False,False,False,False,False,False,False
Q2263,Luis García Postigo,1969-06-01,Mexican footballer,Athlete,None,0,Sun-Mercury|Venus-Saturn,2,None,0,False,False,False,False,False,False,False
Q2264,Marlon Devonish,1976-06-01,English sprinter and coach,Other,None,0,Sun-Venus,1,None,0,False,False,False,False,False,False,False
Q2265,Zoltán Harsányi,1987-06-01,Slovak footballer,Athlete,None,0,Mercury-Mars,1,None,0,False,False,False,False,False,False,False
Q2266,Abu Sa'id Bahadur Khan,1305-06-02,ruler of Ilkhanate,Other,None,0,None,0,None,0,False,False,False,False,False,False,False
Q2267,William Salmon,1644-06-02,English medical writer,Writer_Journalism,None,0,Moon-Jupiter|Mars-Saturn,2,Jupiter-Mars,1,False,False,False,False,False,False,False
Q2268,Daniel Pollen,1813-06-02,"Irish-New Zealand politician, 9th Prime Minister of New Zealand",Politics_Government,Mars|Jupiter,2,Sun-Venus|Moon-Jupiter,2,None,0,False,False,False,False,True,True,False
Q2269,George Lohmann,1865-06-02,English cricketer,Athlete,Saturn,1,None,0,None,0,False,False,False,False,False,False,True
Q2270,Frank Runacres,1904-06-02,English painter and educator,Other,None,0,Sun-Mars,1,None,0,False,False,False,False,False,False,False
Q2271,Ruth Atkinson,1918-06-02,Canadian-American illustrator,Writer_Journalism,None,0,None,0,Moon-Saturn,1,False,False,False,False,False,False,False
Q2272,Erzsi Kovács,1928-06-02,Hungarian singer,Actor_Media,None,0,Sun-Venus,1,Jupiter-Mars,1,False,False,False,False,False,False,False
Q2273,Kevin Brownlow,1938-06-02,English historian and author,Writer_Journalism,None,0,None,0,Mars-Mercury|Jupiter-Saturn,2,False,False,False,False,False,False,False
Q2274,Richard Long,1945-06-02,"English painter, sculptor, and photographer",Other,None,0,Venus-Mars,1,None,0,False,False,False,False,False,False,False
Q2275,Dennis Haysbert,1954-06-02,American actor and producer,Actor_Media,Saturn,1,Moon-Mercury|Moon-Jupiter|Mercury-Venus|Mercury-Jupiter,4,None,0,False,False,False,False,False,False,True
Q2276,Mark Plaatjes,1962-06-02,South African-American runner and coach,Athlete,Moon,1,Sun-Moon|Sun-Mercury|Moon-Mercury,3,Mercury-Venus,1,False,True,False,False,False,False,False
Q2277,Kurt Abbott,1969-06-02,American baseball player,Athlete,None,0,Sun-Mercury|Venus-Saturn,2,None,0,False,False,False,False,False,False,False
Q2278,Teet Allas,1977-06-02,Estonian footballer,Athlete,None,0,Sun-Jupiter|Venus-Mars,2,None,0,False,False,False,False,False,False,False
Q2279,Jack Afamasaga,1984-06-02,New Zealand rugby league player,Athlete,Saturn,1,Sun-Venus|Mars-Saturn,2,None,0,False,False,False,False,False,False,True
Q2280,Pajtim Kasami,1992-06-02,Swiss footballer,Athlete,None,0,Sun-Mercury|Sun-Venus|Mercury-Venus,3,None,0,False,False,False,False,False,False,False
Q2281,Conon of Naso,1139-06-03,Basilian abbot,Other,Moon,1,None,0,Moon-Venus,1,False,True,False,False,False,False,False
Q2282,Philippe Quinault,1635-06-03,French playwright and composer,Other,Jupiter,1,Sun-Mars,1,Mars-Venus|Jupiter-Moon,2,False,False,False,False,False,True,False
Q2283,Sydney Smith,1771-06-03,English preacher and author,Writer_Journalism,None,0,Mars-Saturn,1,Moon-Saturn,1,False,False,False,False,False,False,False
Q2284,Garret Hobart,1844-06-03,"American lawyer and politician, 24th Vice President of the United States",Politics_Government,None,0,None,0,None,0,False,False,False,False,False,False,False
Q2285,Raoul Dufy,1877-06-03,French painter and illustrator,Writer_Journalism,None,0,Sun-Venus|Moon-Mars,2,None,0,False,False,False,False,False,False,False
Q2286,Maurice Evans,1901-06-03,English actor,Actor_Media,None,0,Jupiter-Saturn,1,None,0,False,False,False,False,False,False,False
Q2287,Ellen Corby,1911-06-03,American actress and screenwriter,Actor_Media,None,0,Mercury-Saturn,1,None,0,False,False,False,False,False,False,False
Q2288,Igor Shafarevich,1923-06-03,Russian mathematician and theorist,Academic_Science,None,0,Sun-Mercury,1,None,0,False,False,False,False,False,False,False
Q2289,Françoise Arnoul,1931-06-03,Algerian-French actress,Actor_Media,None,0,Moon-Saturn|Mercury-Venus,2,None,0,False,False,False,False,False,False,False
Q2290,Michael Clarke,1946-06-03,American drummer,Other,None,0,Sun-Mercury,1,Mercury-Venus,1,False,False,False,False,False,False,False
Q2291,Sam Mills,1959-06-03,American football player,Athlete,None,0,Sun-Mercury|Venus-Mars,2,Mars-Moon,1,False,False,False,False,False,False,False
Q2292,Anderson Cooper,1967-06-03,American journalist and author,Writer_Journalism,Jupiter,1,Venus-Jupiter,1,Jupiter-Moon,1,False,False,False,False,False,True,False
Q2293,Cris,1977-06-03,Brazilian footballer,Athlete,None,0,Sun-Jupiter|Venus-Mars,2,None,0,False,False,False,False,False,False,False
Q2294,Al Horford,1986-06-03,Dominican basketball player,Athlete,None,0,None,0,None,0,False,False,False,False,False,False,False
Q2295,Louis Hofmann,1997-06-03,German actor,Actor_Media,None,0,Moon-Mercury,1,Jupiter-Saturn,1,False,False,False,False,False,False,False
Q2296,Harsha,0590-06-04,Maharajadhiraja of Kannauj,Other,None,0,Sun-Mercury|Sun-Venus|Sun-Jupiter|Mercury-Venus|Mercury-Jupiter|Venus-Jupiter|Venus-Saturn|Jupiter-Saturn,8,None,0,False,False,False,False,False,False,False
Q2297,Benjamin Huntsman,1704-06-04,English inventor and businessman,Business,None,0,Sun-Jupiter|Moon-Mercury,2,Mars-Saturn,1,False,False,False,False,False,False,False
Q2298,Jinmaku Kyūgorō,1829-06-04,"Japanese sumo wrestler, the 12th Yokozuna",Athlete,None,0,Sun-Venus|Mercury-Mars,2,None,0,False,False,False,False,False,False,False
Q2299,Heinrich Otto Wieland,1877-06-04,"German chemist and academic, Nobel Prize laureate",Academic_Science,None,0,Sun-Venus|Moon-Saturn,2,None,0,False,False,False,False,False,False,False
Q2300,Christopher Cockerell,1910-06-04,"English engineer, invented the hovercraft",Engineering_Tech,None,0,Moon-Venus|Moon-Saturn|Venus-Saturn,3,None,0,False,False,False,False,False,False,False
Q2301,Milan Komar,1921-06-04,Slovenian-Argentinian philosopher and academic,Academic_Science,None,0,Sun-Mars|Jupiter-Saturn,2,Mars-Venus,1,False,False,False,False,False,False,False
Q2302,Karolos Papoulias,1929-06-04,"Greek lawyer and politician, 5th President of Greece",Politics_Government,None,0,Sun-Mercury|Moon-Venus,2,Mars-Moon,1,False,False,False,False,False,False,False
Q2303,Freddy Fender,1937-06-04,American singer and guitarist,Actor_Media,None,0,None,0,Jupiter-Saturn,1,False,False,False,False,False,False,False
Q2304,Anthony Braxton,1945-06-04,"American saxophonist, clarinet player, and composer",Athlete,None,0,Venus-Mars,1,None,0,False,False,False,False,False,False,False
Q2305,Linda Lingle,1953-06-04,"American journalist and politician, 6th Governor of Hawaii",Politics_Government,None,0,Sun-Jupiter|Mercury-Mars,2,None,0,False,False,False,False,False,False,False
Q2306,El DeBarge,1961-06-04,American singer-songwriter and producer,Actor_Media,None,0,Jupiter-Saturn,1,None,0,False,False,False,False,False,False,False
Q2307,Niurka Montalvo,1968-06-04,Cuban-Spanish long jumper,Other,None,0,Sun-Venus|Sun-Mars,2,None,0,False,False,False,False,False,False,False
Q2308,Kasey Chambers,1976-06-04,Australian singer-songwriter and guitarist,Actor_Media,None,0,Sun-Venus,1,None,0,False,False,False,False,False,False,False
Q2309,Henri Bedimo,1984-06-04,Cameroonian footballer,Athlete,Saturn,1,Sun-Venus|Mars-Saturn,2,None,0,False,False,False,False,False,False,True
Q2310,Jordan Hugill,1992-06-04,English footballer,Athlete,None,0,Sun-Mercury|Sun-Venus|Mercury-Venus,3,None,0,False,False,False,False,False,False,False
Q2311,"Edmund of Langley, 1st Duke of York",1341-06-05,son of King Edward III of England and Lord Warden of the Cinque Ports,Politics_Government,None,0,None,0,None,0,False,False,False,False,False,False,False
Q2312,Pu Songling,1640-06-05,Chinese author,Writer_Journalism,None,0,Moon-Jupiter,1,None,0,False,False,False,False,False,False,False
Q2313,William Scamp,1801-06-05,English architect and engineer,Engineering_Tech,Jupiter,1,Sun-Mercury|Mars-Jupiter,2,Jupiter-Moon,1,False,False,False,False,False,True,False
Q2314,Isaac Heinemann,1876-06-05,German-Israeli scholar and academic,Academic_Science,None,0,Moon-Jupiter|Mercury-Mars,2,None,0,False,False,False,False,False,False,False
Q2315,Jaan Kikkas,1892-06-05,Estonian weightlifter,Other,Mars,1,None,0,None,0,False,False,False,False,True,False,False
Q2316,Conrad Marca-Relli,1913-06-05,American-Italian painter and academic,Academic_Science,None,0,Sun-Mercury|Sun-Saturn|Moon-Mercury,3,None,0,False,False,False,False,False,False,False
Q2317,Art Donovan,1924-06-05,American football player and radio host,Athlete,Mars|Saturn,2,Moon-Venus,1,None,0,False,False,False,False,True,False,True
Q2318,Vilhjálmur Einarsson,1934-06-05,"Icelandic triple jumper, painter, and educator",Other,None,0,None,0,Mars-Venus,1,False,False,False,False,False,False,False
Q2319,Whitfield Diffie,1944-06-05,American cryptographer and academic,Academic_Science,Jupiter,1,Sun-Venus,1,Mars-Moon,1,False,False,False,False,False,True,False
Q2320,Pierre Bruneau,1952-06-05,Canadian journalist and news anchor,Writer_Journalism,None,0,Sun-Mercury|Sun-Venus|Moon-Mars|Mercury-Venus,4,None,0,False,False,False,False,False,False,False
Q2321,Jeff Garlin,1962-06-05,"American actor, comedian, director, and screenwriter",Actor_Media,None,0,Sun-Mercury|Moon-Venus,2,Mercury-Venus,1,False,False,False,False,False,False,False
Q2322,Susan Lynch,1971-06-05,Northern Irish actress,Actor_Media,Mars,1,Mercury-Venus|Mercury-Saturn|Venus-Saturn,3,None,0,False,False,False,False,True,False,False
Q2323,Nick Kroll,1978-06-05,American actor and comedian,Actor_Media,Moon,1,Sun-Moon|Moon-Mercury|Venus-Jupiter|Mars-Saturn,4,Mercury-Venus,1,False,True,False,False,False,False,False
Q2324,Jeremy Abbott,1985-06-05,American figure skater,Athlete,Saturn,1,Sun-Mercury,1,None,0,False,False,False,False,False,False,True
Q2325,Joazhiño Arroe,1992-06-05,Peruvian footballer,Athlete,None,0,Sun-Mercury|Sun-Venus,2,None,0,False,False,False,False,False,False,False
Q2326,Regiomontanus,1436-06-06,,Unknown,None,0,Venus-Mars,1,Mercury-Venus|Mars-Moon,2,False,False,False,False,False,False,False
Q2327,Nathan Hale,1755-06-06,American soldier,Other,None,0,Sun-Mercury|Moon-Venus,2,None,0,False,False,False,False,False,False,False
Q2328,Henriette Wulfsberg,1843-06-06,Norwegian school owner and writer,Writer_Journalism,None,0,None,0,None,0,False,False,False,False,False,False,False
Q2329,Robert Falcon Scott,1868-06-06,English sailor and explorer,Other,None,0,None,0,None,0,False,False,False,False,False,False,False
Q2330,Joel Rinne,1897-06-06,Finnish actor,Actor_Media,None,0,None,0,None,0,False,False,False,False,False,False,False
Q2331,Max August Zorn,1906-06-06,German mathematician and academic who is noted for Zorn's lemma,Academic_Science,None,0,Sun-Mercury|Sun-Jupiter|Mercury-Jupiter,3,Mercury-Venus,1,False,False,False,False,False,False,False
Q2332,Kenneth Connor,1918-06-06,English comedy actor,Actor_Media,None,0,Sun-Jupiter,1,None,0,False,False,False,False,False,False,False
Q2333,James Barnor,1929-06-06,Ghanaian photographer,Other,Moon,1,Sun-Mercury|Moon-Jupiter,2,None,0,False,True,False,False,False,False,False
Q2334,Jon Henricks,1935-06-06,Australian swimmer; winner of two Olympic gold medals in 1956,Athlete,None,0,None,0,None,0,False,False,False,False,False,False,False
Q2335,Monty Alexander,1944-06-06,Jamaican jazz pianist,Other,Jupiter,1,Sun-Venus,1,Mars-Moon,1,False,False,False,False,False,True,False
Q2336,Harvey Fierstein,1952-06-06,American actor and playwright; winner of four Tony Awards,Actor_Media,None,0,Sun-Mercury|Sun-Venus|Mercury-Venus,3,None,0,False,False,False,False,False,False,False
Q2337,Hirokazu Kore-eda,1962-06-06,Japanese director,Actor_Media,None,0,Sun-Mercury,1,Mercury-Venus,1,False,False,False,False,False,False,False
Q2338,Uncle Kracker,1974-06-06,American musician,Actor_Media,None,0,Mercury-Saturn,1,None,0,False,False,False,False,False,False,False
Q2339,Sebastian Larsson,1985-06-06,Swedish footballer,Athlete,Saturn,1,Sun-Mercury,1,None,0,False,False,False,False,False,False,True
Q2340,Vic Mensa,1993-06-06,American rapper and singer,Actor_Media,None,0,None,0,None,0,False,False,False,False,False,False,False
Q2341,Emperor Jingzong of Western Xia,1003-06-07,,Unknown,Moon,1,Moon-Mercury|Moon-Mars|Mercury-Mars,3,Moon-Venus,1,False,True,False,False,False,False,False
Q2342,Gaetano Berenstadt,1687-06-07,Italian actor and singer,Actor_Media,Mars,1,Moon-Mercury,1,Mercury-Venus,1,False,False,False,False,True,False,False
Q2343,Amelia Edwards,1831-06-07,English journalist and author,Writer_Journalism,None,0,Venus-Mars,1,Mars-Moon,1,False,False,False,False,False,False,False
Q2344,Ture Malmgren,1851-06-07,Swedish journalist and politician,Politics_Government,None,0,Mars-Saturn,1,None,0,False,False,False,False,False,False,False
Q2345,Knud Rasmussen,1879-06-07,Danish anthropologist and explorer,Other,None,0,None,0,Jupiter-Saturn,1,False,False,False,False,False,False,False
Q2346,Gillis Grafström,1893-06-07,Swedish figure skater and architect,Athlete,None,0,Sun-Mercury|Mercury-Venus,2,Mercury-Venus,1,False,False,False,False,False,False,False
Q2347,Georges Van Parys,1902-06-07,French composer,Other,None,0,Moon-Mercury,1,Mars-Venus,1,False,False,False,False,False,False,False
Q2348,Gwendolyn Brooks,1917-06-07,American poet,Writer_Journalism,None,0,Mercury-Mars|Mercury-Jupiter|Mars-Jupiter,3,Mercury-Venus,1,False,False,False,False,False,False,False
Q2349,Paul Salamunovich,1927-06-07,American conductor and educator,Other,None,0,Venus-Mars,1,None,0,False,False,False,False,False,False,False
Q2350,Bert Sugar,1936-06-07,American author and boxing historian,Writer_Journalism,None,0,Sun-Venus|Sun-Mars|Mercury-Venus|Venus-Mars,4,None,0,False,False,False,False,False,False,False
Q2351,Jenny Jones,1946-06-07,Canadian television presenter and comedian,Actor_Media,None,0,Venus-Saturn,1,None,0,False,False,False,False,False,False,False
Q2352,L.A. Reid,1956-06-07,American record executive and producer,Actor_Media,Moon,1,Moon-Mercury,1,Mercury-Venus|Mars-Saturn,2,False,True,False,False,False,False,False
Q2353,Gordon Gano,1963-06-07,American musician,Actor_Media,None,0,Mercury-Venus,1,None,0,False,False,False,False,False,False,False
Q2354,Eric D. Johnson,1976-06-07,American musician,Actor_Media,None,0,Sun-Venus,1,None,0,False,False,False,False,False,False,False
Q2355,Rasmus Vestergaard Madsen,0034-06-07,Danish politician,Politics_Government,Jupiter,1,Sun-Mercury|Venus-Jupiter,2,None,0,False,False,False,False,False,True,False
Q2356,Emperor Xizong of Tang,0862-06-08,,Unknown,None,0,Mercury-Venus|Mars-Jupiter,2,None,0,False,False,False,False,False,False,False
Q2357,John Smeaton,1724-06-08,"English engineer, designed the Coldstream Bridge and Perth Bridge",Engineering_Tech,None,0,Moon-Saturn,1,Jupiter-Saturn,1,False,False,False,False,False,False,False
Q2358,Thomas J. Higgins,1831-06-08,"Canadian-American sergeant, Medal of Honor recipient",Other,None,0,Venus-Mars,1,Mars-Moon,1,False,False,False,False,False,False,False
Q2359,Frank Lloyd Wright,1867-06-08,"American architect, designed the Price Tower and Fallingwater",Engineering_Tech,Saturn,1,None,0,None,0,False,False,False,False,False,False,True
Q2360,Ernst Marcus,1893-06-08,German zoologist,Other,None,0,Sun-Mercury|Mercury-Venus,2,Mercury-Venus,1,False,False,False,False,False,False,False
Q2361,John W. Campbell,1910-06-08,American journalist and author,Writer_Journalism,None,0,Venus-Saturn,1,None,0,False,False,False,False,False,False,False
Q2362,"John R. Deane, Jr.",1919-06-08,American general,Politics_Government,None,0,Sun-Mercury|Sun-Mars|Mercury-Mars,3,None,0,False,False,False,False,False,False,False
Q2363,Gustavo Gutiérrez,1928-06-08,"Peruvian philosopher, theologian and priest",Religion,None,0,Sun-Venus,1,Jupiter-Mars,1,False,False,False,False,False,False,False
Q2364,Molade Okoya-Thomas,1935-06-08,Nigerian businessman and philanthropist,Business,None,0,None,0,None,0,False,False,False,False,False,False,False
Q2365,Doug Mountjoy,1942-06-08,Welsh snooker player,Athlete,None,0,Sun-Mercury|Mercury-Jupiter,2,None,0,False,False,False,False,False,False,False
Q2366,Annie Haslam,1947-06-08,English singer-songwriter and painter,Actor_Media,None,0,None,0,Moon-Saturn,1,False,False,False,False,False,False,False
Q2367,Scott Adams,1957-06-08,American author and illustrator,Writer_Journalism,None,0,None,0,Mercury-Venus,1,False,False,False,False,False,False,False
Q2368,Russell E. Morris,1967-06-08,Welsh chemist and academic,Academic_Science,Moon|Jupiter,2,Sun-Moon|Venus-Jupiter,2,Moon-Venus,1,False,True,False,False,False,True,False
Q2369,Kanye West,1977-06-08,"American rapper, producer, director, and fashion designer",Actor_Media,None,0,Sun-Jupiter|Venus-Mars,2,Moon-Saturn,1,False,False,False,False,False,False,False
Q2370,Alexandre Despatie,1985-06-08,"Canadian diver, twice Olympic silver 3m springboard silver medallist",Other,Saturn,1,Sun-Mercury,1,None,0,False,False,False,False,False,False,True
Q2371,Deokjong of Goryeo,1016-06-09,ruler of Korea,Other,None,0,Sun-Venus|Mercury-Jupiter,2,None,0,False,False,False,False,False,False,False
Q2372,"Leopold I, Holy Roman Emperor",1640-06-09,,Unknown,None,0,Moon-Mars|Moon-Saturn|Mars-Saturn,3,None,0,False,False,False,False,False,False,False
Q2373,George Stephenson,1781-06-09,"English engineer, designed the Liverpool and Manchester Railway",Engineering_Tech,Mars,1,Sun-Mercury|Sun-Venus|Moon-Mars|Mercury-Venus,4,Mars-Saturn,1,False,False,False,False,True,False,False
Q2374,Charles Joseph Bonaparte,1851-06-09,"American lawyer and politician, 46th United States Attorney General",Politics_Government,None,0,Mars-Saturn,1,None,0,False,False,False,False,False,False,False
Q2375,Robert Kerr,1882-06-09,Irish-Canadian sprinter and coach,Other,None,0,Sun-Jupiter|Mercury-Venus,2,None,0,False,False,False,False,False,False,False
Q2376,Fred Waring,1900-06-09,"American singer, bandleader, and television host",Actor_Media,None,0,None,0,Moon-Venus,1,False,False,False,False,False,False,False
Q2377,Jim McDonald,1915-06-09,American football player and coach,Athlete,None,0,Moon-Mars|Mercury-Saturn,2,None,0,False,False,False,False,False,False,False
Q2378,Keith Laumer,1925-06-09,American soldier and author,Writer_Journalism,Saturn,1,Moon-Jupiter,1,Mercury-Venus,1,False,False,False,False,False,False,True
Q2379,Michael Mates,1934-06-09,English colonel and politician,Politics_Government,None,0,None,0,Mars-Venus,1,False,False,False,False,False,False,False
Q2380,Anton Burghardt,1942-06-09,German footballer and manager,Athlete,None,0,Sun-Mercury|Mercury-Jupiter,2,Mars-Moon,1,False,False,False,False,False,False,False
Q2381,Michael Patrick Cronan,1951-06-09,American graphic designer and academic,Academic_Science,None,0,Sun-Mars|Moon-Venus,2,None,0,False,False,False,False,False,False,False
Q2382,Steve Paikin,1960-06-09,Canadian journalist and author,Writer_Journalism,None,0,Sun-Venus,1,None,0,False,False,False,False,False,False,False
Q2383,Gilles De Bilde,1971-06-09,Belgian footballer and sportscaster,Athlete,Mars,1,Mercury-Venus|Mercury-Saturn|Venus-Saturn,3,None,0,False,False,False,False,True,False,False
Q2384,D'banj,1980-06-09,Nigerian singer-songwriter and harmonica player,Athlete,None,0,Mars-Saturn,1,None,0,False,False,False,False,False,False,False
Q2385,Jason Demers,1988-06-09,Canadian ice hockey player,Athlete,None,0,Sun-Mercury|Sun-Venus|Mercury-Venus,3,None,0,False,False,False,False,False,False,False
Q2386,Emperor Uda,0867-06-10,of Japan,Other,None,0,Sun-Moon,1,Mars-Saturn,1,False,False,False,False,False,False,False
Q2387,James Francis Edward Stuart,1688-06-10,claimant to the English and Scottish throne,Other,None,0,None,0,None,0,False,False,False,False,False,False,False
Q2388,Stephen Mosher Wood,1832-06-10,American lieutenant and politician,Politics_Government,None,0,None,0,None,0,False,False,False,False,False,False,False
Q2389,Mrs. Leslie Carter,1862-06-10,American actress,Actor_Media,None,0,Jupiter-Saturn,1,None,0,False,False,False,False,False,False,False
Q2390,Sessue Hayakawa,1886-06-10,Japanese actor and producer,Actor_Media,None,0,Sun-Mercury|Mars-Jupiter,2,None,0,False,False,False,False,False,False,False
Q2391,Fairfield Porter,1907-06-10,American painter and critic,Other,Moon,1,Sun-Moon|Mercury-Jupiter,2,None,0,False,True,False,False,False,False,False
Q2392,Saul Bellow,1915-06-10,"Canadian-American novelist, essayist and short story writer, Nobel Prize laureate",Writer_Journalism,Moon,1,Moon-Venus|Mercury-Saturn,2,None,0,False,True,False,False,False,False,False
Q2393,Leo Gravelle,1925-06-10,Canadian ice hockey player,Athlete,Saturn,1,None,0,Mercury-Venus,1,False,False,False,False,False,False,True
Q2394,Chuck Fairbanks,1933-06-10,American football player and coach,Athlete,None,0,Mercury-Venus|Mars-Jupiter,2,None,0,False,False,False,False,False,False,False
Q2395,Simon Jenkins,1943-06-10,English journalist and author,Writer_Journalism,Jupiter,1,Sun-Saturn|Venus-Jupiter,2,None,0,False,False,False,False,False,True,False
Q2396,Annette Schavan,1955-06-10,German theologian and politician,Politics_Government,Jupiter|Saturn,2,None,0,None,0,False,False,False,False,False,True,True
Q2397,Susanne Albers,1965-06-10,German computer scientist and academic,Academic_Science,None,0,Sun-Mercury|Mercury-Jupiter,2,Mercury-Venus,1,False,False,False,False,False,False,False
Q2398,Faith Evans,1973-06-10,"American singer-songwriter, producer, and actress",Actor_Media,None,0,Sun-Saturn|Mercury-Venus,2,None,0,False,False,False,False,False,False,False
Q2399,Mat Jackson,1981-06-10,English racing driver,Other,None,0,Moon-Jupiter|Moon-Saturn|Mercury-Venus|Jupiter-Saturn,4,None,0,False,False,False,False,False,False,False
Q2400,David Miller,1989-06-10,South African cricketer,Athlete,None,0,Sun-Jupiter,1,Mercury-Venus,1,False,False,False,False,False,False,False
Q2401,"John IV, Duke of Brabant",1403-06-11,,Unknown,Mars,1,Mars-Saturn,1,None,0,False,False,False,False,True,False,False
Q2402,John Moore,1620-06-11,"English businessman and politician, Lord Mayor of London",Politics_Government,None,0,Sun-Mars|Sun-Saturn|Mercury-Mars,3,Moon-Venus,1,False,False,False,False,False,False,False
Q2403,Joachim Martin Falbe,1709-06-11,German painter,Other,None,0,Sun-Venus|Mercury-Saturn,2,None,0,False,False,False,False,False,False,False
Q2404,James F. Schenck,1807-06-11,American admiral,Other,Saturn,1,Sun-Mercury,1,None,0,False,False,False,False,False,False,True
Q2405,William Louis Marshall,1846-06-11,American general and engineer,Politics_Government,None,0,None,0,None,0,False,False,False,False,False,False,False
Q2406,Roger Bresnahan,1879-06-11,American baseball player and manager,Athlete,None,0,Moon-Jupiter,1,Jupiter-Saturn,1,False,False,False,False,False,False,False
Q2407,Yasunari Kawabata,1899-06-11,Japanese novelist and short story writer Nobel Prize laureate,Writer_Journalism,None,0,Sun-Mercury,1,None,0,False,False,False,False,False,False,False
Q2408,Jan Hendrik van den Berg,1914-06-11,Dutch psychiatrist and academic,Academic_Science,None,0,Sun-Saturn|Mercury-Venus,2,None,0,False,False,False,False,False,False,False
Q2409,Beryl Grey,1927-06-11,English ballerina,Other,None,0,Venus-Mars,1,Moon-Venus,1,False,False,False,False,False,False,False
Q2410,Parris Glendening,1942-06-11,"American politician, 59th Governor of Maryland",Politics_Government,Moon,1,Sun-Mercury,1,None,0,False,True,False,False,False,False,False
Q2411,Yuriy Sedykh,1955-06-11,Ukrainian hammer thrower,Other,Jupiter|Saturn,2,Sun-Mercury,1,None,0,False,False,False,False,False,True,True
Q2412,Graeme Bachop,1967-06-11,New Zealand rugby player,Athlete,Jupiter,1,Moon-Venus|Moon-Jupiter|Venus-Jupiter,3,None,0,False,False,False,False,False,True,False
Q2413,Ryan Dunn,1977-06-11,American stunt performer,Other,None,0,Sun-Jupiter|Venus-Mars,2,None,0,False,False,False,False,False,False,False
Q2414,Brad Jacobs,1985-06-11,Canadian curler,Other,Saturn,1,Sun-Mercury|Mercury-Mars,2,None,0,False,False,False,False,False,False,True
Q2415,Davide Zappacosta,1992-06-11,Italian footballer,Athlete,None,0,Sun-Venus,1,None,0,False,False,False,False,False,False,False
Q2416,Reizei,0950-06-12,Japanese emperor,Politics_Government,None,0,None,0,None,0,False,False,False,False,False,False,False
Q2417,Paul Guldin,1577-06-12,Swiss astronomer and mathematician,Academic_Science,None,0,Sun-Mercury|Moon-Saturn,2,None,0,False,False,False,False,False,False,False
Q2418,Robert Clark,1777-06-12,American physician and politician,Politics_Government,Jupiter|Saturn,2,None,0,None,0,False,False,False,False,False,True,True
Q2419,Johanna Spyri,1827-06-12,"Swiss author, best known for ''Heidi''",Writer_Journalism,None,0,Sun-Mercury|Mercury-Mars|Mars-Saturn,3,None,0,False,False,False,False,False,False,False
Q2420,William Attewell,1861-06-12,English cricketer and umpire,Athlete,None,0,Mercury-Mars,1,None,0,False,False,False,False,False,False,False
Q2421,Eugénie Brazier,1895-06-12,French chef,Other,Saturn,1,Mercury-Jupiter|Venus-Mars,2,None,0,False,False,False,False,False,False,True
Q2422,Jean Victor Allard,1913-06-12,Canadian general,Politics_Government,None,0,None,0,None,0,False,False,False,False,False,False,False
Q2423,Margherita Hack,1922-06-12,Italian astrophysicist and author,Academic_Science,None,0,None,0,None,0,False,False,False,False,False,False,False
Q2424,Mimi Coertse,1932-06-12,South African soprano and producer,Actor_Media,Jupiter,1,Sun-Mercury,1,Mercury-Venus,1,False,False,False,False,False,True,False
Q2425,Marv Albert,1941-06-12,American sportscaster,Other,None,0,None,0,Mars-Saturn,1,False,False,False,False,False,False,False
Q2426,Spencer Abraham,1952-06-12,"American academic and politician, 10th United States Secretary of Energy",Politics_Government,None,0,Sun-Mercury|Sun-Venus|Mercury-Venus,3,None,0,False,False,False,False,False,False,False
Q2427,Philippe Bugalski,1963-06-12,French racing driver,Other,None,0,Moon-Saturn|Mercury-Venus,2,None,0,False,False,False,False,False,False,False
Q2428,Mark Henry,1971-06-12,American weightlifter and wrestler,Athlete,Mars,1,Venus-Saturn,1,None,0,False,False,False,False,True,False,False
Q2429,Marco Bortolami,1980-06-12,Italian rugby player,Athlete,Moon,1,Sun-Moon|Sun-Venus|Mars-Saturn,3,None,0,False,True,False,False,False,False,False
Q2430,Emma Eliasson,1989-06-12,Swedish ice hockey player,Athlete,None,0,Sun-Jupiter,1,Mercury-Venus,1,False,False,False,False,False,False,False
Q2431,Charles the Bald,0823-06-13,Holy Roman Emperor,Politics_Government,Moon,1,Venus-Saturn,1,None,0,False,True,False,False,False,False,False
Q2432,"Sir Vincent Corbet, 1st Baronet",1617-06-13,English politician,Politics_Government,None,0,None,0,None,0,False,False,False,False,False,False,False
Q2433,José Antonio Páez,1790-06-13,"Venezuelan general and politician, President of Venezuela",Politics_Government,None,0,Moon-Mercury,1,None,0,False,False,False,False,False,False,False
Q2434,Karl Blossfeldt,1865-06-13,German photographer,Other,Saturn,1,None,0,None,0,False,False,False,False,False,False,True
Q2435,Henry George Lamond,1885-06-13,Australian farmer and author,Writer_Journalism,None,0,Sun-Moon|Sun-Saturn|Moon-Venus|Moon-Saturn|Venus-Saturn,5,Mercury-Venus,1,False,False,False,False,False,False,False
Q2436,Ian Hunter,1900-06-13,British Cape Colony actor of stage and film,Actor_Media,None,0,Moon-Saturn,1,None,0,False,False,False,False,False,False,False
Q2437,Hector de Saint-Denys Garneau,1912-06-13,Canadian poet and painter,Writer_Journalism,Moon,1,Sun-Mercury|Sun-Venus|Moon-Saturn|Mercury-Venus,4,None,0,False,True,False,False,False,False,False
Q2438,Etienne Leroux,1922-06-13,South African author,Writer_Journalism,None,0,Sun-Mercury,1,None,0,False,False,False,False,False,False,False
Q2439,"Raymond Jolliffe, 5th Baron Hylton",1932-06-13,English politician,Politics_Government,Jupiter,1,Sun-Mercury,1,Mercury-Venus,1,False,False,False,False,False,True,False
Q2440,Harry Collins,1943-06-13,"English sociologist, author and academic",Academic_Science,Jupiter,1,Sun-Saturn,1,None,0,False,False,False,False,False,True,False
Q2441,Jean-Marie Dedecker,1952-06-13,Belgian martial artist and politician,Politics_Government,None,0,Sun-Mercury|Sun-Venus,2,None,0,False,False,False,False,False,False,False
Q2442,Bettina Bunge,1963-06-13,Swiss-German tennis player,Athlete,None,0,Mercury-Venus,1,None,0,False,False,False,False,False,False,False
Q2443,Natalie MacMaster,1972-06-13,Canadian fiddler,Other,None,0,Sun-Venus|Moon-Mars|Mercury-Venus,3,None,0,False,False,False,False,False,False,False
Q2444,Chris Evans,1981-06-13,American actor and producer,Actor_Media,None,0,Mercury-Venus|Jupiter-Saturn,2,None,0,False,False,False,False,False,False,False
Q2445,James McCann,1990-06-13,American baseball player,Athlete,None,0,None,0,None,0,False,False,False,False,False,False,False
Q2446,Nilakantha Somayaji,1444-06-14,Indian astronomer and mathematician,Academic_Science,None,0,Sun-Jupiter|Jupiter-Saturn,2,None,0,False,False,False,False,False,False,False
Q2447,Charles-Augustin de Coulomb,1736-06-14,French physicist and engineer,Academic_Science,None,0,Venus-Saturn,1,None,0,False,False,False,False,False,False,False
Q2448,Henry Gardner,1819-06-14,"American merchant and politician, 23rd Governor of Massachusetts",Politics_Government,None,0,None,0,Jupiter-Saturn,1,False,False,False,False,False,False,False
Q2449,Robert M. La Follette,1855-06-14,"American lawyer and politician, 20th Governor of Wisconsin",Politics_Government,Moon,1,Sun-Moon|Sun-Saturn|Moon-Saturn,3,Moon-Venus,1,False,True,False,False,False,False,False
Q2450,János Szlepecz,1872-06-14,Slovene priest and author,Writer_Journalism,Jupiter,1,Sun-Mars|Mercury-Venus|Mercury-Mars|Venus-Mars,4,None,0,False,False,False,False,False,True,False
Q2451,Jack Adams,1895-06-14,"Canadian-American ice hockey player, coach, and manager",Athlete,Saturn,1,Mercury-Jupiter|Venus-Mars,2,None,0,False,False,False,False,False,False,True
Q2452,Burl Ives,1909-06-14,American actor and singer,Actor_Media,None,0,Sun-Mercury,1,None,0,False,False,False,False,False,False,False
Q2453,Martha Greenhouse,1921-06-14,American actress,Actor_Media,None,0,Sun-Mars|Jupiter-Saturn,2,None,0,False,False,False,False,False,False,False
Q2454,Renaldo Benson,1936-06-14,American singer-songwriter,Actor_Media,None,0,Sun-Venus|Sun-Mars|Venus-Mars,3,None,0,False,False,False,False,False,False,False
Q2455,Robert Louis-Dreyfus,1946-06-14,French-Swiss businessman,Business,None,0,Venus-Saturn,1,None,0,False,False,False,False,False,False,False
Q2456,Will Patton,1954-06-14,American actor,Actor_Media,Saturn,1,None,0,None,0,False,False,False,False,False,False,True
Q2457,Faizon Love,1968-06-14,Cuban-American actor and screenwriter,Actor_Media,None,0,Sun-Mercury|Sun-Venus|Sun-Mars|Mercury-Venus|Mercury-Mars|Venus-Mars,6,None,0,False,False,False,False,False,False,False
Q2458,Boeta Dippenaar,1977-06-14,South African cricketer,Athlete,Moon,1,Sun-Jupiter|Moon-Mercury|Venus-Mars,3,None,0,False,True,False,False,False,False,False
Q2459,Oleg Medvedev,1985-06-14,. Russian luger,Other,Saturn,1,Moon-Venus|Mercury-Mars,2,None,0,False,False,False,False,False,False,True
Q2460,Daryl Sabara,1992-06-14,American actor,Actor_Media,None,0,Sun-Venus,1,None,0,False,False,False,False,False,False,False
Q2461,"Edward, the Black Prince",1330-06-15,of England,Other,None,0,Sun-Mercury,1,None,0,False,False,False,False,False,False,False
Q2462,Hiob Ludolf,1624-06-15,German orientalist and philologist,Other,None,0,Sun-Moon|Mercury-Mars,2,None,0,False,False,False,False,False,False,False
Q2463,Rachel Jackson,1767-06-15,American wife of Andrew Jackson,Other,None,0,Sun-Mercury|Sun-Saturn|Mercury-Saturn,3,None,0,False,False,False,False,False,False,False
Q2464,Alfonso Corti,1822-06-15,Italian anatomist,Other,None,0,Moon-Saturn|Venus-Saturn,2,None,0,False,False,False,False,False,False,False
Q2465,Harry Langdon,1884-06-15,"American actor, director, and screenwriter",Actor_Media,Jupiter,1,Venus-Jupiter,1,None,0,False,False,False,False,False,True,False
Q2466,Erik Erikson,1902-06-15,German-American psychologist and psychoanalyst,Other,None,0,None,0,Mars-Venus,1,False,False,False,False,False,False,False
Q2467,Nini Theilade,1915-06-15,"Danish ballet dancer, choreographer, and educator",Other,None,0,Mercury-Saturn,1,None,0,False,False,False,False,False,False,False
Q2468,Hédi Fried,1924-06-15,Swedish author and psychologist,Writer_Journalism,Saturn,1,None,0,Mercury-Venus,1,False,False,False,False,False,False,True
Q2469,Ruby Nash Garnett,1934-06-15,American R&B singer,Actor_Media,None,0,None,0,Mars-Venus,1,False,False,False,False,False,False,False
Q2470,Robert D. Keppel,1944-06-15,American police officer and academic,Academic_Science,Jupiter,1,Sun-Venus|Sun-Saturn,2,Jupiter-Moon,1,False,False,False,False,False,True,False
Q2471,Satya Pal Jain,1952-06-15,"Indian lawyer and politician, Additional Solicitor General of India",Politics_Government,None,0,Sun-Mercury|Sun-Venus,2,None,0,False,False,False,False,False,False,False
Q2472,Michèle Laroque,1960-06-15,"French actress, producer, and screenwriter",Actor_Media,None,0,Sun-Venus,1,None,0,False,False,False,False,False,False,False
Q2473,Jesse Bélanger,1969-06-15,Canadian ice hockey player,Athlete,None,0,Sun-Moon|Venus-Saturn,2,None,0,False,False,False,False,False,False,False
Q2474,Yulia Nestsiarenka,1979-06-15,Belarusian sprinter,Other,Jupiter,1,None,0,None,0,False,False,False,False,False,True,False
Q2475,Bayley,1989-06-15,American wrestler,Athlete,None,0,Sun-Jupiter,1,Mercury-Venus,1,False,False,False,False,False,False,False
Q2476,Emperor Konoe,1139-06-16,of Japan,Other,None,0,Sun-Mercury,1,Moon-Venus,1,False,False,False,False,False,False,False
Q2477,John Cleveland,1613-06-16,English poet and educator,Writer_Journalism,Moon,1,Sun-Mercury|Mercury-Venus,2,None,0,False,True,False,False,False,False,False
Q2478,Salawat Yulayev,1754-06-16,Russian poet,Writer_Journalism,Jupiter,1,Sun-Mercury|Mars-Jupiter,2,Mars-Moon,1,False,False,False,False,False,True,False
Q2479,Geronimo,1829-06-16,Apache military leader,Politics_Government,None,0,Sun-Venus|Moon-Jupiter|Mercury-Mars,3,None,0,False,False,False,False,False,False,False
Q2480,Francisco León de la Barra,1863-06-16,Mexican politician and diplomat,Politics_Government,None,0,Sun-Moon|Sun-Mercury|Moon-Mercury|Venus-Mars,4,None,0,False,False,False,False,False,False,False
Q2481,Stan Laurel,1890-06-16,English actor and comedian,Actor_Media,Moon,1,None,0,Moon-Venus,1,False,True,False,False,False,False,False
Q2482,Juan Velasco Alvarado,1910-06-16,"Peruvian general and politician, 1st President of Peru",Politics_Government,None,0,None,0,None,0,False,False,False,False,False,False,False
Q2483,Faith Domergue,1924-06-16,American actress,Actor_Media,Saturn,1,Moon-Jupiter,1,Mercury-Venus,1,False,False,False,False,False,False,True
Q2484,Thomas Boyd-Carpenter,1938-06-16,English general,Politics_Government,None,0,Sun-Mercury,1,Jupiter-Saturn,1,False,False,False,False,False,False,False
Q2485,Al Cowlings,1947-06-16,American football player and actor,Athlete,None,0,Moon-Mars,1,None,0,False,False,False,False,False,False,False
Q2486,Grete Faremo,1955-06-16,"Norwegian politician, Norwegian Minister of Defence",Politics_Government,Jupiter|Saturn,2,Sun-Mercury,1,None,0,False,False,False,False,False,True,True
Q2487,Danny Burstein,1964-06-16,American actor and singer,Actor_Media,None,0,Sun-Venus,1,Mercury-Venus,1,False,False,False,False,False,False,False
Q2488,John Cho,1972-06-16,American actor,Actor_Media,None,0,Sun-Venus,1,None,0,False,False,False,False,False,False,False
Q2489,May Andersen,1982-06-16,Danish model and actress,Actor_Media,None,0,None,0,None,0,False,False,False,False,False,False,False
Q2490,Joe McElderry,1991-06-16,English singer-songwriter,Actor_Media,Jupiter,1,Sun-Mercury|Venus-Mars|Venus-Jupiter|Mars-Jupiter,4,None,0,False,False,False,False,False,True,False
Q2491,Drogo of Metz,0801-06-17,Frankish bishop,Religion,None,0,Sun-Venus,1,Mercury-Moon,1,False,False,False,False,False,False,False
Q2492,Charles XII,1682-06-17,Swedish king,Politics_Government,Jupiter,1,Sun-Mercury,1,None,0,False,False,False,False,False,True,False
Q2493,Henrik Wergeland,1808-06-17,"Norwegian poet, playwright, and linguist",Writer_Journalism,Saturn,1,Venus-Mars,1,None,0,False,False,False,False,False,False,True
Q2494,Pete Browning,1861-06-17,American baseball player,Athlete,None,0,Mercury-Mars,1,None,0,False,False,False,False,False,False,False
Q2495,"Adolphus Frederick VI, Grand Duke of Mecklenburg-Strelitz",1882-06-17,,Unknown,None,0,Moon-Mercury,1,None,0,False,False,False,False,False,False,False
Q2496,Ralph Bellamy,1904-06-17,American actor,Actor_Media,None,0,Sun-Venus|Sun-Mars|Venus-Mars,3,None,0,False,False,False,False,False,False,False
Q2497,Ajahn Chah,1918-06-17,Thai monk and educator,Religion,None,0,Sun-Jupiter,1,None,0,False,False,False,False,False,False,False
Q2498,Bud Collins,1929-06-17,American journalist and sportscaster,Writer_Journalism,None,0,None,0,None,0,False,False,False,False,False,False,False
Q2499,Nicholas C. Handy,1941-06-17,English chemist and academic,Academic_Science,None,0,Mercury-Venus,1,Mars-Saturn,1,False,False,False,False,False,False,False
Q2500,Snakefinger,1949-06-17,English singer-songwriter and guitarist,Actor_Media,None,0,Mercury-Mars,1,Mercury-Venus,1,False,False,False,False,False,False,False
Q2501,Pierre Berbizier,1958-06-17,French rugby player and coach,Athlete,None,0,Sun-Moon|Sun-Mercury|Moon-Mercury,3,None,0,False,False,False,False,False,False,False
Q2502,Mohammed Ghazy Al-Akhras,1966-06-17,Iraqi journalist and author,Writer_Journalism,Moon,1,Moon-Mars,1,Mars-Venus,1,False,True,False,False,False,False,False
Q2503,Joshua Leonard,1975-06-17,"American actor, director, and screenwriter",Actor_Media,None,0,Mars-Jupiter,1,None,0,False,False,False,False,False,False,False
Q2504,Lee Ryan,1983-06-17,English singer/actor,Actor_Media,Saturn,1,Sun-Mars,1,None,0,False,False,False,False,False,False,True
Q2505,Daniel Tupou,1991-06-17,Australian-Tongan rugby league player,Athlete,Jupiter,1,Sun-Mercury|Venus-Mars|Venus-Jupiter|Mars-Jupiter,4,None,0,False,False,False,False,False,True,False
Q2506,"Eleanor of England, Countess of Bar",1269-06-18,,Unknown,None,0,Mercury-Saturn|Mars-Jupiter,2,None,0,False,False,False,False,False,False,False
Q2507,Antonio de Literes,1673-06-18,Spanish composer,Other,None,0,None,0,Mercury-Venus,1,False,False,False,False,False,False,False
Q2508,Ludwig Freiherr von und zu der Tann-Rathsamhausen,1815-06-18,German general,Politics_Government,None,0,None,0,Moon-Venus,1,False,False,False,False,False,False,False
Q2509,Andrew Forsyth,1858-06-18,Scottish-English mathematician and academic,Academic_Science,None,0,Mercury-Jupiter|Venus-Saturn,2,None,0,False,False,False,False,False,False,False
Q2510,Édouard Daladier,1884-06-18,"French captain and politician, Prime Minister of France",Politics_Government,Jupiter,1,Venus-Jupiter,1,Jupiter-Moon,1,False,False,False,False,False,True,False
Q2511,Keye Luke,1904-06-18,Chinese-American actor,Actor_Media,None,0,Sun-Venus|Sun-Mars|Venus-Mars,3,None,0,False,False,False,False,False,False,False
Q2512,E. G. Marshall,1914-06-18,American actor,Actor_Media,None,0,Sun-Saturn|Mercury-Venus,2,None,0,False,False,False,False,False,False,False
Q2513,Robert Beadell,1925-06-18,American composer and educator,Other,Moon|Saturn,2,Sun-Mercury,1,None,0,False,True,False,False,False,False,True
Q2514,Brian Kenny,1934-06-18,English general,Politics_Government,None,0,None,0,Mars-Venus,1,False,False,False,False,False,False,False
Q2515,Russell Ash,1946-06-18,English journalist and author,Writer_Journalism,None,0,Venus-Saturn,1,Moon-Saturn,1,False,False,False,False,False,False,False
Q2516,Ed Fast,1955-06-18,Canadian lawyer and politician,Politics_Government,Moon|Jupiter|Saturn,3,Sun-Mercury|Moon-Venus,2,None,0,False,True,False,False,False,True,True
Q2517,Uday Hussein,1964-06-18,Iraqi commander,Other,None,0,Sun-Venus,1,Mercury-Venus,1,False,False,False,False,False,False,False
Q2518,Julie Depardieu,1973-06-18,French actress,Actor_Media,None,0,Sun-Saturn|Mercury-Venus,2,None,0,False,False,False,False,False,False,False
Q2519,Billy Slater,1983-06-18,Australian rugby league player,Athlete,Saturn,1,Sun-Mars,1,None,0,False,False,False,False,False,False,True
Q2520,Dennis Lloyd,1993-06-18,"Israeli musician, producer, singer, songwriter, and multi-instrumentalist",Actor_Media,Moon,1,None,0,None,0,False,True,False,False,False,False,False
Q2521,Prince Morikuni,1301-06-19,''shōgun'' of Japan,Other,None,0,Moon-Saturn,1,None,0,False,False,False,False,False,False,False
Q2522,Philipp van Limborch,1633-06-19,Dutch author and theologian,Writer_Journalism,None,0,Mercury-Jupiter,1,None,0,False,False,False,False,False,False,False
Q2523,James Braid,1795-06-19,Scottish-English surgeon,Medicine,None,0,Sun-Mars,1,None,0,False,False,False,False,False,False,False
Q2524,Cléophas Beausoleil,1845-06-19,Canadian journalist and politician,Politics_Government,None,0,Mars-Saturn,1,Mercury-Venus,1,False,False,False,False,False,False,False
Q2525,Alajos Szokolyi,1871-06-19,"Hungarian hurdler, jumper, and physician",Academic_Science,None,0,Moon-Jupiter,1,None,0,False,False,False,False,False,False,False
Q2526,Finley Hamilton,1886-06-19,American lawyer and politician,Politics_Government,None,0,Mercury-Saturn|Mars-Jupiter,2,None,0,False,False,False,False,False,False,False
Q2527,Ernst Boris Chain,1906-06-19,"German-Irish biochemist and academic, Nobel Prize laureate",Academic_Science,Moon,1,Sun-Mars|Sun-Jupiter|Mercury-Mars,3,Moon-Venus,1,False,True,False,False,False,False,False
Q2528,Joshua Nkomo,1917-06-19,"Zimbabwean guerrilla leader and politician, Vice President of Zimbabwe",Politics_Government,None,0,Sun-Moon|Mercury-Mars|Mars-Jupiter,3,Mercury-Venus,1,False,False,False,False,False,False,False
Q2529,Gena Rowlands,1930-06-19,American actress,Actor_Media,None,0,Sun-Jupiter,1,None,0,False,False,False,False,False,False,False
Q2530,Bernd Hoss,1939-06-19,German footballer and manager,Athlete,Mars,1,None,0,Mars-Saturn,1,False,False,False,False,True,False,False
Q2531,Neil Asher Silberman,1950-06-19,American archaeologist and historian,Writer_Journalism,None,0,None,0,None,0,False,False,False,False,False,False,False
Q2532,Andrew Dilnot,1960-06-19,English economist and academic,Academic_Science,None,0,Sun-Venus|Moon-Mars,2,None,0,False,False,False,False,False,False,False
Q2533,José Emilio Amavisca,1971-06-19,Spanish footballer,Athlete,Mars,1,Sun-Mercury,1,None,0,False,False,False,False,True,False,False
Q2534,Jean Carroll,1980-06-19,Irish cricketer,Athlete,None,0,Sun-Venus|Moon-Mars|Moon-Saturn|Mars-Saturn,4,None,0,False,False,False,False,False,False,False
Q2535,Jacob deGrom,1988-06-19,American baseball player,Athlete,None,0,Mercury-Venus,1,None,0,False,False,False,False,False,False,False
Q2536,Ali az-Zahir,1005-06-20,Fatimid caliph of Egypt,Other,None,0,Sun-Mars|Sun-Jupiter|Mars-Jupiter,3,None,0,False,False,False,False,False,False,False
Q2537,Jacques Saly,1717-06-20,French sculptor and painter,Other,None,0,Sun-Venus,1,None,0,False,False,False,False,False,False,False
Q2538,Jean-Jacques Lartigue,1777-06-20,Canadian bishop,Religion,Jupiter|Saturn,2,Sun-Mercury,1,Jupiter-Moon,1,False,False,False,False,False,True,True
Q2539,Richard Lodge,1855-06-20,English historian and academic,Academic_Science,None,0,Sun-Saturn,1,None,0,False,False,False,False,False,False,False
Q2540,Georges Dufrénoy,1870-06-20,French painter and academic,Academic_Science,None,0,Mercury-Mars|Mercury-Jupiter|Mars-Jupiter,3,Mars-Venus,1,False,False,False,False,False,False,False
Q2541,Wilhelm Zaisser,1893-06-20,German soldier and politician,Politics_Government,None,0,Mercury-Venus|Mercury-Mars,2,None,0,False,False,False,False,False,False,False
Q2542,Jimmy Driftwood,1907-06-20,American singer-songwriter and banjo player,Athlete,None,0,Mercury-Jupiter,1,None,0,False,False,False,False,False,False,False
Q2543,Helena Rasiowa,1917-06-20,Austrian-Polish mathematician and academic,Academic_Science,None,0,Moon-Venus|Mercury-Mars|Mars-Jupiter,3,Mercury-Venus,1,False,False,False,False,False,False,False
Q2544,Magdalena Abakanowicz,1930-06-20,Polish sculptor and academic,Academic_Science,None,0,Sun-Jupiter,1,None,0,False,False,False,False,False,False,False
Q2545,Ramakant Desai,1939-06-20,Indian cricketer,Athlete,Mars,1,None,0,Mars-Saturn,1,False,False,False,False,True,False,False
Q2546,Nouri al-Maliki,1950-06-20,"Iraqi politician, 76th Prime Minister of Iraq",Politics_Government,None,0,None,0,None,0,False,False,False,False,False,False,False
Q2547,Robert B. Weide,1959-06-20,"American screenwriter, producer and director",Actor_Media,None,0,Venus-Mars,1,None,0,False,False,False,False,False,False,False
Q2548,Rodney Rogers,1971-06-20,American basketball player and coach,Athlete,Moon|Mars,2,Sun-Mercury|Moon-Saturn,2,None,0,False,True,False,False,True,False,False
Q2549,Brede Hangeland,1981-06-20,Norwegian footballer,Athlete,None,0,Sun-Mercury|Jupiter-Saturn,2,None,0,False,False,False,False,False,False,False
Q2550,Kalidou Koulibaly,1991-06-20,Senegalese footballer,Athlete,Jupiter,1,Sun-Mercury|Venus-Mars|Venus-Jupiter|Mars-Jupiter,4,None,0,False,False,False,False,False,True,False
Q2551,Abu Ja'far Ahmad ibn Muhammad,0906-06-21,Saffarid emir,Other,None,0,None,0,Jupiter-Saturn,1,False,False,False,False,False,False,False
Q2552,O.S.,1676-06-21,") Anthony Collins, English philosopher and author",Writer_Journalism,None,0,None,0,Moon-Venus,1,False,False,False,False,False,False,False
Q2553,Sidney Smith,1764-06-21,English admiral and politician,Politics_Government,None,0,Sun-Mercury|Sun-Jupiter|Mercury-Jupiter,3,None,0,False,False,False,False,False,False,False
Q2554,Paweł Bryliński,1814-06-21,Polish sculptor,Other,None,0,Mercury-Mars,1,None,0,False,False,False,False,False,False,False
Q2555,Giuseppe De Sanctis,1858-06-21,Italian painter,Other,None,0,Mercury-Jupiter|Venus-Saturn,2,Moon-Venus,1,False,False,False,False,False,False,False
Q2556,Willem Hendrik Keesom,1876-06-21,Dutch physicist and academic,Academic_Science,None,0,Sun-Moon|Sun-Mercury|Moon-Mercury,3,None,0,False,False,False,False,False,False,False
Q2557,Alois Hába,1893-06-21,Czech composer and educator,Other,None,0,Moon-Saturn|Mercury-Venus|Mercury-Mars,3,None,0,False,False,False,False,False,False,False
Q2558,Kazimierz Leski,1912-06-21,Polish pilot and engineer,Engineering_Tech,None,0,Sun-Mercury|Sun-Venus,2,None,0,False,False,False,False,False,False,False
Q2559,Jacques Hébert,1923-06-21,Canadian journalist and politician,Politics_Government,None,0,Mercury-Venus,1,None,0,False,False,False,False,False,False,False
Q2560,Françoise Sagan,1935-06-21,French author and playwright,Writer_Journalism,None,0,Sun-Mercury,1,None,0,False,False,False,False,False,False,False
Q2561,John Agard,1949-06-21,"Guyanese-English author, poet, and playwright",Writer_Journalism,None,0,Mercury-Mars,1,Mercury-Venus,1,False,False,False,False,False,False,False
Q2562,Víctor Montoya,1958-06-21,Bolivian journalist and author,Writer_Journalism,None,0,Sun-Mercury,1,None,0,False,False,False,False,False,False,False
Q2563,Eric Reed,1970-06-21,American pianist and composer,Other,None,0,None,0,None,0,False,False,False,False,False,False,False
Q2564,Michael Crocker,1980-06-21,Australian rugby league player and sportscaster,Athlete,None,0,Mars-Saturn,1,None,0,False,False,False,False,False,False,False
Q2565,MAX,1992-06-21,"American singer, songwriter, actor, dancer and model",Actor_Media,None,0,Sun-Venus,1,None,0,False,False,False,False,False,False,False
Q2566,Rui Zong,0662-06-22,emperor of the Tang Dynasty,Politics_Government,Moon|Jupiter,2,Mercury-Venus|Mercury-Jupiter|Venus-Jupiter,3,Moon-Venus|Mars-Saturn,2,False,True,False,False,False,True,False
Q2567,Francesco Manfredini,1684-06-22,Italian violinist and composer,Other,None,0,Sun-Mars,1,Moon-Venus,1,False,False,False,False,False,False,False
Q2568,James Hutchison Stirling,1820-06-22,Scottish physician and philosopher,Academic_Science,None,0,None,0,Moon-Venus,1,False,False,False,False,False,False,False
Q2569,Hermann Minkowski,1864-06-22,German mathematician and academic,Academic_Science,None,0,Sun-Venus,1,Mercury-Venus,1,False,False,False,False,False,False,False
Q2570,Milan Vidmar,1885-06-22,Slovenian engineer and chess player,Athlete,None,0,Sun-Mercury|Sun-Saturn|Mercury-Saturn,3,None,0,False,False,False,False,False,False,False
Q2571,Edmund A. Chester,1897-06-22,American journalist and broadcaster,Writer_Journalism,None,0,None,0,None,0,False,False,False,False,False,False,False
Q2572,Eriks Ādamsons,1907-06-22,"Latvian writer, poet, and novelist",Actor_Media,None,0,Mercury-Jupiter,1,None,0,False,False,False,False,False,False,False
Q2573,Cicely Saunders,1918-06-22,"English nurse, social worker, physician and writer",Academic_Science,None,0,Sun-Mercury|Sun-Jupiter|Mercury-Jupiter,3,None,0,False,False,False,False,False,False,False
Q2574,Ralph Waite,1928-06-22,American actor and director,Actor_Media,None,0,Sun-Venus|Mars-Jupiter,2,None,0,False,False,False,False,False,False,False
Q2575,Don Matthews,1939-06-22,American-Canadian football player and coach,Athlete,Mars,1,None,0,Mars-Saturn,1,False,False,False,False,True,False,False
Q2576,Larry Junstrom,1949-06-22,American bass player,Athlete,None,0,Mercury-Mars,1,Mercury-Venus,1,False,False,False,False,False,False,False
Q2577,Danny Baker,1957-06-22,English journalist and screenwriter,Writer_Journalism,None,0,None,0,Mercury-Venus|Mars-Moon,2,False,False,False,False,False,False,False
Q2578,Joanna Kołaczkowska,1966-06-22,Polish cabaret performer,Other,None,0,None,0,None,0,False,False,False,False,False,False,False
Q2579,Ilya Bryzgalov,1980-06-22,Russian ice hockey player,Athlete,None,0,Mars-Saturn,1,Mercury-Moon,1,False,False,False,False,False,False,False
Q2580,Sebastian Jung,1990-06-22,German footballer,Athlete,None,0,Sun-Moon,1,None,0,False,False,False,False,False,False,False
Q2581,"Stephen, Count Palatine of Simmern-Zweibrücken",1385-06-23,,Unknown,None,0,Sun-Mercury|Sun-Mars|Sun-Jupiter|Sun-Saturn|Mercury-Mars|Mercury-Saturn|Mars-Jupiter|Mars-Saturn|Jupiter-Saturn,9,None,0,False,False,False,False,False,False,False
Q2582,John Fell,1625-06-23,English churchman and influential academic,Academic_Science,None,0,None,0,None,0,False,False,False,False,False,False,False
Q2583,Karol Marcinkowski,1800-06-23,Polish physician and activist,Academic_Science,None,0,Sun-Mercury|Moon-Mercury|Moon-Jupiter|Mercury-Jupiter,4,None,0,False,False,False,False,False,False,False
Q2584,Norman Pritchard,1877-06-23,Indian-English hurdler and actor,Actor_Media,None,0,None,0,Mercury-Venus,1,False,False,False,False,False,False,False
Q2585,Blanche Noyes,1900-06-23,"American aviator, winner of the 1936 Bendix Trophy Race",Other,None,0,Mercury-Venus,1,None,0,False,False,False,False,False,False,False
Q2586,Jean Anouilh,1910-06-23,French playwright and screenwriter,Writer_Journalism,None,0,None,0,None,0,False,False,False,False,False,False,False
Q2587,Paul Findley,1921-06-23,American politician,Politics_Government,None,0,Sun-Mars|Jupiter-Saturn,2,None,0,False,False,False,False,False,False,False
Q2588,June Carter Cash,1929-06-23,"American singer-songwriter, musician, and actress",Actor_Media,None,0,None,0,None,0,False,False,False,False,False,False,False
Q2589,Martti Ahtisaari,1937-06-23,"Finnish captain and politician, 10th President of Finland, Nobel Prize laureate",Politics_Government,None,0,None,0,Mars-Venus|Jupiter-Saturn,2,False,False,False,False,False,False,False
Q2590,Bryan Brown,1947-06-23,Australian actor and producer,Actor_Media,None,0,None,0,None,0,False,False,False,False,False,False,False
Q2591,Dave Houghton,1957-06-23,Zimbabwean cricketer and coach,Athlete,None,0,None,0,Mercury-Venus|Mars-Moon,2,False,False,False,False,False,False,False
Q2592,Paul Arthurs,1965-06-23,English guitarist,Other,None,0,Mercury-Venus,1,None,0,False,False,False,False,False,False,False
Q2593,Wade Barrett,1976-06-23,American soccer player and manager,Athlete,None,0,Sun-Venus|Moon-Jupiter,2,Mercury-Venus|Mars-Moon,2,False,False,False,False,False,False,False
Q2594,Brooks Laich,1983-06-23,Canadian ice hockey player,Athlete,Saturn,1,Sun-Mars|Moon-Jupiter,2,None,0,False,False,False,False,False,False,True
Q2595,Katie Armiger,1991-06-23,American singer-songwriter and guitarist,Actor_Media,Jupiter,1,Sun-Mercury|Venus-Mars|Venus-Jupiter|Mars-Jupiter,4,Moon-Venus,1,False,False,False,False,False,True,False
Q2596,Floris IV,1210-06-24,of Holland,Other,None,0,Sun-Mars|Mercury-Saturn,2,None,0,False,False,False,False,False,False,False
Q2597,Johannes Bugenhagen,1485-06-24,Polish-German priest and reformer,Religion,None,0,Moon-Mars|Jupiter-Saturn,2,None,0,False,False,False,False,False,False,False
Q2598,Jean Baptiste Massillon,1663-06-24,French bishop,Religion,None,0,Jupiter-Saturn,1,None,0,False,False,False,False,False,False,False
Q2599,Juan Larrea,1782-06-24,Argentine captain and politician,Politics_Government,None,0,Moon-Jupiter|Moon-Saturn|Mercury-Mars|Jupiter-Saturn,4,None,0,False,False,False,False,False,False,False
Q2600,Johannes Wislicenus,1835-06-24,German chemist and academic,Academic_Science,Moon,1,Sun-Jupiter,1,None,0,False,True,False,False,False,False,False
Q2601,Robert Henri,1865-06-24,American painter and educator,Other,Saturn,1,None,0,None,0,False,False,False,False,False,False,True
Q2602,Olaf Holtedahl,1885-06-24,Norwegian geologist,Other,None,0,Sun-Mercury|Sun-Saturn|Mercury-Saturn,3,None,0,False,False,False,False,False,False,False
Q2603,Arseny Tarkovsky,1907-06-24,Russian poet and translator,Writer_Journalism,None,0,None,0,None,0,False,False,False,False,False,False,False
Q2604,Al Molinaro,1919-06-24,American actor,Actor_Media,None,0,Mercury-Jupiter|Venus-Saturn,2,None,0,False,False,False,False,False,False,False
Q2605,David McTaggart,1932-06-24,Canadian-Italian environmentalist,Other,Jupiter,1,Sun-Venus|Mercury-Venus,2,None,0,False,False,False,False,False,True,False
Q2606,Arthur Brown,1942-06-24,English rock singer-songwriter,Actor_Media,None,0,Sun-Jupiter,1,None,0,False,False,False,False,False,False,False
Q2607,Dianna Melrose,1952-06-24,"English diplomat, British High Commissioner to Tanzania",Other,None,0,Sun-Venus|Moon-Mercury,2,None,0,False,False,False,False,False,False,False
Q2608,Jean-Luc Delarue,1964-06-24,French television host and producer,Actor_Media,None,0,Sun-Mercury|Sun-Venus|Mercury-Venus,3,None,0,False,False,False,False,False,False,False
Q2609,Brock Olivo,1976-06-24,American football player and coach,Athlete,Moon,1,Sun-Venus|Moon-Jupiter,2,Mercury-Venus,1,False,True,False,False,False,False,False
Q2610,Simona Dobrá,1987-06-24,Czech tennis player,Athlete,Moon,1,Moon-Venus|Mercury-Mars,2,None,0,False,True,False,False,False,False,False
Q2611,Beatrice of England,1242-06-25,,Unknown,None,0,Sun-Mars|Venus-Jupiter|Mars-Jupiter,3,None,0,False,False,False,False,False,False,False
Q2612,John Albert Vasa,1612-06-25,Polish cardinal,Other,Moon,1,Venus-Jupiter,1,Moon-Venus,1,False,True,False,False,False,False,False
Q2613,James Farnell,1825-06-25,"Australian politician, 8th Premier of New South Wales",Politics_Government,Jupiter,1,Sun-Mars|Mercury-Saturn,2,None,0,False,False,False,False,False,True,False
Q2614,Rose O'Neill,1874-06-25,"American cartoonist, illustrator, artist, and writer",Writer_Journalism,None,0,Sun-Mars|Mercury-Venus,2,Moon-Venus,1,False,False,False,False,False,False,False
Q2615,Marta Abba,1900-06-25,Italian actress,Actor_Media,Moon,1,Mercury-Venus,1,Moon-Venus,1,False,True,False,False,False,False,False
Q2616,William Howard Stein,1911-06-25,"American chemist and biologist, Nobel Prize laureate",Academic_Science,Moon,1,Moon-Mercury,1,Moon-Venus,1,False,True,False,False,False,False,False
Q2617,Sam Francis,1923-06-25,American soldier and painter,Other,None,0,Mercury-Venus,1,None,0,False,False,False,False,False,False,False
Q2618,Eric Carle,1929-06-25,American author and illustrator,Writer_Journalism,None,0,None,0,None,0,False,False,False,False,False,False,False
Q2619,Eddie Floyd,1937-06-25,American R&B/soul singer-songwriter,Actor_Media,None,0,Moon-Jupiter,1,Mars-Venus|Jupiter-Saturn,2,False,False,False,False,False,False,False
Q2620,Roméo Dallaire,1946-06-25,Dutch-Canadian general and politician,Politics_Government,None,0,Mercury-Saturn,1,None,0,False,False,False,False,False,False,False
Q2621,Mario Lessard,1954-06-25,Canadian ice hockey player,Athlete,Saturn,1,Sun-Jupiter,1,None,0,False,False,False,False,False,False,True
Q2622,Timur Bekmambetov,1961-06-25,"Kazakh director, producer, and screenwriter",Actor_Media,None,0,Sun-Mercury|Jupiter-Saturn,2,None,0,False,False,False,False,False,False,False
Q2623,Roope Latvala,1970-06-25,Finnish guitarist,Other,None,0,None,0,None,0,False,False,False,False,False,False,False
Q2624,Aramis Ramírez,1978-06-25,Dominican baseball player,Athlete,None,0,Mercury-Jupiter,1,None,0,False,False,False,False,False,False,False
Q2625,Jhonas Enroth,1988-06-25,Swedish ice hockey player,Athlete,None,0,Mercury-Venus,1,None,0,False,False,False,False,False,False,False
Q2626,"John, Count of Angoulême",1399-06-26,,Unknown,None,0,Moon-Saturn|Mercury-Venus,2,None,0,False,False,False,False,False,False,False
Q2627,Marie Thérèse Rodet Geoffrin,1699-06-26,French businesswoman,Business,None,0,Sun-Mars|Moon-Mars,2,None,0,False,False,False,False,False,False,False
Q2628,Wolfgang Menzel,1798-06-26,German poet and critic,Writer_Journalism,None,0,Venus-Jupiter,1,None,0,False,False,False,False,False,False,False
Q2629,Bernard Berenson,1865-06-26,Lithuanian-American historian and author,Writer_Journalism,Saturn,1,Sun-Mercury|Moon-Mars,2,None,0,False,False,False,False,False,False,True
Q2630,George Hainsworth,1895-06-26,Canadian ice hockey player and politician,Athlete,Saturn,1,Sun-Mercury|Moon-Venus|Mercury-Jupiter,3,None,0,False,False,False,False,False,False,True
Q2631,Alberto Rabagliati,1906-06-26,Italian singer,Actor_Media,None,0,Sun-Mars,1,None,0,False,False,False,False,False,False,False
Q2632,Idriz Ajeti,1917-06-26,Albanian albanologist,Other,None,0,None,0,Mercury-Venus,1,False,False,False,False,False,False,False
Q2633,Pavel Belyayev,1925-06-26,"Soviet soldier, pilot and cosmonaut",Other,Saturn,1,Sun-Mercury,1,None,0,False,False,False,False,False,False,True
Q2634,Claudio Abbado,1933-06-26,Italian conductor,Other,None,0,Mercury-Venus,1,None,0,False,False,False,False,False,False,False
Q2635,Georgie Fame,1943-06-26,"English singer, pianist, and keyboard player",Athlete,Jupiter,1,Moon-Mars|Mercury-Saturn,2,None,0,False,False,False,False,False,True,False
Q2636,Chris Isaak,1956-06-26,"American singer-songwriter, guitarist, and actor",Actor_Media,None,0,Sun-Venus,1,Mercury-Venus|Mars-Saturn,2,False,False,False,False,False,False,False
Q2637,Dany Boon,1966-06-26,"French actor, director, and screenwriter",Actor_Media,None,0,Sun-Jupiter,1,Mercury-Moon,1,False,False,False,False,False,False,False
Q2638,Chris Armstrong,1975-06-26,Canadian ice hockey player,Athlete,None,0,Mars-Jupiter,1,None,0,False,False,False,False,False,False,False
Q2639,J. J. Barea,1984-06-26,Puerto Rican-American basketball player,Athlete,Moon|Saturn,2,Sun-Mercury|Sun-Venus|Mercury-Venus|Mars-Saturn,4,None,0,False,True,False,False,False,False,True
Q2640,Ariana Grande,1993-06-26,"American singer-songwriter, dancer, and actress",Actor_Media,None,0,Moon-Jupiter,1,Mercury-Moon,1,False,False,False,False,False,False,False
Q2641,Ibrahim II of Ifriqiya,0850-06-27,Aghlabid emir,Other,Mars,1,None,0,Mars-Saturn,1,False,False,False,False,True,False,False
Q2642,"Maximilian, Prince of Dietrichstein",1596-06-27,,Unknown,None,0,Venus-Mars,1,None,0,False,False,False,False,False,False,False
Q2643,Bryan O'Loghlen,1828-06-27,"Irish-Australian politician, 13th Premier of Victoria",Politics_Government,None,0,Moon-Mars,1,None,0,False,False,False,False,False,False,False
Q2644,Heber Doust Curtis,1872-06-27,American astronomer,Academic_Science,Jupiter,1,Sun-Mercury|Sun-Venus|Venus-Mars,3,Jupiter-Moon,1,False,False,False,False,False,True,False
Q2645,Juan Trippe,1899-06-27,"American businessman, founded Pan American World Airways",Business,None,0,None,0,None,0,False,False,False,False,False,False,False
Q2646,E. R. Braithwaite,1912-06-27,"Guyanese novelist, writer, teacher, and diplomat",Writer_Journalism,None,0,Sun-Venus|Moon-Jupiter,2,Mars-Moon,1,False,False,False,False,False,False,False
Q2647,Muriel Pavlow,1921-06-27,English actress,Actor_Media,None,0,Sun-Mars|Jupiter-Saturn,2,None,0,False,False,False,False,False,False,False
Q2648,Ross Perot,1930-06-27,American businessman and politician,Politics_Government,None,0,Sun-Jupiter,1,None,0,False,False,False,False,False,False,False
Q2649,Bill Baxley,1941-06-27,"American lawyer and politician, 24th Lieutenant Governor of Alabama",Politics_Government,None,0,None,0,None,0,False,False,False,False,False,False,False
Q2650,Madan Bhandari,1952-06-27,Nepalese politician,Politics_Government,None,0,Sun-Venus,1,None,0,False,False,False,False,False,False,False
Q2651,Craig Hodges,1960-06-27,American basketball player and coach,Athlete,None,0,Sun-Venus,1,None,0,False,False,False,False,False,False,False
Q2652,Viktor Petrenko,1969-06-27,Ukrainian figure skater,Athlete,None,0,Moon-Mars,1,None,0,False,False,False,False,False,False,False
Q2653,Arkadiusz Radomski,1977-06-27,Polish footballer,Athlete,None,0,Sun-Mercury|Venus-Mars,2,None,0,False,False,False,False,False,False,False
Q2654,James Hook,1985-06-27,Welsh rugby player,Athlete,Saturn,1,Sun-Mars,1,None,0,False,False,False,False,False,False,True
Q2655,Johanna Talihärm,1993-06-27,Estonian biathlete,Athlete,None,0,Moon-Jupiter,1,Mercury-Moon,1,False,False,False,False,False,False,False
Q2656,Carloman I,0751-06-28,king of the Franks,Politics_Government,Moon,1,Mercury-Mars,1,Jupiter-Saturn,1,False,True,False,False,False,False,False
Q2657,"Philip Howard, 20th Earl of Arundel",1557-06-28,English nobleman,Other,None,0,None,0,None,0,False,False,False,False,False,False,False
Q2658,John Wesley,1703-06-28,English cleric and theologian,Religion,None,0,None,0,None,0,False,False,False,False,False,False,False
Q2659,Emmanuel Rhoides,1836-06-28,Greek journalist and author,Writer_Journalism,Jupiter|Saturn,2,Sun-Mercury,1,Jupiter-Moon,1,False,False,False,False,False,True,True
Q2660,Pierre Laval,1883-06-28,"French soldier and politician, 101st Prime Minister of France",Politics_Government,None,0,Sun-Jupiter|Mercury-Venus,2,None,0,False,False,False,False,False,False,False
Q2661,Maria Goeppert Mayer,1906-06-28,"German-American physicist and academic, Nobel Prize laureate",Academic_Science,None,0,Sun-Mars,1,None,0,False,False,False,False,False,False,False
Q2662,"William Whitelaw, 1st Viscount Whitelaw",1918-06-28,"Scottish-English politician, Deputy Prime Minister of the United Kingdom",Politics_Government,None,0,Sun-Mercury,1,Moon-Saturn,1,False,False,False,False,False,False,False
Q2663,Hans Blix,1928-06-28,"Swedish politician and diplomat, 33rd Swedish Minister of Foreign Affairs",Politics_Government,None,0,Sun-Mercury|Sun-Venus|Mercury-Venus|Mars-Jupiter,4,None,0,False,False,False,False,False,False,False
Q2664,George Knudson,1937-06-28,Canadian golfer,Athlete,None,0,None,0,Mars-Venus|Jupiter-Saturn,2,False,False,False,False,False,False,False
Q2665,Robert Asprin,1946-06-28,American soldier and author,Writer_Journalism,None,0,Mercury-Saturn,1,Mercury-Moon,1,False,False,False,False,False,False,False
Q2666,Shirley Cheriton,1955-06-28,British actress,Actor_Media,Jupiter|Saturn,2,Mercury-Venus,1,None,0,False,False,False,False,False,True,True
Q2667,Peter Baynham,1963-06-28,"Welsh actor, producer, and screenwriter",Actor_Media,None,0,Mercury-Venus,1,None,0,False,False,False,False,False,False,False
Q2668,Lorenzo Amoruso,1971-06-28,Italian footballer,Athlete,Mars,1,None,0,None,0,False,False,False,False,True,False,False
Q2669,Felicia Day,1979-06-28,American actress and writer,Actor_Media,Jupiter,1,None,0,None,0,False,False,False,False,False,True,False
Q2670,Seohyun,1991-06-28,"South Korean singer, dancer, and actress",Actor_Media,Jupiter,1,Venus-Mars|Venus-Jupiter|Mars-Jupiter,3,Jupiter-Moon,1,False,False,False,False,False,True,False
Q2671,Petronilla of Aragon,1136-06-29,,Unknown,None,0,Sun-Jupiter,1,None,0,False,False,False,False,False,False,False
Q2672,"Julius, Duke of Brunswick-Lüneburg",1528-06-29,,Unknown,Jupiter,1,Sun-Mars,1,None,0,False,False,False,False,False,True,False
Q2673,Willibald Alexis,1798-06-29,German author and poet,Writer_Journalism,None,0,Sun-Saturn|Venus-Jupiter,2,None,0,False,False,False,False,False,False,False
Q2674,George Washington Goethals,1858-06-29,"American general and engineer, co-designed the Panama Canal",Politics_Government,None,0,None,0,Moon-Saturn,1,False,False,False,False,False,False,False
Q2675,Harry Frazee,1881-06-29,"American director, producer, and agent",Actor_Media,None,0,Venus-Jupiter|Mars-Saturn|Jupiter-Saturn,3,None,0,False,False,False,False,False,False,False
Q2676,Yvonne Lefébure,1898-06-29,French pianist and educator,Other,None,0,Sun-Mercury,1,Moon-Venus,1,False,False,False,False,False,False,False
Q2677,Prince Bernhard of Lippe-Biesterfeld,1911-06-29,,Unknown,None,0,Sun-Mercury|Moon-Venus,2,None,0,False,False,False,False,False,False,False
Q2678,Frédéric Dard,1921-06-29,French author and screenwriter,Writer_Journalism,None,0,Sun-Mars|Jupiter-Saturn,2,None,0,False,False,False,False,False,False,False
Q2679,Pat Crawford Brown,1929-06-29,American actress,Actor_Media,None,0,None,0,None,0,False,False,False,False,False,False,False
Q2680,Vyacheslav Artyomov,1940-06-29,Russian composer,Other,None,0,Sun-Venus|Mercury-Mars|Jupiter-Saturn,3,Mars-Moon,1,False,False,False,False,False,False,False
Q2681,Dan Dierdorf,1949-06-29,American football player and sportscaster,Athlete,None,0,Mercury-Mars,1,None,0,False,False,False,False,False,False,False
Q2682,Sharon Lawrence,1961-06-29,"American actress, singer, and dancer",Actor_Media,None,0,Sun-Mercury|Moon-Saturn|Jupiter-Saturn,3,None,0,False,False,False,False,False,False,False
Q2683,Edda Mutter,1970-06-29,German alpine skier,Other,None,0,Moon-Saturn,1,None,0,False,False,False,False,False,False,False
Q2684,Luke Branighan,1981-06-29,Australian rugby league player,Athlete,Moon,1,Jupiter-Saturn,1,Moon-Venus,1,False,True,False,False,False,False,False
Q2685,Oliver Tree,1993-06-29,American singer-songwriter,Actor_Media,None,0,None,0,None,0,False,False,False,False,False,False,False
Q2686,"John de Warenne, 7th Earl of Surrey",1286-06-30,English magnate,Other,None,0,Sun-Moon|Sun-Mercury|Moon-Mercury,3,None,0,False,False,False,False,False,False,False
Q2687,Giovanni Maria Sabino,1588-06-30,"Italian organist, composer, and educator",Other,Jupiter,1,Mercury-Mars|Venus-Jupiter,2,None,0,False,False,False,False,False,True,False
Q2688,Félix Savart,1791-06-30,French physicist and psychologist,Academic_Science,None,0,Mercury-Mars,1,None,0,False,False,False,False,False,False,False
Q2689,Archibald Frazer-Nash,1889-06-30,"English motor car designer, engineer and founder of Frazer Nash",Engineering_Tech,None,0,Sun-Mars,1,None,0,False,False,False,False,False,False,False
Q2690,Marianne Angermann,1904-06-30,German–Spanish–New Zealand biochemist,Academic_Science,None,0,Sun-Venus|Mercury-Mars|Venus-Mars,3,None,0,False,False,False,False,False,False,False
Q2691,Ludwig Bölkow,1912-06-30,German engineer,Engineering_Tech,None,0,Sun-Venus,1,None,0,False,False,False,False,False,False,False
Q2692,Max Trepp,1924-06-30,Swiss sprinter,Other,Moon|Saturn,2,Sun-Mercury|Sun-Venus|Mercury-Venus,3,None,0,False,True,False,False,False,False,True
Q2693,Yo-Yo Davalillo,1931-06-30,Venezuelan baseball player and manager,Athlete,Jupiter,1,Sun-Mercury|Moon-Saturn,2,Jupiter-Moon,1,False,False,False,False,False,True,False
Q2694,Tony Hatch,1939-06-30,"English pianist, composer, and producer",Actor_Media,Mars,1,None,0,Mars-Saturn,1,False,False,False,False,True,False,False
Q2695,Stanley Clarke,1951-06-30,American bass player and composer,Athlete,Moon,1,Sun-Mercury,1,None,0,False,True,False,False,False,False,False
Q2696,Pam Royle,1958-06-30,"British television presenter, journalist and voice coach",Actor_Media,None,0,Moon-Saturn,1,None,0,False,False,False,False,False,False,False
Q2697,Steve Duchesne,1965-06-30,Canadian-American ice hockey player and coach,Athlete,None,0,Moon-Mercury|Moon-Venus|Mercury-Venus,3,None,0,False,False,False,False,False,False,False
Q2698,Sandra Cam,1972-06-30,Belgian swimmer,Athlete,None,0,Mercury-Mars|Venus-Saturn,2,None,0,False,False,False,False,False,False,False
Q2699,Can Artam,1981-06-30,Turkish race car driver,Other,Moon,1,Moon-Mercury|Moon-Mars|Jupiter-Saturn,3,Moon-Venus,1,False,True,False,False,False,False,False
Q2700,Jacksfilms,1988-06-30,American YouTuber,Other,None,0,Mercury-Venus,1,None,0,False,False,False,False,False,False,False
Q2701,Liu Bowen,1311-07-01,"Chinese military strategist, statesman and poet",Politics_Government,None,0,Mars-Jupiter,1,None,0,False,False,False,False,False,False,False
Q2702,Claudio Saracini,1586-07-01,Italian lute player and composer,Athlete,None,0,Sun-Mercury|Mercury-Jupiter,2,None,0,False,False,False,False,False,False,False
Q2703,Jean-Victor Poncelet,1788-07-01,French mathematician and engineer,Academic_Science,Moon,1,Sun-Jupiter,1,Moon-Venus,1,False,True,False,False,False,False,False
Q2704,Willard Metcalf,1858-07-01,American painter,Other,None,0,None,0,Moon-Saturn,1,False,False,False,False,False,False,False
Q2705,Léon Jouhaux,1879-07-01,"French union leader, Nobel Prize laureate",Other,None,0,Mars-Saturn,1,Jupiter-Saturn,1,False,False,False,False,False,False,False
Q2706,William Wyler,1902-07-01,"French-American film director, producer and screenwriter",Actor_Media,None,0,None,0,None,0,False,False,False,False,False,False,False
Q2707,Thomas Pearson,1914-07-01,British Army officer,Other,None,0,None,0,Mercury-Moon,1,False,False,False,False,False,False,False
Q2708,Toshi Seeger,1922-07-01,"German-American activist, co-founder of the Clearwater Festival",Other,None,0,Moon-Jupiter|Moon-Saturn,2,None,0,False,False,False,False,False,False,False
Q2709,Leslie Caron,1931-07-01,French actress and dancer,Actor_Media,Jupiter,1,Sun-Mercury|Moon-Saturn,2,None,0,False,False,False,False,False,True,False
Q2710,Rod Gilbert,1941-07-01,Canadian-American ice hockey player,Athlete,None,0,Sun-Mercury,1,None,0,False,False,False,False,False,False,False
Q2711,David Duke,1950-07-01,"American white supremacist, politician and Ku Klux Klan Grand Wizard",Politics_Government,None,0,None,0,None,0,False,False,False,False,False,False,False
Q2712,Jack Dyer Crouch II,1958-07-01,"American diplomat, United States Deputy National Security Advisor",Other,None,0,None,0,None,0,False,False,False,False,False,False,False
Q2713,Séamus Egan,1969-07-01,American-Irish singer-songwriter and guitarist,Actor_Media,None,0,None,0,None,0,False,False,False,False,False,False,False
Q2714,Justin Huber,1982-07-01,Australian baseball player,Athlete,None,0,Mars-Saturn,1,None,0,False,False,False,False,False,False,False
Q2715,Aaron Sanchez,1992-07-01,American baseball player,Athlete,None,0,Sun-Venus,1,Mercury-Moon,1,False,False,False,False,False,False,False
Q2716,Valentinian III,0419-07-02,Roman emperor,Politics_Government,None,0,Mercury-Venus,1,None,0,False,False,False,False,False,False,False
Q2717,"Daniel Finch, 2nd Earl of Nottingham",1647-07-02,"English politician, Lord President of the Council",Politics_Government,Jupiter,1,Sun-Moon|Venus-Jupiter,2,None,0,False,False,False,False,False,True,False
Q2718,Charles-Louis Hanon,1819-07-02,French pianist and composer,Other,None,0,Sun-Mercury,1,Jupiter-Saturn,1,False,False,False,False,False,False,False
Q2719,Lily Braun,1865-07-02,German author and publicist,Writer_Journalism,Saturn,1,Sun-Mercury|Moon-Saturn,2,None,0,False,False,False,False,False,False,True
Q2720,Tyrone Guthrie,1900-07-02,English actor and director,Actor_Media,None,0,None,0,None,0,False,False,False,False,False,False,False
Q2721,"Max Beloff, Baron Beloff",1913-07-02,English historian and academic,Academic_Science,Moon,1,Moon-Saturn,1,None,0,False,True,False,False,False,False,False
Q2722,John Kneubuhl,1920-07-02,"Samoan-American historian, screenwriter, and playwright",Writer_Journalism,Jupiter,1,Sun-Venus,1,Jupiter-Moon,1,False,False,False,False,False,True,False
Q2723,Imelda Marcos,1929-07-02,Filipino politician; 10th First Lady of the Philippines,Politics_Government,None,0,None,0,None,0,False,False,False,False,False,False,False
Q2724,Polly Holliday,1937-07-02,American actress,Actor_Media,None,0,Sun-Mercury,1,Jupiter-Saturn,1,False,False,False,False,False,False,False
Q2725,Richard Axel,1946-07-02,"American neuroscientist and biologist, Nobel Prize laureate",Academic_Science,None,0,None,0,None,0,False,False,False,False,False,False,False
Q2726,Chris Huhne,1954-07-02,"English journalist and politician, Secretary of State for Energy and Climate Change",Politics_Government,Saturn,1,Sun-Mercury|Sun-Jupiter|Mercury-Jupiter,3,None,0,False,False,False,False,False,False,True
Q2727,Neil Williams,1962-07-02,English cricketer,Athlete,None,0,Sun-Moon,1,None,0,False,False,False,False,False,False,False
Q2728,Sean Casey,1974-07-02,American baseball player and sportscaster,Athlete,None,0,Sun-Mercury|Sun-Saturn|Mercury-Saturn,3,Mars-Moon,1,False,False,False,False,False,False,False
Q2729,Nathan Ellington,1981-07-02,English footballer,Athlete,None,0,Mercury-Mars|Jupiter-Saturn,2,None,0,False,False,False,False,False,False,False
Q2730,Nadezhda Grishaeva,1989-07-02,Russian basketball player,Athlete,None,0,Moon-Jupiter|Mercury-Jupiter|Venus-Mars,3,None,0,False,False,False,False,False,False,False
Q2731,Valentinian I,0321-07-03,Roman emperor,Politics_Government,None,0,None,0,None,0,False,False,False,False,False,False,False
Q2732,Edward Young,1683-07-03,"English poet, dramatist and literary critic",Writer_Journalism,None,0,Jupiter-Saturn,1,None,0,False,False,False,False,False,False,False
Q2733,Dankmar Adler,1844-07-03,German-born American architect and engineer,Engineering_Tech,None,0,None,0,None,0,False,False,False,False,False,False,False
Q2734,William Henry Davies,1871-07-03,Welsh poet and writer,Writer_Journalism,None,0,Sun-Jupiter|Mercury-Jupiter,2,None,0,False,False,False,False,False,False,False
Q2735,Anna Dickie Olesen,1885-07-03,American politician,Politics_Government,None,0,Sun-Mercury,1,None,0,False,False,False,False,False,False,False
Q2736,Ruth Crawford Seeger,1901-07-03,American composer,Other,None,0,Mercury-Venus|Jupiter-Saturn,2,None,0,False,False,False,False,False,False,False
Q2737,Dorothy Kilgallen,1913-07-03,"American journalist, actress, and author",Actor_Media,None,0,None,0,Mercury-Moon,1,False,False,False,False,False,False,False
Q2738,Amalia Aguilar,1924-07-03,Cuban-Mexican film actress and dancer,Actor_Media,Saturn,1,Sun-Mercury|Sun-Venus|Mercury-Venus,3,None,0,False,False,False,False,False,False,True
Q2739,"Edward Brandt, Jr.",1933-07-03,American physician and mathematician,Academic_Science,None,0,Mercury-Venus,1,Moon-Venus,1,False,False,False,False,False,False,False
Q2740,Kevin Johnson,1942-07-03,Australian singer-songwriter,Actor_Media,None,0,Sun-Jupiter|Venus-Saturn,2,None,0,False,False,False,False,False,False,False
Q2741,Lotta Sollander,1953-07-03,Swedish alpine skier,Other,None,0,Sun-Mars,1,None,0,False,False,False,False,False,False,False
Q2742,Scott Borchetta,1962-07-03,American record executive and entrepreneur,Business,None,0,None,0,None,0,False,False,False,False,False,False,False
Q2743,Julian Assange,1971-07-03,"Australian journalist, publisher, and activist, founded WikiLeaks",Writer_Journalism,Mars,1,None,0,None,0,False,False,False,False,True,False,False
Q2744,Edinson Vólquez,1983-07-03,Dominican baseball player,Athlete,Saturn,1,Sun-Mercury|Mercury-Mars,2,None,0,False,False,False,False,False,False,True
Q2745,Crystal Dunn,1992-07-03,American soccer player,Athlete,None,0,Sun-Venus,1,None,0,False,False,False,False,False,False,False
Q2746,Usama ibn Munqidh,1095-07-04,"Muslim poet, author and faris",Writer_Journalism,None,0,Sun-Mercury|Sun-Venus|Mercury-Venus,3,None,0,False,False,False,False,False,False,False
Q2747,Michel-Jean Sedaine,1719-07-04,French playwright,Other,Saturn,1,None,0,None,0,False,False,False,False,False,False,True
Q2748,Hiram Walker,1816-07-04,"American businessman, founded Canadian Club whisky",Business,None,0,Sun-Mercury|Sun-Venus|Mercury-Venus,3,None,0,False,False,False,False,False,False,False
Q2749,Hubert Cecil Booth,1871-07-04,English engineer,Engineering_Tech,None,0,Sun-Jupiter|Mercury-Jupiter,2,None,0,False,False,False,False,False,False,False
Q2750,Henry Armetta,1888-07-04,Italian-American actor and singer,Actor_Media,None,0,Sun-Mercury|Sun-Venus,2,None,0,False,False,False,False,False,False,False
Q2751,Angela Baddeley,1904-07-04,English actress,Actor_Media,None,0,Sun-Mercury|Sun-Venus|Mercury-Venus|Mercury-Mars,4,None,0,False,False,False,False,False,False,False
Q2752,Timmie Rogers,1915-07-04,American actor and singer-songwriter,Actor_Media,None,0,Sun-Saturn|Mercury-Saturn,2,None,0,False,False,False,False,False,False,False
Q2753,Eva Marie Saint,1924-07-04,American actress,Actor_Media,Saturn,1,Sun-Mercury|Sun-Venus|Mercury-Venus,3,None,0,False,False,False,False,False,False,True
Q2754,Aurèle Vandendriessche,1932-07-04,Belgian runner,Athlete,Jupiter,1,Sun-Moon,1,Mercury-Moon,1,False,False,False,False,False,True,False
Q2755,Hal Lanier,1942-07-04,"American baseball player, coach, and manager",Athlete,None,0,Sun-Jupiter|Venus-Saturn,2,None,0,False,False,False,False,False,False,False
Q2756,John Alexander,1951-07-04,Australian tennis player and politician,Athlete,None,0,Sun-Moon,1,None,0,False,False,False,False,False,False,False
Q2757,Victoria Abril,1959-07-04,Spanish actress and singer,Actor_Media,None,0,Venus-Mars,1,Mercury-Moon,1,False,False,False,False,False,False,False
Q2758,Vinny Castilla,1967-07-04,Mexican baseball player and manager,Athlete,Moon|Jupiter,2,Sun-Mercury,1,None,0,False,True,False,False,False,True,False
Q2759,Siim Kabrits,1979-07-04,Estonian politician,Politics_Government,Jupiter,1,Mercury-Jupiter,1,None,0,False,False,False,False,False,True,False
Q2760,Angelique Boyer,1988-07-04,French-Mexican actress,Actor_Media,None,0,Mercury-Venus,1,None,0,False,False,False,False,False,False,False
Q2761,Ahkal Moʼ Nahb I,0465-07-05,Mayan ruler,Other,Moon,1,None,0,None,0,False,True,False,False,False,False,False
Q2762,Thomas Hooker,1586-07-05,English-born founder of the Colony of Connecticut,Other,None,0,Mercury-Jupiter,1,None,0,False,False,False,False,False,False,False
Q2763,Sarah Siddons,1755-07-05,English actress,Actor_Media,Moon,1,None,0,None,0,False,True,False,False,False,False,False
Q2764,William John Macquorn Rankine,1820-07-05,"Scottish physicist, mathematician, and engineer",Academic_Science,None,0,None,0,None,0,False,False,False,False,False,False,False
Q2765,Stephan Krehl,1864-07-05,German composer,Other,None,0,Sun-Venus,1,None,0,False,False,False,False,False,False,False
Q2766,Blas Infante,1885-07-05,Spanish historian and politician,Politics_Government,None,0,Mercury-Venus,1,None,0,False,False,False,False,False,False,False
Q2767,Marcel Achard,1899-07-05,"French playwright, screenwriter, and author",Writer_Journalism,Moon,1,Moon-Venus,1,None,0,False,True,False,False,False,False,False
Q2768,George Costakis,1913-07-05,Russian art collector,Other,None,0,None,0,None,0,False,False,False,False,False,False,False
Q2769,Fernando de Szyszlo,1925-07-05,Peruvian painter and sculptor,Other,Saturn,1,Mercury-Venus|Mercury-Mars|Venus-Mars,3,None,0,False,False,False,False,False,False,True
Q2770,Ronnie Self,1938-07-05,American singer-songwriter,Actor_Media,None,0,Sun-Mars,1,Moon-Venus|Jupiter-Saturn,2,False,False,False,False,False,False,False
Q2771,Carlos Caszely,1950-07-05,Chilean footballer,Athlete,None,0,Sun-Mercury,1,None,0,False,False,False,False,False,False,False
Q2772,Sarina Hülsenbeck,1962-07-05,German swimmer,Athlete,None,0,Moon-Venus,1,None,0,False,False,False,False,False,False,False
Q2773,Matthew Birir,1972-07-05,Kenyan runner,Athlete,None,0,Mercury-Mars|Venus-Saturn,2,Mars-Moon,1,False,False,False,False,False,False,False
Q2774,Fabrício de Souza,1982-07-05,Brazilian footballer,Athlete,None,0,Mars-Saturn,1,None,0,False,False,False,False,False,False,False
Q2775,Alberto Moreno,1992-07-05,Spanish footballer,Athlete,None,0,Sun-Venus,1,None,0,False,False,False,False,False,False,False
Q2776,Blanche I of Navarre,1387-07-06,,Unknown,None,0,Mars-Saturn,1,Mars-Moon,1,False,False,False,False,False,False,False
Q2777,John Paul Jones,1747-07-06,"Scottish-American captain, early leader in the Continental Navy",Other,None,0,None,0,Mercury-Moon,1,False,False,False,False,False,False,False
Q2778,Albert von Kölliker,1817-07-06,Swiss anatomist and physiologist,Other,None,0,None,0,None,0,False,False,False,False,False,False,False
Q2779,José María Velasco Gómez,1840-07-06,Mexican painter and academic,Academic_Science,None,0,Sun-Venus,1,Mercury-Moon,1,False,False,False,False,False,False,False
Q2780,Arnaud Massy,1877-07-06,French golfer,Athlete,None,0,Mars-Saturn,1,None,0,False,False,False,False,False,False,False
Q2781,Earle S. MacPherson,1891-07-06,"American engineer, created MacPherson strut",Engineering_Tech,None,0,Sun-Moon|Sun-Mercury|Sun-Mars|Moon-Mercury|Moon-Mars,5,None,0,False,False,False,False,False,False,False
Q2782,Frida Kahlo,1907-07-06,Mexican painter and educator,Other,Moon,1,Sun-Jupiter,1,None,0,False,True,False,False,False,False,False
Q2783,Harold Norse,1916-07-06,American poet and author,Writer_Journalism,None,0,Sun-Venus|Sun-Saturn|Moon-Mars,3,None,0,False,False,False,False,False,False,False
Q2784,Ruth Cracknell,1925-07-06,Australian actress,Actor_Media,Saturn,1,Moon-Jupiter|Mercury-Venus|Mercury-Mars|Venus-Mars,4,None,0,False,False,False,False,False,False,True
Q2785,Dave Allen,1936-07-06,"Irish comedian, actor, and screenwriter",Actor_Media,None,0,Sun-Venus|Sun-Mars,2,None,0,False,False,False,False,False,False,False
Q2786,Burt Ward,1945-07-06,American actor,Actor_Media,Moon,1,Sun-Saturn|Moon-Venus,2,None,0,False,True,False,False,False,False,False
Q2787,Nanci Griffith,1953-07-06,American singer-songwriter and guitarist,Actor_Media,None,0,Sun-Mars,1,None,0,False,False,False,False,False,False,False
Q2788,Heather Nova,1967-07-06,Bermudian singer-songwriter and guitarist,Actor_Media,Jupiter,1,Sun-Mercury,1,None,0,False,False,False,False,False,True,False
Q2789,Adam Busch,1978-07-06,"American actor, director, and producer",Actor_Media,None,0,Sun-Jupiter|Venus-Saturn,2,None,0,False,False,False,False,False,False,False
Q2790,David Karp,1986-07-06,"American businessman, founder of Tumblr",Business,None,0,Sun-Moon,1,Mercury-Moon,1,False,False,False,False,False,False,False
Q2791,Eudoxia Epiphania,0611-07-07,daughter of Byzantine emperor Heraclius,Politics_Government,None,0,None,0,None,0,False,False,False,False,False,False,False
Q2792,"Thomas Howard, 21st Earl of Arundel",1585-07-07,"English courtier and politician, Lord Lieutenant of Northumberland",Politics_Government,None,0,None,0,None,0,False,False,False,False,False,False,False
Q2793,Heinrich Rosenthal,1846-07-07,Estonian physician and author,Academic_Science,None,0,Mercury-Mars|Venus-Jupiter,2,None,0,False,False,False,False,False,False,False
Q2794,Rachel Caroline Eaton,1869-07-07,American academic,Academic_Science,Moon,1,None,0,Moon-Venus,1,False,True,False,False,False,False,False
Q2795,Arnold Horween,1898-07-07,American football player and coach,Athlete,None,0,None,0,None,0,False,False,False,False,False,False,False
Q2796,Robert A. Heinlein,1907-07-07,American science fiction writer and screenwriter,Writer_Journalism,Moon,1,Sun-Jupiter,1,None,0,False,True,False,False,False,False,False
Q2797,Tiny Grimes,1916-07-07,American jazz and R&B guitarist,Other,None,0,Sun-Venus|Sun-Saturn,2,None,0,False,False,False,False,False,False,False
Q2798,Geliy Korzhev,1925-07-07,Russian painter,Other,Saturn,1,Mercury-Venus|Mercury-Mars|Venus-Mars,3,None,0,False,False,False,False,False,False,True
Q2799,T. J. Bass,1932-07-07,American physician and author,Academic_Science,Jupiter,1,Moon-Jupiter,1,None,0,False,False,False,False,False,True,False
Q2800,Ringo Starr,1940-07-07,"English singer-songwriter, drummer, and actor",Actor_Media,None,0,Moon-Mercury|Mercury-Mars|Jupiter-Saturn,3,None,0,False,False,False,False,False,False,False
Q2801,Len Barker,1955-07-07,American baseball player and coach,Athlete,Jupiter|Saturn,2,Mercury-Venus|Mars-Jupiter,2,None,0,False,False,False,False,False,True,True
Q2802,Mo Collins,1965-07-07,"American actress, comedian and screenwriter",Actor_Media,None,0,Mercury-Venus,1,Moon-Venus,1,False,False,False,False,False,False,False
Q2803,José Jiménez,1973-07-07,Dominican baseball player,Athlete,None,0,Mercury-Venus,1,Mercury-Moon,1,False,False,False,False,False,False,False
Q2804,Mahendra Singh Dhoni,1981-07-07,Indian cricketer,Athlete,None,0,Moon-Jupiter|Moon-Saturn|Mercury-Mars|Jupiter-Saturn,4,None,0,False,False,False,False,False,False,False
Q2805,Lee Addy,1990-07-07,Ghanaian footballer,Athlete,None,0,Sun-Mercury|Sun-Jupiter|Mercury-Jupiter,3,None,0,False,False,False,False,False,False,False
Q2806,Gian Giorgio Trissino,1478-07-08,"Italian linguist, poet, and playwright",Writer_Journalism,None,0,None,0,Mercury-Moon,1,False,False,False,False,False,False,False
Q2807,Dominique Jean Larrey,1766-07-08,French surgeon,Medicine,None,0,Sun-Mercury,1,None,0,False,False,False,False,False,False,False
Q2808,Eli Lilly,1838-07-08,"American soldier, chemist, and businessman, founded Eli Lilly and Company",Academic_Science,None,0,Sun-Mercury,1,None,0,False,False,False,False,False,False,False
Q2809,Percy Grainger,1882-07-08,Australian-American pianist and composer,Other,None,0,None,0,None,0,False,False,False,False,False,False,False
Q2810,Leonid Amalrik,1905-07-08,Russian animator and director,Actor_Media,None,0,Venus-Jupiter,1,Mercury-Moon,1,False,False,False,False,False,False,False
Q2811,Jyoti Basu,1914-07-08,"Indian politician, 6th Chief Minister of West Bengal",Politics_Government,None,0,None,0,None,0,False,False,False,False,False,False,False
Q2812,Godtfred Kirk Christiansen,1920-07-08,Danish businessman,Business,Jupiter,1,Sun-Venus,1,Jupiter-Moon,1,False,False,False,False,False,True,False
Q2813,Balakh Sher Mazari,1928-07-08,former prime minister of Pakistan,Politics_Government,None,0,Sun-Venus|Mars-Jupiter,2,None,0,False,False,False,False,False,False,False
Q2814,Ed Lumley,1939-07-08,"Canadian businessman and politician, 8th Canadian Minister of Communications",Politics_Government,Mars,1,Moon-Jupiter,1,Mars-Saturn,1,False,False,False,False,True,False,False
Q2815,Raffi,1948-07-08,Egyptian-Canadian singer-songwriter,Actor_Media,None,0,Mercury-Venus,1,None,0,False,False,False,False,False,False,False
Q2816,Pauline Quirke,1959-07-08,English actress,Actor_Media,None,0,Moon-Mercury|Venus-Mars,2,None,0,False,False,False,False,False,False,False
Q2817,Ralf Altmeyer,1966-07-08,German-Chinese virologist and academic,Academic_Science,None,0,Sun-Jupiter,1,None,0,False,False,False,False,False,False,False
Q2818,Kathleen Robertson,1973-07-08,Canadian actress and writer,Actor_Media,None,0,Mercury-Venus,1,Moon-Venus,1,False,False,False,False,False,False,False
Q2819,Shonette Azore-Bruce,1982-07-08,Barbadian netball player,Athlete,None,0,Mars-Saturn,1,None,0,False,False,False,False,False,False,False
Q2820,Kevin Trapp,1990-07-08,German footballer,Athlete,None,0,Sun-Mercury|Sun-Jupiter|Moon-Saturn|Mercury-Jupiter,4,None,0,False,False,False,False,False,False,False
Q2821,Emperor Kameyama,1249-07-09,of Japan,Other,None,0,None,0,None,0,False,False,False,False,False,False,False
Q2822,Philip Livingston,1686-07-09,American merchant and politician,Politics_Government,None,0,Sun-Mars,1,None,0,False,False,False,False,False,False,False
Q2823,Alexander William Doniphan,1808-07-09,American lawyer and colonel,Law,Saturn,1,Sun-Venus,1,None,0,False,False,False,False,False,False,True
Q2824,"Robert I, Duke of Parma",1848-07-09,,Unknown,Jupiter,1,Sun-Venus|Mercury-Jupiter,2,None,0,False,False,False,False,False,True,False
Q2825,Léo Dandurand,1889-07-09,"American-Canadian ice hockey player, coach, and referee",Athlete,None,0,Sun-Mars,1,None,0,False,False,False,False,False,False,False
Q2826,Allamah Rasheed Turabi,1908-07-09,Pakistani philosopher and scholar,Academic_Science,Jupiter,1,Sun-Mercury|Sun-Venus|Mercury-Venus,3,None,0,False,False,False,False,False,True,False
Q2827,Nicolaas Govert de Bruijn,1918-07-09,Dutch mathematician and academic,Academic_Science,None,0,Moon-Mercury,1,None,0,False,False,False,False,False,False,False
Q2828,Federico Bahamontes,1928-07-09,Spanish cyclist,Athlete,None,0,Sun-Venus|Mars-Jupiter,2,None,0,False,False,False,False,False,False,False
Q2829,June Jordan,1936-07-09,American poet and educator,Writer_Journalism,None,0,Sun-Venus|Sun-Mars|Moon-Saturn|Mercury-Mars,4,None,0,False,False,False,False,False,False,False
Q2830,Judith M. Brown,1944-07-09,Indian-English historian and academic,Academic_Science,None,0,Sun-Venus|Mercury-Venus|Mars-Jupiter,3,None,0,False,False,False,False,False,False,False
Q2831,John Tesh,1952-07-09,"American pianist, composer, and radio and television host",Actor_Media,None,0,Sun-Venus,1,None,0,False,False,False,False,False,False,False
Q2832,Jim Kerr,1959-07-09,Scottish singer-songwriter and keyboard player,Athlete,None,0,Moon-Venus|Moon-Mars|Venus-Mars,3,None,0,False,False,False,False,False,False,False
Q2833,Nicklas Barker,1969-07-09,Swedish singer-songwriter and guitarist,Actor_Media,None,0,None,0,None,0,False,False,False,False,False,False,False
Q2834,Thomas Cichon,1976-07-09,Polish-German footballer and manager,Athlete,None,0,Sun-Mercury|Sun-Venus,2,None,0,False,False,False,False,False,False,False
Q2835,Sébastien Bassong,1986-07-09,Cameroonian footballer,Athlete,None,0,Moon-Mercury,1,None,0,False,False,False,False,False,False,False
Q2836,Emperor Go-Hanazono,1419-07-10,of Japan,Other,None,0,Venus-Jupiter,1,None,0,False,False,False,False,False,False,False
Q2837,Jean Herauld Gourville,1625-07-10,French adventurer,Other,None,0,Sun-Mercury|Sun-Venus|Moon-Jupiter,3,None,0,False,False,False,False,False,False,False
Q2838,Robert Chambers,1802-07-10,"Scottish geologist and publisher, co-founded Chambers Harrap",Other,None,0,Jupiter-Saturn,1,Moon-Venus,1,False,False,False,False,False,False,False
Q2839,Nikola Tesla,1856-07-10,Serbian-American electrical and mechanical engineer,Engineering_Tech,None,0,Sun-Venus|Moon-Mars|Mercury-Saturn,3,None,0,False,False,False,False,False,False,False
Q2840,Johannes Blaskowitz,1883-07-10,German general,Politics_Government,None,0,Sun-Jupiter|Mercury-Venus|Mars-Saturn,3,None,0,False,False,False,False,False,False,False
Q2841,John Gilbert,1899-07-10,"American actor, director, and screenwriter",Actor_Media,None,0,Moon-Mercury,1,None,0,False,False,False,False,False,False,False
Q2842,Salvador Espriu,1913-07-10,"Spanish author, poet, and playwright",Writer_Journalism,None,0,None,0,Mercury-Moon,1,False,False,False,False,False,False,False
Q2843,Jean Kerr,1922-07-10,American author and playwright,Writer_Journalism,None,0,None,0,None,0,False,False,False,False,False,False,False
Q2844,Nick Adams,1931-07-10,American actor and screenwriter,Actor_Media,Jupiter,1,Mercury-Jupiter,1,None,0,False,False,False,False,False,True,False
Q2845,"Meghnad Desai, Baron Desai",1940-07-10,Indian-English economist and politician,Politics_Government,None,0,Mercury-Mars|Jupiter-Saturn,2,Mercury-Moon,1,False,False,False,False,False,False,False
Q2846,Anna Czerwińska,1949-07-10,Polish mountaineer and author,Writer_Journalism,None,0,None,0,None,0,False,False,False,False,False,False,False
Q2847,Derry Grehan,1957-07-10,Canadian rock guitarist and songwriter,Writer_Journalism,None,0,Sun-Mercury|Venus-Mars,2,None,0,False,False,False,False,False,False,False
Q2848,Tom Meents,1967-07-10,American professional monster truck driver,Other,Jupiter,1,Sun-Mercury,1,None,0,False,False,False,False,False,True,False
Q2849,Mvondo Atangana,1979-07-10,Cameroon footballer,Athlete,Jupiter,1,Mercury-Jupiter,1,None,0,False,False,False,False,False,True,False
Q2850,Daishōmaru Shōgo,1991-07-10,Japanese sumo wrestler,Athlete,Jupiter,1,Mercury-Jupiter|Venus-Mars,2,Mercury-Moon,1,False,False,False,False,False,True,False
Q2851,Bardaisan,0154-07-11,"Syrian astrologer, scholar, and philosopher",Academic_Science,None,0,Venus-Jupiter|Venus-Saturn|Jupiter-Saturn,3,None,0,False,False,False,False,False,False,False
Q2852,Tokugawa Mitsukuni,1628-07-11,Japanese daimyō,Other,None,0,None,0,None,0,False,False,False,False,False,False,False
Q2853,John Quincy Adams,1767-07-11,"American lawyer and politician, 6th President of the United States",Politics_Government,None,0,Mercury-Mars,1,None,0,False,False,False,False,False,False,False
Q2854,Annie Armstrong,1850-07-11,American missionary,Other,None,0,Moon-Venus,1,None,0,False,False,False,False,False,False,False
Q2855,Carl Schmitt,1888-07-11,German philosopher and jurist,Law,None,0,Sun-Mercury|Sun-Venus|Mercury-Venus,3,None,0,False,False,False,False,False,False,False
Q2856,Rudolf Abel,1903-07-11,English-Russian colonel and Soviet spy,Other,None,0,Moon-Saturn,1,None,0,False,False,False,False,False,False,False
Q2857,Leonard Goodwin,1915-07-11,British protozoologist,Other,None,0,Moon-Mercury|Moon-Venus|Moon-Saturn|Mercury-Venus|Mercury-Saturn|Venus-Saturn,6,None,0,False,False,False,False,False,False,False
Q2858,Charles Chaynes,1925-07-11,French composer,Other,Saturn,1,Mercury-Venus|Mercury-Mars|Venus-Mars,3,None,0,False,False,False,False,False,False,True
Q2859,Jim Carlen,1933-07-11,American football player and coach,Athlete,None,0,Mercury-Venus,1,None,0,False,False,False,False,False,False,False
Q2860,Jeff Hanna,1947-07-11,"American singer-songwriter, guitarist, and drummer",Actor_Media,None,0,Sun-Mercury,1,None,0,False,False,False,False,False,False,False
Q2861,Peter Murphy,1957-07-11,English singer-songwriter,Actor_Media,None,0,Venus-Mars,1,None,0,False,False,False,False,False,False,False
Q2862,Nadeem Aslam,1966-07-11,Pakistani-English author,Writer_Journalism,None,0,Sun-Jupiter,1,None,0,False,False,False,False,False,False,False
Q2863,Alanas Chošnau,1974-07-11,Lithuanian singer-songwriter,Actor_Media,None,0,Mercury-Saturn,1,None,0,False,False,False,False,False,False,False
Q2864,Engin Baytar,1983-07-11,German-Turkish footballer,Athlete,Saturn,1,Sun-Mercury,1,None,0,False,False,False,False,False,False,True
Q2865,Mohamed Elneny,1992-07-11,Egyptian footballer,Athlete,None,0,Sun-Venus,1,None,0,False,False,False,False,False,False,False
Q2866,Ashikaga Yoshinori,1394-07-12,Japanese shōgun,Other,Saturn,1,Sun-Venus,1,Mercury-Moon,1,False,False,False,False,False,False,True
Q2867,Thomas Hawksley,1807-07-12,English engineer and academic,Academic_Science,Saturn,1,None,0,None,0,False,False,False,False,False,False,True
Q2868,George Eastman,1854-07-12,"American businessman, founded Eastman Kodak",Business,None,0,Venus-Saturn,1,None,0,False,False,False,False,False,False,False
Q2869,Max Jacob,1876-07-12,"French poet, painter, and critic",Writer_Journalism,None,0,Sun-Venus|Venus-Mars,2,None,0,False,False,False,False,False,False,False
Q2870,Bruno Schulz,1892-07-12,Ukrainian-Polish author and painter,Writer_Journalism,Mars,1,Sun-Venus|Moon-Mars,2,None,0,False,False,False,False,True,False,False
Q2871,Joe DeRita,1909-07-12,"American actor, 'Curly' of the Three Stooges",Actor_Media,None,0,None,0,None,0,False,False,False,False,False,False,False
Q2872,James E. Gunn,1923-07-12,American science fiction author,Writer_Journalism,None,0,Moon-Mercury|Moon-Venus|Mercury-Venus,3,None,0,False,False,False,False,False,False,False
Q2873,Victor Poor,1933-07-12,"American engineer, developed the Datapoint 2200",Engineering_Tech,None,0,Mercury-Venus,1,None,0,False,False,False,False,False,False,False
Q2874,Benny Parsons,1941-07-12,American race car driver and sportscaster,Other,None,0,None,0,None,0,False,False,False,False,False,False,False
Q2875,Eric Carr,1950-07-12,American drummer and songwriter,Writer_Journalism,Moon,1,Sun-Mercury|Moon-Venus,2,None,0,False,True,False,False,False,False,False
Q2876,Tupou VI,1959-07-12,King of Tonga,Politics_Government,None,0,None,0,Mercury-Moon,1,False,False,False,False,False,False,False
Q2877,Chantal Jouanno,1969-07-12,"French politician, French Minister of Youth Affairs and Sports",Politics_Government,None,0,None,0,None,0,False,False,False,False,False,False,False
Q2878,Neil Harris,1977-07-12,English footballer and manager,Athlete,Moon,1,Moon-Venus,1,None,0,False,True,False,False,False,False,False
Q2879,Didier Digard,1986-07-12,French footballer,Athlete,None,0,None,0,None,0,False,False,False,False,False,False,False
Q2880,Kanako Momota,1994-07-12,Japanese singer-songwriter,Actor_Media,None,0,Moon-Venus,1,None,0,False,False,False,False,False,False,False
Q2881,Francesco Armellini Pantalassi de' Medici,1470-07-13,Catholic cardinal,Other,None,0,None,0,Mercury-Moon,1,False,False,False,False,False,False,False
Q2882,"Ferdinand III, Holy Roman Emperor",1608-07-13,,Unknown,Mars,1,Sun-Mercury,1,None,0,False,False,False,False,True,False,False
Q2883,Arthur Böttcher,1831-07-13,German pathologist and anatomist,Other,None,0,Sun-Mercury|Moon-Venus|Venus-Saturn,3,None,0,False,False,False,False,False,False,False
Q2884,Robert Henry Mathews,1877-07-13,Australian linguist and missionary,Other,None,0,Sun-Mercury|Mars-Saturn,2,None,0,False,False,False,False,False,False,False
Q2885,Julius Schreck,1898-07-13,German commander,Other,Moon,1,Moon-Mars,1,None,0,False,True,False,False,False,False,False
Q2886,Lien Gisolf,1910-07-13,Dutch high jumper,Other,None,0,Sun-Mercury|Moon-Jupiter,2,None,0,False,False,False,False,False,False,False
Q2887,Ashley Bryan,1923-07-13,American children's book author and illustrator,Writer_Journalism,None,0,Sun-Moon|Moon-Mercury|Mercury-Venus,3,None,0,False,False,False,False,False,False,False
Q2888,Frank Ramsey,1931-07-13,American basketball player and coach,Athlete,Jupiter,1,Mercury-Jupiter,1,Mercury-Moon,1,False,False,False,False,False,True,False
Q2889,Tom Lichtenberg,1940-07-13,American football player and coach,Athlete,None,0,Mercury-Mars|Jupiter-Saturn,2,None,0,False,False,False,False,False,False,False
Q2890,Catherine Breillat,1948-07-13,French director and screenwriter,Actor_Media,None,0,Mercury-Venus,1,None,0,False,False,False,False,False,False,False
Q2891,Michael Spinks,1956-07-13,American boxer,Athlete,None,0,Sun-Mercury,1,Mars-Saturn,1,False,False,False,False,False,False,False
Q2892,Eileen Ivers,1965-07-13,American fiddler,Other,None,0,Mercury-Venus,1,None,0,False,False,False,False,False,False,False
Q2893,Diego Spotorno,1975-07-13,Ecuadorian actor,Actor_Media,None,0,Sun-Saturn,1,None,0,False,False,False,False,False,False,False
Q2894,Ida Maria,1984-07-13,Norwegian singer-songwriter and guitarist,Actor_Media,Saturn,1,Sun-Venus|Mars-Saturn,2,None,0,False,False,False,False,False,False,True
Q2895,Dan Bentley,1993-07-13,English footballer,Athlete,None,0,Sun-Mercury,1,None,0,False,False,False,False,False,False,False
Q2896,Murakami,1979-07-14,emperor of Japan,Politics_Government,Jupiter,1,Mercury-Jupiter,1,Jupiter-Moon,1,False,False,False,False,False,True,False
Q2897,"Ferdinando II de' Medici, Grand Duke of Tuscany",1610-07-14,,Unknown,None,0,None,0,None,0,False,False,False,False,False,False,False
Q2898,Gavrila Derzhavin,1743-07-14,Russian poet and politician,Politics_Government,None,0,Sun-Mercury|Venus-Saturn,2,None,0,False,False,False,False,False,False,False
Q2899,Edward Benson,1829-07-14,English archbishop,Religion,None,0,Venus-Mars|Venus-Saturn|Mars-Saturn,3,None,0,False,False,False,False,False,False,False
Q2900,Gertrude Bell,1868-07-14,English archaeologist and political officer,Other,None,0,Sun-Mercury|Sun-Venus|Mercury-Venus,3,None,0,False,False,False,False,False,False,False
Q2901,Clarence J. Brown,1893-07-14,"American publisher and politician, 36th Lieutenant Governor of Ohio",Politics_Government,None,0,Moon-Venus|Moon-Mars|Mercury-Venus|Venus-Mars,4,None,0,False,False,False,False,False,False,False
Q2902,Gerald Finzi,1901-07-14,English composer and academic,Academic_Science,None,0,Sun-Mercury|Jupiter-Saturn,2,None,0,False,False,False,False,False,False,False
Q2903,Woody Guthrie,1912-07-14,American singer-songwriter and guitarist,Actor_Media,None,0,Sun-Moon|Sun-Venus|Moon-Venus,3,Mercury-Moon,1,False,False,False,False,False,False,False
Q2904,René Favaloro,1923-07-14,Argentine surgeon and cardiologist,Medicine,None,0,Sun-Moon|Sun-Mars|Moon-Mars|Mercury-Venus,4,None,0,False,False,False,False,False,False,False
Q2905,Jacqueline de Ribes,1929-07-14,French fashion designer and philanthropist,Other,None,0,Venus-Jupiter,1,None,0,False,False,False,False,False,False,False
Q2906,Yoshiro Mori,1937-07-14,"Japanese journalist and politician, 55th Prime Minister of Japan",Politics_Government,None,0,Sun-Mercury,1,Mercury-Moon,1,False,False,False,False,False,False,False
Q2907,Jim Gordon,1945-07-14,American rock drummer and convicted murderer,Other,None,0,Sun-Saturn|Moon-Jupiter,2,None,0,False,False,False,False,False,False,False
Q2908,Anna Bligh,1960-07-14,"Australian politician, 37th Premier of Queensland",Politics_Government,None,0,Sun-Mercury|Sun-Venus|Mercury-Venus,3,None,0,False,False,False,False,False,False,False
Q2909,Tim Hudson,1975-07-14,American baseball player,Athlete,None,0,Sun-Saturn,1,None,0,False,False,False,False,False,False,False
Q2910,Conor McGregor,1988-07-14,Irish mixed martial artist,Other,None,0,Sun-Moon,1,None,0,False,False,False,False,False,False,False
Q2911,Ichijō,0980-07-15,Japanese emperor,Politics_Government,Moon,1,Moon-Jupiter,1,Moon-Venus,1,False,True,False,False,False,False,False
Q2912,Inigo Jones,1573-07-15,"English architect, designed the Queen's House",Politics_Government,None,0,Sun-Venus|Venus-Mars,2,None,0,False,False,False,False,False,False,False
Q2913,Almira Hart Lincoln Phelps,1793-07-15,"American educator, author, editor",Writer_Journalism,None,0,None,0,Mercury-Moon,1,False,False,False,False,False,False,False
Q2914,Vilfredo Pareto,1848-07-15,Italian economist and sociologist,Other,Jupiter,1,Sun-Mercury|Sun-Venus|Sun-Jupiter|Mercury-Jupiter,4,Jupiter-Moon,1,False,False,False,False,False,True,False
Q2915,Denny Barry,1993-07-15,"Irish Republican, died during the 1923 Irish Hunger Strikes",Other,Moon,1,Sun-Mercury|Moon-Venus,2,None,0,False,True,False,False,False,False,False
Q2916,Rudolf Arnheim,1904-07-15,German-American psychologist and author,Writer_Journalism,None,0,Sun-Mercury|Sun-Venus|Mercury-Venus,3,Moon-Sun,1,False,False,False,False,False,False,False
Q2917,Robert Conquest,1917-07-15,"English-American historian, poet, and academic",Academic_Science,Moon,1,Sun-Mercury|Mercury-Saturn,2,Moon-Venus,1,False,True,False,False,False,False,False
Q2918,Driss Chraïbi,1926-07-15,Moroccan-French journalist and author,Writer_Journalism,Saturn,1,None,0,Mercury-Moon,1,False,False,False,False,False,False,True
Q2919,Donn Clendenon,1935-07-15,American baseball player and lawyer,Athlete,None,0,None,0,None,0,False,False,False,False,False,False,False
Q2920,Jocelyn Bell Burnell,1943-07-15,"Northern Irish astrophysicist, astronomer, and academic",Academic_Science,Jupiter,1,Sun-Mercury,1,Jupiter-Moon,1,False,False,False,False,False,True,False
Q2921,John Cleland,1952-07-15,British racing driver,Other,None,0,Sun-Venus|Moon-Jupiter,2,None,0,False,False,False,False,False,False,False
Q2922,Nikos Filippou,1962-07-15,Greek basketball player and manager,Athlete,None,0,None,0,None,0,False,False,False,False,False,False,False
Q2923,Scott Foley,1972-07-15,American actor,Actor_Media,None,0,Venus-Saturn,1,None,0,False,False,False,False,False,False,False
Q2924,Alou Diarra,1981-07-15,French footballer,Athlete,None,0,Mercury-Mars|Jupiter-Saturn,2,None,0,False,False,False,False,False,False,False
Q2925,Tobias Harris,1992-07-15,American basketball player,Athlete,None,0,None,0,None,0,False,False,False,False,False,False,False
Q2926,Clare of Assisi,1194-07-16,Italian nun and saint,Other,None,0,None,0,None,0,False,False,False,False,False,False,False
Q2927,Joshua Reynolds,1723-07-16,English painter and academic,Academic_Science,None,0,Sun-Mercury|Moon-Jupiter|Jupiter-Saturn,3,None,0,False,False,False,False,False,False,False
Q2928,Ida B. Wells,1862-07-16,American journalist and activist,Writer_Journalism,None,0,Moon-Mars|Jupiter-Saturn,2,None,0,False,False,False,False,False,False,False
Q2929,Violette Neatley Anderson,1882-07-16,American judge,Law,None,0,None,0,None,0,False,False,False,False,False,False,False
Q2930,Lady Eve Balfour,1898-07-16,"British farmer, educator, and founding figure in the organic movement",Other,None,0,None,0,Mercury-Moon,1,False,False,False,False,False,False,False
Q2931,Amy Patterson,1912-07-16,"Argentine composer, singer, poet, and teacher",Actor_Media,None,0,Sun-Venus|Moon-Mercury,2,None,0,False,False,False,False,False,False,False
Q2932,Frank Jobe,1925-07-16,American sergeant and surgeon,Medicine,Moon|Saturn,2,Mercury-Venus|Mercury-Mars|Venus-Mars,3,Moon-Venus,1,False,True,False,False,False,False,True
Q2933,John Chilton,1932-07-16,English trumpet player and composer,Athlete,None,0,Mercury-Jupiter,1,None,0,False,False,False,False,False,False,False
Q2934,Desmond Dekker,1941-07-16,Jamaican singer-songwriter,Actor_Media,None,0,None,0,None,0,False,False,False,False,False,False,False
Q2935,Gary Indiana,1950-07-16,"American writer, playwright and poet",Writer_Journalism,None,0,Sun-Mercury,1,None,0,False,False,False,False,False,False,False
Q2936,James MacMillan,1959-07-16,Scottish composer and conductor,Other,None,0,None,0,None,0,False,False,False,False,False,False,False
Q2937,Dhanraj Pillay,1968-07-16,Indian field hockey player and manager,Athlete,None,0,Sun-Venus|Sun-Mars,2,None,0,False,False,False,False,False,False,False
Q2938,Maret Maripuu,1974-07-16,"Estonian politician, Estonian Minister of Social Affairs",Politics_Government,Moon,1,Mercury-Saturn,1,None,0,False,True,False,False,False,False,False
Q2939,Katrina Kaif,1983-07-16,British Indian actress and model,Actor_Media,Saturn,1,Sun-Mercury,1,Mercury-Moon,1,False,False,False,False,False,False,True
Q2940,James Maslow,1990-07-16,"American actor, singer and dancer",Actor_Media,None,0,Sun-Jupiter|Moon-Mars,2,None,0,False,False,False,False,False,False,False
Q2941,Ismail I,1487-07-17,of Iran,Other,None,0,None,0,Jupiter-Saturn,1,False,False,False,False,False,False,False
Q2942,Alexander Gottlieb Baumgarten,1714-07-17,German philosopher and academic,Academic_Science,None,0,Mercury-Venus,1,Mercury-Moon,1,False,False,False,False,False,False,False
Q2943,Joseph-Alfred Mousseau,1837-07-17,"Canadian lawyer, judge, and politician, 7th Secretary of State for Canada",Politics_Government,Jupiter|Saturn,2,None,0,Jupiter-Moon,1,False,False,False,False,False,True,True
Q2944,James Somerville,1882-07-17,"English admiral and politician, Lord Lieutenant of Somerset",Politics_Government,None,0,None,0,None,0,False,False,False,False,False,False,False
Q2945,Luigi Chinetti,1901-07-17,Italian-American race car driver,Other,None,0,Sun-Mercury|Moon-Venus|Jupiter-Saturn,3,None,0,False,False,False,False,False,False,False
Q2946,Eleanor Steber,1914-07-17,American soprano and educator,Other,None,0,Sun-Mercury,1,None,0,False,False,False,False,False,False,False
Q2947,George Barnes,1921-07-17,"American guitarist, producer, and songwriter",Actor_Media,None,0,Sun-Mars|Mercury-Mars|Jupiter-Saturn,3,None,0,False,False,False,False,False,False,False
Q2948,Niccolò Castiglioni,1932-07-17,Italian composer,Other,None,0,Mercury-Jupiter,1,None,0,False,False,False,False,False,False,False
Q2949,Tim Brooke-Taylor,1940-07-17,English actor and screenwriter,Actor_Media,None,0,Sun-Mercury|Mercury-Mars|Jupiter-Saturn,3,None,0,False,False,False,False,False,False,False
Q2950,"Joyce Anelay, Baroness Anelay of St John's",1947-07-17,English educator and politician,Politics_Government,None,0,Sun-Mercury|Moon-Mercury|Moon-Venus,3,None,0,False,False,False,False,False,False,False
Q2951,Sylvie Léonard,1955-07-17,Canadian actress and screenwriter,Actor_Media,Jupiter|Saturn,2,Mercury-Venus|Mars-Jupiter,2,None,0,False,False,False,False,False,True,True
Q2952,Regina Belle,1963-07-17,"American singer-songwriter, producer, and actress",Actor_Media,Moon,1,Sun-Mercury,1,None,0,False,True,False,False,False,False,False
Q2953,Claudio López,1974-07-17,Argentine footballer,Athlete,None,0,Moon-Venus|Mercury-Saturn,2,None,0,False,False,False,False,False,False,False
Q2954,Hely Ollarves,1981-07-17,Venezuelan runner,Athlete,None,0,Mercury-Mars|Jupiter-Saturn,2,None,0,False,False,False,False,False,False,False
Q2955,Billie Lourd,1992-07-17,American actress,Actor_Media,None,0,None,0,None,0,False,False,False,False,False,False,False
Q2956,Hermann of Reichenau,1013-07-18,"German composer, mathematician, and astronomer",Academic_Science,Saturn,1,None,0,Moon-Sun,1,False,False,False,False,False,False,True
Q2957,Maria Clementina Sobieska,1702-07-18,Polish noble,Other,None,0,Jupiter-Saturn,1,None,0,False,False,False,False,False,False,False
Q2958,Pauline Viardot,1821-07-18,French soprano and composer,Other,None,0,Mercury-Venus|Jupiter-Saturn,2,None,0,False,False,False,False,False,False,False
Q2959,Margaret Brown,1867-07-18,American philanthropist and activist,Other,Saturn,1,None,0,None,0,False,False,False,False,False,False,True
Q2960,Frank Forde,1890-07-18,"Australian educator and politician, 15th Prime Minister of Australia",Politics_Government,None,0,Sun-Mercury|Venus-Saturn,2,None,0,False,False,False,False,False,False,False
Q2961,Jessamyn West,1902-07-18,American author,Writer_Journalism,None,0,Mercury-Mars|Venus-Mars,2,None,0,False,False,False,False,False,False,False
Q2962,L. Patrick Gray,1916-07-18,American lawyer and bureaucrat,Law,None,0,Sun-Saturn|Mercury-Saturn,2,None,0,False,False,False,False,False,False,False
Q2963,Inge Sørensen,1924-07-18,Danish swimmer,Athlete,Saturn,1,None,0,None,0,False,False,False,False,False,False,True
Q2964,Edward Bond,1934-07-18,"English director, playwright, and screenwriter",Actor_Media,None,0,Moon-Jupiter,1,None,0,False,False,False,False,False,False,False
Q2965,David Hemery,1944-07-18,English hurdler and author,Writer_Journalism,None,0,Sun-Venus|Moon-Saturn|Mars-Jupiter,3,Mercury-Moon,1,False,False,False,False,False,False,False
Q2966,Ricky Skaggs,1954-07-18,"American singer-songwriter, mandolin player, and producer",Athlete,Saturn,1,Mercury-Jupiter,1,None,0,False,False,False,False,False,False,True
Q2967,Vesselina Kasarova,1965-07-18,Bulgarian soprano,Other,None,0,Moon-Saturn|Mercury-Venus,2,None,0,False,False,False,False,False,False,False
Q2968,Alexander Morozevich,1977-07-18,Russian chess player and author,Athlete,None,0,Moon-Mercury|Moon-Saturn|Mercury-Saturn,3,None,0,False,False,False,False,False,False,False
Q2969,Chace Crawford,1985-07-18,American actor,Actor_Media,Saturn,1,Sun-Moon|Sun-Mars|Moon-Mars,3,None,0,False,False,False,False,False,False,True
Q2970,Lee Tae-min,1993-07-18,South Korean singer and actor,Actor_Media,None,0,Sun-Mercury|Moon-Mercury,2,None,0,False,False,False,False,False,False,False
Q2971,Muhammad al-Bukhari,0810-07-19,Persian scholar,Academic_Science,None,0,None,0,None,0,False,False,False,False,False,False,False
Q2972,Thomas Talbot,1771-07-19,Irish-Canadian colonel and politician,Politics_Government,None,0,None,0,None,0,False,False,False,False,False,False,False
Q2973,Edgar Degas,1834-07-19,"French painter, sculptor, and illustrator",Writer_Journalism,None,0,None,0,None,0,False,False,False,False,False,False,False
Q2974,Xenophon Stratigos,1869-07-19,"Greek general and politician, Greek Minister of Transport",Politics_Government,None,0,Moon-Saturn,1,None,0,False,False,False,False,False,False,False
Q2975,Enno Lolling,1888-07-19,German physician,Academic_Science,None,0,Sun-Venus,1,None,0,False,False,False,False,False,False,False
Q2976,Herbert Marcuse,1898-07-19,German-American sociologist and philosopher,Other,None,0,Sun-Moon,1,None,0,False,False,False,False,False,False,False
Q2977,Marius Russo,1914-07-19,American baseball player,Athlete,Moon,1,Sun-Mercury,1,None,0,False,True,False,False,False,False,False
Q2978,Theo Barker,1923-07-19,English historian,Writer_Journalism,None,0,Sun-Mercury|Sun-Mars,2,None,0,False,False,False,False,False,False,False
Q2979,Nick Koback,1935-07-19,American baseball player and golfer,Athlete,None,0,Moon-Saturn,1,None,0,False,False,False,False,False,False,False
Q2980,André Forcier,1947-07-19,Canadian director and screenwriter,Actor_Media,None,0,Sun-Mercury|Moon-Saturn|Mercury-Venus,3,None,0,False,False,False,False,False,False,False
Q2981,Roger Binny,1955-07-19,Indian cricketer and sportscaster,Athlete,Jupiter|Saturn,2,Sun-Moon|Mercury-Venus|Mars-Jupiter,3,None,0,False,False,False,False,False,True,True
Q2982,Evelyn Glennie,1965-07-19,Scottish musician,Actor_Media,None,0,Mercury-Venus,1,None,0,False,False,False,False,False,False,False
Q2983,Rey Bucanero,1974-07-19,Mexican wrestler,Athlete,None,0,Sun-Moon|Mercury-Saturn,2,None,0,False,False,False,False,False,False,False
Q2984,Helen Skelton,1983-07-19,English television host and actress,Actor_Media,Saturn,1,Moon-Jupiter,1,None,0,False,False,False,False,False,False,True
Q2985,Jake Nicholson,1992-07-19,English footballer,Athlete,None,0,None,0,None,0,False,False,False,False,False,False,False
Q2986,Taichō,0682-07-20,Japanese monk and scholar,Academic_Science,None,0,Mercury-Mars,1,None,0,False,False,False,False,False,False,False
Q2987,Anne Hutchinson,1591-07-20,English Puritan preacher,Other,None,0,Sun-Moon,1,None,0,False,False,False,False,False,False,False
Q2988,Auguste de Marmont,1774-07-20,French general,Politics_Government,None,0,Venus-Mars,1,None,0,False,False,False,False,False,False,False
Q2989,Robert Anderson Van Wyck,1849-07-20,"American lawyer and politician, 91st Mayor of New York City",Politics_Government,None,0,None,0,None,0,False,False,False,False,False,False,False
Q2990,Olga Hahn-Neurath,1882-07-20,Austrian mathematician and philosopher,Academic_Science,None,0,Venus-Mars,1,None,0,False,False,False,False,False,False,False
Q2991,Leonidas Berry,1902-07-20,American gastroenterologist,Other,None,0,Moon-Saturn|Mercury-Mars|Venus-Mars,3,None,0,False,False,False,False,False,False,False
Q2992,Edmund Hillary,1919-07-20,New Zealand mountaineer and explorer,Other,Jupiter,1,Sun-Jupiter|Mercury-Saturn,2,None,0,False,False,False,False,False,True,False
Q2993,Józef Czyrek,1928-07-20,"Polish economist and politician, Polish Minister of Foreign Affairs",Politics_Government,None,0,Sun-Venus,1,Moon-Sun,1,False,False,False,False,False,False,False
Q2994,Judy Chicago,1939-07-20,American feminist artist,Other,Mars,1,None,0,Moon-Sun|Mars-Saturn,2,False,False,False,False,True,False,False
Q2995,Gerd Binnig,1947-07-20,"German physicist and academic, Nobel Prize laureate",Academic_Science,None,0,Mercury-Venus,1,Moon-Sun,1,False,False,False,False,False,False,False
Q2996,Paul Cook,1956-07-20,English drummer,Other,None,0,Sun-Mercury,1,Mars-Saturn,1,False,False,False,False,False,False,False
Q2997,Jess Walter,1965-07-20,American journalist and author,Writer_Journalism,None,0,Mercury-Venus,1,None,0,False,False,False,False,False,False,False
Q2998,Monica Nielsen,1974-07-20,Norwegian politician,Politics_Government,None,0,Mercury-Saturn,1,None,0,False,False,False,False,False,False,False
Q2999,Antoine Vermette,1982-07-20,Canadian ice hockey player,Athlete,None,0,Sun-Moon|Sun-Mercury|Moon-Mercury|Mars-Saturn,4,None,0,False,False,False,False,False,False,False
Q3000,Chiyoshōma Fujio,1991-07-20,Mongolian sumo wrestler,Athlete,Jupiter,1,Mercury-Jupiter|Venus-Mars,2,None,0,False,False,False,False,False,True,False
Q3001,Emperor Wen of Sui,0541-07-21,emperor of the Sui dynasty,Politics_Government,Saturn,1,Sun-Mercury,1,None,0,False,False,False,False,False,False,True
Q3002,Jean Picard,1620-07-21,French astronomer,Academic_Science,None,0,Sun-Mercury,1,None,0,False,False,False,False,False,False,False
Q3003,Vasil Aprilov,1789-07-21,"Bulgarian educator, merchant and writer",Writer_Journalism,Jupiter,1,Moon-Mercury|Venus-Jupiter,2,None,0,False,False,False,False,False,True,False
Q3004,Emil Orlík,1870-07-21,"Czech painter, etcher, and lithographer",Other,None,0,Sun-Mercury|Venus-Mars|Venus-Jupiter,3,None,0,False,False,False,False,False,False,False
Q3005,Hans Fallada,1893-07-21,German author,Writer_Journalism,None,0,Mercury-Venus|Venus-Mars,2,Moon-Venus,1,False,False,False,False,False,False,False
Q3006,Marshall McLuhan,1911-07-21,Canadian author and theorist,Writer_Journalism,Moon,1,None,0,None,0,False,True,False,False,False,False,False
Q3007,Paul Burke,1926-07-21,American actor,Actor_Media,Saturn,1,None,0,None,0,False,False,False,False,False,False,True
Q3008,Chandu Borde,1934-07-21,Indian cricketer and manager,Athlete,None,0,Venus-Mars,1,None,0,False,False,False,False,False,False,False
Q3009,Fritz Glatz,1943-07-21,Austrian race car driver,Other,Jupiter,1,Sun-Mercury|Sun-Jupiter|Mercury-Jupiter,3,Jupiter-Moon,1,False,False,False,False,False,True,False
Q3010,Richard Gozney,1951-07-21,"English politician and diplomat, 30th Lieutenant Governor of the Isle of Man, 139th Governor of Bermuda",Politics_Government,None,0,None,0,None,0,False,False,False,False,False,False,False
Q3011,Gene Miles,1959-07-21,Australian rugby league player and sportscaster,Athlete,None,0,None,0,None,0,False,False,False,False,False,False,False
Q3012,Arija Bareikis,1966-07-21,American actress,Actor_Media,None,0,Venus-Mars,1,Moon-Sun,1,False,False,False,False,False,False,False
Q3013,Cori Bush,1976-07-21,American politician,Politics_Government,None,0,Sun-Mercury|Sun-Saturn|Moon-Jupiter|Mercury-Venus|Mercury-Saturn|Venus-Saturn,6,None,0,False,False,False,False,False,False,False
Q3014,Kellen Winslow II,1983-07-21,American football player,Athlete,Saturn,1,None,0,None,0,False,False,False,False,False,False,True
Q3015,Sara Sampaio,1991-07-21,Portuguese model,Other,Jupiter,1,Mercury-Jupiter|Venus-Mars,2,None,0,False,False,False,False,False,True,False
Q3016,"Joan of England, Queen of Scotland",1210-07-22,,Unknown,None,0,Sun-Saturn|Mercury-Venus|Mercury-Mars|Venus-Mars|Venus-Saturn,5,Mars-Moon,1,False,False,False,False,False,False,False
Q3017,Lawrence of Brindisi,1559-07-22,Italian priest and saint,Religion,None,0,None,0,None,0,False,False,False,False,False,False,False
Q3018,Jacques-Germain Soufflot,1713-07-22,"French architect, designed the Panthéon",Engineering_Tech,None,0,Sun-Moon,1,None,0,False,False,False,False,False,False,False
Q3019,Emma Lazarus,1849-07-22,American poet and educator,Writer_Journalism,None,0,None,0,Moon-Sun,1,False,False,False,False,False,False,False
Q3020,Odell Shepard,1884-07-22,"American poet and politician, 66th Lieutenant Governor of Connecticut",Politics_Government,Jupiter,1,Sun-Moon|Mercury-Jupiter,2,None,0,False,False,False,False,False,True,False
Q3021,León de Greiff,1895-07-22,"Colombian poet, journalist, and diplomat",Writer_Journalism,Saturn,1,Sun-Moon,1,None,0,False,False,False,False,False,False,True
Q3022,Gino Bianco,1916-07-22,Brazilian racing driver,Other,None,0,Sun-Mercury|Sun-Saturn|Moon-Jupiter|Mercury-Saturn,4,None,0,False,False,False,False,False,False,False
Q3023,Orson Bean,1928-07-22,American actor,Actor_Media,None,0,Sun-Venus,1,None,0,False,False,False,False,False,False,False
Q3024,Chuck Jackson,1937-07-22,American R&B singer and songwriter,Actor_Media,None,0,Moon-Jupiter,1,None,0,False,False,False,False,False,False,False
Q3025,Jim Edgar,1946-07-22,"American politician, 38th Governor of Illinois",Politics_Government,None,0,Sun-Saturn,1,None,0,False,False,False,False,False,False,False
Q3026,Mick Pointer,1956-07-22,English neo-progressive rock drummer,Other,None,0,Sun-Mercury,1,Mars-Saturn,1,False,False,False,False,False,False,False
Q3027,Derrick Dalley,1965-07-22,Canadian educator and politician,Politics_Government,None,0,Mercury-Venus,1,None,0,False,False,False,False,False,False,False
Q3028,Ezio Galon,1977-07-22,Italian rugby player,Athlete,None,0,Mercury-Saturn|Venus-Jupiter,2,Mercury-Moon,1,False,False,False,False,False,False,False
Q3029,Colin de Grandhomme,1986-07-22,Zimbabwean-New Zealand cricketer,Athlete,None,0,Sun-Mercury,1,None,0,False,False,False,False,False,False,False
Q3030,Kevin Fiala,1996-07-22,Swiss ice hockey player,Athlete,None,0,None,0,Mercury-Moon,1,False,False,False,False,False,False,False
Q3031,"Otto, Duke of Austria",1301-07-23,,Unknown,None,0,None,0,None,0,False,False,False,False,False,False,False
Q3032,Adam Dollard des Ormeaux,1635-07-23,New France garrison commander,Other,Jupiter,1,None,0,None,0,False,False,False,False,False,True,False
Q3033,Manuel María Lombardini,1802-07-23,Mexican general and president,Politics_Government,None,0,Sun-Mercury|Moon-Mars|Venus-Jupiter|Venus-Saturn|Jupiter-Saturn,5,None,0,False,False,False,False,False,False,False
Q3034,Francesco Cilea,1866-07-23,Italian composer and academic,Academic_Science,Saturn,1,None,0,None,0,False,False,False,False,False,False,True
Q3035,Raymond Chandler,1888-07-23,American crime novelist and screenwriter,Writer_Journalism,None,0,Sun-Venus|Sun-Saturn|Venus-Saturn,3,Moon-Saturn,1,False,False,False,False,False,False,False
Q3036,Julia Davis Adams,1900-07-23,American author and journalist,Writer_Journalism,None,0,Moon-Mars,1,Mercury-Moon,1,False,False,False,False,False,False,False
Q3037,Abraham Bueno de Mesquita,1918-07-23,Dutch comedian and actor,Actor_Media,None,0,Venus-Jupiter,1,Moon-Saturn,1,False,False,False,False,False,False,False
Q3038,Gérard Brach,1927-07-23,French director and screenwriter,Actor_Media,Moon,1,Sun-Mercury,1,None,0,False,True,False,False,False,False,False
Q3039,Juliet Anderson,1938-07-23,American porn actress and producer,Actor_Media,Moon,1,Sun-Mars,1,Jupiter-Saturn,1,False,True,False,False,False,False,False
Q3040,Gardner Dozois,1947-07-23,American journalist and author,Writer_Journalism,None,0,Mercury-Venus,1,None,0,False,False,False,False,False,False,False
Q3041,Ken Green,1958-07-23,American golfer,Athlete,None,0,Moon-Jupiter,1,None,0,False,False,False,False,False,False,False
Q3042,Philip Seymour Hoffman,1967-07-23,"American actor, director, and producer",Actor_Media,Jupiter,1,None,0,None,0,False,False,False,False,False,True,False
Q3043,Dan Rogerson,1975-07-23,Cornish politician,Politics_Government,None,0,Sun-Saturn|Mercury-Saturn,2,Moon-Saturn,1,False,False,False,False,False,False,False
Q3044,Ömer Aysan Barış,1982-07-23,Turkish footballer,Athlete,None,0,Sun-Mercury|Mars-Jupiter|Mars-Saturn,3,Moon-Sun,1,False,False,False,False,False,False,False
Q3045,Lauren Mitchell,1991-07-23,Australian gymnast,Other,Jupiter,1,Mercury-Mars|Venus-Mars,2,Jupiter-Moon,1,False,False,False,False,False,True,False
Q3046,Christina von Stommeln,1242-07-24,"German Roman Catholic mystic, ecstatic, and stigmatic",Other,None,0,Sun-Venus|Venus-Mars,2,None,0,False,False,False,False,False,False,False
Q3047,John Newton,1725-07-24,English sailor and priest,Religion,None,0,Sun-Mercury|Moon-Saturn,2,Jupiter-Saturn,1,False,False,False,False,False,False,False
Q3048,William Poole,1821-07-24,American boxer and gangster,Athlete,Moon,1,Mercury-Venus|Jupiter-Saturn,2,Moon-Venus,1,False,True,False,False,False,False,False
Q3049,Frank Wedekind,1864-07-24,German actor and playwright,Actor_Media,None,0,Sun-Mercury|Sun-Venus|Mercury-Venus,3,None,0,False,False,False,False,False,False,False
Q3050,Arthur Richardson,1888-07-24,Australian cricketer and coach,Athlete,None,0,Sun-Venus|Sun-Saturn|Venus-Saturn,3,Moon-Saturn,1,False,False,False,False,False,False,False
Q3051,Harry Horner,1910-07-24,American director and production designer,Actor_Media,None,0,Sun-Mercury,1,None,0,False,False,False,False,False,False,False
Q3052,Ruggiero Ricci,1918-07-24,American violinist and educator,Other,None,0,Venus-Jupiter,1,Moon-Saturn,1,False,False,False,False,False,False,False
Q3053,Alex Katz,1927-07-24,American painter and sculptor,Other,Moon,1,Sun-Mercury,1,None,0,False,True,False,False,False,False,False
Q3054,Ruth Buzzi,1936-07-24,American actress and comedian,Actor_Media,None,0,Sun-Mercury|Sun-Venus|Mercury-Venus,3,Mercury-Moon,1,False,False,False,False,False,False,False
Q3055,Frank Close,1945-07-24,English physicist and academic,Academic_Science,None,0,None,0,None,0,False,False,False,False,False,False,False
Q3056,Gus Van Sant,1952-07-24,"American director, producer, and screenwriter",Actor_Media,None,0,Moon-Mercury,1,Moon-Sun,1,False,False,False,False,False,False,False
Q3057,Kerry Dixon,1961-07-24,English footballer and manager,Athlete,None,0,Jupiter-Saturn,1,None,0,False,False,False,False,False,False,False
Q3058,Kaiō Hiroyuki,1972-07-24,Japanese sumo wrestler,Athlete,None,0,Mercury-Mars|Venus-Saturn,2,None,0,False,False,False,False,False,False,False
Q3059,Doug Bollinger,1981-07-24,Australian cricketer,Athlete,None,0,Jupiter-Saturn,1,None,0,False,False,False,False,False,False,False
Q3060,Maurkice Pouncey,1989-07-24,American football player,Athlete,None,0,Sun-Mercury|Venus-Mars,2,None,0,False,False,False,False,False,False,False
Q3061,Thietmar,0975-07-25,bishop of Merseburg,Religion,None,0,Sun-Mercury|Sun-Mars|Sun-Saturn|Moon-Jupiter|Mercury-Venus|Mercury-Mars|Mercury-Saturn|Venus-Mars|Venus-Saturn|Mars-Saturn,10,Mars-Moon,1,False,False,False,False,False,False,False
Q3062,"Philip I, Duke of Brabant",1404-07-25,,Unknown,None,0,Mercury-Mars,1,None,0,False,False,False,False,False,False,False
Q3063,Brian Twyne,1581-07-25,English archivist,Other,None,0,Sun-Mercury|Sun-Venus,2,None,0,False,False,False,False,False,False,False
Q3064,"Santiago de Liniers, 1st Count of Buenos Aires",1753-07-25,"French-Spanish captain and politician, 10th Viceroy of the Viceroyalty of the Río de la Plata",Politics_Government,Moon|Jupiter,2,Sun-Jupiter,1,None,0,False,True,False,False,False,True,False
Q3065,Jac. P. Thijsse,1865-07-25,Dutch botanist and conservationist,Other,Saturn,1,Moon-Mars,1,Moon-Sun,1,False,False,False,False,False,False,True
Q3066,Edward Cummins,1886-07-25,American golfer,Athlete,None,0,None,0,None,0,False,False,False,False,False,False,False
Q3067,Elizabeth Francis,1909-07-25,American centenarian,Other,None,0,None,0,None,0,False,False,False,False,False,False,False
Q3068,John B. Goodenough,1922-07-25,"American materials scientist, physicist, Nobel Prize laureate",Academic_Science,None,0,None,0,None,0,False,False,False,False,False,False,False
Q3069,James Butler,1931-07-25,English sculptor and educator,Other,Jupiter,1,Sun-Jupiter,1,None,0,False,False,False,False,False,True,False
Q3070,Bruce Woodley,1942-07-25,Australian singer-songwriter and guitarist,Actor_Media,None,0,Venus-Jupiter,1,None,0,False,False,False,False,False,False,False
Q3071,Walter Payton,1953-07-25,American football player and race car driver,Athlete,None,0,Sun-Mercury|Sun-Mars|Mercury-Mars|Venus-Jupiter,4,None,0,False,False,False,False,False,False,False
Q3072,Anne Applebaum,1964-07-25,American journalist and author,Writer_Journalism,None,0,Venus-Mars,1,None,0,False,False,False,False,False,False,False
Q3073,Lauren Faust,1974-07-25,"American animator, producer, and screenwriter",Actor_Media,None,0,Mercury-Venus|Mercury-Saturn|Venus-Saturn,3,None,0,False,False,False,False,False,False,False
Q3074,Jason Dundas,1982-07-25,Australian TV host,Actor_Media,None,0,Sun-Mercury|Mars-Jupiter,2,Mercury-Moon,1,False,False,False,False,False,False,False
Q3075,Toni Duggan,1991-07-25,English footballer,Athlete,Jupiter,1,Mercury-Venus|Mercury-Mars|Venus-Mars,3,Jupiter-Moon,1,False,False,False,False,False,True,False
Q3076,Stanislaus of Szczepanów,1030-07-26,Polish bishop and saint,Religion,Jupiter,1,Sun-Jupiter|Venus-Mars,2,None,0,False,False,False,False,False,True,False
Q3077,Franz Xaver Wolfgang Mozart,1791-07-26,"Austrian pianist, composer, and conductor",Other,Moon,1,Sun-Mercury,1,None,0,False,True,False,False,False,False,False
Q3078,Stefan Drzewiecki,1844-07-26,Ukrainian-Polish engineer and journalist,Writer_Journalism,None,0,Sun-Mercury|Sun-Venus|Sun-Mars|Mercury-Mars|Venus-Mars,5,None,0,False,False,False,False,False,False,False
Q3079,Carl Jung,1875-07-26,Swiss psychiatrist and psychotherapist,Medicine,None,0,Mercury-Venus,1,None,0,False,False,False,False,False,False,False
Q3080,Daniel J. Callaghan,1890-07-26,"American admiral, Medal of Honor recipient",Other,None,0,Sun-Mercury,1,None,0,False,False,False,False,False,False,False
Q3081,Estes Kefauver,1903-07-26,American lawyer and politician,Politics_Government,None,0,Sun-Mercury,1,Moon-Sun,1,False,False,False,False,False,False,False
Q3082,Dean Brooks,1916-07-26,American physician and actor,Actor_Media,None,0,Sun-Mercury,1,Mercury-Moon,1,False,False,False,False,False,False,False
Q3083,James Best,1926-07-26,"American actor, director, and screenwriter",Actor_Media,Saturn,1,Moon-Jupiter,1,None,0,False,False,False,False,False,False,True
Q3084,Ercole Spada,1937-07-26,Italian automotive designer,Other,None,0,None,0,None,0,False,False,False,False,False,False,False
Q3085,Helen Mirren,1945-07-26,English actress,Actor_Media,None,0,None,0,None,0,False,False,False,False,False,False,False
Q3086,Vitas Gerulaitis,1954-07-26,American tennis player and coach,Athlete,Moon|Saturn,2,Mercury-Jupiter,1,None,0,False,True,False,False,False,False,True
Q3087,Sandra Bullock,1964-07-26,American actress and producer,Actor_Media,None,0,Venus-Mars,1,None,0,False,False,False,False,False,False,False
Q3088,Kate Beckinsale,1973-07-26,English actress,Actor_Media,Moon,1,None,0,None,0,False,True,False,False,False,False,False
Q3089,Gilad Hochman,1982-07-26,Israeli composer,Other,None,0,Sun-Mercury|Moon-Mars|Moon-Saturn|Mars-Jupiter,4,Mercury-Moon,1,False,False,False,False,False,False,False
Q3090,Tyson Barrie,1991-07-26,Canadian ice hockey player,Athlete,Jupiter,1,Moon-Saturn|Mercury-Venus|Mercury-Mars|Venus-Mars,4,None,0,False,False,False,False,False,True,False
Q3091,Kūkai,0774-07-27,"Japanese Buddhist monk, founder of Esoteric",Religion,None,0,Mercury-Venus,1,None,0,False,False,False,False,False,False,False
Q3092,François-Hippolyte Barthélémon,1741-07-27,French-English violinist and composer,Other,Jupiter,1,Sun-Saturn|Venus-Saturn,2,Moon-Saturn,1,False,False,False,False,False,True,False
Q3093,"Alexandre Dumas, fils",1824-07-27,French novelist and playwright,Writer_Journalism,Jupiter,1,Sun-Mercury|Sun-Venus|Mercury-Venus,3,None,0,False,False,False,False,False,True,False
Q3094,António José de Almeida,1866-07-27,"Portuguese physician and politician, 6th President of Portugal",Politics_Government,Saturn,1,Moon-Jupiter,1,None,0,False,False,False,False,False,False,True
Q3095,Geoffrey de Havilland,1882-07-27,"English pilot and engineer, founded the de Havilland Aircraft Company",Engineering_Tech,None,0,Venus-Mars,1,None,0,False,False,False,False,False,False,False
Q3096,Percy Hornibrook,1899-07-27,Australian cricketer,Athlete,None,0,None,0,None,0,False,False,False,False,False,False,False
Q3097,Rayner Heppenstall,1911-07-27,English author and poet,Writer_Journalism,None,0,Moon-Mercury,1,Moon-Sun,1,False,False,False,False,False,False,False
Q3098,Adolfo Celi,1922-07-27,"Italian actor, director, and screenwriter",Actor_Media,None,0,Moon-Venus,1,Moon-Sun,1,False,False,False,False,False,False,False
Q3099,Nick Reynolds,1933-07-27,American singer and bongo player,Athlete,None,0,Sun-Mercury,1,Mercury-Moon,1,False,False,False,False,False,False,False
Q3100,Jeremy Greenstock,1943-07-27,"English diplomat, British Ambassador to the United Nations",Other,Moon|Jupiter,2,Sun-Jupiter|Mercury-Jupiter,2,None,0,False,True,False,False,False,True,False
Q3101,Chung Dong-young,1953-07-27,"South Korean journalist and politician, 31st South Korean Minister of Unification",Politics_Government,None,0,Sun-Mercury|Sun-Mars|Mercury-Mars|Venus-Jupiter,4,None,0,False,False,False,False,False,False,False
Q3102,Neil Brooks,1962-07-27,Australian swimmer,Athlete,Moon,1,Sun-Mercury|Moon-Mars,2,None,0,False,True,False,False,False,False,False
Q3103,Matthew Johns,1971-07-27,"Australian rugby league player, sportscaster and television host",Athlete,Mars,1,None,0,None,0,False,False,False,False,True,False,False
Q3104,Allan Davis,1980-07-27,Australian cyclist,Athlete,None,0,None,0,None,0,False,False,False,False,False,False,False
Q3105,Maya Ali,1989-07-27,Pakistani actress,Actor_Media,Moon,1,None,0,None,0,False,True,False,False,False,False,False
Q3106,Margaret of Durazzo,1347-07-28,Queen of Naples and Hungary,Politics_Government,None,0,Venus-Mars,1,None,0,False,False,False,False,False,False,False
Q3107,"Thomas Heyward, Jr.",1746-07-28,American judge and politician,Politics_Government,None,0,None,0,None,0,False,False,False,False,False,False,False
Q3108,James Edson White,1849-07-28,"American author and publisher, second son of Ellen G. White and James S. White",Writer_Journalism,None,0,None,0,None,0,False,False,False,False,False,False,False
Q3109,Albert Sarraut,1872-07-28,"French journalist and politician, 106th Prime Minister of France",Politics_Government,Jupiter,1,Sun-Venus|Sun-Jupiter|Venus-Jupiter,3,None,0,False,False,False,False,False,True,False
Q3110,Freddie Fitzsimmons,1901-07-28,"American baseball player, coach, and manager",Athlete,None,0,Moon-Jupiter|Jupiter-Saturn,2,None,0,False,False,False,False,False,False,False
Q3111,Andrew V. McLaglen,1920-07-28,English-American director and producer,Actor_Media,None,0,Sun-Mercury|Sun-Venus,2,None,0,False,False,False,False,False,False,False
Q3112,John Ashbery,1927-07-28,American poet,Writer_Journalism,None,0,Sun-Moon,1,None,0,False,False,False,False,False,False,False
Q3113,Neil McKendrick,1935-07-28,English historian and academic,Academic_Science,None,0,Moon-Mercury,1,None,0,False,False,False,False,False,False,False
Q3114,Mike Bloomfield,1943-07-28,American guitarist and songwriter,Writer_Journalism,Jupiter,1,Sun-Jupiter|Moon-Saturn,2,Mercury-Moon,1,False,False,False,False,False,True,False
Q3115,Santiago Calatrava,1951-07-28,"Spanish architect and engineer, designed the Athens Olympic Sports Complex",Engineering_Tech,Moon,1,None,0,None,0,False,True,False,False,False,False,False
Q3116,Yannick Dalmas,1961-07-28,French racing driver,Other,None,0,Jupiter-Saturn,1,None,0,False,False,False,False,False,False,False
Q3117,Alexis Arquette,1969-07-28,American actress,Actor_Media,None,0,Sun-Mercury,1,None,0,False,False,False,False,False,False,False
Q3118,Jacoby Shaddix,1976-07-28,American singer-songwriter,Actor_Media,None,0,Sun-Saturn|Moon-Mercury|Moon-Venus|Mercury-Venus,4,Moon-Sun,1,False,False,False,False,False,False,False
Q3119,Sam Dastyari,1983-07-28,Iranian-Australian politician,Politics_Government,Saturn,1,None,0,None,0,False,False,False,False,False,False,True
Q3120,Spencer Boldman,1992-07-28,American actor,Actor_Media,None,0,Mercury-Venus,1,Mercury-Moon,1,False,False,False,False,False,False,False
Q3121,Muhammad al-Mahdi,0869-07-29,The 12th Imam of Muslims,Religion,None,0,Jupiter-Saturn,1,None,0,False,False,False,False,False,False,False
Q3122,Simon Dach,1605-07-29,German poet and hymn-writer,Writer_Journalism,None,0,Sun-Venus|Moon-Jupiter|Mercury-Mars,3,Jupiter-Saturn,1,False,False,False,False,False,False,False
Q3123,Ivan Aivazovsky,1817-07-29,Armenian-Russian painter and illustrator,Writer_Journalism,None,0,Sun-Mercury,1,None,0,False,False,False,False,False,False,False
Q3124,Booth Tarkington,1869-07-29,American novelist and dramatist,Writer_Journalism,None,0,None,0,None,0,False,False,False,False,False,False,False
Q3125,Theda Bara,1885-07-29,American actress,Actor_Media,None,0,Mercury-Venus|Mercury-Jupiter|Mars-Saturn,3,None,0,False,False,False,False,False,False,False
Q3126,Mary V. Austin,1900-07-29,Australian community worker and political activist,Other,None,0,Sun-Mercury,1,Moon-Sun,1,False,False,False,False,False,False,False
Q3127,Foster Furcolo,1911-07-29,"American lawyer and politician, 60th Governor of Massachusetts",Politics_Government,None,0,Moon-Venus,1,None,0,False,False,False,False,False,False,False
Q3128,Richard Egan,1921-07-29,American actor,Actor_Media,Moon,1,Jupiter-Saturn,1,None,0,False,True,False,False,False,False,False
Q3129,Leslie Fielding,1932-07-29,English diplomat,Other,Moon,1,Moon-Mars|Mercury-Jupiter|Venus-Mars,3,None,0,False,True,False,False,False,False,False
Q3130,Doug Ashdown,1942-07-29,Australian singer-songwriter,Actor_Media,None,0,Sun-Mercury|Venus-Jupiter,2,None,0,False,False,False,False,False,False,False
Q3131,Jenny Holzer,1950-07-29,"American painter, author, and dancer",Writer_Journalism,None,0,None,0,None,0,False,False,False,False,False,False,False
Q3132,Gail Dines,1958-07-29,"English-American author, activist, and academic",Academic_Science,None,0,None,0,None,0,False,False,False,False,False,False,False
Q3133,Paavo Lötjönen,1968-07-29,Finnish cellist and educator,Other,None,0,Mercury-Mars,1,Mercury-Moon,1,False,False,False,False,False,False,False
Q3134,Karim Essediri,1979-07-29,Tunisian footballer,Athlete,Jupiter,1,Sun-Mercury|Sun-Venus|Mercury-Jupiter,3,Mercury-Moon,1,False,False,False,False,False,True,False
Q3135,Grit Šadeiko,1989-07-29,Estonian heptathlete,Athlete,None,0,Moon-Jupiter,1,Mercury-Moon,1,False,False,False,False,False,False,False
Q3136,Hongzhi,1470-07-30,emperor of the Ming dynasty,Politics_Government,None,0,Mercury-Mars|Mercury-Jupiter|Mars-Jupiter,3,None,0,False,False,False,False,False,False,False
Q3137,Maria Aletta Hulshoff,1781-07-30,Dutch feminist and pamphleteer,Other,None,0,Moon-Saturn|Mercury-Venus,2,None,0,False,False,False,False,False,False,False
Q3138,Thorstein Veblen,1857-07-30,American economist and sociologist,Other,None,0,Sun-Mercury|Mars-Saturn,2,Mars-Moon,1,False,False,False,False,False,False,False
Q3139,Henry Moore,1898-07-30,English sculptor and illustrator,Writer_Journalism,None,0,None,0,None,0,False,False,False,False,False,False,False
Q3140,Lou Darvas,1913-07-30,American soldier and cartoonist,Other,None,0,Moon-Venus,1,Mercury-Moon,1,False,False,False,False,False,False,False
Q3141,Betye Saar,1926-07-30,American artist,Other,Saturn,1,None,0,None,0,False,False,False,False,False,False,True
Q3142,Buddy Guy,1936-07-30,American singer-songwriter and guitarist,Actor_Media,None,0,Sun-Mercury|Moon-Jupiter|Mercury-Venus,3,None,0,False,False,False,False,False,False,False
Q3143,Henri-François Gautrin,1943-07-30,Canadian physicist and politician,Politics_Government,Jupiter,1,Sun-Jupiter,1,Mercury-Moon,1,False,False,False,False,False,True,False
Q3144,Harriet Harman,1950-07-30,English lawyer and politician,Politics_Government,None,0,None,0,None,0,False,False,False,False,False,False,False
Q3145,Antonio Adamo,1957-07-30,Italian director and cinematographer,Actor_Media,None,0,Moon-Jupiter|Mercury-Venus|Mercury-Mars,3,None,0,False,False,False,False,False,False,False
Q3146,Ron Block,1964-07-30,American singer-songwriter and banjo player,Athlete,None,0,Venus-Mars,1,None,0,False,False,False,False,False,False,False
Q3147,Elvis Crespo,1971-07-30,American-Puerto Rican singer,Actor_Media,Mars,1,Sun-Venus,1,Moon-Venus,1,False,False,False,False,True,False,False
Q3148,Carlos Arroyo,1979-07-30,Puerto Rican basketball player and singer,Athlete,Jupiter,1,Sun-Mercury|Sun-Venus,2,Mercury-Moon,1,False,False,False,False,False,True,False
Q3149,Tiago Alencar,1986-07-30,Brazilian footballer,Athlete,Moon,1,None,0,None,0,False,True,False,False,False,False,False
Q3150,Diana Vickers,1991-07-30,English singer-songwriter,Actor_Media,Jupiter,1,Mercury-Venus|Mercury-Mars|Venus-Mars,3,None,0,False,False,False,False,False,True,False
Q3151,Emperor Nijō,1143-07-31,of Japan,Other,None,0,Sun-Venus|Mercury-Venus,2,None,0,False,False,False,False,False,False,False
Q3152,Jean Denis Attiret,1702-07-31,French missionary and painter,Other,None,0,Jupiter-Saturn,1,None,0,False,False,False,False,False,False,False
Q3153,John Ericsson,1843-07-31,"Swedish-American engineer, co-designed the USS Princeton and the Novelty Locomotive",Engineering_Tech,None,0,Sun-Mercury,1,Mercury-Moon|Jupiter-Saturn,2,False,False,False,False,False,False,False
Q3154,Ignacio Cervantes,1847-07-31,Cuban pianist and composer,Other,None,0,None,0,None,0,False,False,False,False,False,False,False
Q3155,Premchand,1880-07-31,Indian author and playwright,Writer_Journalism,Moon,1,Sun-Venus|Mercury-Venus,2,Moon-Venus,1,False,True,False,False,False,False,False
Q3156,Gubby Allen,1902-07-31,Australian-English cricketer and soldier,Athlete,Moon,1,Venus-Mars,1,None,0,False,True,False,False,False,False,False
Q3157,Paul D. Boyer,1918-07-31,"American biochemist and academic, Nobel Prize laureate",Academic_Science,None,0,Venus-Jupiter,1,None,0,False,False,False,False,False,False,False
Q3158,Bernard Nathanson,1926-07-31,American physician and activist,Academic_Science,Saturn,1,Moon-Mars,1,None,0,False,False,False,False,False,False,True
Q3159,Yvon Deschamps,1935-07-31,"Canadian comedian, actor, and producer",Actor_Media,None,0,None,0,None,0,False,False,False,False,False,False,False
Q3160,Karl Green,1947-07-31,English bass player and songwriter,Athlete,None,0,Sun-Saturn,1,None,0,False,False,False,False,False,False,False
Q3161,Michael Biehn,1956-07-31,"American actor, director, producer, and screenwriter",Actor_Media,None,0,None,0,Mars-Saturn,1,False,False,False,False,False,False,False
Q3162,Jim Corr,1964-07-31,Irish singer-songwriter and guitarist,Actor_Media,None,0,Venus-Mars,1,None,0,False,False,False,False,False,False,False
Q3163,Gus Frerotte,1971-07-31,American football player and coach,Athlete,Mars,1,Sun-Venus|Moon-Jupiter,2,Moon-Venus,1,False,False,False,False,True,False,False
Q3164,Titus Bramble,1981-07-31,English footballer,Athlete,None,0,Sun-Moon|Jupiter-Saturn,2,None,0,False,False,False,False,False,False,False
Q3165,José Fernández,1992-07-31,Cuban-American baseball player,Athlete,None,0,Sun-Mercury,1,Moon-Sun,1,False,False,False,False,False,False,False
Q3166,Sugawara no Michizane,0845-08-01,Japanese scholar and politician,Politics_Government,None,0,None,0,None,0,False,False,False,False,False,False,False
Q3167,Sigismund II,1520-08-01,Polish king,Politics_Government,None,0,Moon-Jupiter|Mercury-Venus,2,None,0,False,False,False,False,False,False,False
Q3168,Richard Wilson,1714-08-01,Welsh painter and academic,Academic_Science,None,0,Moon-Jupiter|Mercury-Venus|Mercury-Saturn|Venus-Saturn,4,None,0,False,False,False,False,False,False,False
Q3169,Antonio Cotogni,1831-08-01,Italian opera singer and educator,Actor_Media,None,0,Mercury-Mars|Mars-Saturn,2,None,0,False,False,False,False,False,False,False
Q3170,George Hackenschmidt,1877-08-01,Estonian-English wrestler and strongman,Athlete,None,0,Mars-Saturn,1,None,0,False,False,False,False,False,False,False
Q3171,Raymond Mays,1899-08-01,English race car driver and businessman,Business,Moon,1,None,0,Moon-Venus,1,False,True,False,False,False,False,False
Q3172,Jack Delano,1914-08-01,American photographer and composer,Other,None,0,Venus-Mars,1,None,0,False,False,False,False,False,False,False
Q3173,Ernst Jandl,1925-08-01,Austrian poet and author,Writer_Journalism,Saturn,1,Mercury-Venus,1,None,0,False,False,False,False,False,False,True
Q3174,John Beck,1934-08-01,New Zealand cricketer,Athlete,None,0,Venus-Mars,1,None,0,False,False,False,False,False,False,False
Q3175,Douglas Osheroff,1945-08-01,"American physicist and academic, Nobel Prize laureate",Academic_Science,None,0,None,0,None,0,False,False,False,False,False,False,False
Q3176,Robert Cray,1953-08-01,American blues singer-songwriter and guitarist,Actor_Media,None,0,Sun-Mars|Mercury-Mars,2,Mars-Moon,1,False,False,False,False,False,False,False
Q3177,Brandt Jobe,1965-08-01,American golfer,Athlete,None,0,None,0,None,0,False,False,False,False,False,False,False
Q3178,Vhrsti,1975-08-01,Czech author and illustrator,Writer_Journalism,None,0,Sun-Mercury|Moon-Mars,2,None,0,False,False,False,False,False,False,False
Q3179,Bobby Carpenter,1983-08-01,American football player,Athlete,Saturn,1,None,0,None,0,False,False,False,False,False,False,True
Q3180,Austin Rivers,1992-08-01,American basketball player,Athlete,None,0,Sun-Mercury|Moon-Jupiter,2,Moon-Sun,1,False,False,False,False,False,False,False
Q3181,Kyawswa of Pagan,1260-08-02,last ruler of the Pagan Kingdom,Politics_Government,None,0,Mercury-Venus,1,Jupiter-Mars,1,False,False,False,False,False,False,False
Q3182,"Philippe II, Duke of Orléans",1674-08-02,,Unknown,None,0,Sun-Moon|Mercury-Venus,2,None,0,False,False,False,False,False,False,False
Q3183,Manuel Pavía y Rodríguez de Alburquerque,1828-08-02,Spanish general,Politics_Government,None,0,Mercury-Venus|Mercury-Saturn|Venus-Saturn,3,None,0,False,False,False,False,False,False,False
Q3184,George E. Stewart,1872-08-02,"Australian-American colonel, Medal of Honor recipient",Other,Jupiter,1,Sun-Venus|Sun-Jupiter|Moon-Mars|Venus-Jupiter,4,None,0,False,False,False,False,False,True,False
Q3185,Margaret Lawrence,1889-08-02,American stage actress,Actor_Media,None,0,Sun-Mercury|Mercury-Mars,2,Mercury-Moon,1,False,False,False,False,False,False,False
Q3186,Karl Amadeus Hartmann,1905-08-02,German composer,Other,None,0,None,0,Moon-Sun,1,False,False,False,False,False,False,False
Q3187,Alfonso A. Ossorio,1916-08-02,Filipino-American painter and sculptor,Other,None,0,Sun-Mercury,1,Moon-Sun,1,False,False,False,False,False,False,False
Q3188,Peter Swinnerton-Dyer,1927-08-02,English mathematician and academic,Academic_Science,None,0,None,0,None,0,False,False,False,False,False,False,False
Q3189,Anthony Payne,1936-08-02,English composer and author,Writer_Journalism,None,0,Mercury-Venus,1,None,0,False,False,False,False,False,False,False
Q3190,Joanna Cassidy,1945-08-02,American actress,Actor_Media,Moon,1,Moon-Mars,1,None,0,False,True,False,False,False,False,False
Q3191,Caleb Carr,1955-08-02,American historian and author,Writer_Journalism,Jupiter|Saturn,2,Sun-Mercury|Sun-Mars|Sun-Jupiter|Mercury-Venus|Mercury-Jupiter|Mars-Jupiter,6,None,0,False,False,False,False,False,True,True
Q3192,Joe Hockey,1965-08-02,"Australian lawyer and politician, 38th Treasurer of Australia",Politics_Government,None,0,Moon-Mars,1,None,0,False,False,False,False,False,False,False
Q3193,Phil Williams,1974-08-02,English journalist and radio host,Writer_Journalism,None,0,Venus-Saturn,1,None,0,False,False,False,False,False,False,False
Q3194,Michel Bastos,1983-08-02,Brazilian footballer,Athlete,Saturn,1,Mercury-Venus,1,None,0,False,False,False,False,False,False,True
Q3195,Charli XCX,1992-08-02,English singer-songwriter,Actor_Media,None,0,Sun-Mercury,1,Mercury-Moon,1,False,False,False,False,False,False,False
Q3196,Galeotto I Pico,1442-08-03,Duke of Mirandola,Other,None,0,Sun-Mercury|Mercury-Venus,2,None,0,False,False,False,False,False,False,False
Q3197,Aaron Chorin,1766-08-03,Hungarian rabbi and author,Writer_Journalism,None,0,Mercury-Jupiter,1,None,0,False,False,False,False,False,False,False
Q3198,Ivan Zajc,1832-08-03,"Croatian composer, conductor, and director",Actor_Media,None,0,Sun-Venus|Mercury-Saturn,2,Moon-Venus,1,False,False,False,False,False,False,False
Q3199,Vernon Louis Parrington,1871-08-03,American historian and scholar,Academic_Science,None,0,None,0,None,0,False,False,False,False,False,False,False
Q3200,Ralph Horween,1896-08-03,American football player and coach,Athlete,Moon|Jupiter|Saturn,3,Sun-Mercury|Sun-Venus|Sun-Jupiter|Mercury-Venus|Mercury-Jupiter|Venus-Jupiter,6,Moon-Venus,1,False,True,False,False,False,True,True
Q3201,Lawrence Brown,1907-08-03,American trombonist and composer,Other,Moon|Jupiter,2,Mercury-Venus|Mercury-Jupiter|Venus-Jupiter,3,Moon-Venus,1,False,True,False,False,False,True,False
Q3202,Norman Dewis,1920-08-03,English test driver and engineer,Engineering_Tech,None,0,Venus-Jupiter,1,None,0,False,False,False,False,False,False,False
Q3203,Cécile Aubry,1928-08-03,"French actress, director, and screenwriter",Actor_Media,None,0,None,0,None,0,False,False,False,False,False,False,False
Q3204,Jimmie Nicol,1939-08-03,English drummer,Other,Mars,1,None,0,Mars-Saturn,1,False,False,False,False,True,False,False
Q3205,Jean-Pierre Raffarin,1948-08-03,"French lawyer and politician, 166th Prime Minister of France",Politics_Government,None,0,None,0,Mercury-Moon,1,False,False,False,False,False,False,False
Q3206,Kirk Brandon,1956-08-03,English singer-songwriter and guitarist,Actor_Media,None,0,Moon-Venus,1,None,0,False,False,False,False,False,False,False
Q3207,Brent Butt,1966-08-03,"Canadian actor, producer, and screenwriter",Actor_Media,None,0,Venus-Mars|Venus-Jupiter|Mars-Jupiter,3,None,0,False,False,False,False,False,False,False
Q3208,Wael Gomaa,1975-08-03,Egyptian footballer,Athlete,Moon,1,Sun-Mercury,1,None,0,False,True,False,False,False,False,False
Q3209,Kaspar Kokk,1982-08-03,Estonian skier,Other,None,0,Mars-Jupiter,1,None,0,False,False,False,False,False,False,False
Q3210,Jourdan Dunn,1990-08-03,English model,Other,Jupiter,1,None,0,Jupiter-Moon,1,False,False,False,False,False,True,False
Q3211,"Richard de Clare, 6th Earl of Gloucester",1222-08-04,English soldier,Other,None,0,Sun-Mercury|Mars-Jupiter,2,None,0,False,False,False,False,False,False,False
Q3212,"François Hédelin, abbé d'Aubignac",1604-08-04,French cleric and author,Writer_Journalism,None,0,Moon-Jupiter|Moon-Saturn|Jupiter-Saturn,3,None,0,False,False,False,False,False,False,False
Q3213,William Rowan Hamilton,1805-08-04,"Irish physicist, astronomer, and mathematician",Academic_Science,None,0,Mercury-Venus,1,None,0,False,False,False,False,False,False,False
Q3214,Knut Hamsun,1859-08-04,"Norwegian novelist, poet, and playwright, Nobel Prize laureate",Writer_Journalism,None,0,Sun-Mars|Sun-Saturn,2,Moon-Venus,1,False,False,False,False,False,False,False
Q3215,Laura Knight,1877-08-04,English artist,Other,Moon,1,Mars-Saturn,1,None,0,False,True,False,False,False,False,False
Q3216,Ezra Taft Benson,1899-08-04,"American religious leader, 13th President of The Church of Jesus Christ of Latter-day Saints",Politics_Government,None,0,None,0,None,0,False,False,False,False,False,False,False
Q3217,Glenn Cunningham,1909-08-04,American runner and academic,Athlete,None,0,Sun-Mercury|Venus-Jupiter,2,None,0,False,False,False,False,False,False,False
Q3218,Helen Thomas,1920-08-04,American journalist and author,Writer_Journalism,None,0,Venus-Jupiter,1,None,0,False,False,False,False,False,False,False
Q3219,Dallas Green,1934-08-04,American baseball player and manager,Athlete,Moon,1,Venus-Mars,1,None,0,False,True,False,False,False,False,False
Q3220,Don S. Davis,1942-08-04,American actor,Actor_Media,None,0,Sun-Mercury|Venus-Jupiter,2,None,0,False,False,False,False,False,False,False
Q3221,Caldwell Jones,1950-08-04,American basketball player and coach,Athlete,None,0,None,0,None,0,False,False,False,False,False,False,False
Q3222,Robbin Crosby,1959-08-04,American guitarist and songwriter,Writer_Journalism,None,0,Sun-Moon|Sun-Mercury|Moon-Mercury|Venus-Mars,4,None,0,False,False,False,False,False,False,False
Q3223,Daniel Dae Kim,1968-08-04,South Korean-American actor,Actor_Media,None,0,Sun-Mercury,1,Mars-Moon,1,False,False,False,False,False,False,False
Q3224,Paul Goldstein,1976-08-04,American tennis player,Athlete,None,0,Sun-Saturn|Mercury-Venus,2,None,0,False,False,False,False,False,False,False
Q3225,Crystal Bowersox,1985-08-04,American singer-songwriter and guitarist,Actor_Media,Saturn,1,Sun-Mars,1,None,0,False,False,False,False,False,False,True
Q3226,Ladislaus IV of Hungary,1262-08-05,,Unknown,None,0,None,0,None,0,False,False,False,False,False,False,False
Q3227,James Anderson,1662-08-05,Scottish lawyer and historian,Writer_Journalism,None,0,None,0,None,0,False,False,False,False,False,False,False
Q3228,Edward John Eyre,1815-08-05,"English explorer and politician, Governor of Jamaica",Politics_Government,None,0,Sun-Moon,1,None,0,False,False,False,False,False,False,False
Q3229,Joseph Merrick,1862-08-05,English man with severe deformities,Other,None,0,Jupiter-Saturn,1,None,0,False,False,False,False,False,False,False
Q3230,Anne Acheson,1882-08-05,Irish sculptor,Other,None,0,Venus-Mars,1,None,0,False,False,False,False,False,False,False
Q3231,Wassily Leontief,1905-08-05,"German-American economist and academic, Nobel Prize laureate",Academic_Science,None,0,None,0,None,0,False,False,False,False,False,False,False
Q3232,Tom Drake,1918-08-05,American actor and singer,Actor_Media,None,0,Sun-Saturn,1,None,0,False,False,False,False,False,False,False
Q3233,Neil Armstrong,1930-08-05,"American pilot, engineer, and astronaut, first man to walk on the Moon",Engineering_Tech,None,0,Moon-Saturn,1,None,0,False,False,False,False,False,False,False
Q3234,Bob Clark,1941-08-05,"American director, producer, and screenwriter",Actor_Media,None,0,None,0,None,0,False,False,False,False,False,False,False
Q3235,Luiz Gushiken,1950-08-05,Brazilian trade union leader and politician,Politics_Government,None,0,None,0,None,0,False,False,False,False,False,False,False
Q3236,Pete Burns,1959-08-05,English singer-songwriter,Actor_Media,None,0,Sun-Mercury|Venus-Mars,2,None,0,False,False,False,False,False,False,False
Q3237,Matthew Caws,1967-08-05,American singer-songwriter and guitarist,Actor_Media,Jupiter,1,Sun-Jupiter,1,None,0,False,False,False,False,False,True,False
Q3238,Jeff Friesen,1976-08-05,Canadian ice hockey player,Athlete,None,0,Sun-Saturn|Mercury-Venus,2,None,0,False,False,False,False,False,False,False
Q3239,Laurent Ciman,1985-08-05,Belgian footballer,Athlete,Saturn,1,Sun-Mars,1,None,0,False,False,False,False,False,False,True
Q3240,Takakeishō Mitsunobu,1996-08-05,Japanese sumo wrestler,Athlete,None,0,None,0,None,0,False,False,False,False,False,False,False
Q3241,Emperor Go-Toba,1180-08-06,of Japan,Other,None,0,Mercury-Venus,1,None,0,False,False,False,False,False,False,False
Q3242,Nicolas Malebranche,1638-08-06,French priest and philosopher,Religion,None,0,Moon-Venus,1,Mercury-Moon,1,False,False,False,False,False,False,False
Q3243,"Luc de Clapiers, marquis de Vauvenargues",1715-08-06,French author,Writer_Journalism,None,0,None,0,None,0,False,False,False,False,False,False,False
Q3244,Hjalmar Kiærskou,1835-08-06,Danish botanist,Other,None,0,Mercury-Venus,1,None,0,False,False,False,False,False,False,False
Q3245,Hans Moser,1880-08-06,Austrian actor and singer,Actor_Media,None,0,Sun-Moon|Sun-Mercury|Sun-Venus|Moon-Mercury|Moon-Venus,5,None,0,False,False,False,False,False,False,False
Q3246,Cecil Howard Green,1900-08-06,"English-American geophysicist and businessman, co-founded Texas Instruments",Academic_Science,None,0,None,0,None,0,False,False,False,False,False,False,False
Q3247,Adoniran Barbosa,1910-08-06,"Brazilian musician, singer, composer, humorist, and actor",Actor_Media,None,0,Moon-Mercury|Moon-Mars|Mercury-Mars,3,Moon-Sun,1,False,False,False,False,False,False,False
Q3248,Pauline Betz,1919-08-06,American tennis player,Athlete,Jupiter,1,Mercury-Saturn,1,None,0,False,False,False,False,False,True,False
Q3249,Mike Elliott,1929-08-06,Jamaican saxophonist,Other,None,0,Sun-Mercury,1,Moon-Sun,1,False,False,False,False,False,False,False
Q3250,Baden Powell de Aquino,1937-08-06,Brazilian guitarist and composer,Other,None,0,Sun-Moon,1,None,0,False,False,False,False,False,False,False
Q3251,Allan Holdsworth,1946-08-06,"English guitarist, songwriter, and producer",Actor_Media,None,0,Sun-Mercury|Mercury-Saturn|Venus-Mars,3,None,0,False,False,False,False,False,False,False
Q3252,Bill Emmott,1956-08-06,English journalist and author,Writer_Journalism,None,0,Sun-Moon|Mercury-Jupiter,2,None,0,False,False,False,False,False,False,False
Q3253,Kemi Omololu-Olunloyo,1964-08-06,"Nigerian journalist, activist, social media expert, and pharmacist",Writer_Journalism,None,0,Venus-Mars,1,None,0,False,False,False,False,False,False,False
Q3254,Jason Crump,1975-08-06,English-Australian motorcycle racer,Other,None,0,Sun-Mercury|Moon-Saturn,2,None,0,False,False,False,False,False,False,False
Q3255,Mickaël Delage,1985-08-06,French cyclist,Athlete,Saturn,1,Sun-Mercury|Sun-Mars,2,None,0,False,False,False,False,False,False,True
Q3256,Constantius II,0317-08-07,Roman emperor,Politics_Government,None,0,Mercury-Mars,1,None,0,False,False,False,False,False,False,False
Q3257,Georg Stiernhielm,1598-08-07,Swedish poet and linguist,Writer_Journalism,None,0,None,0,Mercury-Moon,1,False,False,False,False,False,False,False
Q3258,August Ahlqvist,1826-08-07,"Finnish professor, poet, scholar of the Finno-Ugric languages, author, and literary critic",Academic_Science,None,0,Mercury-Jupiter|Venus-Jupiter,2,None,0,False,False,False,False,False,False,False
Q3259,Johannes Kotze,1879-08-07,South African cricketer,Athlete,None,0,Moon-Saturn,1,Jupiter-Saturn,1,False,False,False,False,False,False,False
Q3260,Ralph Bunche,1904-08-07,"American political scientist, academic, and diplomat, Nobel Prize laureate",Academic_Science,Moon,1,None,0,None,0,False,True,False,False,False,False,False
Q3261,Stan Freberg,1926-08-07,"American puppeteer, voice actor, and singer",Actor_Media,Saturn,1,Sun-Mercury,1,None,0,False,False,False,False,False,False,True
Q3262,Eddie Firmani,1933-08-07,South African footballer and manager,Athlete,None,0,None,0,None,0,False,False,False,False,False,False,False
Q3263,Garrison Keillor,1942-08-07,"American humorist, novelist, short story writer, and radio host",Writer_Journalism,None,0,Sun-Mercury|Venus-Jupiter,2,Mercury-Moon,1,False,False,False,False,False,False,False
Q3264,Walid Jumblatt,1949-08-07,Lebanese journalist and politician,Politics_Government,None,0,Moon-Jupiter|Venus-Saturn,2,None,0,False,False,False,False,False,False,False
Q3265,Russell Baze,1958-08-07,Canadian-American jockey,Other,None,0,Moon-Mars,1,None,0,False,False,False,False,False,False,False
Q3266,John Birmingham,1964-08-07,English-Australian journalist and author,Writer_Journalism,None,0,Sun-Moon|Venus-Mars,2,None,0,False,False,False,False,False,False,False
Q3267,Dominic Cork,1971-08-07,England cricketer and sportscaster,Athlete,Mars,1,Sun-Venus|Moon-Mars,2,None,0,False,False,False,False,True,False,False
Q3268,Charlotte Ronson,1977-08-07,English fashion designer,Other,None,0,Sun-Saturn|Venus-Jupiter,2,None,0,False,False,False,False,False,False,False
Q3269,Stratos Perperoglou,1984-08-07,Greek basketball player,Athlete,Saturn,1,Moon-Jupiter,1,None,0,False,False,False,False,False,False,True
Q3270,Luis Salom,1991-08-07,Spanish motorcycle racer,Other,Jupiter,1,Sun-Jupiter|Mercury-Venus|Venus-Mars,3,None,0,False,False,False,False,False,True,False
Q3271,Casper,0422-08-08,ruler of the Maya city of Palenque,Other,Saturn,1,Sun-Mercury|Mercury-Venus,2,None,0,False,False,False,False,False,False,True
Q3272,Amalia Catharina,1640-08-08,German poet and composer,Writer_Journalism,None,0,Mars-Saturn,1,None,0,False,False,False,False,False,False,False
Q3273,Friedrich Georg Weitsch,1758-08-08,German painter,Other,None,0,Moon-Mars,1,None,0,False,False,False,False,False,False,False
Q3274,Jean Leon Gerome Ferris,1863-08-08,American painter,Other,Moon,1,Sun-Mercury|Venus-Saturn,2,None,0,False,True,False,False,False,False,False
Q3275,Ladislas Starevich,1882-08-08,"Russian-French animator, screenwriter, and cinematographer",Writer_Journalism,Moon,1,Sun-Mercury|Venus-Mars,2,None,0,False,True,False,False,False,False,False
Q3276,André Jolivet,1905-08-08,French composer,Other,None,0,Moon-Mars,1,None,0,False,False,False,False,False,False,False
Q3277,Leo Chiosso,1920-08-08,Italian songwriter and producer,Actor_Media,Moon,1,Venus-Jupiter,1,None,0,False,True,False,False,False,False,False
Q3278,Terry Nation,1930-08-08,Welsh-American author and screenwriter,Writer_Journalism,None,0,None,0,None,0,False,False,False,False,False,False,False
Q3279,Jana Andrsová,1939-08-08,Czech actress and ballerina,Actor_Media,Mars,1,Sun-Mercury|Sun-Venus,2,Mars-Saturn,1,False,False,False,False,True,False,False
Q3280,Martin Brest,1951-08-08,"American director, producer, and screenwriter",Actor_Media,None,0,Mercury-Venus,1,None,0,False,False,False,False,False,False,False
Q3281,Caroline Ansink,1959-08-08,"Dutch flute player, composer, and educator",Athlete,None,0,Sun-Mercury|Venus-Mars,2,Mercury-Moon,1,False,False,False,False,False,False,False
Q3282,Yūki Amami,1967-08-08,Japanese theater and film actress,Actor_Media,Jupiter,1,Sun-Jupiter|Moon-Venus,2,Moon-Sun,1,False,False,False,False,False,True,False
Q3283,JC Chasez,1976-08-08,American singer and dancer,Actor_Media,None,0,Mercury-Venus,1,Moon-Saturn,1,False,False,False,False,False,False,False
Q3284,Kirk Broadfoot,1984-08-08,Scottish footballer,Athlete,Saturn,1,Moon-Jupiter,1,None,0,False,False,False,False,False,False,True
Q3285,Emilie Mehl,1993-08-08,Norwegian politician,Politics_Government,None,0,None,0,None,0,False,False,False,False,False,False,False
Q3286,Arnold Fitz Thedmar,1201-08-09,English historian and merchant,Writer_Journalism,None,0,Moon-Mercury|Moon-Mars|Mercury-Mars,3,None,0,False,False,False,False,False,False,False
Q3287,John Oldham,1653-08-09,English poet and translator,Writer_Journalism,None,0,Sun-Saturn|Mercury-Venus,2,Moon-Saturn,1,False,False,False,False,False,False,False
Q3288,Adoniram Judson,1788-08-09,American missionary and lexicographer,Other,None,0,Sun-Venus,1,None,0,False,False,False,False,False,False,False
Q3289,Archduke Joseph August of Austria,1872-08-09,,Unknown,Jupiter,1,Sun-Venus|Sun-Jupiter,2,None,0,False,False,False,False,False,True,False
Q3290,Erich Hückel,1896-08-09,German physicist and chemist,Academic_Science,Jupiter|Saturn,2,Sun-Moon|Sun-Jupiter|Moon-Mercury|Moon-Venus|Moon-Jupiter|Mercury-Venus|Mercury-Jupiter|Venus-Jupiter,8,None,0,False,False,False,False,False,True,True
Q3291,Ferenc Fricsay,1914-08-09,Hungarian-Austrian conductor and director,Actor_Media,None,0,Venus-Mars,1,None,0,False,False,False,False,False,False,False
Q3292,David A. Huffman,1925-08-09,"American computer scientist, developed Huffman coding",Academic_Science,Saturn,1,Mercury-Venus,1,None,0,False,False,False,False,False,False,True
Q3293,Tam Dalyell,1932-08-09,Scottish academic and politician,Politics_Government,None,0,Mercury-Jupiter|Venus-Mars,2,None,0,False,False,False,False,False,False,False
Q3294,Ken Norton,1943-08-09,American boxer and actor,Athlete,Jupiter,1,Sun-Jupiter,1,None,0,False,False,False,False,False,True,False
Q3295,Prateep Ungsongtham Hata,1952-08-09,Thai activist and politician,Politics_Government,None,0,Sun-Mercury|Mercury-Venus,2,None,0,False,False,False,False,False,False,False
Q3296,Kurtis Blow,1959-08-09,"American rapper, producer, and actor",Actor_Media,None,0,Sun-Mercury|Venus-Mars,2,Mercury-Moon,1,False,False,False,False,False,False,False
Q3297,Gillian Anderson,1968-08-09,"American-British actress, activist and writer",Actor_Media,None,0,Sun-Mercury,1,None,0,False,False,False,False,False,False,False
Q3298,Jason Frasor,1977-08-09,American baseball player,Athlete,Moon,1,Sun-Saturn|Moon-Mars,2,None,0,False,True,False,False,False,False,False
Q3299,Luca Filippi,1985-08-09,Italian racing driver,Other,Moon|Saturn,2,Sun-Mercury|Sun-Mars,2,None,0,False,True,False,False,False,False,True
Q3300,Jun.Q,1993-08-09,South Korean singer and actor,Actor_Media,None,0,None,0,None,0,False,False,False,False,False,False,False
Q3301,Lê Hoàn,0941-08-10,Vietnamese emperor,Politics_Government,None,0,Sun-Mercury,1,None,0,False,False,False,False,False,False,False
Q3302,Madeleine of Valois,1520-08-10,,Unknown,None,0,Sun-Mercury,1,None,0,False,False,False,False,False,False,False
Q3303,Alexandrine Le Normant d'Étiolles,1744-08-10,daughter of Madame de Pompadour,Other,None,0,Sun-Mercury|Sun-Venus|Moon-Saturn|Mercury-Venus,4,Moon-Sun,1,False,False,False,False,False,False,False
Q3304,István Türr,1825-08-10,"Hungarian soldier, architect, and engineer, co-designed the Corinth Canal",Engineering_Tech,None,0,Sun-Jupiter|Moon-Venus,2,None,0,False,False,False,False,False,False,False
Q3305,Laurence Binyon,1869-08-10,"English poet, playwright, and scholar",Academic_Science,None,0,Sun-Mercury,1,Mercury-Moon,1,False,False,False,False,False,False,False
Q3306,Charles Darrow,1889-08-10,"American game designer, created ''Monopoly''",Other,None,0,Sun-Mercury|Sun-Saturn|Mercury-Saturn,3,None,0,False,False,False,False,False,False,False
Q3307,Era Bell Thompson,1905-08-10,American journalist and author,Writer_Journalism,None,0,None,0,None,0,False,False,False,False,False,False,False
Q3308,Eugene P. Wilkinson,1918-08-10,American admiral,Other,None,0,Sun-Saturn,1,None,0,False,False,False,False,False,False,False
Q3309,Barry Unsworth,1930-08-10,English-Italian author and academic,Academic_Science,None,0,None,0,None,0,False,False,False,False,False,False,False
Q3310,Kate O'Mara,1939-08-10,English actress,Actor_Media,Moon|Mars,2,Sun-Mercury|Sun-Venus|Mercury-Venus,3,Moon-Venus|Mars-Saturn,2,False,True,False,False,True,False,False
Q3311,Peter Endrulat,1954-08-10,German footballer,Athlete,Saturn,1,Moon-Mars,1,None,0,False,False,False,False,False,False,True
Q3312,Phoolan Devi,1963-08-10,Indian lawyer and politician,Politics_Government,None,0,Sun-Venus|Moon-Jupiter,2,None,0,False,False,False,False,False,False,False
Q3313,Dilana,1972-08-10,South African singer-songwriter and actress,Actor_Media,None,0,Sun-Mercury|Moon-Mars,2,Moon-Sun,1,False,False,False,False,False,False,False
Q3314,Taufik Hidayat,1981-08-10,Indonesian badminton player,Athlete,None,0,Sun-Mercury|Jupiter-Saturn,2,None,0,False,False,False,False,False,False,False
Q3315,Dagný Brynjarsdóttir,1991-08-10,Icelandic footballer,Athlete,Jupiter,1,Sun-Moon|Sun-Jupiter|Moon-Jupiter|Mercury-Venus,4,None,0,False,False,False,False,False,True,False
Q3316,"Henry V, Holy Roman Emperor",1086-08-11,,Unknown,Moon,1,Sun-Mercury|Jupiter-Saturn,2,None,0,False,True,False,False,False,False,False
Q3317,Joseph Schuster,1748-08-11,German composer,Other,Saturn,1,Sun-Mercury,1,None,0,False,False,False,False,False,False,True
Q3318,Warren Brown,1836-08-11,American historian and politician,Politics_Government,Jupiter|Saturn,2,Sun-Mercury|Moon-Jupiter|Venus-Jupiter,3,None,0,False,False,False,False,False,True,True
Q3319,Oliver W. F. Lodge,1878-08-11,English poet and author,Writer_Journalism,None,0,Moon-Jupiter,1,Jupiter-Saturn,1,False,False,False,False,False,False,False
Q3320,Peter Mohr Dam,1898-08-11,"Faroese educator and politician, 3rd Prime Minister of the Faroe Islands",Politics_Government,Moon,1,Moon-Mars|Venus-Jupiter,2,None,0,False,True,False,False,False,False,False
Q3321,Eva Ahnert-Rohlfs,1912-08-11,German astronomer and academic,Academic_Science,None,0,Mercury-Venus,1,None,0,False,False,False,False,False,False,False
Q3322,"John ""Mule"" Miles",1922-08-11,American baseball player,Athlete,None,0,Sun-Mercury|Venus-Saturn,2,None,0,False,False,False,False,False,False,False
Q3323,Jerry Falwell,1933-08-11,American minister and television host,Actor_Media,None,0,Venus-Jupiter,1,None,0,False,False,False,False,False,False,False
Q3324,Jim Kale,1943-08-11,Canadian bass player,Athlete,Jupiter,1,None,0,None,0,False,False,False,False,False,True,False
Q3325,Reid Blackburn,1952-08-11,American photographer,Other,None,0,Sun-Mercury,1,None,0,False,False,False,False,False,False,False
Q3326,David Brooks,1961-08-11,American journalist and author,Writer_Journalism,None,0,Sun-Moon|Sun-Mercury|Moon-Mercury|Jupiter-Saturn,4,None,0,False,False,False,False,False,False,False
Q3327,Anna Gunn,1968-08-11,American actress,Actor_Media,None,0,Sun-Mercury|Venus-Jupiter,2,None,0,False,False,False,False,False,False,False
Q3328,Gemma Hayes,1977-08-11,Irish singer-songwriter,Actor_Media,None,0,Sun-Saturn|Moon-Venus,2,None,0,False,False,False,False,False,False,False
Q3329,Jacqueline Fernandez,1985-08-11,Bahraini–Sri Lankan actress,Actor_Media,Moon|Saturn,2,Sun-Mercury|Sun-Mars|Mercury-Mars,3,None,0,False,True,False,False,False,False,True
Q3330,Tomi Lahren,1992-08-11,American conservative political commentator,Other,None,0,None,0,None,0,False,False,False,False,False,False,False
Q3331,Abraham Zacuto,1452-08-12,"Jewish astronomer, astrologer, mathematician, rabbi and historian",Academic_Science,None,0,Sun-Mercury,1,None,0,False,False,False,False,False,False,False
Q3332,Heinrich Ignaz Franz Biber,1644-08-12,Bohemian-Austrian violinist and composer,Other,None,0,Mars-Jupiter,1,None,0,False,False,False,False,False,False,False
Q3333,Michael J. McGivney,1852-08-12,American priest and founder of the Knights of Columbus,Religion,None,0,None,0,None,0,False,False,False,False,False,False,False
Q3334,Mary Roberts Rinehart,1876-08-12,American author and playwright,Writer_Journalism,None,0,Sun-Mercury|Sun-Mars|Mercury-Mars,3,Mars-Moon,1,False,False,False,False,False,False,False
Q3335,C. E. M. Joad,1891-08-12,English philosopher and academic,Academic_Science,None,0,Sun-Mars|Mercury-Saturn|Venus-Mars,3,Moon-Venus,1,False,False,False,False,False,False,False
Q3336,Yusof bin Ishak,1910-08-12,"Singaporean journalist and politician, 1st President of Singapore",Politics_Government,None,0,Mercury-Mars,1,None,0,False,False,False,False,False,False,False
Q3337,Sid Bernstein,1918-08-12,American record producer,Actor_Media,None,0,Sun-Saturn|Moon-Mars,2,None,0,False,False,False,False,False,False,False
Q3338,Charles Blackman,1928-08-12,Australian painter and illustrator,Writer_Journalism,None,0,Sun-Mercury,1,Mercury-Moon,1,False,False,False,False,False,False,False
Q3339,Kjell Grede,1936-08-12,Swedish director and screenwriter,Actor_Media,None,0,Mercury-Venus,1,None,0,False,False,False,False,False,False,False
Q3340,Terry Nutkins,1946-08-12,English television host and author,Actor_Media,None,0,Mercury-Saturn|Venus-Mars,2,Moon-Saturn,1,False,False,False,False,False,False,False
Q3341,Lee Freedman,1956-08-12,Australian horse trainer,Other,None,0,Mercury-Jupiter,1,None,0,False,False,False,False,False,False,False
Q3342,Tobias Ellwood,1966-08-12,American-English captain and politician,Politics_Government,None,0,Mercury-Venus|Venus-Mars|Venus-Jupiter|Mars-Jupiter,4,Mercury-Moon,1,False,False,False,False,False,False,False
Q3343,Matt Clement,1974-08-12,American baseball player and coach,Athlete,Moon,1,Sun-Mercury,1,Moon-Venus,1,False,True,False,False,False,False,False
Q3344,Klaas-Jan Huntelaar,1983-08-12,Dutch footballer,Athlete,Saturn,1,Mercury-Venus,1,None,0,False,False,False,False,False,False,True
Q3345,Jesinta Campbell,1991-08-12,Australian model,Other,Jupiter,1,Sun-Jupiter|Moon-Mars|Mercury-Venus,3,Moon-Sun,1,False,False,False,False,False,True,False
Q3346,Al-Hakim bi-Amr Allah,0985-08-13,Fatimid caliph,Other,None,0,Mars-Jupiter,1,None,0,False,False,False,False,False,False,False
Q3347,William Wotton,1666-08-13,English linguist and scholar,Academic_Science,None,0,None,0,None,0,False,False,False,False,False,False,False
Q3348,Lucy Stone,1818-08-13,American abolitionist and suffragist,Other,None,0,Mercury-Mars|Venus-Mars,2,None,0,False,False,False,False,False,False,False
Q3349,Leonora Barry,1849-08-13,Irish-born American social activist,Other,Moon,1,Sun-Mercury,1,None,0,False,True,False,False,False,False,False
Q3350,John Ireland,1879-08-13,English composer and educator,Other,None,0,None,0,Jupiter-Saturn,1,False,False,False,False,False,False,False
Q3351,Buddy Rogers,1904-08-13,American actor and musician,Actor_Media,None,0,Moon-Mercury,1,Moon-Sun,1,False,False,False,False,False,False,False
Q3352,Grace Bates,1914-08-13,American mathematician and academic,Academic_Science,None,0,Venus-Mars,1,None,0,False,False,False,False,False,False,False
Q3353,Fidel Castro,1926-08-13,"Cuban lawyer and politician, ex-President of Cuba",Politics_Government,Saturn,1,None,0,Mercury-Moon,1,False,False,False,False,False,False,True
Q3354,Bill Musselman,1940-08-13,American basketball player and coach,Athlete,None,0,Sun-Mars|Jupiter-Saturn,2,None,0,False,False,False,False,False,False,False
Q3355,Jim Brunzell,1949-08-13,American wrestler,Athlete,None,0,Mercury-Saturn,1,None,0,False,False,False,False,False,False,False
Q3356,David Feherty,1958-08-13,Northern Irish golfer and sportscaster,Athlete,None,0,Moon-Venus,1,None,0,False,False,False,False,False,False,False
Q3357,Scooter Barry,1966-08-13,American basketball player,Athlete,None,0,Mercury-Venus|Venus-Mars|Venus-Jupiter|Mars-Jupiter,4,Mercury-Moon,1,False,False,False,False,False,False,False
Q3358,Molly Henneberg,1973-08-13,American journalist,Writer_Journalism,None,0,None,0,None,0,False,False,False,False,False,False,False
Q3359,Dallas Braden,1983-08-13,American baseball player,Athlete,Saturn,1,Moon-Saturn,1,None,0,False,False,False,False,False,False,True
Q3360,Dave Days,1991-08-13,American singer-songwriter and guitarist,Actor_Media,Jupiter,1,Sun-Jupiter|Mercury-Venus,2,None,0,False,False,False,False,False,True,False
Q3361,Catherine of York,1479-08-14,,Unknown,None,0,Mercury-Mars|Venus-Saturn,2,None,0,False,False,False,False,False,False,False
Q3362,"Christopher Monck, 2nd Duke of Albemarle",1653-08-14,"English colonel and politician, Lieutenant Governor of Jamaica",Politics_Government,None,0,Sun-Saturn,1,None,0,False,False,False,False,False,False,False
Q3363,Letitia Elizabeth Landon,1802-08-14,English poet and novelist,Writer_Journalism,None,0,Jupiter-Saturn,1,None,0,False,False,False,False,False,False,False
Q3364,Ernest Thompson Seton,1860-08-14,"American author, artist, and naturalist",Writer_Journalism,Jupiter,1,Sun-Mercury|Sun-Saturn|Moon-Venus|Mercury-Jupiter,4,Mercury-Moon,1,False,False,False,False,False,True,False
Q3365,Alexander I of Serbia,1876-08-14,,Unknown,Moon,1,Sun-Mars,1,None,0,False,True,False,False,False,False,False
Q3366,Jack Gregory,1895-08-14,Australian cricketer,Athlete,Moon|Jupiter|Saturn,3,Sun-Mercury,1,None,0,False,True,False,False,False,True,True
Q3367,B. A. Santamaria,1915-08-14,Australian political activist and publisher,Other,None,0,Sun-Mercury|Sun-Venus,2,Mercury-Moon,1,False,False,False,False,False,False,False
Q3368,Giacomo Capuzzi,1929-08-14,"Italian Roman Catholic prelate, bishop of the Roman Catholic Diocese of Lodi from 1989 to 2005",Religion,None,0,None,0,None,0,False,False,False,False,False,False,False
Q3369,David Crosby,1941-08-14,American singer-songwriter and guitarist,Actor_Media,None,0,Sun-Mercury,1,None,0,False,False,False,False,False,False,False
Q3370,Bob Backlund,1949-08-14,American wrestler,Athlete,None,0,Mercury-Saturn,1,None,0,False,False,False,False,False,False,False
Q3371,Frank Brickowski,1959-08-14,American basketball player,Athlete,None,0,Moon-Saturn|Venus-Mars,2,None,0,False,False,False,False,False,False,False
Q3372,Halle Berry,1966-08-14,"American model, actress, and producer",Actor_Media,None,0,Moon-Venus|Moon-Mars|Moon-Jupiter|Mercury-Venus|Venus-Mars|Venus-Jupiter|Mars-Jupiter,7,Mercury-Moon,1,False,False,False,False,False,False,False
Q3373,Chucky Atkins,1974-08-14,American basketball player,Athlete,None,0,Sun-Mercury,1,Mercury-Moon,1,False,False,False,False,False,False,False
Q3374,Earl Barron,1981-08-14,American basketball player,Athlete,None,0,Sun-Mercury|Jupiter-Saturn,2,None,0,False,False,False,False,False,False,False
Q3375,Richard Freitag,1991-08-14,German ski jumper,Other,None,0,Sun-Jupiter|Mercury-Venus,2,None,0,False,False,False,False,False,False,False
Q3376,Teishi,1013-08-15,empress of Japan,Other,Saturn,1,Sun-Moon|Sun-Mercury|Moon-Mercury,3,None,0,False,False,False,False,False,False,True
Q3377,Gabriel Báthory,1589-08-15,Prince of Transylvania,Other,None,0,Sun-Venus|Mercury-Jupiter,2,None,0,False,False,False,False,False,False,False
Q3378,Matthias Claudius,1740-08-15,German poet and author,Writer_Journalism,Moon,1,None,0,None,0,False,True,False,False,False,False,False
Q3379,Antonín Petrof,1839-08-15,Czech piano maker,Other,None,0,Moon-Mars,1,None,0,False,False,False,False,False,False,False
Q3380,Mikao Usui,1865-08-15,"Japanese spiritual leader, founded Reiki",Other,Moon|Saturn,2,Mercury-Mars,1,None,0,False,True,False,False,False,False,True
Q3381,Marion Bauer,1882-08-15,American composer and critic,Other,None,0,Sun-Mercury|Venus-Mars,2,None,0,False,False,False,False,False,False,False
Q3382,Estelle Brody,1900-08-15,American silent film actress,Actor_Media,None,0,None,0,None,0,False,False,False,False,False,False,False
Q3383,Jack Lynch,1917-08-15,"Irish footballer and politician, 5th Taoiseach of Ireland",Athlete,None,0,Mercury-Venus,1,None,0,False,False,False,False,False,False,False
Q3384,Julius Katchen,1926-08-15,American pianist and composer,Other,Saturn,1,None,0,Moon-Venus,1,False,False,False,False,False,False,True
Q3385,Stephen Breyer,1938-08-15,"American lawyer and jurist, Associate Justice of the Supreme Court of the United States",Law,None,0,Sun-Mars|Moon-Saturn,2,Jupiter-Saturn,1,False,False,False,False,False,False,False
Q3386,Patsy Gallant,1948-08-15,Canadian singer-songwriter and actress,Actor_Media,None,0,Sun-Mercury|Sun-Saturn|Mercury-Saturn,3,None,0,False,False,False,False,False,False,False
Q3387,Simon Baron-Cohen,1958-08-15,English-Canadian psychiatrist and author,Writer_Journalism,None,0,Sun-Moon,1,Moon-Sun,1,False,False,False,False,False,False,False
Q3388,Debra Messing,1968-08-15,American actress,Actor_Media,None,0,Mercury-Venus|Venus-Jupiter,2,Mars-Moon,1,False,False,False,False,False,False,False
Q3389,Waleed Aly,1978-08-15,Australian journalist and television host,Actor_Media,Jupiter,1,Sun-Mercury|Mercury-Saturn|Venus-Mars,3,Jupiter-Moon,1,False,False,False,False,False,True,False
Q3390,Oussama Assaidi,1988-08-15,Moroccan footballer,Athlete,None,0,None,0,None,0,False,False,False,False,False,False,False
Q3391,"Philippa, 5th Countess of Ulster",1355-08-16,,Unknown,None,0,Sun-Moon|Sun-Mars|Moon-Mercury|Moon-Mars|Mercury-Mars|Venus-Saturn,6,None,0,False,False,False,False,False,False,False
Q3392,Jean de La Bruyère,1645-08-16,French philosopher and author,Writer_Journalism,Moon,1,Sun-Mercury,1,None,0,False,True,False,False,False,False,False
Q3393,Andrew Rainsford Wetmore,1820-08-16,"Canadian lawyer and politician, 1st Premier of New Brunswick",Politics_Government,None,0,Sun-Mercury,1,Moon-Venus,1,False,False,False,False,False,False,False
Q3394,James McGowen,1855-08-16,"Australian politician, 18th Premier of New South Wales",Politics_Government,None,0,Moon-Venus,1,Mercury-Moon,1,False,False,False,False,False,False,False
Q3395,Ivan Bilibin,1876-08-16,Russian illustrator and stage designer,Writer_Journalism,None,0,Sun-Mars|Moon-Venus,2,None,0,False,False,False,False,False,False,False
Q3396,Ida Browne,1900-08-16,Australian geologist and palaeontologist,Other,None,0,None,0,None,0,False,False,False,False,False,False,False
Q3397,Menachem Begin,1913-08-16,"Belarusian-Israeli politician, Prime Minister of Israel, Nobel Prize laureate",Politics_Government,None,0,Mars-Saturn,1,None,0,False,False,False,False,False,False,False
Q3398,Fess Parker,1924-08-16,American actor,Actor_Media,Saturn,1,None,0,None,0,False,False,False,False,False,False,True
Q3399,Angela Buxton,1934-08-16,British tennis player,Athlete,None,0,Venus-Mars,1,Moon-Venus,1,False,False,False,False,False,False,False
Q3400,Kevin Ayers,1944-08-16,English singer-songwriter and guitarist,Actor_Media,None,0,Mercury-Mars|Venus-Jupiter,2,None,0,False,False,False,False,False,False,False
Q3401,Reginald VelJohnson,1952-08-16,American actor,Actor_Media,None,0,Sun-Mercury,1,Mercury-Moon,1,False,False,False,False,False,False,False
Q3402,Rosita Baltazar,1960-08-16,"Belizean choreographer, dancer, and dance instructor",Other,Moon,1,None,0,None,0,False,True,False,False,False,False,False
Q3403,Bonnie Bernstein,1970-08-16,American journalist and sportscaster,Writer_Journalism,None,0,Sun-Mars,1,None,0,False,False,False,False,False,False,False
Q3404,Cam Gigandet,1982-08-16,American actor,Actor_Media,None,0,Mars-Jupiter,1,None,0,False,False,False,False,False,False,False
Q3405,Godfrey Oboabona,1990-08-16,Nigerian footballer,Athlete,Jupiter,1,Venus-Jupiter,1,None,0,False,False,False,False,False,True,False
Q3406,"William IX, Count of Poitiers",1153-08-17,,Unknown,Mercury,1,Sun-Saturn,1,None,0,False,False,True,False,False,False,False
Q3407,Johann Valentin Andrea,1586-08-17,German theologian,Religion,None,0,Sun-Mercury|Mars-Jupiter,2,None,0,False,False,False,False,False,False,False
Q3408,Jules Bernard Luys,1828-08-17,French neurologist and physician,Academic_Science,None,0,Moon-Jupiter|Venus-Saturn,2,Moon-Venus,1,False,False,False,False,False,False,False
Q3409,John A. Sampson,1873-08-17,American gynecologist and academic,Academic_Science,None,0,Sun-Mercury,1,Mercury-Moon,1,False,False,False,False,False,False,False
Q3410,John Brahm,1893-08-17,German-American director and production manager,Actor_Media,None,0,Sun-Mars,1,None,0,False,False,False,False,False,False,False
Q3411,Mark Felt,1913-08-17,"American lawyer and agent, 2nd Deputy Director of the Federal Bureau of Investigation",Actor_Media,None,0,Mars-Saturn,1,None,0,False,False,False,False,False,False,False
Q3412,Roy Tattersall,1922-08-17,English cricketer,Athlete,Moon,1,Venus-Jupiter|Venus-Saturn,2,None,0,False,True,False,False,False,False,False
Q3413,Tony Wrigley,1931-08-17,"English historian, demographer, and academic",Academic_Science,Jupiter,1,Sun-Venus|Moon-Mars,2,None,0,False,False,False,False,False,True,False
Q3414,Eduardo Mignogna,1940-08-17,Argentinian director and screenwriter,Actor_Media,None,0,Sun-Mars|Jupiter-Saturn,2,None,0,False,False,False,False,False,False,False
Q3415,Alexander Ivashkin,1948-08-17,Russian-English cellist and conductor,Other,None,0,Sun-Mercury|Sun-Saturn|Mercury-Saturn,3,None,0,False,False,False,False,False,False,False
Q3416,Gail Berman,1956-08-17,"American businessman, co-founded BermanBraun",Business,None,0,None,0,None,0,False,False,False,False,False,False,False
Q3417,Colin James,1964-08-17,"Canadian singer-songwriter, guitarist, and producer",Actor_Media,None,0,Venus-Mars,1,None,0,False,False,False,False,False,False,False
Q3418,Habibul Bashar,1972-08-17,Bangladeshi cricketer,Athlete,None,0,Sun-Mars,1,None,0,False,False,False,False,False,False,False
Q3419,Dustin Pedroia,1983-08-17,American baseball player,Athlete,Saturn,1,None,0,Mars-Moon,1,False,False,False,False,False,False,True
Q3420,Saraya Bevis,1992-08-17,English wrestler,Athlete,None,0,Venus-Jupiter,1,None,0,False,False,False,False,False,False,False
Q3421,Ashikaga Takauji,1305-08-18,Japanese Shōgun,Other,Mercury|Saturn,2,Venus-Jupiter|Venus-Saturn,2,None,0,False,False,True,False,False,False,True
Q3422,Henry Hammond,1605-08-18,English churchman and theologian,Religion,None,0,Sun-Mercury|Sun-Venus,2,Jupiter-Saturn,1,False,False,False,False,False,False,False
Q3423,Antonio Salieri,1750-08-18,Italian composer and conductor,Other,None,0,Sun-Mercury|Sun-Mars|Mercury-Mars,3,None,0,False,False,False,False,False,False,False
Q3424,Ernest Noel,1831-08-18,Scottish businessman and politician,Politics_Government,None,0,Mars-Saturn,1,None,0,False,False,False,False,False,False,False
Q3425,Lavr Kornilov,1870-08-18,Russian general and explorer,Politics_Government,None,0,None,0,None,0,False,False,False,False,False,False,False
Q3426,Adamson-Eric,1902-08-18,Estonian painter,Other,None,0,Sun-Mercury|Moon-Jupiter,2,Jupiter-Saturn,1,False,False,False,False,False,False,False
Q3427,Amelia Boynton Robinson,1911-08-18,American activist,Other,Moon,1,Mercury-Venus|Mars-Saturn,2,None,0,False,True,False,False,False,False,False
Q3428,Wally Hickel,1919-08-18,"American businessman and politician, 2nd Governor of Alaska",Politics_Government,Jupiter,1,Sun-Mercury|Sun-Saturn|Mars-Jupiter,3,Mars-Moon,1,False,False,False,False,False,True,False
Q3429,Liviu Librescu,1930-08-18,Romanian-American engineer and academic,Academic_Science,Moon,1,None,0,None,0,False,True,False,False,False,False,False
Q3430,Maxine Brown,1939-08-18,American soul/R&B singer-songwriter,Actor_Media,Mars,1,Sun-Venus|Mercury-Venus,2,Mercury-Moon|Mars-Saturn,2,False,False,False,False,True,False,False
Q3431,Elayne Boosler,1952-08-18,"American actress, director, and screenwriter",Actor_Media,None,0,None,0,None,0,False,False,False,False,False,False,False
Q3432,Mike LaValliere,1960-08-18,American baseball player,Athlete,None,0,None,0,Mercury-Moon,1,False,False,False,False,False,False,False
Q3433,Jason Furman,1970-08-18,American economist and politician,Politics_Government,None,0,Sun-Mars,1,None,0,False,False,False,False,False,False,False
Q3434,César Delgado,1981-08-18,Argentinian footballer,Athlete,None,0,Venus-Saturn|Jupiter-Saturn,2,None,0,False,False,False,False,False,False,False
Q3435,Liz Cambage,1991-08-18,Australian basketball player,Athlete,None,0,Sun-Mercury|Sun-Venus|Sun-Jupiter|Mercury-Venus|Mercury-Jupiter|Venus-Jupiter,6,None,0,False,False,False,False,False,False,False
Q3436,Marcus Aurelius Probus,0232-08-19,Roman emperor,Politics_Government,Mercury,1,Jupiter-Saturn,1,None,0,False,False,True,False,False,False,False
Q3437,Gerbrand van den Eeckhout,1621-08-19,"Dutch painter, etcher, and poet",Writer_Journalism,Mercury,1,Moon-Mercury,1,None,0,False,False,True,False,False,False,False
Q3438,Madame du Barry,1743-08-19,French mistress of Louis XV,Other,None,0,Sun-Moon|Moon-Mercury,2,None,0,False,False,False,False,False,False,False
Q3439,Joaquim Nabuco,1849-08-19,Brazilian politician and diplomat,Politics_Government,None,0,Sun-Mercury|Sun-Jupiter|Mercury-Jupiter,3,None,0,False,False,False,False,False,False,False
Q3440,Grace Hutchins,1885-08-19,American labor reformer and researcher,Academic_Science,None,0,Mercury-Venus|Mercury-Jupiter|Mars-Saturn,3,None,0,False,False,False,False,False,False,False
Q3441,Hazari Prasad Dwivedi,1907-08-19,"Indian historian, author, and scholar",Academic_Science,Jupiter,1,Sun-Venus|Moon-Mars,2,Jupiter-Moon,1,False,False,False,False,False,True,False
Q3442,Dennis Poore,1916-08-19,English racing driver and businessman,Business,None,0,None,0,None,0,False,False,False,False,False,False,False
Q3443,Angus Scrimm,1926-08-19,American actor and author,Actor_Media,Saturn,1,Mercury-Venus,1,None,0,False,False,False,False,False,False,True
Q3444,Richard McBrien,1936-08-19,"American priest, theologian, and academic",Academic_Science,None,0,Moon-Mercury,1,None,0,False,False,False,False,False,False,False
Q3445,Jack Canfield,1944-08-19,American author,Writer_Journalism,None,0,Sun-Moon|Moon-Venus|Moon-Jupiter|Mercury-Mars|Venus-Jupiter,5,None,0,False,False,False,False,False,False,False
Q3446,Oscar Larrauri,1954-08-19,Argentinian racing driver,Other,Saturn,1,Sun-Mercury,1,None,0,False,False,False,False,False,False,True
Q3447,John Stamos,1963-08-19,American actor,Actor_Media,None,0,Sun-Moon|Sun-Venus|Moon-Venus,3,None,0,False,False,False,False,False,False,False
Q3448,Marco Materazzi,1973-08-19,Italian footballer and manager,Athlete,None,0,Moon-Mars,1,None,0,False,False,False,False,False,False,False
Q3449,Mike Conway,1983-08-19,English racing driver,Other,Saturn,1,None,0,None,0,False,False,False,False,False,False,True
Q3450,Salem Al-Dawsari,1991-08-19,Saudi Arabian footballer,Athlete,None,0,Sun-Mercury|Sun-Venus|Sun-Jupiter|Mercury-Venus|Mercury-Jupiter|Venus-Jupiter,6,None,0,False,False,False,False,False,False,False
Q3451,Shahrukh Mirza,1377-08-20,ruler of Persia and Transoxiania,Other,Mercury,1,None,0,None,0,False,False,True,False,False,False,False
Q3452,Christian Mayer,1719-08-20,Czech astronomer and educator,Academic_Science,Mercury|Saturn,2,Moon-Saturn,1,None,0,False,False,True,False,False,False,True
Q3453,Jakub Bart-Ćišinski,1856-08-20,German poet and playwright,Writer_Journalism,None,0,Mercury-Venus,1,None,0,False,False,False,False,False,False,False
Q3454,Dino Campana,1885-08-20,Italian poet and author,Writer_Journalism,None,0,Mercury-Venus|Mercury-Jupiter|Mars-Saturn,3,None,0,False,False,False,False,False,False,False
Q3455,Salvatore Quasimodo,1901-08-20,"Italian novelist and poet, Nobel Prize laureate",Writer_Journalism,None,0,Sun-Mercury|Jupiter-Saturn,2,None,0,False,False,False,False,False,False,False
Q3456,Paul Felix Schmidt,1916-08-20,Estonian – German chess player and chemist,Athlete,Moon,1,None,0,None,0,False,True,False,False,False,False,False
Q3457,Frank Rosolino,1926-08-20,American jazz trombonist,Other,Saturn,1,Mercury-Venus,1,None,0,False,False,False,False,False,False,True
Q3458,Sneaky Pete Kleinow,1934-08-20,American country-rock pedal-steel guitarist and songwriter,Writer_Journalism,None,0,Sun-Mercury,1,None,0,False,False,False,False,False,False,False
Q3459,Dave Brock,1941-08-20,English singer-songwriter and guitarist,Actor_Media,None,0,Sun-Mercury,1,None,0,False,False,False,False,False,False,False
Q3460,Nikolas Asimos,1949-08-20,Greek singer-songwriter and guitarist,Actor_Media,None,0,None,0,None,0,False,False,False,False,False,False,False
Q3461,Nigel Dodds,1958-08-20,Northern Irish lawyer and politician,Politics_Government,None,0,Sun-Mercury,1,Moon-Venus,1,False,False,False,False,False,False,False
Q3462,Andy Benes,1967-08-20,American baseball player,Athlete,Jupiter,1,Sun-Mercury|Mercury-Jupiter,2,None,0,False,False,False,False,False,True,False
Q3463,Marcin Adamski,1975-08-20,Polish footballer and manager,Athlete,None,0,Mercury-Venus,1,Moon-Saturn,1,False,False,False,False,False,False,False
Q3464,Aílton José Almeida,1984-08-20,Brazilian footballer,Athlete,Moon|Saturn,2,Mercury-Venus,1,None,0,False,True,False,False,False,False,True
Q3465,Matt Eisenhuth,1992-08-20,Australian rugby league player,Athlete,None,0,Venus-Jupiter,1,None,0,False,False,False,False,False,False,False
Q3466,Philip II of France,1165-08-21,,Unknown,None,0,None,0,Moon-Venus,1,False,False,False,False,False,False,False
Q3467,Afonso VI of Portugal,1643-08-21,,Unknown,None,0,None,0,Moon-Venus,1,False,False,False,False,False,False,False
Q3468,Augustin-Louis Cauchy,1789-08-21,French mathematician and academic,Academic_Science,Jupiter,1,Sun-Moon|Sun-Mercury|Mercury-Jupiter,3,None,0,False,False,False,False,False,True,False
Q3469,Ferdinand Hamer,1840-08-21,Dutch bishop and missionary,Religion,Moon,1,Sun-Venus,1,None,0,False,True,False,False,False,False,False
Q3470,Richard Girulatis,1878-08-21,German footballer and manager,Athlete,Moon|Mercury,2,None,0,Moon-Venus|Jupiter-Saturn,2,False,True,True,False,False,False,False
Q3471,Blossom Rock,1895-08-21,American actress,Actor_Media,Jupiter|Saturn,2,Sun-Mercury|Moon-Mars,2,None,0,False,False,False,False,False,True,True
Q3472,Ethel Caterham,1909-08-21,English supercentenarian,Other,None,0,Mercury-Jupiter,1,None,0,False,False,False,False,False,False,False
Q3473,Keith Allen,1923-08-21,"Canadian-American ice hockey player, coach, and manager",Athlete,None,0,Sun-Venus|Sun-Mars|Venus-Mars,3,None,0,False,False,False,False,False,False,False
Q3474,Janet Baker,1933-08-21,English soprano and educator,Other,None,0,Sun-Moon|Venus-Jupiter,2,None,0,False,False,False,False,False,False,False
Q3475,Perry Christie,1944-08-21,"Bahamian politician, third Prime Minister of the Bahamas",Politics_Government,None,0,Sun-Jupiter|Moon-Mercury|Moon-Mars|Mercury-Mars|Venus-Jupiter,5,None,0,False,False,False,False,False,False,False
Q3476,Archie Griffin,1954-08-21,American football player,Athlete,Moon|Saturn,2,Sun-Mercury,1,None,0,False,True,False,False,False,False,True
Q3477,Jim Bullinger,1965-08-21,American baseball player,Athlete,Moon,1,None,0,None,0,False,True,False,False,False,False,False
Q3478,Martin Andanar,1974-08-21,Filipino journalist and radio host,Writer_Journalism,None,0,Sun-Mercury,1,None,0,False,False,False,False,False,False,False
Q3479,Neil Dexter,1984-08-21,South African cricketer,Athlete,Moon|Saturn,2,Mercury-Venus,1,None,0,False,True,False,False,False,False,True
Q3480,Brandon Drury,1992-08-21,American baseball player,Athlete,Moon,1,Venus-Jupiter,1,None,0,False,True,False,False,False,False,False
Q3481,"Frederick II, Elector of Saxony",1412-08-22,,Unknown,None,0,Sun-Mercury|Venus-Jupiter,2,None,0,False,False,False,False,False,False,False
Q3482,Charles Percier,1764-08-22,French architect and interior designer,Engineering_Tech,None,0,None,0,None,0,False,False,False,False,False,False,False
Q3483,Archibald Willard,1836-08-22,American soldier and painter,Other,Jupiter|Saturn,2,None,0,Jupiter-Moon,1,False,False,False,False,False,True,True
Q3484,Claude Debussy,1862-08-22,French pianist and composer,Other,None,0,Sun-Mercury|Moon-Venus|Jupiter-Saturn,3,None,0,False,False,False,False,False,False,False
Q3485,Lutz Graf Schwerin von Krosigk,1887-08-22,"German jurist and politician, German Minister of Foreign Affairs",Politics_Government,None,0,Mars-Saturn,1,Mercury-Moon,1,False,False,False,False,False,False,False
Q3486,Thomas Pelly,1902-08-22,American lawyer and politician,Politics_Government,None,0,None,0,Jupiter-Saturn,1,False,False,False,False,False,False,False
Q3487,John Lee Hooker,1917-08-22,American singer-songwriter and guitarist,Actor_Media,Mercury,1,Mercury-Venus,1,None,0,False,False,True,False,False,False,False
Q3488,Tinga Seisay,1928-08-22,Sierra Leonean academic and diplomat,Academic_Science,None,0,Sun-Mercury,1,None,0,False,False,False,False,False,False,False
Q3489,Jean Berkey,1938-08-22,American businesswoman and politician,Politics_Government,None,0,None,0,Jupiter-Saturn,1,False,False,False,False,False,False,False
Q3490,David Marks,1948-08-22,American singer-songwriter and guitarist,Actor_Media,None,0,Sun-Saturn,1,None,0,False,False,False,False,False,False,False
Q3491,Colm Feore,1958-08-22,American-Canadian actor,Actor_Media,None,0,Sun-Mercury,1,None,0,False,False,False,False,False,False,False
Q3492,GZA,1966-08-22,American rapper and producer,Actor_Media,Jupiter,1,Mercury-Venus|Mars-Jupiter,2,Moon-Venus,1,False,False,False,False,False,True,False
Q3493,Clint Bolton,1975-08-22,Australian footballer,Athlete,None,0,Sun-Venus,1,Moon-Saturn,1,False,False,False,False,False,False,False
Q3494,Theo Bos,1983-08-22,Dutch cyclist,Athlete,Mercury|Saturn,2,Sun-Venus,1,None,0,False,False,True,False,False,False,True
Q3495,Laura Dahlmeier,1993-08-22,German biathlete,Athlete,None,0,Sun-Mercury|Mars-Jupiter,2,Moon-Venus,1,False,False,False,False,False,False,False
Q3496,Cho Kwangjo,1482-08-23,Korean philosopher,Other,Mercury|Saturn,2,Sun-Moon|Mercury-Venus|Venus-Jupiter,3,None,0,False,False,True,False,False,False,True
Q3497,Louis XVI,1754-08-23,of France,Other,None,0,Sun-Mercury|Sun-Jupiter|Mercury-Jupiter,3,None,0,False,False,False,False,False,False,False
Q3498,Moritz Cantor,1829-08-23,German mathematician and historian,Academic_Science,None,0,Sun-Mercury|Sun-Mars|Mercury-Mars,3,None,0,False,False,False,False,False,False,False
Q3499,Edgar de Wahl,1867-08-23,Ukrainian-Estonian linguist and academic,Academic_Science,Moon|Saturn,2,None,0,Moon-Venus,1,False,True,False,False,False,False,True
Q3500,Will Cuppy,1884-08-23,American author and critic,Writer_Journalism,Mercury|Jupiter,2,Moon-Mercury,1,None,0,False,False,True,False,False,True,False
Q3501,Zoltan Sarosy,1906-08-23,Hungarian-Canadian chess master,Other,None,0,Moon-Venus|Mercury-Mars,2,Mercury-Moon,1,False,False,False,False,False,False,False
Q3502,Vladimir Abramovich Rokhlin,1919-08-23,Azerbaijani mathematician and theorist,Academic_Science,Jupiter,1,Sun-Saturn|Moon-Mars|Moon-Jupiter|Mars-Jupiter,4,None,0,False,False,False,False,False,True,False
Q3503,Vladimir Beekman,1929-08-23,Estonian poet and translator,Writer_Journalism,None,0,None,0,None,0,False,False,False,False,False,False,False
Q3504,Galen Rowell,1940-08-23,American mountaineer and photographer,Other,None,0,Sun-Mars|Jupiter-Saturn,2,None,0,False,False,False,False,False,False,False
Q3505,Atef Bseiso,1948-08-23,Palestinian intelligence officer,Other,None,0,Sun-Saturn,1,None,0,False,False,False,False,False,False,False
Q3506,Tasos Mitropoulos,1957-08-23,Greek footballer and politician,Athlete,Mercury,1,Venus-Jupiter,1,None,0,False,False,True,False,False,False,False
Q3507,Roger Avary,1965-08-23,"Canadian director, producer, and screenwriter",Actor_Media,None,0,None,0,Mercury-Moon,1,False,False,False,False,False,False,False
Q3508,Casey Blake,1973-08-23,American baseball player,Athlete,None,0,Moon-Saturn,1,Mercury-Moon,1,False,False,False,False,False,False,False
Q3509,Natalie Coughlin,1982-08-23,American swimmer,Athlete,Mercury,1,Moon-Saturn|Mars-Jupiter,2,Moon-Venus,1,False,False,True,False,False,False,False
Q3510,Seth Curry,1990-08-23,American basketball player,Athlete,Jupiter,1,None,0,None,0,False,False,False,False,False,True,False
Q3511,Fujiwara no Genshi,1016-08-24,Japanese empress consort,Other,Mercury,1,None,0,None,0,False,False,True,False,False,False,False
Q3512,Sophia Brahe,1556-08-24,Danish horticulturalist and astronomer,Academic_Science,None,0,None,0,Mars-Moon,1,False,False,False,False,False,False,False
Q3513,Duchess Sophia Frederica of Mecklenburg-Schwerin,1758-08-24,,Unknown,Mercury,1,None,0,None,0,False,False,True,False,False,False,False
Q3514,Tom Kendall,1851-08-24,Australian cricketer and journalist,Athlete,Mercury,1,None,0,None,0,False,False,True,False,False,False,False
Q3515,Harry Hooper,1887-08-24,American baseball player,Athlete,None,0,Mars-Saturn,1,None,0,False,False,False,False,False,False,False
Q3516,Preston Foster,1900-08-24,American actor,Actor_Media,None,0,Sun-Moon,1,None,0,False,False,False,False,False,False,False
Q3517,Charles Snead Houston,1913-08-24,American physician and mountaineer,Academic_Science,Moon,1,Mars-Saturn,1,None,0,False,True,False,False,False,False,False
Q3518,Alyn Ainsworth,1924-08-24,English singer and conductor,Actor_Media,Mercury|Saturn,2,None,0,None,0,False,False,True,False,False,False,True
Q3519,A. S. Byatt,1936-08-24,English novelist and poet,Writer_Journalism,Mercury,1,None,0,None,0,False,False,True,False,False,False,False
Q3520,Ronee Blakley,1945-08-24,"American singer-songwriter, producer, and actress",Actor_Media,None,0,Sun-Mercury|Venus-Saturn,2,None,0,False,False,False,False,False,False,False
Q3521,Kevin Dunn,1955-08-24,American actor,Actor_Media,Jupiter|Saturn,2,Sun-Venus|Sun-Mars|Moon-Saturn|Venus-Mars,4,None,0,False,False,False,False,False,True,True
Q3522,Éric Bernard,1964-08-24,French racing driver,Other,None,0,Venus-Mars,1,None,0,False,False,False,False,False,False,False
Q3523,Jennifer Lien,1974-08-24,American actress,Actor_Media,None,0,Sun-Mercury,1,None,0,False,False,False,False,False,False,False
Q3524,Brett Gardner,1983-08-24,American baseball player,Athlete,Mercury|Saturn,2,Sun-Venus,1,None,0,False,False,True,False,False,False,True
Q3525,Jemerson,1992-08-24,Brazilian footballer,Athlete,None,0,Venus-Jupiter,1,Mercury-Moon,1,False,False,False,False,False,False,False
Q3526,"Francisco Fernández de la Cueva, 2nd Duke of Alburquerque",1467-08-25,Spanish duke,Other,None,0,Sun-Mercury,1,None,0,False,False,False,False,False,False,False
Q3527,John Leverett the Younger,1662-08-25,"American lawyer, academic, and politician",Politics_Government,None,0,None,0,None,0,False,False,False,False,False,False,False
Q3528,Ludwig I of Bavaria,1786-08-25,King of Bavaria,Politics_Government,Mercury,1,Moon-Mercury|Moon-Mars|Mercury-Mars,3,None,0,False,False,True,False,False,False,False
Q3529,George C. Magoun,1840-08-25,American businessman,Business,None,0,Moon-Mars,1,None,0,False,False,False,False,False,False,False
Q3530,Ted Birnie,1878-08-25,English footballer and manager,Athlete,Mercury,1,Sun-Mars,1,Jupiter-Saturn,1,False,False,True,False,False,False,False
Q3531,Arpad Elo,1903-08-25,"Hungarian-American chess player, created the Elo rating system",Athlete,Mercury,1,Moon-Venus|Mercury-Venus,2,None,0,False,False,True,False,False,False,False
Q3532,Van Johnson,1916-08-25,American actor,Actor_Media,Mercury,1,Moon-Saturn,1,None,0,False,False,True,False,False,False,False
Q3533,Althea Gibson,1927-08-25,American tennis player and golfer,Athlete,None,0,Venus-Mars,1,None,0,False,False,False,False,False,False,False
Q3534,Jimmy Hannan,1937-08-25,Australian television host and singer,Actor_Media,Mercury,1,None,0,None,0,False,False,True,False,False,False,False
Q3535,Daniel Hulet,1945-08-25,Belgian cartoonist,Other,None,0,Venus-Saturn,1,None,0,False,False,False,False,False,False,False
Q3536,John McGeoch,1955-08-25,Scottish guitarist,Other,Jupiter|Saturn,2,Sun-Venus|Sun-Mars|Venus-Mars,3,None,0,False,False,False,False,False,True,True
Q3537,Miro Cerar,1963-08-25,"Slovenian lawyer and politician, 8th Prime Minister of Slovenia",Politics_Government,Mercury,1,Sun-Venus,1,None,0,False,False,True,False,False,False,False
Q3538,Jason Death,1971-08-25,Australian rugby league player,Athlete,Mars,1,Sun-Mercury|Sun-Venus|Mercury-Venus,3,None,0,False,False,False,False,True,False,False
Q3539,Rachel Bilson,1981-08-25,American actress,Actor_Media,None,0,Venus-Jupiter|Venus-Saturn|Jupiter-Saturn,3,None,0,False,False,False,False,False,False,False
Q3540,Max Muncy,1990-08-25,American baseball player,Athlete,Jupiter,1,None,0,Moon-Venus,1,False,False,False,False,False,True,False
Q3541,Bernardino Poccetti,1548-08-26,Italian painter,Other,Mercury,1,None,0,None,0,False,False,True,False,False,False,False
Q3542,Joseph-Michel Montgolfier,1740-08-26,"French inventor, invented the hot air balloon",Engineering_Tech,Mercury,1,Sun-Venus,1,None,0,False,False,True,False,False,False,False
Q3543,Martha Darley Mutrie,1824-08-26,British painter,Other,Mercury|Jupiter,2,Sun-Venus|Moon-Mercury,2,None,0,False,False,True,False,False,True,False
Q3544,Guillaume Apollinaire,1880-08-26,"Italian-French author, poet, playwright, and critic",Writer_Journalism,None,0,Venus-Mars,1,None,0,False,False,False,False,False,False,False
Q3545,Peggy Guggenheim,1898-08-26,American-Italian art collector and philanthropist,Other,None,0,Venus-Jupiter,1,None,0,False,False,False,False,False,False,False
Q3546,Mother Teresa,1910-08-26,"Albanian-Indian nun, missionary, Catholic saint, and Nobel Prize laureate",Other,Mercury,1,None,0,None,0,False,False,True,False,False,False,False
Q3547,Shimshon Amitsur,1921-08-26,Israeli mathematician and scholar,Academic_Science,Moon,1,Sun-Mercury|Jupiter-Saturn,2,Moon-Venus,1,False,True,False,False,False,False,False
Q3548,Joe Solomon,1930-08-26,Guyanese cricketer and coach,Athlete,Mercury,1,Moon-Mercury,1,None,0,False,False,True,False,False,False,False
Q3549,Pinchas Goldstein,1939-08-26,Israeli businessman and politician,Politics_Government,Mars,1,Sun-Venus|Moon-Mars,2,Mars-Saturn,1,False,False,False,False,True,False,False
Q3550,Nicolae Dobrin,1947-08-26,Romanian footballer and manager,Athlete,None,0,Sun-Mercury|Sun-Venus|Mercury-Venus,3,None,0,False,False,False,False,False,False,False
Q3551,Jan Nevens,1958-08-26,Belgian cyclist,Athlete,None,0,Sun-Mercury,1,None,0,False,False,False,False,False,False,False
Q3552,Jacques Brinkman,1966-08-26,Dutch field hockey player and coach,Athlete,Jupiter,1,Mercury-Venus|Mars-Jupiter,2,Jupiter-Moon,1,False,False,False,False,False,True,False
Q3553,Morgan Ensberg,1975-08-26,American baseball player and coach,Athlete,Mercury,1,Sun-Venus|Moon-Jupiter,2,None,0,False,False,True,False,False,False,False
Q3554,Oleksiy Kasyanov,1985-08-26,Ukrainian decathlete,Athlete,Saturn,1,Mercury-Mars,1,None,0,False,False,False,False,False,False,True
Q3555,Alex Collins,1994-08-26,American football player,Athlete,None,0,None,0,None,0,False,False,False,False,False,False,False
Q3556,Rhazes,0865-08-27,Persian polymath,Other,Mercury|Saturn,2,Sun-Jupiter,1,None,0,False,False,True,False,False,False,True
Q3557,"Charles Calvert, 3rd Baron Baltimore",1637-08-27,"English politician, 2nd Proprietor of Maryland",Politics_Government,None,0,Mercury-Mars,1,Mars-Moon,1,False,False,False,False,False,False,False
Q3558,Edward Beecher,1803-08-27,American minister and theologian,Politics_Government,None,0,Mercury-Saturn|Mars-Jupiter,2,None,0,False,False,False,False,False,False,False
Q3559,Hermann Weingärtner,1864-08-27,German gymnast,Other,Mercury,1,None,0,None,0,False,False,True,False,False,False,False
Q3560,Vincent Auriol,1884-08-27,"French lawyer and politician, President of the French Republic",Politics_Government,Mercury|Jupiter,2,None,0,None,0,False,False,True,False,False,True,False
Q3561,Aris Velouchiotis,1905-08-27,Greek soldier,Other,None,0,Sun-Mercury|Moon-Venus,2,None,0,False,False,False,False,False,False,False
Q3562,Jelle Zijlstra,1918-08-27,"Dutch economist and politician, Prime Minister of the Netherlands",Politics_Government,None,0,None,0,None,0,False,False,False,False,False,False,False
Q3563,George Brecht,1926-08-27,American-German chemist and composer,Academic_Science,Saturn,1,Mercury-Venus,1,None,0,False,False,False,False,False,False,True
Q3564,William Least Heat-Moon,1939-08-27,American travel writer and historian,Writer_Journalism,Mars,1,Sun-Venus,1,Mars-Saturn,1,False,False,False,False,True,False,False
Q3565,Tony Howard,1946-08-27,Barbadian cricketer and manager,Athlete,None,0,Sun-Moon|Venus-Mars|Venus-Jupiter,3,None,0,False,False,False,False,False,False,False
Q3566,Robert Richardson,1955-08-27,American cinematographer,Other,Jupiter|Saturn,2,Sun-Venus|Sun-Mars|Venus-Mars,3,Jupiter-Moon,1,False,False,False,False,False,True,True
Q3567,Stephan Elliott,1964-08-27,"Australian actor, director, and screenwriter",Actor_Media,None,0,Venus-Mars,1,None,0,False,False,False,False,False,False,False
Q3568,Pokwang,0197-08-27,"Pokwang, Filipino comedian, actress, television host and singer",Actor_Media,Mercury,1,Sun-Mercury|Venus-Mars,2,None,0,False,False,True,False,False,False,False
Q3569,Patrick J. Adams,1981-08-27,Canadian actor,Actor_Media,None,0,Venus-Jupiter|Venus-Saturn|Jupiter-Saturn,3,None,0,False,False,False,False,False,False,False
Q3570,Lee Sung-yeol,1991-08-27,South Korean actor and singer,Actor_Media,None,0,Sun-Venus|Sun-Jupiter|Mercury-Venus|Mercury-Jupiter|Venus-Jupiter,5,None,0,False,False,False,False,False,False,False
Q3571,Go-Reizei,1023-08-28,emperor of Japan,Politics_Government,Mercury,1,Sun-Venus|Mercury-Venus,2,None,0,False,False,True,False,False,False,False
Q3572,Marcus Zuerius van Boxhorn,1612-08-28,Dutch linguist and scholar,Academic_Science,None,0,Sun-Jupiter|Moon-Venus,2,None,0,False,False,False,False,False,False,False
Q3573,Elizabeth Ann Seton,1774-08-28,"American nun and saint, co-founded the Sisters of Charity Federation in the Vincentian-Setonian Tradition",Other,Moon,1,None,0,Moon-Venus,1,False,True,False,False,False,False,False
Q3574,Francis von Hohenstein,1837-08-28,duke of Teck,Other,Mercury|Saturn,2,Sun-Jupiter|Mercury-Venus,2,None,0,False,False,True,False,False,False,True
Q3575,August Kippasto,1887-08-28,Estonian-Australian wrestler and poet,Athlete,None,0,Mars-Saturn,1,None,0,False,False,False,False,False,False,False
Q3576,Secondo Campini,1904-08-28,Italian-American engineer,Engineering_Tech,Mercury,1,None,0,None,0,False,False,True,False,False,False,False
Q3577,Max Robertson,1915-08-28,Bengal-born English sportscaster and author,Writer_Journalism,None,0,Sun-Venus|Mars-Saturn,2,None,0,False,False,False,False,False,False,False
Q3578,István Kertész,1929-08-28,Hungarian conductor,Other,Moon|Mercury,2,Moon-Jupiter|Mercury-Mars,2,Moon-Venus,1,False,True,True,False,False,False,False
Q3579,Maurizio Costanzo,1938-08-28,Italian journalist and academic,Academic_Science,None,0,Sun-Mercury|Moon-Venus,2,Jupiter-Saturn,1,False,False,False,False,False,False,False
Q3580,Emlyn Hughes,1947-08-28,English footballer,Athlete,None,0,Sun-Mercury|Sun-Venus|Mercury-Venus,3,Moon-Saturn,1,False,False,False,False,False,False,False
Q3581,John Long,1956-08-28,American basketball player,Athlete,Moon|Mercury,2,Sun-Jupiter,1,Mars-Saturn,1,False,True,True,False,False,False,False
Q3582,Dan Crowley,1965-08-28,Australian rugby player,Athlete,None,0,None,0,Mercury-Moon,1,False,False,False,False,False,False,False
Q3583,Federico Magallanes,1976-08-28,Uruguayan footballer,Athlete,Mercury,1,Mercury-Venus|Mercury-Mars|Venus-Mars,3,None,0,False,False,True,False,False,False,False
Q3584,Kjetil Jansrud,1985-08-28,Norwegian skier,Other,Saturn,1,Moon-Jupiter|Mercury-Mars,2,None,0,False,False,False,False,False,False,True
Q3585,Jakub Sokolík,1993-08-28,Czech footballer,Athlete,None,0,Sun-Mercury|Mars-Jupiter,2,None,0,False,False,False,False,False,False,False
Q3586,Otto,0979-08-29,,Unknown,None,0,Sun-Venus|Sun-Mars|Moon-Mercury|Moon-Venus|Mercury-Venus,5,None,0,False,False,False,False,False,False,False
Q3587,"John Granville, 1st Earl of Bath",1628-08-29,"English soldier and politician, Lord Lieutenant of Ireland",Politics_Government,Mercury,1,Sun-Moon|Mercury-Mars|Venus-Saturn,3,None,0,False,False,True,False,False,False,False
Q3588,Hyacinth,1777-08-29,"Russian religious leader, founded Sinology",Religion,Mercury|Jupiter|Saturn,3,Moon-Venus,1,None,0,False,False,True,False,False,True,True
Q3589,David B. Hill,1843-08-29,"American lawyer and politician, 29th Governor of New York",Politics_Government,Mercury,1,None,0,Jupiter-Saturn,1,False,False,True,False,False,False,False
Q3590,Charles F. Kettering,1876-08-29,"American engineer and businessman, founded Delco Electronics",Business,Mercury,1,Sun-Mars,1,None,0,False,False,True,False,False,False,False
Q3591,Werner Forssmann,1904-08-29,"German physician and academic, Nobel Prize laureate",Academic_Science,Mercury,1,None,0,None,0,False,False,True,False,False,False,False
Q3592,Luther Davis,1916-08-29,American playwright and screenwriter,Writer_Journalism,Mercury,1,Venus-Saturn,1,None,0,False,False,True,False,False,False,False
Q3593,Jimmy C. Newman,1927-08-29,American singer-songwriter and guitarist,Actor_Media,None,0,Sun-Mercury|Moon-Venus|Moon-Mars|Venus-Mars,4,None,0,False,False,False,False,False,False,False
Q3594,John McCain,1936-08-29,American captain and politician,Politics_Government,Mercury,1,None,0,None,0,False,False,True,False,False,False,False
Q3595,Chris Copping,1945-08-29,English singer-songwriter and guitarist,Actor_Media,Moon,1,Venus-Saturn,1,Moon-Venus,1,False,True,False,False,False,False,False
Q3596,David Boaz,1953-08-29,American businessman and author,Writer_Journalism,Saturn,1,Mercury-Mars,1,Mars-Moon,1,False,False,False,False,False,False,True
Q3597,Carsten Fischer,1961-08-29,German field hockey player,Athlete,None,0,Jupiter-Saturn,1,None,0,False,False,False,False,False,False,False
Q3598,Joe Swail,1969-08-29,Northern Irish snooker player,Athlete,Mercury,1,Mercury-Jupiter,1,None,0,False,False,True,False,False,False,False
Q3599,Volkan Arslan,1978-08-29,German-Turkish footballer,Athlete,Jupiter,1,Sun-Saturn|Venus-Mars,2,Mercury-Moon,1,False,False,False,False,False,True,False
Q3600,Charlotte Ritchie,1989-08-29,English actress,Actor_Media,Mercury,1,None,0,None,0,False,False,True,False,False,False,False
Q3601,Peter of Castile,1334-08-30,,Unknown,Moon,1,Venus-Mars,1,Moon-Venus,1,False,True,False,False,False,False,False
Q3602,Joseph Dennie,1768-08-30,American author and journalist,Writer_Journalism,None,0,Sun-Venus,1,None,0,False,False,False,False,False,False,False
Q3603,Andrew Onderdonk,1848-08-30,American surveyor and contractor,Actor_Media,Jupiter,1,Sun-Mercury|Moon-Mars|Venus-Mars,3,None,0,False,False,False,False,False,True,False
Q3604,Ernest Rutherford,1871-08-30,"New Zealand-English physicist and chemist, Nobel Prize laureate",Academic_Science,Mercury,1,None,0,None,0,False,False,True,False,False,False,False
Q3605,Raymond Massey,1896-08-30,Canadian-American actor and playwright,Actor_Media,Moon|Mercury|Saturn,3,None,0,None,0,False,True,True,False,False,False,True
Q3606,Roger Bushell,1910-08-30,South African-English soldier and pilot,Other,Mercury,1,None,0,None,0,False,False,True,False,False,False,False
Q3607,Arnold Green,1920-08-30,Estonian soldier and politician,Politics_Government,None,0,Sun-Jupiter|Sun-Saturn|Mercury-Jupiter,3,None,0,False,False,False,False,False,False,False
Q3608,Guy de Lussigny,1929-08-30,French painter and sculptor,Other,Mercury,1,Mercury-Mars,1,None,0,False,False,True,False,False,False,False
Q3609,Bruce McLaren,1937-08-30,"New Zealand race car driver and engineer, founded the McLaren racing team",Engineering_Tech,Mercury,1,None,0,None,0,False,False,True,False,False,False,False
Q3610,Queen Anne-Marie of Greece,1946-08-30,,Unknown,None,0,Moon-Venus|Moon-Mars|Moon-Jupiter|Venus-Jupiter,4,Mercury-Moon,1,False,False,False,False,False,False,False
Q3611,Alexander Lukashenko,1954-08-30,"Belarusian marshal and politician, 1st President of Belarus",Politics_Government,Saturn,1,None,0,None,0,False,False,False,False,False,False,True
Q3612,Dave Brockie,1963-08-30,Canadian-American singer-songwriter and bass player,Athlete,Mercury,1,Sun-Venus,1,None,0,False,False,True,False,False,False,False
Q3613,Lars Frederiksen,1971-08-30,American singer-songwriter and guitarist,Actor_Media,Mars,1,Sun-Mercury|Sun-Venus|Mercury-Venus,3,None,0,False,False,False,False,True,False,False
Q3614,Juan Ignacio Chela,1979-08-30,Argentine tennis player,Athlete,None,0,Sun-Venus|Mercury-Jupiter|Venus-Saturn,3,None,0,False,False,False,False,False,False,False
Q3615,Johanna Braddy,1987-08-30,American actress,Actor_Media,None,0,Sun-Venus|Sun-Mars|Mercury-Venus|Venus-Mars,4,None,0,False,False,False,False,False,False,False
Q3616,Commodus,0161-08-31,Roman emperor,Politics_Government,Mercury,1,Sun-Mercury,1,None,0,False,False,True,False,False,False,False
Q3617,"George Hervey, 2nd Earl of Bristol",1721-08-31,"English soldier and politician, Lord Lieutenant of Ireland",Politics_Government,None,0,None,0,None,0,False,False,False,False,False,False,False
Q3618,Hermann von Helmholtz,1821-08-31,German physician and physicist,Academic_Science,None,0,Jupiter-Saturn,1,None,0,False,False,False,False,False,False,False
Q3619,Frank Jarvis,1878-08-31,American sprinter and lawyer,Law,Mercury,1,Sun-Mars,1,Moon-Venus|Jupiter-Saturn,2,False,False,True,False,False,False,False
Q3620,Brian Edmund Baker,1896-08-31,English Air Marshal,Other,Moon|Mercury|Saturn,3,Moon-Mars,1,None,0,False,True,True,False,False,False,True
Q3621,Ferenc Fejtő,1909-08-31,Hungarian-French journalist and political scientist,Academic_Science,Mercury,1,None,0,None,0,False,False,True,False,False,False,False
Q3622,Otis G. Pike,1921-08-31,American judge and politician,Politics_Government,None,0,Sun-Mercury|Moon-Mars|Jupiter-Saturn,3,None,0,False,False,False,False,False,False,False
Q3623,Vladimir Orlov,1936-08-31,Russian journalist and author,Writer_Journalism,Mercury,1,None,0,None,0,False,False,True,False,False,False,False
Q3624,Roger Dean,1944-08-31,English illustrator and publisher,Writer_Journalism,None,0,Sun-Jupiter|Mercury-Venus|Venus-Mars,3,None,0,False,False,False,False,False,False,False
Q3625,Kim Kashkashian,1952-08-31,American viola player and educator,Athlete,None,0,None,0,None,0,False,False,False,False,False,False,False
Q3626,Vali Ionescu,1960-08-31,Romanian long jumper,Other,None,0,Sun-Mercury|Moon-Jupiter,2,None,0,False,False,False,False,False,False,False
Q3627,Valdon Dowiyogo,1968-08-31,Nauruan politician,Politics_Government,Mercury,1,Sun-Jupiter|Mercury-Venus,2,Mars-Moon,1,False,False,True,False,False,False,False
Q3628,Jeff Hardy,1977-08-31,American wrestler and singer,Athlete,None,0,Mars-Jupiter,1,None,0,False,False,False,False,False,False,False
Q3629,Rolando,1985-08-31,Portuguese footballer,Athlete,Saturn,1,Mercury-Mars,1,None,0,False,False,False,False,False,False,True
Q3630,Pablo Marí,1993-08-31,Spanish football player,Athlete,None,0,Sun-Mercury|Moon-Saturn|Mars-Jupiter,3,None,0,False,False,False,False,False,False,False
Q3631,Jing Zong,0948-09-01,emperor of the Liao Dynasty,Politics_Government,Mercury,1,Sun-Jupiter|Sun-Saturn|Mercury-Venus|Jupiter-Saturn,4,None,0,False,False,True,False,False,False,False
Q3632,"John Frederick of Holstein-Gottorp, Prince-Bishop",1579-09-01,Roman Catholic archbishop,Religion,Mercury,1,Sun-Moon|Moon-Mars|Mercury-Mars,3,None,0,False,False,True,False,False,False,False
Q3633,Johann Becker,1726-09-01,"German organist, composer, and educator",Other,Mercury,1,None,0,Moon-Venus,1,False,False,True,False,False,False,False
Q3634,Aleksei Brusilov,1853-09-01,Russian general,Politics_Government,None,0,Moon-Mercury,1,None,0,False,False,False,False,False,False,False
Q3635,J. Reuben Clark,1871-09-01,"American lawyer, civil servant, and religious leader",Law,Mercury,1,Mercury-Venus,1,None,0,False,False,True,False,False,False,False
Q3636,Blaise Cendrars,1887-09-01,Swiss author and poet,Writer_Journalism,None,0,Mars-Saturn,1,Moon-Saturn,1,False,False,False,False,False,False,False
Q3637,Kazimierz Dąbrowski,1902-09-01,Polish psychiatrist and psychologist,Medicine,Mercury,1,None,0,Jupiter-Saturn,1,False,False,True,False,False,False,False
Q3638,Dorothy Cheney,1916-09-01,American tennis player,Athlete,Mercury,1,Moon-Mars|Venus-Saturn,2,None,0,False,False,True,False,False,False,False
Q3639,George Maharis,1928-09-01,"American actor, singer, and artist",Actor_Media,Mercury,1,Mercury-Venus,1,None,0,False,False,True,False,False,False,False
Q3640,Rico Carty,1939-09-01,Dominican baseball player,Athlete,Mars,1,Sun-Venus|Moon-Jupiter,2,Mars-Saturn,1,False,False,False,False,True,False,False
Q3641,Mikhail Fradkov,1950-09-01,"Russian politician, 36th Prime Minister of Russia",Politics_Government,Mercury,1,None,0,None,0,False,False,True,False,False,False,False
Q3642,Brian Bellows,1964-09-01,Canadian ice hockey player,Athlete,None,0,Sun-Mercury|Venus-Mars,2,None,0,False,False,False,False,False,False,False
Q3643,Burn Gorman,1974-09-01,American-born English actor and musician,Actor_Media,None,0,Mercury-Mars,1,None,0,False,False,False,False,False,False,False
Q3644,Ludwig Göransson,1984-09-01,Swedish film composer,Actor_Media,Saturn,1,Sun-Mercury,1,None,0,False,False,False,False,False,False,True
Q3645,Mario Lemina,1993-09-01,Gabonese footballer,Athlete,None,0,Sun-Mercury|Mars-Jupiter,2,None,0,False,False,False,False,False,False,False
Q3646,Francis of Fabriano,1251-09-02,Italian writer,Writer_Journalism,Mercury,1,None,0,None,0,False,False,True,False,False,False,False
Q3647,Louis Bonaparte,1778-09-02,French-Dutch king,Politics_Government,Mercury|Saturn,2,Sun-Jupiter,1,None,0,False,False,True,False,False,False,True
Q3648,Henry George,1839-09-02,American economist and author,Writer_Journalism,None,0,Sun-Mercury|Venus-Jupiter,2,None,0,False,False,False,False,False,False,False
Q3649,Frederick Soddy,1877-09-02,"English chemist and academic, Nobel Prize laureate",Academic_Science,Mercury,1,Mercury-Venus|Mars-Saturn,2,None,0,False,False,True,False,False,False,False
Q3650,Andreas Embirikos,1901-09-02,Greek psychoanalyst and poet,Writer_Journalism,None,0,Sun-Mercury|Jupiter-Saturn,2,None,0,False,False,False,False,False,False,False
Q3651,Israel Gelfand,1913-09-02,Russian-American mathematician and biologist,Academic_Science,None,0,Mars-Saturn,1,None,0,False,False,False,False,False,False,False
Q3652,Daniel arap Moi,1924-09-02,"Kenyan educator and politician, 2nd President of Kenya",Politics_Government,Mercury|Saturn,2,None,0,None,0,False,False,True,False,False,False,True
Q3653,Ed Conlin,1933-09-02,American basketball player and coach,Athlete,None,0,Moon-Saturn,1,None,0,False,False,False,False,False,False,False
Q3654,Rosalind Ashford,1943-09-02,American singer,Actor_Media,Mercury|Jupiter,2,Sun-Venus|Moon-Mercury,2,None,0,False,False,True,False,False,True,False
Q3655,Jimmy Connors,1952-09-02,"American tennis player, coach, and sportscaster",Athlete,None,0,None,0,None,0,False,False,False,False,False,False,False
Q3656,Drungo Hazewood,1959-09-02,American baseball player,Athlete,None,0,Sun-Moon|Sun-Venus|Moon-Mercury|Moon-Venus,4,None,0,False,False,False,False,False,False,False
Q3657,Dino Cazares,1966-09-02,"American guitarist, songwriter, and producer",Actor_Media,Jupiter,1,Sun-Mercury,1,Jupiter-Moon,1,False,False,False,False,False,True,False
Q3658,Jill Janus,1975-09-02,American singer,Actor_Media,Mercury,1,Moon-Saturn,1,None,0,False,False,True,False,False,False,False
Q3659,Jack Peñate,1984-09-02,English singer-songwriter and guitarist,Actor_Media,Saturn,1,Moon-Mars,1,None,0,False,False,False,False,False,False,True
Q3660,Christian Bethancourt,1991-09-02,Panamanian baseball player,Athlete,Moon,1,Mercury-Venus|Mercury-Jupiter|Venus-Jupiter,3,Moon-Venus,1,False,True,False,False,False,False,False
Q3661,Emperor Go-Sanjō,1034-09-03,of Japan,Other,Mercury,1,None,0,Moon-Saturn,1,False,False,True,False,False,False,False
Q3662,"Guy Carleton, 1st Baron Dorchester",1724-09-03,"Irish-English general and politician, 21st Governor General of Canada",Politics_Government,Mercury,1,None,0,Jupiter-Saturn,1,False,False,True,False,False,False,False
Q3663,Tom Emmett,1841-09-03,English cricketer,Athlete,None,0,Sun-Mercury,1,None,0,False,False,False,False,False,False,False
Q3664,Dorothea Douglass Lambert Chambers,1878-09-03,English tennis player,Athlete,Mercury,1,Sun-Mars|Mercury-Mars,2,Jupiter-Saturn,1,False,False,True,False,False,False,False
Q3665,Loren Eiseley,1907-09-03,"American anthropologist, philosopher, and author",Writer_Journalism,Jupiter,1,Sun-Mercury|Sun-Venus|Mercury-Venus,3,None,0,False,False,False,False,False,True,False
Q3666,Eddie Stanky,1916-09-03,"American baseball player, coach, and manager",Athlete,Mercury,1,Venus-Saturn,1,Moon-Venus,1,False,False,True,False,False,False,False
Q3667,Alison Lurie,1926-09-03,American author and academic,Academic_Science,Saturn,1,Mercury-Venus,1,None,0,False,False,False,False,False,False,True
Q3668,Freddie King,1934-09-03,American singer-songwriter and guitarist,Actor_Media,None,0,Sun-Mercury,1,None,0,False,False,False,False,False,False,False
Q3669,Geoff Arnold,1944-09-03,English cricketer and coach,Athlete,None,0,Sun-Mercury|Sun-Jupiter|Venus-Mars,3,None,0,False,False,False,False,False,False,False
Q3670,Shakti Kapoor,1952-09-03,Indian actor,Actor_Media,None,0,None,0,None,0,False,False,False,False,False,False,False
Q3671,David De Roure,1962-09-03,English computer scientist and academic,Academic_Science,Mercury,1,Moon-Venus,1,None,0,False,False,True,False,False,False,False
Q3672,Noah Baumbach,1969-09-03,"American actor, director, producer, and screenwriter",Actor_Media,Moon|Mercury,2,Mercury-Jupiter,1,Moon-Venus,1,False,True,True,False,False,False,False
Q3673,Casey Hampton,1977-09-03,American football player,Athlete,None,0,Sun-Mercury|Mars-Jupiter,2,None,0,False,False,False,False,False,False,False
Q3674,Scott Carson,1985-09-03,English footballer,Athlete,Saturn,1,Mercury-Mars,1,None,0,False,False,False,False,False,False,True
Q3675,Myles Jack,1995-09-03,American football player,Athlete,Mercury,1,Sun-Venus,1,None,0,False,False,True,False,False,False,False
Q3676,Al-Biruni,0973-09-04,Persian physician and polymath,Academic_Science,Mercury,1,Sun-Moon|Sun-Mercury|Moon-Mercury|Venus-Mars,4,None,0,False,False,True,False,False,False,False
Q3677,Carl Heinrich Biber,1681-09-04,Austrian violinist and composer,Other,Moon,1,Sun-Mercury|Venus-Saturn,2,Moon-Venus,1,False,True,False,False,False,False,False
Q3678,Anton Bruckner,1824-09-04,Austrian organist and composer,Other,Mercury|Jupiter,2,None,0,None,0,False,False,True,False,False,True,False
Q3679,John Dillon,1851-09-04,Irish poet and politician,Politics_Government,Mercury,1,Sun-Venus,1,None,0,False,False,True,False,False,False,False
Q3680,Daniel van der Meulen,1894-09-04,Dutch diplomat,Other,Saturn,1,Sun-Mercury,1,Moon-Venus,1,False,False,False,False,False,False,True
Q3681,Eduard Wirths,1909-09-04,German physician,Academic_Science,Mercury,1,None,0,None,0,False,False,True,False,False,False,False
Q3682,Clemar Bucci,1920-09-04,Argentine race car driver,Other,Moon,1,Sun-Mercury|Sun-Saturn|Mercury-Jupiter|Mercury-Saturn,4,None,0,False,True,False,False,False,False,False
Q3683,Thomas Eagleton,1929-09-04,"American lawyer and politician, 38th Lieutenant Governor of Missouri",Politics_Government,Mercury,1,Mercury-Mars,1,None,0,False,False,True,False,False,False,False
Q3684,Marilena de Souza Chaui,1941-09-04,Brazilian philosopher and academic,Academic_Science,Mercury,1,None,0,None,0,False,False,True,False,False,False,False
Q3685,Martin Chambers,1951-09-04,English drummer and singer,Actor_Media,None,0,Sun-Mercury|Sun-Venus|Mercury-Venus,3,None,0,False,False,False,False,False,False,False
Q3686,Kim Thayil,1960-09-04,American guitarist and songwriter,Writer_Journalism,None,0,Sun-Mercury,1,None,0,False,False,False,False,False,False,False
Q3687,John DiMaggio,1968-09-04,American voice actor,Actor_Media,Mercury,1,Sun-Jupiter|Mercury-Venus,2,None,0,False,False,True,False,False,False,False
Q3688,Sergio Ballesteros,1975-09-04,Spanish footballer,Athlete,Mercury,1,Moon-Venus,1,None,0,False,False,True,False,False,False,False
Q3689,Yuichi Nakamaru,1983-09-04,"Japanese singer-songwriter, actor, and radio host",Actor_Media,Mercury|Saturn,2,None,0,None,0,False,False,True,False,False,False,True
Q3690,Adrien Bart,1991-09-04,French sprint canoeist,Other,None,0,Mercury-Venus|Mercury-Jupiter|Venus-Jupiter,3,None,0,False,False,False,False,False,False,False
Q3691,Fan Zhongyan,0989-09-05,Chinese chancellor,Other,Mercury,1,Moon-Venus,1,Jupiter-Saturn,1,False,False,True,False,False,False,False
Q3692,Date Masamune,1567-09-05,Japanese daimyō,Other,Moon|Mercury,2,Sun-Saturn,1,None,0,False,True,True,False,False,False,False
Q3693,Frederick Christian,1722-09-05,Prince-Elector of Saxony,Other,None,0,None,0,None,0,False,False,False,False,False,False,False
Q3694,François Sulpice Beudant,1787-09-05,French mineralogist and geologist,Other,None,0,Moon-Mars|Moon-Jupiter|Mercury-Venus|Mars-Jupiter,4,None,0,False,False,False,False,False,False,False
Q3695,Victorien Sardou,1831-09-05,French author and playwright,Writer_Journalism,Mercury,1,Sun-Mars|Sun-Saturn|Moon-Saturn,3,None,0,False,False,True,False,False,False,False
Q3696,Cornelius Vanderbilt III,1873-09-05,American general and engineer,Politics_Government,None,0,Sun-Jupiter,1,None,0,False,False,False,False,False,False,False
Q3697,Florence Eldridge,1901-09-05,American actress,Actor_Media,Moon,1,Sun-Mercury|Jupiter-Saturn,2,None,0,False,True,False,False,False,False,False
Q3698,Frank Shuster,1916-09-05,"Canadian comedian, actor, and screenwriter",Actor_Media,Mercury,1,Venus-Saturn,1,None,0,False,False,True,False,False,False,False
Q3699,Justin Kaplan,1925-09-05,American author,Writer_Journalism,Saturn,1,Sun-Mars,1,None,0,False,False,False,False,False,False,True
Q3700,"John Ferguson, Sr.",1938-09-05,"Canadian ice hockey player, coach, and manager",Athlete,None,0,Mercury-Mars,1,Jupiter-Saturn,1,False,False,False,False,False,False,False
Q3701,Benita Ferrero-Waldner,1948-09-05,"Austrian lawyer, politician, and diplomat, Foreign Minister of Austria",Politics_Government,Mercury,1,None,0,None,0,False,False,True,False,False,False,False
Q3702,Lars Danielsson,1958-09-05,"Swedish bassist, composer, and producer",Actor_Media,Moon,1,Moon-Mars|Mercury-Venus,2,None,0,False,True,False,False,False,False,False
Q3703,Matthias Sammer,1967-09-05,German footballer and manager,Athlete,Jupiter,1,Moon-Mercury,1,None,0,False,False,False,False,False,True,False
Q3704,Joseba Etxeberria,1977-09-05,Spanish footballer,Athlete,Moon,1,Sun-Mercury|Mars-Jupiter,2,Moon-Venus,1,False,True,False,False,False,False,False
Q3705,Elena Delle Donne,1989-09-05,American basketball player,Athlete,Mercury,1,None,0,None,0,False,False,True,False,False,False,False
Q3706,"Artus Gouffier, Lord of Boissy",1475-09-06,French nobleman and politician,Politics_Government,Mercury,1,Moon-Venus|Moon-Saturn|Venus-Saturn,3,None,0,False,False,True,False,False,False,False
Q3707,Moses Mendelssohn,1729-09-06,German philosopher and theologian,Religion,Jupiter,1,Sun-Mercury|Moon-Saturn|Venus-Mars|Venus-Jupiter|Mars-Jupiter,5,None,0,False,False,False,False,False,True,False
Q3708,Emir Abdelkader,1808-09-06,Algerian religious and military leader,Politics_Government,Saturn,1,Sun-Mercury,1,None,0,False,False,False,False,False,False,True
Q3709,Macpherson Robertson,1859-09-06,"Australian businessman and philanthropist, founded MacRobertson's",Business,None,0,Sun-Venus|Mercury-Venus|Mercury-Mars,3,None,0,False,False,False,False,False,False,False
Q3710,Otto Kruger,1885-09-06,American actor,Actor_Media,None,0,Sun-Mercury|Sun-Jupiter,2,None,0,False,False,False,False,False,False,False
Q3711,Anthony Wagner,1908-09-06,English genealogist and academic,Academic_Science,Mercury,1,Sun-Mars,1,None,0,False,False,True,False,False,False,False
Q3712,Wilson Greatbatch,1919-09-06,American engineer and philanthropist,Engineering_Tech,Jupiter,1,Mercury-Saturn|Mars-Jupiter,2,None,0,False,False,False,False,False,True,False
Q3713,Fumihiko Maki,1928-09-06,"Japanese architect and academic, designed the Tokyo Metropolitan Gymnasium and Makuhari Messe",Academic_Science,Moon|Mercury,2,Mercury-Venus,1,None,0,False,True,True,False,False,False,False
Q3714,Brigid Berlin,1939-09-06,"American actress, painter, and photographer",Actor_Media,Moon|Mars,2,Sun-Venus,1,Mars-Saturn,1,False,True,False,False,True,False,False
Q3715,Claydes Charles Smith,1948-09-06,American guitarist,Other,Mercury,1,Moon-Mars,1,Moon-Venus,1,False,False,True,False,False,False,False
Q3716,Bill Root,1959-09-06,Canadian ice hockey player,Athlete,None,0,Mercury-Venus,1,None,0,False,False,False,False,False,False,False
Q3717,Tony DiTerlizzi,1969-09-06,American author and illustrator,Writer_Journalism,Mercury,1,Mercury-Jupiter,1,None,0,False,False,True,False,False,False,False
Q3718,Cisco Adler,1978-09-06,"American singer-songwriter, guitarist, and producer",Actor_Media,Jupiter,1,Moon-Venus|Moon-Mars,2,None,0,False,False,False,False,False,True,False
Q3719,Emir Preldžić,1987-09-06,Turkish basketball player,Athlete,Mercury,1,Sun-Venus|Sun-Mars|Venus-Mars,3,None,0,False,False,True,False,False,False,False
Q3720,Mark Andrews,1995-09-06,American football player,Athlete,Mercury,1,Sun-Venus,1,None,0,False,False,True,False,False,False,False
Q3721,Suzaku,0923-09-07,emperor of Japan,Politics_Government,Mercury|Jupiter|Saturn,3,Sun-Venus,1,None,0,False,False,True,False,False,True,True
Q3722,Tokugawa Ietsuna,1641-09-07,Japanese shōgun,Other,Mercury,1,Sun-Mars|Mercury-Mars,2,None,0,False,False,True,False,False,False,False
Q3723,John William Polidori,1795-09-07,English physician and author,Academic_Science,None,0,Sun-Mercury,1,None,0,False,False,False,False,False,False,False
Q3724,August Kekulé,1829-09-07,German chemist and academic,Academic_Science,Mercury,1,Sun-Mars,1,None,0,False,False,True,False,False,False,False
Q3725,Ben Viljoen,1869-09-07,South African general,Politics_Government,Mercury,1,Moon-Mercury,1,None,0,False,False,True,False,False,False,False
Q3726,Eric Harrison,1892-09-07,"Australian soldier and politician, 27th Australian Minister for Defence",Politics_Government,Mars,1,None,0,None,0,False,False,False,False,True,False,False
Q3727,Paul Brown,1908-09-07,American football player and coach,Athlete,Mercury,1,Sun-Mars,1,None,0,False,False,True,False,False,False,False
Q3728,Harri Webb,1920-09-07,Welsh journalist and poet,Writer_Journalism,None,0,Sun-Mercury|Sun-Saturn|Mercury-Saturn,3,None,0,False,False,False,False,False,False,False
Q3729,Clyde Lovellette,1929-09-07,American basketball player,Athlete,Mercury,1,Mercury-Mars,1,Moon-Venus,1,False,False,True,False,False,False,False
Q3730,Dario Argento,1940-09-07,"Italian director, producer, and screenwriter",Actor_Media,None,0,Sun-Mercury|Sun-Mars|Mercury-Mars|Jupiter-Saturn,4,None,0,False,False,False,False,False,False,False
Q3731,David Cannadine,1950-09-07,English historian and author,Writer_Journalism,Mercury,1,Sun-Saturn,1,None,0,False,False,True,False,False,False,False
Q3732,LeRoi Moore,1961-09-07,American saxophonist and songwriter,Writer_Journalism,Mercury,1,Moon-Venus|Jupiter-Saturn,2,None,0,False,False,True,False,False,False,False
Q3733,Monique Gabriela Curnen,1970-09-07,American actress,Actor_Media,Mercury,1,Venus-Jupiter,1,None,0,False,False,True,False,False,False,False
Q3734,Nathan Hindmarsh,1979-09-07,Australian rugby league player and sportscaster,Athlete,None,0,Sun-Mercury|Sun-Venus|Sun-Saturn|Mercury-Saturn|Venus-Saturn,5,None,0,False,False,False,False,False,False,False
Q3735,Jonathan Majors,1989-09-07,American actor,Actor_Media,Mercury,1,Sun-Mars,1,None,0,False,False,True,False,False,False,False
Q3736,Emperor Xuanzong of Tang,0685-09-08,,Unknown,Jupiter,1,Moon-Saturn|Mars-Jupiter,2,None,0,False,False,False,False,False,True,False
Q3737,Ludovico Ariosto,1474-09-08,Italian playwright and poet,Writer_Journalism,Mercury,1,Mercury-Venus,1,None,0,False,False,True,False,False,False,False
Q3738,Yolande de Polastron,1749-09-08,French educator,Other,Saturn,1,Sun-Mercury,1,None,0,False,False,False,False,False,False,True
Q3739,Karl von Ditmar,1822-09-08,German geologist and explorer,Other,Moon|Mercury,2,None,0,Moon-Venus,1,False,True,True,False,False,False,False
Q3740,Mary of the Divine Heart,1863-09-08,German nun and saint,Other,Mercury,1,Mercury-Venus|Mercury-Saturn|Venus-Saturn,3,None,0,False,False,True,False,False,False,False
Q3741,Théodore Pilette,1884-09-08,Belgian race car driver,Other,Mercury,1,None,0,None,0,False,False,True,False,False,False,False
Q3742,Jane Arbor,1903-09-08,English author,Writer_Journalism,Mercury,1,None,0,None,0,False,False,True,False,False,False,False
Q3743,Gianni Brera,1919-09-08,Italian journalist and author,Writer_Journalism,Jupiter,1,Sun-Venus|Mercury-Saturn|Mars-Jupiter,3,None,0,False,False,False,False,False,True,False
Q3744,Marion Brown,1931-09-08,American saxophonist and composer,Other,Jupiter,1,Sun-Mercury|Sun-Venus|Mercury-Venus,3,None,0,False,False,False,False,False,True,False
Q3745,Brian Cole,1942-09-08,American bass player,Athlete,Mercury,1,Moon-Venus,1,None,0,False,False,True,False,False,False,False
Q3746,Will Lee,1952-09-08,American bass player,Athlete,None,0,Moon-Jupiter|Venus-Saturn,2,None,0,False,False,False,False,False,False,False
Q3747,Alexandros Alexiou,1963-09-08,Greek footballer,Athlete,Mercury,1,Sun-Venus,1,None,0,False,False,True,False,False,False,False
Q3748,Khamis Al-Dosari,1973-09-08,Saudi Arabian footballer,Athlete,None,0,Sun-Mercury|Moon-Jupiter,2,None,0,False,False,False,False,False,False,False
Q3749,Kate Beaton,1983-09-08,Canadian cartoonist,Other,Mercury|Saturn,2,Moon-Mercury|Venus-Mars,2,None,0,False,False,True,False,False,False,True
Q3750,Ellie Black,1995-09-08,Canadian gymnast,Other,Mercury,1,Sun-Venus,1,None,0,False,False,True,False,False,False,False
Q3751,Honorius,0384-09-09,Roman emperor,Politics_Government,Mercury,1,Mars-Saturn,1,None,0,False,False,True,False,False,False,False
Q3752,Princess Anna Sophie of Schwarzburg-Rudolstadt,1700-09-09,,Unknown,Mercury,1,None,0,None,0,False,False,True,False,False,False,False
Q3753,Clemens Brentano,1778-09-09,German poet and author,Writer_Journalism,Mercury|Saturn,2,Sun-Jupiter,1,None,0,False,False,True,False,False,False,True
Q3754,Herbert Henry Ball,1863-09-09,English-Canadian journalist and politician,Politics_Government,Mercury,1,Sun-Mars|Mercury-Venus|Mercury-Saturn|Venus-Saturn,4,None,0,False,False,True,False,False,False,False
Q3755,Alf Landon,1887-09-09,"American lieutenant, banker, and politician, 26th Governor of Kansas",Politics_Government,Moon,1,Sun-Mercury|Mars-Saturn,2,None,0,False,True,False,False,False,False,False
Q3756,Joseph E. Levine,1905-09-09,"American film producer, founded Embassy Pictures",Actor_Media,None,0,None,0,None,0,False,False,False,False,False,False,False
Q3757,Gottfried Dienst,1919-09-09,Swiss footballer and referee,Athlete,Jupiter,1,Sun-Venus|Mercury-Saturn|Mars-Jupiter,3,None,0,False,False,False,False,False,True,False
Q3758,Claude Nougaro,1929-09-09,French singer-songwriter,Actor_Media,Mercury,1,Mercury-Mars,1,None,0,False,False,True,False,False,False,False
Q3759,Ron McDole,1939-09-09,American football player,Athlete,Mars,1,Sun-Venus,1,Mars-Saturn,1,False,False,False,False,True,False,False
Q3760,John Curry,1949-09-09,English figure skater,Athlete,Mercury,1,Sun-Saturn,1,None,0,False,False,True,False,False,False,False
Q3761,Tom Foley,1959-09-09,American baseball player and coach,Athlete,None,0,Sun-Mercury|Mercury-Venus,2,None,0,False,False,False,False,False,False,False
Q3762,Jon Drummond,1968-09-09,American sprinter and coach,Other,Mercury,1,Sun-Jupiter|Moon-Saturn|Mercury-Venus,3,None,0,False,False,True,False,False,False,False
Q3763,Emma de Caunes,1976-09-09,French actress,Actor_Media,Mercury,1,Mercury-Venus|Mercury-Mars|Venus-Mars,3,None,0,False,False,True,False,False,False,False
Q3764,Brad Guzan,1984-09-09,American soccer player,Athlete,Saturn,1,None,0,None,0,False,False,False,False,False,False,True
Q3765,Shannon Boyd,1992-09-09,Australian rugby league player,Athlete,None,0,Sun-Mercury|Sun-Jupiter|Moon-Saturn,3,None,0,False,False,False,False,False,False,False
Q3766,Eutychius,0877-09-10,patriarch of Alexandria,Other,None,0,Sun-Jupiter|Venus-Mars,2,None,0,False,False,False,False,False,False,False
Q3767,Nicholas Lanier,1588-09-10,English singer-songwriter and lute player,Athlete,Moon|Mercury,2,None,0,None,0,False,True,True,False,False,False,False
Q3768,John J. Crittenden,1787-09-10,American statesman and politician,Politics_Government,None,0,Moon-Mercury|Moon-Venus|Mercury-Venus|Mars-Jupiter,4,None,0,False,False,False,False,False,False,False
Q3769,Marianne von Werefkin,1860-09-10,Russian-Swiss painter,Other,Mars|Jupiter,2,Mercury-Saturn,1,None,0,False,False,False,False,True,True,False
Q3770,Herbert Johanson,1884-09-10,Estonian architect,Engineering_Tech,Moon|Mercury,2,None,0,Moon-Venus,1,False,True,True,False,False,False,False
Q3771,Viswanatha Satyanarayana,1895-09-10,Indian poet and author,Writer_Journalism,Moon|Mercury|Jupiter|Saturn,4,Mercury-Venus|Venus-Mars,2,None,0,False,True,True,False,False,True,True
Q3772,Angus Bethune,1908-09-10,"Australian soldier and politician, 33rd Premier of Tasmania",Politics_Government,Mercury,1,Sun-Mars,1,None,0,False,False,True,False,False,False,False
Q3773,Glen P. Robinson,1923-09-10,"American businessman, founded Scientific Atlanta",Business,Mercury,1,Sun-Moon|Sun-Venus|Moon-Venus|Moon-Mars|Mercury-Saturn,5,None,0,False,False,True,False,False,False,False
Q3774,Bo Goldman,1932-09-10,"American playwright, screenwriter, and producer",Actor_Media,None,0,Moon-Saturn|Mercury-Jupiter|Venus-Mars,3,None,0,False,False,False,False,False,False,False
Q3775,Danny Hutton,1942-09-10,Irish-American singer,Actor_Media,Mercury,1,Sun-Moon,1,None,0,False,False,True,False,False,False,False
Q3776,Medea Benjamin,1952-09-10,"American activist, founder of Code Pink",Other,Moon,1,Venus-Saturn,1,None,0,False,True,False,False,False,False,False
Q3777,Alison Bechdel,1960-09-10,American author and illustrator,Writer_Journalism,Mercury,1,None,0,None,0,False,False,True,False,False,False,False
Q3778,Ferdinand Coly,1973-09-10,Senegalese footballer,Athlete,Mercury,1,Sun-Mercury,1,None,0,False,False,True,False,False,False,False
Q3779,Misty Copeland,1982-09-10,American ballerina and author,Writer_Journalism,Moon|Mercury,2,Mercury-Saturn,1,None,0,False,True,True,False,False,False,False
Q3780,Sam Morsy,1991-09-10,Egyptian footballer,Athlete,None,0,Moon-Mars|Mercury-Jupiter,2,None,0,False,False,False,False,False,False,False
Q3781,Yuknoom Ch'een II,0600-09-11,Mayan ruler,Other,Saturn,1,Mercury-Venus,1,None,0,False,False,False,False,False,False,True
Q3782,"John George, Elector of Brandenburg",1525-09-11,,Unknown,None,0,Sun-Mercury,1,Mercury-Sun,1,False,False,False,False,False,False,False
Q3783,Johann Bernhard Basedow,1723-09-11,German author and educator,Writer_Journalism,Mercury,1,Sun-Mercury|Jupiter-Saturn,2,None,0,False,False,True,False,False,False,False
Q3784,Eduard Hanslick,1825-09-11,Bohemian-Austrian musicologist and critic,Other,Mercury,1,Moon-Jupiter,1,None,0,False,False,True,False,False,False,False
Q3785,Rainis,1865-09-11,Latvian poet and playwright,Actor_Media,Moon|Saturn,2,Sun-Mercury,1,Moon-Venus,1,False,True,False,False,False,False,True
Q3786,Douglas Hawkes,1893-09-11,English-Greek racing driver and engineer,Engineering_Tech,None,0,Sun-Mercury|Sun-Mars|Mercury-Mars,3,None,0,False,False,False,False,False,False,False
Q3787,Alvar Lidell,1908-09-11,English journalist,Writer_Journalism,Mercury,1,Sun-Mars|Moon-Saturn,2,None,0,False,False,True,False,False,False,False
Q3788,Betsy Drake,1923-09-11,American actress,Actor_Media,Mercury,1,Sun-Venus|Mercury-Saturn,2,None,0,False,False,True,False,False,False,False
Q3789,Margaret Booth,1933-09-11,English lawyer and judge,Law,Moon,1,Sun-Mercury,1,None,0,False,True,False,False,False,False,False
Q3790,Lola Falana,1942-09-11,"American actress, singer, and dancer",Actor_Media,Mercury,1,Moon-Mars,1,None,0,False,False,True,False,False,False,False
Q3791,Richard D. Gill,1951-09-11,English-Dutch mathematician and academic,Academic_Science,None,0,Mercury-Venus,1,None,0,False,False,False,False,False,False,False
Q3792,Virginia Madsen,1961-09-11,American actress,Actor_Media,Mercury,1,Moon-Mercury|Mercury-Mars|Jupiter-Saturn,3,None,0,False,False,True,False,False,False,False
Q3793,Richard Ashcroft,1971-09-11,English singer-songwriter and musician,Actor_Media,Moon|Mars,2,Sun-Venus,1,None,0,False,True,False,False,True,False,False
Q3794,Charles Kelley,1981-09-11,American singer and musician,Actor_Media,Mercury,1,Mercury-Jupiter|Mercury-Saturn|Jupiter-Saturn,3,None,0,False,False,True,False,False,False,False
Q3795,Jordan Ayew,1991-09-11,Ghanaian footballer,Athlete,None,0,Mercury-Jupiter,1,Moon-Venus,1,False,False,False,False,False,False,False
Q3796,"John Mowbray, 3rd Duke of Norfolk",1415-09-12,,Unknown,Mercury,1,Sun-Moon,1,None,0,False,False,True,False,False,False,False
Q3797,Johann Heinrich Jung,1740-09-12,German author and academic,Academic_Science,Moon,1,Mars-Jupiter,1,None,0,False,True,False,False,False,False,False
Q3798,Charles Dudley Warner,1904-09-12,"Charles Dudley Warner, American essayist and novelist",Writer_Journalism,Mercury,1,Sun-Mercury,1,None,0,False,False,True,False,False,False,False
Q3799,"Freeman Freeman-Thomas, 1st Marquess of Willingdon",1866-09-12,"English cricketer and politician, 13th Governor General of Canada",Athlete,Saturn,1,Moon-Venus|Venus-Saturn,2,None,0,False,False,False,False,False,False,True
Q3800,Maurice Chevalier,1888-09-12,"French actor, singer, and dancer",Actor_Media,Mercury,1,Mercury-Venus|Mars-Jupiter,2,None,0,False,False,True,False,False,False,False
Q3801,Martha Atwell,1937-09-12,American radio director,Actor_Media,Mercury,1,Sun-Mercury|Moon-Mars,2,None,0,False,False,True,False,False,False,False
Q3802,Frank McGee,1921-09-12,American journalist,Writer_Journalism,Mercury,1,Sun-Jupiter|Sun-Saturn|Jupiter-Saturn,3,None,0,False,False,True,False,False,False,False
Q3803,Larry Austin,1930-09-12,American composer and educator,Other,Mercury,1,Mars-Jupiter,1,None,0,False,False,True,False,False,False,False
Q3804,Linda Gray,1940-09-12,American model and actress,Actor_Media,Mercury,1,Sun-Mercury|Sun-Mars|Jupiter-Saturn,3,None,0,False,False,True,False,False,False,False
Q3805,Charles Burlingame,1949-09-12,American captain and pilot,Other,Mercury,1,None,0,Mars-Moon,1,False,False,True,False,False,False,False
Q3806,Leslie Cheung,1956-09-12,Hong Kong singer-songwriter and actor,Actor_Media,Mercury,1,Sun-Jupiter,1,Mars-Saturn,1,False,False,True,False,False,False,False
Q3807,Einstein Kristiansen,1965-09-12,Norwegian animator and producer,Actor_Media,None,0,None,0,None,0,False,False,False,False,False,False,False
Q3808,Kara David,1973-09-12,Filipino journalist and documentarian,Writer_Journalism,Mercury,1,None,0,None,0,False,False,True,False,False,False,False
Q3809,Jennifer Hudson,1981-09-12,American singer and actress,Actor_Media,Mercury,1,Mercury-Jupiter|Mercury-Saturn|Jupiter-Saturn,3,None,0,False,False,True,False,False,False,False
Q3810,Alexia Fast,1992-09-12,Canadian actress,Actor_Media,None,0,Sun-Mercury|Sun-Jupiter|Mercury-Jupiter,3,None,0,False,False,False,False,False,False,False
Q3811,Kʼinich Ahkal Moʼ Nahb III,0678-09-13,Mayan ruler,Other,Moon,1,None,0,None,0,False,True,False,False,False,False,False
Q3812,Oliver Evans,1755-09-13,"American inventor, engineer and businessman",Business,None,0,Sun-Mercury|Sun-Jupiter,2,None,0,False,False,False,False,False,False,False
Q3813,Michał Drzymała,1857-09-13,Polish rebel and activist,Other,Mercury,1,Moon-Saturn,1,None,0,False,False,True,False,False,False,False
Q3814,Annie Kenney,1879-09-13,leading British suffragette,Other,None,0,None,0,Jupiter-Saturn,1,False,False,False,False,False,False,False
Q3815,Max Pruss,1891-09-13,German captain and pilot,Other,None,0,Sun-Mercury|Sun-Venus|Sun-Saturn|Mercury-Venus|Mercury-Saturn|Venus-Saturn,6,None,0,False,False,False,False,False,False,False
Q3816,Chu Berry,1908-09-13,American saxophonist,Other,Mercury,1,Sun-Mars,1,None,0,False,False,True,False,False,False,False
Q3817,Ray Charles,1918-09-13,American singer-songwriter and conductor,Actor_Media,None,0,Mercury-Venus,1,None,0,False,False,False,False,False,False,False
Q3818,Laura Cardoso,1927-09-13,Brazilian actress,Actor_Media,Mercury,1,Sun-Venus|Mercury-Mars,2,None,0,False,False,True,False,False,False,False
Q3819,Don Bluth,1937-09-13,"American animator, director, and producer, co-founded Sullivan Bluth Studios and Fox Animation Studios",Actor_Media,None,0,Sun-Mercury|Moon-Mars,2,None,0,False,False,False,False,False,False,False
Q3820,Noël Godin,1945-09-13,"Belgian actor, director, and screenwriter",Actor_Media,None,0,None,0,None,0,False,False,False,False,False,False,False
Q3821,"Colin Moynihan, 4th Baron Moynihan",1955-09-13,"English rower and politician, Minister for Sport and the Olympics",Politics_Government,Mercury|Jupiter|Saturn,3,Sun-Venus|Moon-Jupiter,2,None,0,False,False,True,False,False,True,True
Q3822,Yuri Alexandrov,1963-09-13,Russian boxer,Athlete,Mercury,1,Sun-Venus,1,None,0,False,False,True,False,False,False,False
Q3823,Ben Alexander,1971-09-13,Australian rugby league player,Athlete,Mars,1,Sun-Venus,1,None,0,False,False,False,False,True,False,False
Q3824,Andreas Biermann,1980-09-13,German footballer,Athlete,Mercury,1,Sun-Jupiter|Moon-Mars|Mercury-Saturn,3,Moon-Venus,1,False,False,True,False,False,False,False
Q3825,Luis Rentería,1988-09-13,Panamanian footballer,Athlete,Mercury,1,Moon-Mercury,1,None,0,False,False,True,False,False,False,False
Q3826,Diadumenian,0208-09-14,Roman emperor,Politics_Government,Mercury,1,None,0,Mars-Venus,1,False,False,True,False,False,False,False
Q3827,Anna of Mecklenburg-Schwerin,1485-09-14,Landgravine of Hesse,Other,None,0,Sun-Mercury|Sun-Venus|Venus-Mars|Jupiter-Saturn,4,Mercury-Sun,1,False,False,False,False,False,False,False
Q3828,Eliphalet Dyer,1721-09-14,"American colonel, lawyer, and politician",Politics_Government,None,0,None,0,Mercury-Sun,1,False,False,False,False,False,False,False
Q3829,Lola Rodríguez de Tió,1843-09-14,"Puerto Rican poet, abolitionist, and women's rights activist",Writer_Journalism,Moon|Mercury,2,Sun-Venus,1,Jupiter-Saturn,1,False,True,True,False,False,False,False
Q3830,Kid Nichols,1869-09-14,American baseball player and manager,Athlete,Mercury,1,None,0,None,0,False,False,True,False,False,False,False
Q3831,Laurence W. Allen,1892-09-14,English lieutenant and pilot,Other,Mars,1,None,0,None,0,False,False,False,False,True,False,False
Q3832,William H. Armstrong,1911-09-14,American author and educator,Writer_Journalism,Moon,1,Sun-Venus|Moon-Mars,2,None,0,False,True,False,False,False,False,False
Q3833,Constance Baker Motley,1921-09-14,"American lawyer, judge, and politician",Politics_Government,Mercury,1,Sun-Jupiter|Sun-Saturn|Jupiter-Saturn,3,None,0,False,False,True,False,False,False,False
Q3834,Harry Sinden,1932-09-14,"Canadian ice hockey player, coach, and manager",Athlete,None,0,Mercury-Jupiter,1,None,0,False,False,False,False,False,False,False
Q3835,Bruce Hyde,1941-09-14,American actor and academic,Actor_Media,Mercury,1,None,0,None,0,False,False,True,False,False,False,False
Q3836,Paul Kossoff,1950-09-14,English guitarist and songwriter,Writer_Journalism,Mercury,1,Sun-Mercury|Sun-Saturn|Mercury-Saturn,3,None,0,False,False,True,False,False,False,False
Q3837,Ronald Lengkeek,1960-09-14,Dutch footballer,Athlete,Mercury,1,None,0,None,0,False,False,True,False,False,False,False
Q3838,Francesco Casagrande,1970-09-14,Italian cyclist,Athlete,None,0,Sun-Mercury|Venus-Jupiter,2,None,0,False,False,False,False,False,False,False
Q3839,Ayọ,1980-09-14,German singer-songwriter and actress,Actor_Media,Mercury,1,Sun-Jupiter|Sun-Saturn|Moon-Mars,3,Moon-Venus,1,False,False,True,False,False,False,False
Q3840,Jimmy Butler,1989-09-14,American basketball player,Athlete,Mercury,1,Sun-Mars,1,None,0,False,False,True,False,False,False,False
Q3841,Marco Polo,1254-09-15,Italian merchant and explorer,Business,None,0,None,0,Mercury-Sun,1,False,False,False,False,False,False,False
Q3842,Sophia Dorothea of Celle,1666-09-15,,Unknown,Mercury,1,None,0,None,0,False,False,True,False,False,False,False
Q3843,Halfdan Kjerulf,1815-09-15,Norwegian journalist and composer,Writer_Journalism,Mercury,1,None,0,None,0,False,False,True,False,False,False,False
Q3844,M. Visvesvaraya,1861-09-15,"Indian engineer, scholar, and Bharat Ratna Laureate, Diwan of the Mysore Kingdom",Politics_Government,Mercury,1,Sun-Mars|Mars-Jupiter|Mars-Saturn|Jupiter-Saturn,4,None,0,False,False,True,False,False,False,False
Q3845,Paul Lévy,1886-09-15,French mathematician and theorist,Academic_Science,None,0,None,0,Mercury-Sun,1,False,False,False,False,False,False,False
Q3846,J. Slauerhoff,1898-09-15,Dutch poet and author,Writer_Journalism,None,0,Sun-Moon,1,Mercury-Sun,1,False,False,False,False,False,False,False
Q3847,Betty Neels,1910-09-15,English nurse and author,Writer_Journalism,Mercury,1,Sun-Mars|Mercury-Jupiter,2,None,0,False,False,True,False,False,False,False
Q3848,Kym Bonython,1920-09-15,"Australian race car driver, drummer, and radio host",Other,Mercury,1,Sun-Mercury|Sun-Saturn,2,None,0,False,False,True,False,False,False,False
Q3849,Cannonball Adderley,1928-09-15,American saxophonist and bandleader,Other,Mercury,1,Moon-Mercury|Moon-Venus|Mercury-Venus,3,None,0,False,False,True,False,False,False,False
Q3850,Joey Carew,1937-09-15,Trinidadian cricketer,Athlete,None,0,Sun-Mercury|Moon-Jupiter,2,None,0,False,False,False,False,False,False,False
Q3851,Russel L. Honoré,1947-09-15,American general,Politics_Government,Mercury,1,Sun-Venus|Moon-Mercury|Moon-Venus,3,None,0,False,False,True,False,False,False,False
Q3852,Ross J. Anderson,1956-09-15,British academic and educator,Academic_Science,Mercury,1,None,0,Mars-Saturn,1,False,False,True,False,False,False,False
Q3853,Paul Abbott,1967-09-15,American baseball player and coach,Athlete,Mercury,1,Venus-Jupiter,1,None,0,False,False,True,False,False,False,False
Q3854,Brett Kimmorley,1976-09-15,Australian rugby league player and sportscaster,Athlete,Moon|Mercury,2,Moon-Jupiter|Venus-Mars,2,None,0,False,True,True,False,False,False,False
Q3855,Vaila Barsley,1987-09-15,Scottish footballer,Athlete,Mercury,1,Sun-Venus|Sun-Mars,2,None,0,False,False,True,False,False,False,False
Q3856,Yuan Di,0508-09-16,emperor of the Liang dynasty,Politics_Government,None,0,Sun-Saturn,1,Mercury-Venus,1,False,False,False,False,False,False,False
Q3857,Engelbert Kaempfer,1651-09-16,German physician and botanist,Academic_Science,Mercury,1,Moon-Mercury|Mars-Jupiter,2,None,0,False,False,True,False,False,False,False
Q3858,Anna Louisa Geertruida Bosboom-Toussaint,1812-09-16,Dutch novelist,Writer_Journalism,Jupiter,1,Sun-Mercury,1,Mercury-Sun,1,False,False,False,False,False,True,False
Q3859,Albrecht Kossel,1853-09-16,"German physician and biochemist, Nobel Prize laureate",Academic_Science,None,0,None,0,Mercury-Sun,1,False,False,False,False,False,False,False
Q3860,Karl Albiker,1878-09-16,"German sculptor, lithographer, and educator",Other,None,0,Sun-Mars,1,Mercury-Sun|Jupiter-Saturn,2,False,False,False,False,False,False,False
Q3861,Alexander Korda,1893-09-16,"Hungarian-English director, producer, and screenwriter",Actor_Media,None,0,Sun-Mercury|Sun-Mars|Mercury-Mars,3,Mercury-Sun,1,False,False,False,False,False,False,False
Q3862,Allen Funt,1914-09-16,"American director, producer, and screenwriter",Actor_Media,Mercury,1,None,0,None,0,False,False,True,False,False,False,False
Q3863,Lauren Bacall,1924-09-16,American actress,Actor_Media,Saturn,1,None,0,Mercury-Sun,1,False,False,False,False,False,False,True
Q3864,Steve Shirley,1933-09-16,"German-English businesswoman and philanthropist, founded Xansa",Business,Mercury,1,Sun-Mercury|Mercury-Jupiter,2,None,0,False,False,True,False,False,False,False
Q3865,Sonny LeMaire,1946-09-16,American country music singer-songwriter and bass player,Athlete,Moon|Mercury,2,Sun-Mercury|Mars-Jupiter,2,None,0,False,True,True,False,False,False,False
Q3866,Ron Brewer,1955-09-16,American basketball player,Athlete,Mercury|Jupiter|Saturn,3,Sun-Moon|Sun-Venus|Moon-Venus,3,None,0,False,False,True,False,False,True,True
Q3867,Mary Coustas,1964-09-16,Australian actress and screenwriter,Actor_Media,None,0,Venus-Mars,1,Mercury-Sun,1,False,False,False,False,False,False,False
Q3868,George Corrie,1973-09-16,English footballer,Athlete,Mercury,1,Moon-Mars,1,None,0,False,False,True,False,False,False,False
Q3869,Leon Knight,1982-09-16,English footballer,Athlete,Mercury,1,Moon-Venus|Mercury-Saturn,2,None,0,False,False,True,False,False,False,False
Q3870,Vytenis Čižauskas,1992-09-16,Lithuanian basketball player,Athlete,Mercury,1,Sun-Mercury|Sun-Jupiter|Mercury-Jupiter,3,None,0,False,False,True,False,False,False,False
Q3871,Charles the Simple,0879-09-17,Frankish king,Politics_Government,Mercury,1,Sun-Venus,1,None,0,False,False,True,False,False,False,False
Q3872,Hans Herr,1639-09-17,Swiss bishop,Religion,Moon,1,None,0,None,0,False,True,False,False,False,False,False
Q3873,Heinrich Kuhl,1797-09-17,German naturalist and zoologist,Other,None,0,Mercury-Venus,1,None,0,False,False,False,False,False,False,False
Q3874,David Dunbar Buick,1854-09-17,"Scottish-American businessman, founded Buick Motor Company",Business,Mercury,1,Sun-Mercury,1,None,0,False,False,True,False,False,False,False
Q3875,Christian Lous Lange,1869-09-17,"Norwegian political scientist, historian, and academic, Nobel Prize laureate",Academic_Science,Mercury,1,None,0,None,0,False,False,True,False,False,False,False
Q3876,Earl Webb,1897-09-17,American baseball player and coach,Athlete,Moon|Mercury,2,Sun-Jupiter,1,Moon-Venus,1,False,True,True,False,False,False,False
Q3877,Elizabeth Enright,1909-09-17,American author and illustrator,Writer_Journalism,Mercury,1,Sun-Jupiter|Moon-Mercury|Moon-Venus,3,None,0,False,False,True,False,False,False,False
Q3878,Agostinho Neto,1922-09-17,"Angolan poet and politician, 1st President of Angola",Politics_Government,Mercury,1,Mercury-Jupiter,1,None,0,False,False,True,False,False,False,False
Q3879,Robert B. Parker,1932-09-17,American author and academic,Academic_Science,None,0,Mercury-Jupiter,1,Mercury-Sun|Mars-Moon,2,False,False,False,False,False,False,False
Q3880,Bob Matsui,1941-09-17,American lawyer and politician,Politics_Government,Mercury,1,None,0,None,0,False,False,True,False,False,False,False
Q3881,Narendra Modi,1950-09-17,Indian politician; Chief Minister of Gujarat and 14th Prime Minister of India,Politics_Government,Mercury,1,Sun-Mercury|Sun-Saturn|Mercury-Saturn,3,None,0,False,False,True,False,False,False,False
Q3882,John Bottomley,1960-09-17,Canadian singer-songwriter,Actor_Media,Mercury,1,None,0,None,0,False,False,True,False,False,False,False
Q3883,Nate Berkus,1971-09-17,American interior designer and television host,Actor_Media,Mars,1,Sun-Venus|Moon-Mercury,2,Mercury-Sun,1,False,False,False,False,True,False,False
Q3884,Garth Murray,1982-09-17,Canadian ice hockey player,Athlete,Mercury,1,Sun-Moon|Mercury-Saturn,2,None,0,False,False,True,False,False,False,False
Q3885,Alfonzo McKinnie,1992-09-17,American basketball player,Athlete,Moon|Mercury,2,Sun-Mercury|Sun-Jupiter|Mercury-Jupiter,3,None,0,False,True,True,False,False,False,False
Q3886,Kan Bahlam I,0524-09-18,ruler of Palenque,Other,Mercury,1,Sun-Mercury|Mercury-Venus,2,None,0,False,False,True,False,False,False,False
Q3887,Gilbert Burnet,1643-09-18,"Scottish bishop, historian, and theologian",Writer_Journalism,Mercury,1,Sun-Mercury,1,None,0,False,False,True,False,False,False,False
Q3888,Pope Gregory XVI,1765-09-18,,Unknown,Mercury|Jupiter,2,None,0,None,0,False,False,True,False,False,True,False
Q3889,Francis Grierson,1848-09-18,English-American pianist and composer,Other,Moon|Mercury|Jupiter,3,Mercury-Venus|Mercury-Mars|Venus-Mars,3,None,0,False,True,True,False,False,True,False
Q3890,James Scullin,1876-09-18,"Australian journalist and politician, 9th Prime Minister of Australia",Politics_Government,None,0,Sun-Moon,1,None,0,False,False,False,False,False,False,False
Q3891,Fay Compton,1894-09-18,English actress,Actor_Media,Mercury|Saturn,2,Moon-Mars,1,None,0,False,False,True,False,False,False,True
Q3892,Leon Askin,1907-09-18,Austrian actor,Actor_Media,Mercury|Jupiter,2,Sun-Venus,1,None,0,False,False,True,False,False,True,False
Q3893,Johnny Mantz,1918-09-18,American race car driver,Other,None,0,Mercury-Venus,1,Mercury-Sun,1,False,False,False,False,False,False,False
Q3894,John Tolos,1930-09-18,Greek-Canadian wrestler,Athlete,Mercury,1,Sun-Mercury|Mars-Jupiter,2,None,0,False,False,True,False,False,False,False
Q3895,Gerry Harvey,1939-09-18,"Australian businessman, co-founded Harvey Norman",Business,Mars,1,Sun-Mercury|Sun-Venus|Mercury-Venus,3,Mercury-Sun|Mars-Saturn,2,False,False,False,False,True,False,False
Q3896,Siobhan Davies,1950-09-18,English dancer and choreographer,Other,None,0,Sun-Mercury|Sun-Saturn|Mercury-Saturn,3,Mercury-Sun,1,False,False,False,False,False,False,False
Q3897,Stephen Flaherty,1960-09-18,American composer,Other,Mercury,1,None,0,None,0,False,False,True,False,False,False,False
Q3898,Darren Gough,1970-09-18,English cricketer,Athlete,None,0,Mercury-Mars|Venus-Jupiter,2,Mercury-Sun,1,False,False,False,False,False,False,False
Q3899,Daniel Aranzubia,1979-09-18,Spanish footballer,Athlete,Mercury,1,Sun-Mercury|Sun-Venus|Sun-Saturn|Moon-Jupiter|Mercury-Venus,5,None,0,False,False,True,False,False,False,False
Q3900,Lewis Holtby,1990-09-18,German footballer,Athlete,Jupiter,1,Sun-Moon|Moon-Venus|Mercury-Venus,3,Mercury-Sun,1,False,False,False,False,False,True,False
Q3901,Leo VI the Wise,0866-09-19,Byzantine emperor,Politics_Government,Mercury,1,Sun-Mercury|Sun-Jupiter|Venus-Mars,3,None,0,False,False,True,False,False,False,False
Q3902,Alfonso Litta,1608-09-19,Roman Catholic cardinal and archbishop,Religion,Mars,1,Sun-Venus|Moon-Saturn,2,Mercury-Sun,1,False,False,False,False,True,False,False
Q3903,"Henry Brougham, 1st Baron Brougham and Vaux",1778-09-19,"Scottish lawyer and politician, Lord Chancellor of Great Britain",Politics_Government,Mercury|Saturn,2,Moon-Jupiter|Venus-Saturn,2,None,0,False,False,True,False,False,False,True
Q3904,Arthur Morgan,1856-09-19,"Australian politician, 16th Premier of Queensland",Politics_Government,Moon,1,None,0,Mercury-Venus,1,False,True,False,False,False,False,False
Q3905,Lovie Austin,1887-09-19,"American pianist, composer, and bandleader",Other,Mercury,1,Sun-Mercury|Sun-Venus|Mercury-Venus,3,None,0,False,False,True,False,False,False,False
Q3906,Paul Bénichou,1908-09-19,"French historian, author, and critic",Writer_Journalism,Mercury,1,None,0,None,0,False,False,True,False,False,False,False
Q3907,Roger Angell,1920-09-19,"American journalist, author, and editor",Writer_Journalism,Mercury,1,None,0,None,0,False,False,True,False,False,False,False
Q3908,Marge Roukema,1929-09-19,American educator and politician,Politics_Government,Mercury,1,Mercury-Mars,1,None,0,False,False,True,False,False,False,False
Q3909,Abner Haynes,1937-09-19,American football player,Athlete,None,0,None,0,Mercury-Sun,1,False,False,False,False,False,False,False
Q3910,Henry Bromell,1947-09-19,American novelist and screenwriter,Writer_Journalism,Mercury,1,Sun-Venus|Moon-Jupiter,2,Mars-Moon,1,False,False,True,False,False,False,False
Q3911,Richard Burmer,1955-09-19,American composer and engineer,Engineering_Tech,Mercury|Jupiter|Saturn,3,Sun-Venus,1,None,0,False,False,True,False,False,True,True
Q3912,Andrew Leeds,1965-09-19,Australian rugby player and coach,Athlete,None,0,Sun-Mercury,1,Mercury-Sun,1,False,False,False,False,False,False,False
Q3913,Marcus Dunstan,1975-09-19,American director and screenwriter,Actor_Media,Mercury,1,None,0,Moon-Saturn,1,False,False,True,False,False,False,False
Q3914,Eduardo Carvalho,1982-09-19,Portuguese footballer,Athlete,Mercury,1,Moon-Mercury|Moon-Saturn|Mercury-Saturn,3,None,0,False,False,True,False,False,False,False
Q3915,Saki Fukuda,1990-09-19,Japanese actress and singer,Actor_Media,Jupiter,1,Sun-Moon|Mercury-Venus,2,Mercury-Sun,1,False,False,False,False,False,True,False
Q3916,Kyunyeo,0917-09-20,Korean poet,Writer_Journalism,Mercury,1,Sun-Mars|Moon-Venus|Moon-Saturn|Venus-Saturn,4,None,0,False,False,True,False,False,False,False
Q3917,Jean-Jacques Olier,1608-09-20,"French priest and mystic, founder of the Society of Saint-Sulpice",Religion,Mars,1,Sun-Venus|Moon-Mars,2,Mercury-Sun,1,False,False,False,False,True,False,False
Q3918,Richard Dry,1815-09-20,"Australian politician, 7th Premier of Tasmania",Politics_Government,Mercury,1,Mercury-Jupiter,1,None,0,False,False,True,False,False,False,False
Q3919,Henry Arthur Jones,1851-09-20,English playwright and critic,Other,Mercury,1,Sun-Mercury|Sun-Venus|Mercury-Venus,3,None,0,False,False,True,False,False,False,False
Q3920,Ildebrando Pizzetti,1880-09-20,"Italian composer, musicologist and critic",Other,Mercury,1,Sun-Mercury|Moon-Jupiter|Moon-Saturn|Venus-Mars,4,None,0,False,False,True,False,False,False,False
Q3921,Walter Dubislav,1895-09-20,German logician and philosopher of science,Other,Mercury|Jupiter|Saturn,3,Sun-Venus|Sun-Mars|Moon-Mercury,3,None,0,False,False,True,False,False,True,True
Q3922,Red Auerbach,1917-09-20,American basketball player and coach,Athlete,Mercury,1,Sun-Mercury|Moon-Venus|Mars-Saturn,3,None,0,False,False,True,False,False,False,False
Q3923,Anne Meara,1929-09-20,American actress and playwright,Actor_Media,Mercury,1,Mercury-Mars,1,None,0,False,False,True,False,False,False,False
Q3924,Eric Gale,1938-09-20,American guitarist and producer,Actor_Media,None,0,Mercury-Mars,1,Mercury-Sun|Jupiter-Saturn,2,False,False,False,False,False,False,False
Q3925,Mahesh Bhatt,1949-09-20,"Indian director, producer, and screenwriter",Actor_Media,Mercury,1,None,0,None,0,False,False,True,False,False,False,False
Q3926,Vladimir Tkatchenko,1979-09-20,"Vladimir Tkatchenko, Russian basketball player",Athlete,Mercury,1,Sun-Mercury|Sun-Venus|Moon-Saturn|Mercury-Venus,4,None,0,False,False,True,False,False,False,False
Q3927,Poul-Erik Høyer Larsen,1965-09-20,Danish badminton player,Athlete,None,0,Sun-Mercury,1,Mercury-Sun,1,False,False,False,False,False,False,False
Q3928,Ronald McKinnon,1973-09-20,American football player,Athlete,Mercury,1,Moon-Saturn,1,None,0,False,False,True,False,False,False,False
Q3929,Jason Bacashihua,1982-09-20,American ice hockey player,Athlete,Mercury,1,Moon-Jupiter|Mercury-Saturn,2,None,0,False,False,True,False,False,False,False
Q3930,Isaac Cofie,1991-09-20,Ghanaian footballer,Athlete,None,0,None,0,Mercury-Sun,1,False,False,False,False,False,False,False
Q3931,Pope Vitalian,0580-09-21,,Unknown,None,0,Sun-Venus|Mars-Jupiter,2,Mercury-Venus,1,False,False,False,False,False,False,False
Q3932,Guillaume Fichet,1433-09-21,French scholar and academic,Academic_Science,Mercury|Jupiter,2,Moon-Venus,1,None,0,False,False,True,False,False,True,False
Q3933,Christopher Gore,1758-09-21,"American soldier, lawyer, and politician, 8th Governor of Massachusetts",Politics_Government,Moon,1,None,0,None,0,False,True,False,False,False,False,False
Q3934,Fanny Searls,1851-09-21,American biologist,Other,Mercury,1,Sun-Mercury|Sun-Venus|Mercury-Venus,3,None,0,False,False,True,False,False,False,False
Q3935,Papa Jack Laine,1873-09-21,American drummer and bandleader,Other,Mercury,1,Sun-Moon|Sun-Mercury|Moon-Mercury,3,None,0,False,False,True,False,False,False,False
Q3936,Frederick Coutts,1899-09-21,Scottish 8th General of The Salvation Army,Politics_Government,None,0,Sun-Venus,1,Mercury-Sun,1,False,False,False,False,False,False,False
Q3937,Françoise Giroud,1916-09-21,"Swiss-French journalist and politician, French Minister of Culture",Politics_Government,Mercury,1,Moon-Saturn,1,None,0,False,False,True,False,False,False,False
Q3938,Sándor Kocsis,1929-09-21,Hungarian footballer and manager,Athlete,Mercury,1,Mercury-Mars,1,None,0,False,False,True,False,False,False,False
Q3939,John D'Amico,1937-09-21,Canadian ice hockey player and referee,Athlete,None,0,None,0,Mercury-Sun,1,False,False,False,False,False,False,False
Q3940,Rose Garrard,1946-09-21,English sculptor and author,Writer_Journalism,Mercury,1,Sun-Mercury|Moon-Saturn|Mars-Jupiter,3,None,0,False,False,True,False,False,False,False
Q3941,Richard Hieb,1955-09-21,American engineer and astronaut,Engineering_Tech,Jupiter|Saturn,2,Sun-Venus,1,Mercury-Venus,1,False,False,False,False,False,True,True
Q3942,Jorge Drexler,1964-09-21,Uruguayan singer-songwriter,Actor_Media,None,0,None,0,Mercury-Sun,1,False,False,False,False,False,False,False
Q3943,Olivia Bonamy,1972-09-21,French actress,Actor_Media,Mercury,1,Sun-Mercury|Sun-Mars|Mercury-Mars,3,None,0,False,False,True,False,False,False,False
Q3944,Nicole Richie,1981-09-21,"American actress, fashion designer, and author",Actor_Media,None,0,Jupiter-Saturn,1,None,0,False,False,False,False,False,False,False
Q3945,Al-Farouq Aminu,1990-09-21,American basketball player,Athlete,Jupiter,1,Mercury-Venus,1,Mercury-Sun,1,False,False,False,False,False,True,False
Q3946,"Richeza of Poland, Queen of Hungary",1013-09-22,,Unknown,None,0,None,0,None,0,False,False,False,False,False,False,False
Q3947,Li Zicheng,1606-09-22,Chinese emperor,Politics_Government,Moon,1,Mars-Saturn,1,Jupiter-Saturn,1,False,True,False,False,False,False,False
Q3948,Theodore Hook,1788-09-22,English composer and educator,Other,Mercury|Jupiter,2,Sun-Mercury,1,None,0,False,False,True,False,False,True,False
Q3949,Louise McKinney,1868-09-22,Canadian educator and politician,Politics_Government,Mercury,1,None,0,Mars-Moon,1,False,False,True,False,False,False,False
Q3950,Gunnar Asplund,1885-09-22,"Swedish architect and academic, designed the Stockholm Public Library",Academic_Science,None,0,Mercury-Jupiter,1,Mercury-Sun,1,False,False,False,False,False,False,False
Q3951,Elsie Allen,1899-09-22,Native American Pomo basket weaver,Other,None,0,Sun-Mercury|Sun-Venus,2,Mercury-Sun,1,False,False,False,False,False,False,False
Q3952,John Engstead,1909-09-22,American photographer and journalist,Writer_Journalism,None,0,Sun-Jupiter,1,None,0,False,False,False,False,False,False,False
Q3953,Dannie Abse,1923-09-22,"Welsh physician, poet, and author",Academic_Science,Mercury,1,Sun-Venus,1,None,0,False,False,True,False,False,False,False
Q3954,Fay Weldon,1931-09-22,English author and playwright,Writer_Journalism,Jupiter,1,Sun-Venus,1,Mercury-Sun,1,False,False,False,False,False,True,False
Q3955,Jeremiah Wright,1941-09-22,American pastor and theologian,Religion,Mercury,1,Moon-Mercury,1,None,0,False,False,True,False,False,False,False
Q3956,Harold Carmichael,1949-09-22,American football player,Athlete,Mercury,1,Sun-Moon,1,None,0,False,False,True,False,False,False,False
Q3957,Scott Baio,1960-09-22,American actor,Actor_Media,Mercury,1,Moon-Mercury|Moon-Venus|Mercury-Venus,3,None,0,False,False,True,False,False,False,False
Q3958,Gladys Berejiklian,1970-09-22,"Australian politician, 45th Premier of New South Wales",Politics_Government,None,0,Mercury-Mars|Venus-Jupiter,2,Mercury-Sun,1,False,False,False,False,False,False,False
Q3959,Ashley Eckstein,1981-09-22,American actress,Actor_Media,None,0,Jupiter-Saturn,1,None,0,False,False,False,False,False,False,False
Q3960,Denard Robinson,1990-09-22,American football player,Athlete,Jupiter,1,Mercury-Venus,1,Mercury-Sun,1,False,False,False,False,False,True,False
Q3961,"Geoffrey II, Duke of Brittany",1158-09-23,,Unknown,Saturn,1,Mercury-Saturn,1,Mercury-Venus,1,False,False,False,False,False,False,True
Q3962,Ferdinand VI of Spain,1713-09-23,,Unknown,Mercury,1,None,0,Moon-Venus,1,False,False,True,False,False,False,False
Q3963,Hippolyte Fizeau,1819-09-23,French physicist and academic,Academic_Science,None,0,Sun-Venus,1,Mercury-Sun|Jupiter-Saturn,2,False,False,False,False,False,False,False
Q3964,Pekka Halonen,1865-09-23,Finnish painter,Other,Saturn,1,None,0,Mercury-Sun,1,False,False,False,False,False,False,True
Q3965,Les Haylen,1898-09-23,Australian journalist and politician,Politics_Government,None,0,None,0,Mercury-Sun,1,False,False,False,False,False,False,False
Q3966,Tiny Bradshaw,1907-09-23,American singer-songwriter and pianist,Actor_Media,Mercury|Jupiter,2,Sun-Venus,1,Jupiter-Moon,1,False,False,True,False,False,True,False
Q3967,Aldo Moro,1916-09-23,"Italian academic and politician, 39th Prime Minister of Italy",Politics_Government,Mercury,1,Moon-Venus,1,None,0,False,False,True,False,False,False,False
Q3968,Sehba Akhtar,1930-09-23,Pakistani poet and songwriter,Writer_Journalism,Mercury,1,Sun-Mercury|Mars-Jupiter,2,None,0,False,False,True,False,False,False,False
Q3969,Henry Blofeld,1939-09-23,English cricketer and journalist,Athlete,Mercury|Mars,2,Sun-Mercury|Sun-Venus|Moon-Mars|Mercury-Venus,4,Mars-Saturn,1,False,False,True,False,True,False,False
Q3970,Christian Bordeleau,1947-09-23,Canadian ice hockey player,Athlete,Mercury,1,Sun-Venus,1,None,0,False,False,True,False,False,False,False
Q3971,Peter David,1956-09-23,"American author, actor, and screenwriter",Actor_Media,Mercury,1,Sun-Mercury,1,Mars-Saturn,1,False,False,True,False,False,False,False
Q3972,Clayton Blackmore,1964-09-23,Welsh footballer and manager,Athlete,None,0,None,0,Mercury-Sun,1,False,False,False,False,False,False,False
Q3973,Ingrid Fliter,1973-09-23,Argentinian pianist,Other,Mercury,1,None,0,None,0,False,False,True,False,False,False,False
Q3974,Mait Künnap,1982-09-23,Estonian tennis player,Athlete,Mercury,1,Mercury-Saturn,1,None,0,False,False,True,False,False,False,False
Q3975,Lee Alexander,1991-09-23,Scottish footballer,Athlete,None,0,None,0,Mercury-Sun,1,False,False,False,False,False,False,False
Q3976,'Adud al-Dawla,0936-09-24,Buyid king,Politics_Government,Mercury,1,Sun-Mercury|Moon-Mercury,2,None,0,False,False,True,False,False,False,False
Q3977,Albrecht von Wallenstein,1583-09-24,Bohemian general,Politics_Government,Mercury,1,Sun-Mercury|Jupiter-Saturn,2,None,0,False,False,True,False,False,False,False
Q3978,Mikhail Ostrogradsky,1801-09-24,Ukrainian-Russian mathematician and physicist,Academic_Science,Mercury,1,Sun-Mercury|Mercury-Mars|Venus-Jupiter|Jupiter-Saturn,4,None,0,False,False,True,False,False,False,False
Q3979,Bhikaiji Cama,1861-09-24,Indian activist,Other,Moon|Mercury,2,Mars-Saturn|Jupiter-Saturn,2,None,0,False,True,True,False,False,False,False
Q3980,Gustave Garrigou,1884-09-24,French cyclist,Athlete,Mercury,1,None,0,None,0,False,False,True,False,False,False,False
Q3981,Howard Florey,1898-09-24,"Australian pharmacologist and pathologist, Nobel Prize laureate",Other,None,0,None,0,Mercury-Sun,1,False,False,False,False,False,False,False
Q3982,Jean Servais,1910-09-24,Belgian-French actor,Actor_Media,Moon|Mercury,2,Sun-Mercury|Sun-Mars|Mercury-Mars,3,None,0,False,True,True,False,False,False,False
Q3983,Jim McKay,1921-09-24,American sportscaster and journalist,Writer_Journalism,None,0,Sun-Jupiter|Sun-Saturn|Venus-Mars|Jupiter-Saturn,4,None,0,False,False,False,False,False,False,False
Q3984,Miguel Montuori,1932-09-24,Argentinian-Italian footballer and manager,Athlete,Mercury,1,Sun-Mercury,1,None,0,False,False,True,False,False,False,False
Q3985,Gerry Marsden,1942-09-24,English singer-songwriter and guitarist,Actor_Media,None,0,Sun-Mars,1,None,0,False,False,False,False,False,False,False
Q3986,Douglas Kmiec,1951-09-24,"American scholar and diplomat, United States Ambassador to Malta",Academic_Science,None,0,Sun-Saturn,1,Mercury-Sun,1,False,False,False,False,False,False,False
Q3987,Amy Sky,1960-09-24,"Canadian singer-songwriter, producer, and actress",Actor_Media,Mercury,1,Mercury-Venus,1,None,0,False,False,True,False,False,False,False
Q3988,Michael S. Engel,1971-09-24,American paleontologist and entomologist,Other,Mars,1,Sun-Venus|Moon-Jupiter,2,Mercury-Sun,1,False,False,False,False,True,False,False
Q3989,Daniele Bennati,1980-09-24,Italian cyclist,Athlete,Mercury,1,Sun-Saturn|Jupiter-Saturn,2,None,0,False,False,True,False,False,False,False
Q3990,Karl Alzner,1988-09-24,Canadian ice hockey player,Athlete,None,0,None,0,None,0,False,False,False,False,False,False,False
Q3991,Ashikaga Yoshimitsu,1358-09-25,Japanese shōgun,Other,None,0,Venus-Saturn,1,Mercury-Sun,1,False,False,False,False,False,False,False
Q3992,Johann Nikolaus Hanff,1663-09-25,German organist and composer,Other,Mercury,1,Sun-Mercury|Moon-Mars|Jupiter-Saturn,3,None,0,False,False,True,False,False,False,False
Q3993,"William Mullins, 2nd Baron Ventry",1761-09-25,Anglo-Irish politician and peer,Politics_Government,Mercury,1,Sun-Mercury|Moon-Venus|Moon-Mars|Venus-Mars,4,None,0,False,False,True,False,False,False,False
Q3994,Karl Alfred von Zittel,1839-09-25,German palaeontologist and geologist,Other,None,0,Venus-Jupiter,1,Mercury-Sun,1,False,False,False,False,False,False,False
Q3995,Adolf Bolm,1884-09-25,Russian ballet dancer and choreographer,Other,None,0,None,0,Mercury-Sun,1,False,False,False,False,False,False,False
Q3996,Robert Bresson,1901-09-25,French director and screenwriter,Actor_Media,Mercury,1,Venus-Mars|Jupiter-Saturn,2,None,0,False,False,True,False,False,False,False
Q3997,Phil Rizzuto,1917-09-25,American baseball player and sportscaster,Athlete,None,0,Mars-Saturn,1,Mercury-Sun,1,False,False,False,False,False,False,False
Q3998,Carl Braun,1927-09-25,American basketball player and coach,Athlete,Mercury,1,Sun-Moon,1,None,0,False,False,True,False,False,False,False
Q3999,Leon Brittan,1939-09-25,"English lawyer and politician, Secretary of State for Business, Innovation and Skills",Politics_Government,Mercury|Mars,2,Sun-Mercury|Sun-Venus|Mercury-Venus,3,Mars-Saturn,1,False,False,True,False,True,False,False
Q4000,Giannos Kranidiotis,1947-09-25,Greek politician and diplomat,Politics_Government,Mercury,1,Sun-Venus,1,Moon-Saturn,1,False,False,True,False,False,False,False
Q4001,W. Daniel Hillis,1956-09-25,"American computer scientist, engineer, and author, founded the Thinking Machines Corporation",Politics_Government,Moon|Mercury,2,Sun-Mercury,1,Moon-Venus|Mars-Saturn,2,False,True,True,False,False,False,False
Q4002,Gary Ayles,1964-09-25,English race car driver,Other,None,0,Moon-Jupiter,1,Mercury-Sun|Mars-Moon,2,False,False,False,False,False,False,False
Q4003,Douglas September,1972-09-25,"Canadian singer-songwriter, guitarist, and producer",Actor_Media,Mercury,1,Sun-Mercury|Sun-Mars,2,None,0,False,False,True,False,False,False,False
Q4004,Rocco Baldelli,1981-09-25,American baseball player and manager,Athlete,None,0,Jupiter-Saturn,1,None,0,False,False,False,False,False,False,False
Q4005,Calle Järnkrok,1991-09-25,Swedish ice hockey player,Athlete,Mercury,1,Sun-Mercury,1,None,0,False,False,True,False,False,False,False
Q4006,Al-Mu'izz li-Din Allah,0932-09-26,Arab caliph,Other,Moon|Mercury,2,Sun-Mercury|Sun-Mars|Moon-Jupiter|Mercury-Mars,4,None,0,False,True,True,False,False,False,False
Q4007,"George William, Duke of Liegnitz",1660-09-26,,Unknown,Mercury|Saturn,2,Sun-Mercury|Sun-Jupiter|Mercury-Jupiter,3,None,0,False,False,True,False,False,False,True
Q4008,William Hobson,1792-09-26,"Irish-New Zealand explorer and politician, 1st Governor of New Zealand",Politics_Government,None,0,None,0,Mercury-Sun,1,False,False,False,False,False,False,False
Q4009,Komitas,1869-09-26,Armenian-French priest and composer,Religion,Moon,1,Venus-Mars,1,None,0,False,True,False,False,False,False,False
Q4010,Jack Bickell,1884-09-26,Canadian businessman and philanthropist,Business,None,0,None,0,Mercury-Sun,1,False,False,False,False,False,False,False
Q4011,Pope Paul VI,1897-09-26,,Unknown,Mercury,1,Sun-Moon|Sun-Mercury|Moon-Mercury|Mercury-Jupiter,4,None,0,False,False,True,False,False,False,False
Q4012,Al Helfer,1911-09-26,American sportscaster,Other,None,0,Moon-Jupiter|Mercury-Venus,2,Mercury-Sun,1,False,False,False,False,False,False,False
Q4013,Norm Dussault,1925-09-26,American-Canadian ice hockey player,Athlete,Mercury|Saturn,2,Sun-Mars|Moon-Jupiter|Mercury-Mars|Venus-Saturn,4,None,0,False,False,True,False,False,False,True
Q4014,Bob Barber,1935-09-26,English cricketer,Athlete,None,0,None,0,None,0,False,False,False,False,False,False,False
Q4015,Louise Beaudoin,1945-09-26,Canadian academic and politician,Politics_Government,Moon|Mercury,2,Sun-Mercury|Sun-Jupiter,2,None,0,False,True,True,False,False,False,False
Q4016,Carlene Carter,1955-09-26,American singer-songwriter,Actor_Media,Jupiter|Saturn,2,Sun-Venus,1,Mercury-Venus,1,False,False,False,False,False,True,True
Q4017,Lysette Anthony,1963-09-26,English actress and producer,Actor_Media,None,0,Sun-Venus,1,Mercury-Sun,1,False,False,False,False,False,False,False
Q4018,Marty Casey,1973-09-26,American singer-songwriter and guitarist,Actor_Media,Mercury,1,Sun-Moon,1,None,0,False,False,True,False,False,False,False
Q4019,Asuka,1981-09-26,Japanese professional wrestler,Athlete,None,0,Jupiter-Saturn,1,None,0,False,False,False,False,False,False,False
Q4020,Alma Jodorowsky,1991-09-26,"French actress, fashion model and singer",Actor_Media,Mercury,1,Sun-Mercury,1,None,0,False,False,True,False,False,False,False
Q4021,Ermentrude of Orléans,0830-09-27,Queen of the Franks,Politics_Government,None,0,None,0,None,0,False,False,False,False,False,False,False
Q4022,Guillaume Rondelet,1507-09-27,French physician,Academic_Science,None,0,Mercury-Jupiter|Venus-Saturn,2,None,0,False,False,False,False,False,False,False
Q4023,Giovanni Carlo Maria Clari,1677-09-27,Italian violinist and composer,Other,None,0,Sun-Moon|Mercury-Venus|Mercury-Mars|Venus-Mars,4,None,0,False,False,False,False,False,False,False
Q4024,Samuel Francis Du Pont,1803-09-27,American admiral,Other,None,0,Sun-Venus|Mercury-Mars|Venus-Saturn,3,Mercury-Venus,1,False,False,False,False,False,False,False
Q4025,Gaston Tarry,1843-09-27,French mathematician and academic,Academic_Science,None,0,Sun-Venus,1,Mercury-Venus|Jupiter-Saturn,2,False,False,False,False,False,False,False
Q4026,George Bambridge,1892-09-27,English diplomat,Other,Mercury|Mars,2,Sun-Saturn|Mercury-Saturn,2,None,0,False,False,True,False,True,False,False
Q4027,Albert Ellis,1913-09-27,American psychologist and author,Writer_Journalism,Mercury,1,Moon-Venus,1,None,0,False,False,True,False,False,False,False
Q4028,Robert Edwards,1925-09-27,"English physiologist and academic, Nobel Prize laureate",Academic_Science,Mercury|Saturn,2,Sun-Mercury|Sun-Mars|Mercury-Mars|Venus-Saturn,4,None,0,False,False,True,False,False,False,True
Q4029,Wilford Brimley,1934-09-27,American actor,Actor_Media,Moon,1,Mercury-Jupiter,1,None,0,False,True,False,False,False,False,False
Q4030,"Prince Amedeo, Duke of Aosta",1943-09-27,,Unknown,Mercury|Jupiter,2,Sun-Mercury|Moon-Venus,2,None,0,False,False,True,False,False,True,False
Q4031,Katie Fforde,1952-09-27,English author,Writer_Journalism,Mercury,1,Sun-Mercury,1,None,0,False,False,True,False,False,False,False
Q4032,Marc Maron,1963-09-27,"American comedian, actor, and radio host",Actor_Media,None,0,Sun-Venus,1,Mercury-Sun,1,False,False,False,False,False,False,False
Q4033,Vratislav Lokvenc,1973-09-27,Czech footballer,Athlete,Mercury,1,Moon-Mercury,1,None,0,False,False,True,False,False,False,False
Q4034,Jay Bouwmeester,1983-09-27,Canadian ice hockey player,Athlete,Moon|Saturn,2,Venus-Mars,1,Mercury-Sun,1,False,True,False,False,False,False,True
Q4035,Lachlan Burr,1992-09-27,Australian rugby league player,Athlete,Mercury,1,Sun-Jupiter|Moon-Mercury,2,None,0,False,False,True,False,False,False,False
Q4036,Javanshir,0616-09-28,King of Caucasian Albania,Politics_Government,Mercury,1,Sun-Mercury|Sun-Venus|Sun-Mars|Mercury-Venus|Mercury-Mars|Venus-Mars,6,None,0,False,False,True,False,False,False,False
Q4037,William Jones,1746-09-28,English-Welsh philologist and scholar,Academic_Science,None,0,None,0,Mercury-Sun,1,False,False,False,False,False,False,False
Q4038,Georges Clemenceau,1841-09-28,"French journalist, physician, and politician, 85th Prime Minister of France",Politics_Government,Mercury,1,Mars-Jupiter,1,None,0,False,False,True,False,False,False,False
Q4039,Florent Schmitt,1870-09-28,French composer and critic,Other,Mercury,1,None,0,None,0,False,False,True,False,False,False,False
Q4040,Jack Fournier,1889-09-28,American baseball player and coach,Athlete,None,0,Venus-Mars|Venus-Saturn|Mars-Saturn,3,None,0,False,False,False,False,False,False,False
Q4041,Max Schmeling,1905-09-28,German boxer,Athlete,Mercury,1,Sun-Moon|Moon-Mercury,2,None,0,False,False,True,False,False,False,False
Q4042,Wee Chong Jin,1917-09-28,Singaporean judge,Law,None,0,Mars-Saturn,1,Moon-Saturn|Mercury-Sun,2,False,False,False,False,False,False,False
Q4043,Koko Taylor,1928-09-28,American singer,Actor_Media,None,0,Mercury-Venus,1,None,0,False,False,False,False,False,False,False
Q4044,Ben E. King,1938-09-28,American singer-songwriter and producer,Actor_Media,Mercury,1,None,0,Jupiter-Saturn,1,False,False,True,False,False,False,False
Q4045,Bob Carr,1947-09-28,"Australian journalist and politician, 37th Australian Minister of Foreign Affairs",Politics_Government,None,0,Sun-Venus,1,Moon-Saturn|Mercury-Venus,2,False,False,False,False,False,False,False
Q4046,Bill Cassidy,1957-09-28,American politician and physician,Politics_Government,None,0,Sun-Mars|Sun-Jupiter|Moon-Saturn|Mars-Jupiter,4,Mercury-Sun,1,False,False,False,False,False,False,False
Q4047,Scott Adams,1966-09-28,American football player,Athlete,Mercury|Jupiter,2,Moon-Saturn,1,None,0,False,False,True,False,False,True,False
Q4048,Marco Di Loreto,1974-09-28,Italian footballer and manager,Athlete,None,0,Sun-Mars,1,Mercury-Venus,1,False,False,False,False,False,False,False
Q4049,Stefan Moore,1983-09-28,English footballer,Athlete,Moon|Saturn,2,Venus-Mars,1,Mercury-Sun,1,False,True,False,False,False,False,True
Q4050,Eddie Rosario,1991-09-28,Puerto Rican baseball player,Athlete,Moon|Mercury,2,Sun-Mercury,1,None,0,False,True,True,False,False,False,False
Q4051,Margaret of England,1240-09-29,Queen consort of Scots,Politics_Government,Mercury,1,Mars-Saturn,1,None,0,False,False,True,False,False,False,False
Q4052,"Algernon Percy, 10th Earl of Northumberland",1602-09-29,English military leader,Politics_Government,Mercury,1,Venus-Saturn|Mars-Saturn,2,None,0,False,False,True,False,False,False,False
Q4053,"Charlotte, Princess Royal",1766-09-29,of England,Other,Mars,1,Mercury-Venus|Venus-Jupiter,2,Mercury-Sun,1,False,False,False,False,True,False,False
Q4054,Miguel Ángel Juárez Celman,1844-09-29,"Argentinian lawyer and politician, 10th President of Argentina",Politics_Government,Mercury,1,Sun-Mercury,1,None,0,False,False,True,False,False,False,False
Q4055,Clarence Ashley,1895-09-29,"American singer, guitarist, and banjo player",Athlete,Jupiter|Saturn,2,Sun-Mars|Mercury-Saturn,2,None,0,False,False,False,False,False,True,True
Q4056,Gene Autry,1907-09-29,"American singer, actor, and businessman",Actor_Media,Mercury|Jupiter,2,Sun-Venus,1,None,0,False,False,True,False,False,True,False
Q4057,Vincent DeDomenico,1915-09-29,"American businessman, founded the Napa Valley Wine Train",Business,Moon,1,Sun-Venus,1,Mercury-Venus,1,False,True,False,False,False,False,False
Q4058,Chuck Cooper,1926-09-29,American basketball player,Athlete,Mercury|Saturn,2,Sun-Mercury,1,None,0,False,False,True,False,False,False,True
Q4059,Jerry Lee Lewis,1935-09-29,American singer-songwriter and pianist,Actor_Media,None,0,Moon-Mercury,1,None,0,False,False,False,False,False,False,False
Q4060,Juan Flores,1943-09-29,American academic and professor,Academic_Science,Mercury|Jupiter,2,Sun-Moon,1,None,0,False,False,True,False,False,True,False
Q4061,"Roy Campbell, Jr.",1952-09-29,American trumpet player,Athlete,Mercury,1,Sun-Mercury|Mercury-Saturn,2,None,0,False,False,True,False,False,False,False
Q4062,Rob Deer,1960-09-29,American baseball player,Athlete,None,0,Mercury-Venus,1,None,0,False,False,False,False,False,False,False
Q4063,Erika Eleniak,1969-09-29,American model and actress,Actor_Media,Mercury,1,Sun-Mercury|Sun-Jupiter,2,None,0,False,False,True,False,False,False,False
Q4064,Heath Bell,1977-09-29,American baseball player,Athlete,None,0,None,0,Mercury-Sun,1,False,False,False,False,False,False,False
Q4065,Kevin Durant,1988-09-29,American basketball player,Athlete,Moon,1,None,0,None,0,False,True,False,False,False,False,False
Q4066,Rumi,1207-09-30,Persian mystic and poet,Writer_Journalism,Mercury|Jupiter,2,Sun-Moon,1,None,0,False,False,True,False,False,True,False
Q4067,"John Russell, 4th Duke of Bedford",1710-09-30,"English politician, Lord President of the Council",Politics_Government,None,0,Mars-Saturn,1,None,0,False,False,False,False,False,False,False
Q4068,Ellis H. Roberts,1827-09-30,"American journalist and politician, 20th Treasurer of the United States",Politics_Government,Mercury,1,Sun-Mercury|Sun-Venus|Mercury-Venus,3,None,0,False,False,True,False,False,False,False
Q4069,Bernhard Rust,1883-09-30,German educator and politician,Politics_Government,Mercury|Jupiter,2,Sun-Venus,1,None,0,False,False,True,False,False,True,False
Q4070,Waldo Williams,1904-09-30,Welsh poet and academic,Academic_Science,Moon,1,None,0,Mercury-Sun,1,False,True,False,False,False,False,False
Q4071,Lester Maddox,1915-09-30,"American businessman and politician, 75th Governor of Georgia",Politics_Government,None,0,Sun-Venus,1,Mercury-Venus,1,False,False,False,False,False,False,False
Q4072,Arkady Ostashev,1925-09-30,Russian engineer and scientist in the former Soviet space program,Academic_Science,Mercury|Saturn,2,Sun-Mercury|Sun-Mars|Mercury-Mars|Venus-Saturn,4,None,0,False,False,True,False,False,False,True
Q4073,Alan A'Court,1934-09-30,English footballer and manager,Athlete,None,0,Mercury-Jupiter,1,Mercury-Venus,1,False,False,False,False,False,False,False
Q4074,Samuel F. Pickering Jr.,1941-09-30,American author and educator,Writer_Journalism,None,0,None,0,None,0,False,False,False,False,False,False,False
Q4075,Michel Tognini,1949-09-30,"French pilot, engineer, military officer and astronaut",Politics_Government,Mercury,1,Sun-Mercury|Moon-Jupiter,2,None,0,False,False,True,False,False,False,False
Q4076,Fran Drescher,1957-09-30,"American actress, producer, and screenwriter",Actor_Media,None,0,Sun-Mars|Sun-Jupiter|Mars-Jupiter,3,Mercury-Sun,1,False,False,False,False,False,False,False
Q4077,Omid Djalili,1965-09-30,"English comedian, actor, and producer",Actor_Media,Mercury,1,Sun-Mercury|Venus-Mars,2,None,0,False,False,True,False,False,False,False
Q4078,Rubén Wolkowyski,1973-09-30,Argentine basketball player,Athlete,None,0,Moon-Venus,1,None,0,False,False,False,False,False,False,False
Q4079,Lacey Chabert,1982-09-30,American actress,Actor_Media,Mercury,1,Sun-Mercury,1,None,0,False,False,True,False,False,False,False
Q4080,David Bakhtiari,1991-09-30,American football player,Athlete,Mercury,1,Sun-Mercury|Venus-Jupiter,2,None,0,False,False,True,False,False,False,False
Q4081,Alexander Severus,0208-10-01,Roman emperor,Politics_Government,None,0,Sun-Mercury|Sun-Mars|Moon-Venus|Mercury-Mars,4,Mars-Venus,1,False,False,False,False,False,False,False
Q4082,Anne of Saint Bartholomew,1550-10-01,Spanish Discalced Carmelite nun,Other,Mercury,1,Sun-Mercury|Mars-Jupiter,2,None,0,False,False,True,False,False,False,False
Q4083,"John Bligh, 3rd Earl of Darnley",1719-10-01,British parliamentarian,Other,Mercury|Saturn,2,Sun-Mercury|Venus-Saturn,2,None,0,False,False,True,False,False,False,True
Q4084,Caroline Harrison,1832-10-01,"American educator, 24th First Lady of the United States",Other,Mercury,1,Mercury-Saturn,1,None,0,False,False,True,False,False,False,False
Q4085,Louis Untermeyer,1885-10-01,"American poet, anthologist, and critic",Writer_Journalism,Mercury,1,Moon-Saturn|Mercury-Jupiter,2,None,0,False,False,True,False,False,False,False
Q4086,Vladimir Horowitz,1903-10-01,Russian-born American pianist and composer,Other,Mercury,1,Sun-Mercury|Moon-Saturn,2,None,0,False,False,True,False,False,False,False
Q4087,Kathleen Ollerenshaw,1912-10-01,"English mathematician, astronomer, and politician, Lord Mayor of Manchester",Politics_Government,Moon|Mercury,2,Sun-Mercury|Moon-Saturn,2,None,0,False,True,True,False,False,False,False
Q4088,Jimmy Carter,1924-10-01,"American naval lieutenant, politician, 39th President of the United States, and Nobel Prize laureate",Politics_Government,Saturn,1,None,0,Mercury-Sun,1,False,False,False,False,False,False,True
Q4089,Julie Andrews,1935-10-01,English actress and singer,Actor_Media,None,0,Moon-Jupiter,1,None,0,False,False,False,False,False,False,False
Q4090,Dave Holland,1946-10-01,"English bassist, composer, and bandleader",Other,Mercury,1,Mars-Jupiter,1,None,0,False,False,True,False,False,False,False
Q4091,Howard Hewett,1955-10-01,American singer-songwriter,Actor_Media,Saturn,1,None,0,Mercury-Venus,1,False,False,False,False,False,False,True
Q4092,Harry Hill,1964-10-01,English comedian and author,Actor_Media,Mercury,1,Moon-Mars,1,None,0,False,False,True,False,False,False,False
Q4093,Ronen Altman Kaydar,1972-10-01,Israeli author and poet,Writer_Journalism,Mercury,1,None,0,None,0,False,False,True,False,False,False,False
Q4094,Mohamed Abdelwahab,1983-10-01,Egyptian footballer,Athlete,Saturn,1,Venus-Mars,1,Mercury-Sun,1,False,False,False,False,False,False,True
Q4095,Xander Bogaerts,1992-10-01,Aruban baseball player,Athlete,Mercury,1,None,0,None,0,False,False,True,False,False,False,False
Q4096,Richard III of England,1452-10-02,,Unknown,Saturn,1,Sun-Mercury|Mercury-Saturn,2,None,0,False,False,False,False,False,False,True
Q4097,Nat Turner,1800-10-02,American slave and uprising leader,Other,Mercury|Jupiter,2,Sun-Mercury,1,Jupiter-Moon,1,False,False,True,False,False,True,False
Q4098,William Ramsay,1852-10-02,"Scottish chemist and academic, Nobel Prize laureate",Academic_Science,Moon|Mercury,2,None,0,None,0,False,True,True,False,False,False,False
Q4099,Wallace Stevens,1879-10-02,American poet,Writer_Journalism,Mercury,1,Sun-Mercury,1,Jupiter-Saturn,1,False,False,True,False,False,False,False
Q4100,Leopold Figl,1902-10-02,"Austrian politician, Chancellor of Austria",Politics_Government,None,0,None,0,Mercury-Venus|Jupiter-Saturn,2,False,False,False,False,False,False,False
Q4101,Jack Parsons,1914-10-02,"American chemist, occultist, and engineer",Academic_Science,None,0,Mercury-Mars,1,Mars-Venus,1,False,False,False,False,False,False,False
Q4102,George McFarland,1928-10-02,American actor,Actor_Media,None,0,Mercury-Venus,1,None,0,False,False,False,False,False,False,False
Q4103,Dick Barnett,1936-10-02,American basketball player,Athlete,Mercury,1,Sun-Mercury,1,None,0,False,False,True,False,False,False,False
Q4104,Anna Ford,1943-10-02,English journalist,Writer_Journalism,Mercury|Jupiter,2,None,0,None,0,False,False,True,False,False,True,False
Q4105,Mike Rutherford,1950-10-02,English guitarist,Other,Moon,1,Mercury-Venus|Mercury-Saturn|Venus-Saturn,3,Mercury-Sun,1,False,True,False,False,False,False,False
Q4106,John Cook,1957-10-02,American golfer,Athlete,Mercury,1,Sun-Mars|Sun-Jupiter|Mars-Jupiter,3,None,0,False,False,True,False,False,False,False
Q4107,Yokozuna,1966-10-02,American wrestler,Athlete,Jupiter,1,None,0,Mercury-Venus,1,False,False,False,False,False,True,False
Q4108,Melissa Harris-Perry,1973-10-02,"American journalist, author, and educator",Writer_Journalism,None,0,None,0,None,0,False,False,False,False,False,False,False
Q4109,Marion Bartoli,1984-10-02,French tennis player,Athlete,Mercury|Saturn,2,Sun-Mercury|Venus-Saturn|Mars-Jupiter,3,None,0,False,False,True,False,False,False,True
Q4110,Alisson Becker,1992-10-02,Brazilian footballer,Athlete,Mercury,1,None,0,None,0,False,False,True,False,False,False,False
Q4111,"Humphrey, Duke of Gloucester",1390-10-03,,Unknown,Mercury,1,None,0,None,0,False,False,True,False,False,False,False
Q4112,Giovanni Battista Beccaria,1716-10-03,Italian physicist and academic,Academic_Science,None,0,Sun-Saturn|Venus-Mars,2,None,0,False,False,False,False,False,False,False
Q4113,James Jackson Putnam,1846-10-03,American neurologist and academic,Academic_Science,Mercury,1,Sun-Mercury|Sun-Mars|Mercury-Mars,3,None,0,False,False,True,False,False,False,False
Q4114,Joseph Beech,1867-10-03,American Methodist missionary and educator,Other,Saturn,1,Sun-Venus,1,Mercury-Venus,1,False,False,False,False,False,False,True
Q4115,Wade Boteler,1888-10-03,American actor and screenwriter,Actor_Media,None,0,Mercury-Venus,1,None,0,False,False,False,False,False,False,False
Q4116,Gertrude Berg,1899-10-03,"American actress, screenwriter and producer",Actor_Media,Mercury,1,Sun-Mercury|Sun-Venus|Mercury-Venus|Mars-Jupiter,4,None,0,False,False,True,False,False,False,False
Q4117,"Charles Wood, 2nd Earl of Halifax",1912-10-03,"British peer, Conservative politician",Politics_Government,Mercury,1,Sun-Mercury,1,None,0,False,False,True,False,False,False,False
Q4118,Gerardo P. Cabochan,1926-10-03,Filipino politician,Politics_Government,Mercury,1,None,0,None,0,False,False,True,False,False,False,False
Q4119,Bob Armstrong,1939-10-03,American wrestler and trainer,Athlete,Moon|Mercury|Mars,3,Sun-Venus|Mercury-Venus,2,Mars-Saturn,1,False,True,True,False,True,False,False
Q4120,John Perry Barlow,1947-10-03,"American poet, songwriter, blogger, and activist",Writer_Journalism,None,0,None,0,Mercury-Venus|Mars-Moon,2,False,False,False,False,False,False,False
Q4121,Roberto Azevêdo,1957-10-03,"Brazilian engineer and diplomat, 6th Director-General of the World Trade Organization",Actor_Media,Mercury,1,Sun-Mars|Sun-Jupiter|Mars-Jupiter,3,None,0,False,False,True,False,False,False,False
Q4122,Darrin Fletcher,1966-10-03,American baseball player and sportscaster,Athlete,Jupiter,1,None,0,Mercury-Venus,1,False,False,False,False,False,True,False
Q4123,John Dwyer,1974-10-03,"American multi-instrumentalist, vocalist, songwriter, visual artist, and record label owner",Writer_Journalism,None,0,Sun-Mars,1,Mercury-Venus,1,False,False,False,False,False,False,False
Q4124,Thiago Alves,1983-10-03,Brazilian mixed martial artist,Other,Saturn,1,Moon-Venus|Moon-Mars|Venus-Mars,3,Mercury-Sun,1,False,False,False,False,False,False,True
Q4125,Jenny McLoughlin,1991-10-03,English sprinter,Other,Mercury,1,Sun-Mercury|Venus-Jupiter,2,None,0,False,False,True,False,False,False,False
Q4126,"Alys, Countess of the Vexin",1160-10-04,daughter of Louis VII of France,Other,Mercury|Jupiter,2,None,0,None,0,False,False,True,False,False,True,False
Q4127,Gabriele Paleotti,1522-10-04,Catholic cardinal,Other,Mercury,1,None,0,Mars-Moon,1,False,False,True,False,False,False,False
Q4128,Jacqueline Pascal,1625-10-04,French nun and composer,Other,None,0,Sun-Jupiter,1,None,0,False,False,False,False,False,False,False
Q4129,François Guizot,1787-10-04,"French historian and politician, 22nd Prime Minister of France",Politics_Government,Mercury,1,Sun-Mercury|Sun-Venus|Moon-Mars|Mercury-Venus,4,None,0,False,False,True,False,False,False,False
Q4130,Marie-Alphonsine Danil Ghattas,1843-10-04,Palestinian nun and Catholic Saint,Other,None,0,Sun-Venus,1,Mercury-Venus|Jupiter-Saturn,2,False,False,False,False,False,False,False
Q4131,Robert Edwards,1879-10-04,"American artist, musician, and writer",Actor_Media,Moon|Mercury,2,Sun-Mercury|Moon-Mars,2,Jupiter-Saturn,1,False,True,True,False,False,False,False
Q4132,August Mälk,1900-10-04,Estonian author and playwright,Writer_Journalism,None,0,None,0,None,0,False,False,False,False,False,False,False
Q4133,Violeta Parra,1917-10-04,Chilean singer-songwriter and guitarist,Actor_Media,Moon|Mercury,2,Mars-Saturn,1,None,0,False,True,True,False,False,False,False
Q4134,Alvin Toffler,1928-10-04,German-American journalist and author,Writer_Journalism,Moon,1,Mercury-Venus,1,None,0,False,True,False,False,False,False,False
Q4135,Norman D. Wilson,1938-10-04,American actor,Actor_Media,Mercury,1,Sun-Mercury,1,Jupiter-Saturn,1,False,False,True,False,False,False,False
Q4136,Julien Clerc,1947-10-04,French singer-songwriter and pianist,Actor_Media,Moon,1,None,0,Mercury-Venus,1,False,True,False,False,False,False,False
Q4137,Bill Fagerbakke,1957-10-04,American actor,Actor_Media,Mercury,1,Sun-Mars|Sun-Jupiter|Mars-Jupiter,3,None,0,False,False,True,False,False,False,False
Q4138,Vicky Bullett,1967-10-04,American basketball player and coach,Athlete,None,0,Venus-Jupiter,1,None,0,False,False,False,False,False,False,False
Q4139,Dana Davis,1978-10-04,American actress and author,Actor_Media,Mercury|Jupiter,2,Sun-Mercury|Moon-Mars,2,None,0,False,False,True,False,False,True,False
Q4140,Melissa Benoist,1988-10-04,American actress and singer,Actor_Media,None,0,None,0,None,0,False,False,False,False,False,False,False
Q4141,Al-Dhahabi,1274-10-05,Syrian scholar and historian,Academic_Science,None,0,Sun-Mercury|Sun-Saturn|Moon-Mars,3,None,0,False,False,False,False,False,False,False
Q4142,"Françoise-Athénaïs, marquise de Montespan",1641-10-05,French mistress of Louis XIV,Other,Mercury,1,Mercury-Mars,1,None,0,False,False,True,False,False,False,False
Q4143,Bernard Bolzano,1781-10-05,Czech mathematician and philosopher,Academic_Science,Mars,1,None,0,Mars-Saturn,1,False,False,False,False,True,False,False
Q4144,Philipp Mainländer,1841-10-05,German philosopher,Other,Moon,1,Mars-Jupiter|Mars-Saturn,2,None,0,False,True,False,False,False,False,False
Q4145,Louise Dresser,1878-10-05,American actress,Actor_Media,Mercury,1,Sun-Mars|Mercury-Venus,2,Jupiter-Saturn,1,False,False,True,False,False,False,False
Q4146,Remington Kellogg,1892-10-05,American zoologist and paleontologist,Other,Mercury|Mars,2,Sun-Mercury|Mercury-Saturn,2,None,0,False,False,True,False,True,False,False
Q4147,Mehmet Ali Aybar,1908-10-05,Turkish lawyer and politician,Politics_Government,None,0,Venus-Jupiter,1,None,0,False,False,False,False,False,False,False
Q4148,Bill Willis,1921-10-05,American football player and coach,Athlete,None,0,Venus-Mars|Jupiter-Saturn,2,None,0,False,False,False,False,False,False,False
Q4149,Rosalie Gower,1931-10-05,Canadian nurse and politician,Politics_Government,Mercury|Jupiter,2,Sun-Venus,1,None,0,False,False,True,False,False,True,False
Q4150,Bob Cowper,1940-10-05,Australian cricketer,Athlete,None,0,Jupiter-Saturn,1,None,0,False,False,False,False,False,False,False
Q4151,Peter Ackroyd,1949-10-05,"English biographer, novelist and critic",Writer_Journalism,Mercury,1,Sun-Mercury,1,None,0,False,False,True,False,False,False,False
Q4152,Kenan İpek,1959-10-05,Turkish lawyer and judge,Law,None,0,Sun-Mars|Moon-Jupiter|Mercury-Mars,3,None,0,False,False,False,False,False,False,False
Q4153,Tonia Antoniazzi,1971-10-05,British politician,Politics_Government,Mercury|Mars,2,Sun-Mercury,1,None,0,False,False,True,False,True,False,False
Q4154,Vince Grella,1979-10-05,Australian footballer,Athlete,None,0,Mercury-Venus,1,Mercury-Venus,1,False,False,False,False,False,False,False
Q4155,Benny Howell,1988-10-05,English cricketer,Athlete,None,0,None,0,None,0,False,False,False,False,False,False,False
Q4156,Yuknoom Yichʼaak Kʼahkʼ,0649-10-06,,Unknown,None,0,Sun-Mercury|Moon-Jupiter|Jupiter-Saturn,3,Mars-Venus,1,False,False,False,False,False,False,False
Q4157,"Roger Manners, 5th Earl of Rutland",1576-10-06,,Unknown,Mercury|Mars,2,Sun-Mercury|Sun-Venus|Mercury-Venus,3,None,0,False,False,True,False,True,False,False
Q4158,James McGill,1744-10-06,"Scottish-Canadian businessman and philanthropist, founded McGill University",Business,None,0,Sun-Moon|Moon-Venus|Moon-Jupiter|Venus-Jupiter,4,None,0,False,False,False,False,False,False,False
Q4159,George Westinghouse,1846-10-06,"American engineer and businessman, founded the Westinghouse Air Brake Company",Business,Mercury,1,Sun-Mercury|Mercury-Mars,2,None,0,False,False,True,False,False,False,False
Q4160,Roland Garros,1888-10-06,French soldier and pilot,Other,None,0,Mercury-Venus,1,None,0,False,False,False,False,False,False,False
Q4161,Helen Wills,1905-10-06,American tennis player and painter,Athlete,Mercury,1,Sun-Mercury,1,None,0,False,False,True,False,False,False,False
Q4162,Fannie Lou Hamer,1917-10-06,American activist and philanthropist,Other,Mercury,1,Mars-Saturn,1,None,0,False,False,True,False,False,False,False
Q4163,Flora MacNeil,1928-10-06,Scottish Gaelic singer,Actor_Media,None,0,Mercury-Venus,1,None,0,False,False,False,False,False,False,False
Q4164,Serge Nubret,1938-10-06,Caribbean-French bodybuilder and actor,Actor_Media,Mercury,1,Sun-Mercury,1,Jupiter-Saturn,1,False,False,True,False,False,False,False
Q4165,Patxi Andión,1947-10-06,Spanish singer-songwriter and actor,Actor_Media,None,0,None,0,Mercury-Venus,1,False,False,False,False,False,False,False
Q4166,Sadiq al-Ahmar,1956-10-06,Yemeni politician,Politics_Government,Mercury,1,None,0,Mars-Saturn,1,False,False,True,False,False,False,False
Q4167,Jürgen Kohler,1965-10-06,German footballer and manager,Athlete,Mercury,1,Sun-Mercury|Venus-Mars,2,None,0,False,False,True,False,False,False,False
Q4168,Jeff B. Davis,1973-10-06,"American comedian, actor, and singer",Actor_Media,None,0,Moon-Jupiter,1,None,0,False,False,False,False,False,False,False
Q4169,Levon Aronian,1982-10-06,Armenian chess grandmaster,Other,Moon|Mercury|Saturn,3,Sun-Venus|Mercury-Venus,2,None,0,False,True,True,False,False,False,True
Q4170,Adam Gemili,1993-10-06,English sprinter,Other,Moon,1,Mercury-Mars,1,None,0,False,True,False,False,False,False,False
Q4171,Aleksandr Mikhailovich of Tver,1301-10-07,,Unknown,None,0,Sun-Venus|Moon-Saturn,2,Mercury-Venus,1,False,False,False,False,False,False,False
Q4172,Archduchess Maria Maddalena of Austria,1589-10-07,,Unknown,Mercury,1,Sun-Mercury|Mercury-Jupiter,2,None,0,False,False,True,False,False,False,False
Q4173,Solomon Sibley,1769-10-07,"American lawyer, jurist, and politician, 1st Mayor of Detroit",Politics_Government,None,0,Sun-Mars,1,None,0,False,False,False,False,False,False,False
Q4174,Nicholas I of Montenegro,1841-10-07,,Unknown,None,0,Mars-Jupiter|Mars-Saturn,2,None,0,False,False,False,False,False,False,False
Q4175,Harold Geiger,1884-10-07,American lieutenant and pilot,Other,Mercury,1,Venus-Jupiter,1,None,0,False,False,True,False,False,False,False
Q4176,Elijah Muhammad,1897-10-07,American religious leader,Religion,Mercury,1,Mercury-Jupiter,1,None,0,False,False,True,False,False,False,False
Q4177,Fernando Belaúnde Terry,1912-10-07,"Peruvian architect and politician, President of Peru",Politics_Government,Mercury,1,Sun-Mercury|Mercury-Mars,2,None,0,False,False,True,False,False,False,False
Q4178,Grady Hatton,1922-10-07,"American baseball player, coach, and manager",Athlete,None,0,Sun-Saturn|Mercury-Jupiter,2,None,0,False,False,False,False,False,False,False
Q4179,Harold Dunaway,1933-10-07,American race car driver and pilot,Other,Moon,1,Sun-Jupiter|Venus-Mars,2,None,0,False,True,False,False,False,False,False
Q4180,Judee Sill,1944-10-07,American singer-songwriter and musician,Actor_Media,Mercury,1,None,0,None,0,False,False,True,False,False,False,False
Q4181,Mary Badham,1952-10-07,American actress,Actor_Media,Moon,1,Sun-Saturn|Mercury-Saturn,2,Jupiter-Mars,1,False,True,False,False,False,False,False
Q4182,Sam Brown,1964-10-07,"English singer-songwriter, musician, and record producer",Actor_Media,Mercury,1,Sun-Mercury,1,None,0,False,False,True,False,False,False,False
Q4183,Dida,1973-10-07,Brazilian footballer,Athlete,None,0,None,0,None,0,False,False,False,False,False,False,False
Q4184,Archie Bland,1983-10-07,English journalist and author,Writer_Journalism,Mercury|Saturn,2,Moon-Saturn|Venus-Mars,2,None,0,False,False,True,False,False,False,True
Q4185,Mookie Betts,1992-10-07,American baseball player,Athlete,None,0,None,0,None,0,False,False,False,False,False,False,False
Q4186,Narapatisithu,1150-10-08,king of Burma,Politics_Government,None,0,Venus-Mars|Venus-Jupiter|Mars-Jupiter,3,Moon-Saturn|Mercury-Venus,2,False,False,False,False,False,False,False
Q4187,Michel Benoist,1715-10-08,French scientist and missionary,Academic_Science,None,0,Venus-Saturn,1,Mercury-Venus,1,False,False,False,False,False,False,False
Q4188,Salomon Kalischer,1845-10-08,"German pianist, composer, and physicist",Academic_Science,Mercury,1,None,0,None,0,False,False,True,False,False,False,False
Q4189,Mary Engle Pennington,1872-10-08,American bacteriological chemist and refrigeration engineer,Academic_Science,Mercury,1,Sun-Mercury|Mars-Jupiter,2,None,0,False,False,True,False,False,False,False
Q4190,Ping Bodie,1887-10-08,American baseball player,Athlete,None,0,Mercury-Jupiter,1,None,0,False,False,False,False,False,False,False
Q4191,Rouben Mamoulian,1897-10-08,Georgian-American director and screenwriter,Actor_Media,Mercury,1,Mercury-Jupiter,1,None,0,False,False,True,False,False,False,False
Q4192,Billy Conn,1917-10-08,American boxer,Athlete,Mercury,1,Mars-Saturn,1,None,0,False,False,True,False,False,False,False
Q4193,Raaj Kumar,1926-10-08,Indian police officer and actor,Actor_Media,None,0,Moon-Mercury,1,Mercury-Venus,1,False,False,False,False,False,False,False
Q4194,Rona Barrett,1936-10-08,American journalist and businesswoman,Writer_Journalism,Mercury,1,None,0,None,0,False,False,True,False,False,False,False
Q4195,Ed Kirkpatrick,1944-10-08,American baseball player,Athlete,Mercury,1,Moon-Saturn,1,None,0,False,False,True,False,False,False,False
Q4196,Robert Saxton,1953-10-08,English composer and educator,Other,Saturn,1,Sun-Moon|Mercury-Saturn|Venus-Mars,3,None,0,False,False,False,False,False,False,True
Q4197,Jon Stevens,1961-10-08,New Zealand-Australian singer-songwriter,Actor_Media,None,0,Mercury-Mars|Jupiter-Saturn,2,None,0,False,False,False,False,False,False,False
Q4198,Terry Balsamo,1972-10-08,American guitarist and songwriter,Writer_Journalism,None,0,Moon-Mercury,1,None,0,False,False,False,False,False,False,False
Q4199,Miloš Pavlović,1982-10-08,Serbian race car driver,Other,Mercury|Saturn,2,Sun-Venus|Mercury-Venus,2,None,0,False,False,True,False,False,False,True
Q4200,Chelsea Gray,1992-10-08,American basketball player,Athlete,None,0,None,0,None,0,False,False,False,False,False,False,False
Q4201,Robert de Sorbon,1201-10-09,"French minister and theologian, founded the Collège de Sorbonne",Politics_Government,None,0,Sun-Mercury|Sun-Mars|Moon-Venus|Mercury-Mars,4,Mars-Venus,1,False,False,False,False,False,False,False
Q4202,Ferdinand Verbiest,1623-10-09,Flemish Jesuit missionary in China,Other,Mars,1,Jupiter-Saturn,1,None,0,False,False,False,False,True,False,False
Q4203,Simeon Solomon,1840-10-09,English painter,Other,None,0,None,0,None,0,False,False,False,False,False,False,False
Q4204,Georges Gauthier,1871-10-09,Canadian archbishop,Religion,Mercury|Jupiter,2,Mercury-Venus,1,None,0,False,False,True,False,False,True,False
Q4205,Nikolai Bukharin,1888-10-09,Russian journalist and politician,Politics_Government,None,0,Moon-Jupiter|Mercury-Venus,2,None,0,False,False,False,False,False,False,False
Q4206,Joseph Friedman,1900-10-09,American inventor,Engineering_Tech,None,0,None,0,Mars-Moon,1,False,False,False,False,False,False,False
Q4207,Joe Rosenthal,1911-10-09,American photographer,Other,Mercury,1,None,0,None,0,False,False,True,False,False,False,False
Q4208,Immanuvel Devendrar,1924-10-09,Indian soldier,Other,Mercury|Saturn,2,None,0,None,0,False,False,True,False,False,False,True
Q4209,Brian Blessed,1936-10-09,English actor,Actor_Media,Mercury,1,None,0,None,0,False,False,True,False,False,False,False
Q4210,France Gall,1947-10-09,French singer,Actor_Media,None,0,Moon-Mars|Moon-Saturn,2,None,0,False,False,False,False,False,False,False
Q4211,Linwood Boomer,1955-10-09,"Canadian actor, producer, and screenwriter",Actor_Media,Saturn,1,Mercury-Venus,1,None,0,False,False,False,False,False,False,True
Q4212,Guillermo del Toro,1964-10-09,"Mexican-American director, producer, and screenwriter",Actor_Media,Mercury,1,Sun-Mercury,1,Mars-Moon,1,False,False,True,False,False,False,False
Q4213,Keith Booth,1974-10-09,American basketball player and coach,Athlete,None,0,Sun-Venus|Sun-Mars|Moon-Saturn,3,Mercury-Venus,1,False,False,False,False,False,False,False
Q4214,Farhaan Behardien,1983-10-09,South African cricketer,Athlete,Mercury|Saturn,2,Venus-Mars,1,None,0,False,False,True,False,False,False,True
Q4215,Jerian Grant,1992-10-09,American basketball player,Athlete,None,0,None,0,None,0,False,False,False,False,False,False,False
Q4216,Saga,0786-10-10,emperor of Japan,Politics_Government,Mars,1,Sun-Mercury,1,Mercury-Venus,1,False,False,False,False,True,False,False
Q4217,Jacobus Arminius,1560-10-10,Dutch theologian,Religion,None,0,Sun-Venus,1,Mercury-Venus,1,False,False,False,False,False,False,False
Q4218,Jean-Antoine Watteau,1684-10-10,French painter,Other,None,0,Moon-Mercury|Venus-Mars|Venus-Saturn|Mars-Saturn,4,None,0,False,False,False,False,False,False,False
Q4219,Giuseppe Verdi,1813-10-10,Italian composer and philanthropist,Other,Mercury|Mars,2,Sun-Mercury,1,None,0,False,False,True,False,True,False,False
Q4220,Fridtjof Nansen,1861-10-10,"Norwegian explorer, scientist, and humanitarian, Nobel Prize laureate",Academic_Science,None,0,Jupiter-Saturn,1,None,0,False,False,False,False,False,False,False
Q4221,Lilly Daché,1898-10-10,French-American fashion designer,Other,Mercury,1,Sun-Mercury|Sun-Jupiter|Venus-Saturn,3,None,0,False,False,True,False,False,False,False
Q4222,Robert F. Boyle,1909-10-10,American production designer and art director,Actor_Media,Mercury,1,Sun-Mercury,1,None,0,False,False,True,False,False,False,False
Q4223,Gail Halvorsen,1920-10-10,"American air force pilot known as the ""Berlin Candy Bomber""",Other,None,0,Mercury-Venus,1,None,0,False,False,False,False,False,False,False
Q4224,Eugenio Castellotti,1930-10-10,Italian race car driver,Other,Mercury,1,Mars-Jupiter,1,Mars-Moon,1,False,False,True,False,False,False,False
Q4225,Janis Hansen,1942-10-10,American singer and author,Actor_Media,Mercury|Jupiter,2,Sun-Moon|Sun-Mercury|Sun-Mars|Moon-Mercury|Moon-Mars|Mercury-Mars|Venus-Mars,7,None,0,False,False,True,False,False,True,False
Q4226,Bob Nystrom,1952-10-10,Swedish ice hockey player,Athlete,None,0,Sun-Saturn,1,Jupiter-Mars,1,False,False,False,False,False,False,False
Q4227,Henrik Jørgensen,1961-10-10,Danish runner,Athlete,None,0,Mercury-Mars|Jupiter-Saturn,2,None,0,False,False,False,False,False,False,False
Q4228,Silke Kraushaar-Pielach,1970-10-10,German sled racer,Other,Mercury,1,None,0,None,0,False,False,True,False,False,False,False
Q4229,Kangta,1979-10-10,"South Korean singer-songwriter, producer, and actor",Actor_Media,Moon,1,Mercury-Venus,1,None,0,False,True,False,False,False,False,False
Q4230,Jeurys Familia,1989-10-10,Dominican baseball player,Athlete,Mercury,1,Sun-Mars,1,None,0,False,False,True,False,False,False,False
Q4231,"Charles Orlando, Dauphin of France",1492-10-11,French noble,Other,Jupiter,1,None,0,None,0,False,False,False,False,False,True,False
Q4232,Arthur Phillip,1738-10-11,"English admiral and politician, 1st Governor of New South Wales",Politics_Government,Mercury,1,Sun-Mercury,1,None,0,False,False,True,False,False,False,False
Q4233,Gregor von Helmersen,1803-10-11,Estonian-Russian general and geologist,Politics_Government,None,0,Sun-Venus|Sun-Jupiter|Mercury-Mars|Venus-Jupiter,4,Mercury-Venus,1,False,False,False,False,False,False,False
Q4234,Johan Oscar Smith,1871-10-11,"Norwegian evangelist, founded the Brunstad Christian Church",Other,Mercury|Jupiter,2,Mercury-Venus,1,None,0,False,False,True,False,False,True,False
Q4235,A. V. Kulasingham,1890-10-11,"Sri Lankan journalist, lawyer, and politician",Politics_Government,Mercury,1,Moon-Saturn,1,None,0,False,False,True,False,False,False,False
Q4236,Sir Ken Anderson,1909-10-11,Australian politician,Politics_Government,Mercury,1,Sun-Mercury,1,None,0,False,False,True,False,False,False,False
Q4237,G. C. Edmondson,1922-10-11,American soldier and author,Writer_Journalism,Moon,1,Sun-Saturn|Mercury-Jupiter,2,None,0,False,True,False,False,False,False,False
Q4238,Saul Friedländer,1932-10-11,Israeli historian and author,Writer_Journalism,None,0,None,0,None,0,False,False,False,False,False,False,False
Q4239,Lester Bowie,1941-10-11,American trumpet player and composer,Athlete,None,0,Moon-Jupiter,1,None,0,False,False,False,False,False,False,False
Q4240,Henry Luke Orombi,1949-10-11,Ugandan archbishop,Religion,Moon|Mercury,2,None,0,None,0,False,True,True,False,False,False,False
Q4241,Francky Dury,1957-10-11,Belgian footballer and manager,Athlete,Mercury,1,Sun-Mars|Sun-Jupiter|Mercury-Mars|Mercury-Jupiter|Mars-Jupiter,5,None,0,False,False,True,False,False,False,False
Q4242,Luke Perry,1966-10-11,American actor and producer,Actor_Media,Jupiter,1,Sun-Venus,1,Mercury-Venus,1,False,False,False,False,False,True,False
Q4243,Brendan B. Brown,1973-10-11,American singer-songwriter and guitarist,Actor_Media,None,0,None,0,None,0,False,False,False,False,False,False,False
Q4244,Denis Grebeshkov,1983-10-11,Russian ice hockey player,Athlete,Mercury|Saturn,2,Venus-Mars,1,None,0,False,False,True,False,False,False,True
Q4245,Joel Bitonio,1991-10-11,American football player,Athlete,Mercury,1,Sun-Mercury|Mercury-Mars|Venus-Jupiter,3,None,0,False,False,True,False,False,False,False
Q4246,Go-Ichijō,1008-10-12,emperor of Japan,Politics_Government,Mercury|Mars,2,Mercury-Jupiter,1,Sun-Venus,1,False,False,True,False,True,False,False
Q4247,Jacques Sirmond,1559-10-12,French scholar and Jesuit,Academic_Science,None,0,Moon-Mercury,1,None,0,False,False,False,False,False,False,False
Q4248,Pedro I,1798-10-12,emperor of Brazil,Politics_Government,Mercury,1,Mercury-Venus,1,None,0,False,False,True,False,False,False,False
Q4249,Arthur Harden,1865-10-12,"English biochemist and academic, Nobel Prize laureate",Academic_Science,Mercury|Saturn,2,Sun-Mercury|Mars-Saturn,2,None,0,False,False,True,False,False,False,True
Q4250,Dietrich von Hildebrand,1889-10-12,German Catholic philosopher and author,Writer_Journalism,Moon,1,Sun-Mercury|Venus-Mars,2,None,0,False,True,False,False,False,False,False
Q4251,Paul Engle,1908-10-12,"American novelist, poet, playwright, and critic",Writer_Journalism,Moon,1,Venus-Jupiter,1,None,0,False,True,False,False,False,False,False
Q4252,Roque Máspoli,1917-10-12,Uruguayan footballer and manager,Athlete,Mercury,1,Mars-Saturn,1,None,0,False,False,True,False,False,False,False
Q4253,Eliška Misáková,1926-10-12,Czech gymnast,Other,None,0,None,0,Mercury-Venus,1,False,False,False,False,False,False,False
Q4254,Paul Hawkins,1937-10-12,Australian race car driver,Other,Mercury,1,Moon-Jupiter,1,None,0,False,False,True,False,False,False,False
Q4255,John Engler,1948-10-12,"American businessman and politician, 46th Governor of Michigan",Politics_Government,None,0,Venus-Saturn,1,None,0,False,False,False,False,False,False,False
Q4256,Clémentine Célarié,1957-10-12,"French actress, singer, and director",Actor_Media,Moon|Mercury,2,Sun-Mars|Sun-Jupiter|Mercury-Mars|Mercury-Jupiter|Venus-Saturn|Mars-Jupiter,6,None,0,False,True,True,False,False,False,False
Q4257,Jonathan Crombie,1966-10-12,Canadian actor and voice over artist,Actor_Media,Jupiter,1,Sun-Venus,1,Mercury-Venus,1,False,False,False,False,False,True,False
Q4258,Stephen Lee,1974-10-12,English snooker player,Athlete,None,0,Sun-Venus|Sun-Mars|Venus-Mars,3,Mercury-Venus,1,False,False,False,False,False,False,False
Q4259,Michelle Carter,1985-10-12,American shot putter,Other,None,0,Moon-Venus|Moon-Mars|Venus-Mars,3,Mercury-Venus,1,False,False,False,False,False,False,False
Q4260,Ketel Marte,1993-10-12,Dominican baseball player,Athlete,None,0,Sun-Jupiter|Mercury-Mars,2,Mercury-Venus,1,False,False,False,False,False,False,False
Q4261,Emperor Xiaowen of Northern Wei,0467-10-13,emperor of Northern Wei,Politics_Government,None,0,None,0,None,0,False,False,False,False,False,False,False
Q4262,Luisa de Guzmán,1613-10-13,Spanish-Portuguese wife of John IV of Portugal,Other,Mercury,1,Sun-Moon|Sun-Mercury|Moon-Mercury|Moon-Jupiter|Mercury-Jupiter,5,None,0,False,False,True,False,False,False,False
Q4263,Charles Frederick Worth,1825-10-13,"English fashion designer, founded House of Worth",Other,Mercury,1,Mars-Jupiter,1,None,0,False,False,True,False,False,False,False
Q4264,József Klekl,1874-10-13,Slovene-Hungarian priest and politician,Politics_Government,None,0,Sun-Jupiter,1,None,0,False,False,False,False,False,False,False
Q4265,Irene Rich,1891-10-13,American actress,Actor_Media,Mercury,1,Sun-Venus|Mars-Saturn,2,None,0,False,False,True,False,False,False,False
Q4266,Herblock,1909-10-13,American author and illustrator,Writer_Journalism,Mercury,1,Sun-Mercury|Moon-Mercury,2,None,0,False,False,True,False,False,False,False
Q4267,Yves Montand,1921-10-13,Italian-French actor and singer,Actor_Media,None,0,Venus-Mars|Jupiter-Saturn,2,None,0,False,False,False,False,False,False,False
Q4268,Richard Howard,1929-10-13,"American poet, critic, and translator",Writer_Journalism,Mercury,1,None,0,None,0,False,False,True,False,False,False,False
Q4269,Shirley Caesar,1938-10-13,American gospel singer-songwriter,Actor_Media,Moon|Mercury,2,Sun-Mercury,1,Jupiter-Saturn,1,False,True,True,False,False,False,False
Q4270,Levon Ananyan,1946-10-13,Armenian journalist and author,Writer_Journalism,Moon,1,Mercury-Mars|Mercury-Jupiter,2,Mars-Venus,1,False,True,False,False,False,False,False
Q4271,Pat Day,1953-10-13,American jockey,Other,Saturn,1,Venus-Mars,1,Mercury-Venus,1,False,False,False,False,False,False,True
Q4272,T'Keyah Crystal Keymáh,1962-10-13,American actress and author,Actor_Media,Mercury,1,None,0,None,0,False,False,True,False,False,False,False
Q4273,Serena Altschul,1970-10-13,American journalist,Writer_Journalism,Mercury,1,None,0,None,0,False,False,True,False,False,False,False
Q4274,Ashanti,1980-10-13,"American singer-songwriter, producer, and actress",Actor_Media,None,0,Moon-Mars|Jupiter-Saturn,2,None,0,False,False,False,False,False,False,False
Q4275,Andrej Rendla,1990-10-13,Slovak footballer,Athlete,Mercury|Jupiter,2,Sun-Mercury|Sun-Venus|Mercury-Venus,3,None,0,False,False,True,False,False,True,False
Q4276,Przemysł II,1257-10-14,of Poland,Other,None,0,Moon-Jupiter,1,None,0,False,False,False,False,False,False,False
Q4277,Giambattista Marino,1569-10-14,Italian poet,Writer_Journalism,Mercury,1,Sun-Mercury|Sun-Saturn|Moon-Mars|Mercury-Saturn,4,Sun-Venus,1,False,False,True,False,False,False,False
Q4278,"Charles Middleton, 1st Baron Barham",1726-10-14,Scottish-English admiral and politician,Politics_Government,Moon|Mercury,2,None,0,None,0,False,True,True,False,False,False,False
Q4279,John See,1844-10-14,"English-Australian politician, 14th Premier of New South Wales",Politics_Government,Mercury,1,Mercury-Mars,1,None,0,False,False,True,False,False,False,False
Q4280,Reginald Doherty,1872-10-14,English tennis player,Athlete,None,0,Sun-Mercury,1,None,0,False,False,False,False,False,False,False
Q4281,Alicja Dorabialska,1897-10-14,Polish chemist,Academic_Science,Moon|Mercury,2,Venus-Jupiter,1,None,0,False,True,True,False,False,False,False
Q4282,John Wooden,1910-10-14,American basketball player and coach,Athlete,Mercury,1,Sun-Mars|Sun-Jupiter|Mercury-Venus|Venus-Mars,4,None,0,False,False,True,False,False,False,False
Q4283,Willy Alberti,1926-10-14,Dutch singer and actor,Actor_Media,None,0,None,0,Mercury-Venus,1,False,False,False,False,False,False,False
Q4284,Perrie Mans,1940-10-14,South African snooker player,Athlete,None,0,Jupiter-Saturn,1,None,0,False,False,False,False,False,False,False
Q4285,Marcia Barrett,1948-10-14,Jamaican-English singer,Actor_Media,None,0,Venus-Saturn,1,None,0,False,False,False,False,False,False,False
Q4286,Chris Bangle,1956-10-14,American automotive designer,Other,Mercury,1,None,0,Mars-Saturn,1,False,False,True,False,False,False,False
Q4287,Joe Girardi,1964-10-14,American baseball player and manager,Athlete,Mercury,1,Sun-Mercury,1,None,0,False,False,True,False,False,False,False
Q4288,Thom Brooks,1973-10-14,American-British political philosopher and legal scholar,Academic_Science,None,0,None,0,None,0,False,False,False,False,False,False,False
Q4289,Gautam Gambhir,1981-10-14,Indian cricketer,Athlete,None,0,Sun-Jupiter|Sun-Saturn|Jupiter-Saturn,3,None,0,False,False,False,False,False,False,False
Q4290,Arca,1989-10-14,Venezuelan musician,Actor_Media,Mercury,1,Sun-Mars,1,None,0,False,False,True,False,False,False,False
Q4291,"Temür Khan, Emperor Chengzong of Yuan",1265-10-15,,Unknown,Mercury,1,Sun-Mars|Jupiter-Saturn,2,None,0,False,False,True,False,False,False,False
Q4292,Magnus Gabriel De la Gardie,1622-10-15,Swedish statesman and military man,Politics_Government,Jupiter,1,Sun-Mercury|Venus-Mars|Jupiter-Saturn,3,Moon-Saturn|Mercury-Venus,2,False,False,False,False,False,True,False
Q4293,José Miguel Carrera,1785-10-15,Chilean general and politician,Politics_Government,Mercury,1,None,0,Sun-Venus,1,False,False,True,False,False,False,False
Q4294,James Tissot,1836-10-15,French painter and illustrator,Writer_Journalism,Jupiter|Saturn,2,Mercury-Saturn,1,Sun-Venus|Jupiter-Moon,2,False,False,False,False,False,True,True
Q4295,P. G. Wodehouse,1881-10-15,English novelist and playwright,Writer_Journalism,None,0,None,0,Sun-Venus,1,False,False,False,False,False,False,False
Q4296,Adolf Brudes,1899-10-15,Polish-German racing driver,Other,None,0,Sun-Venus|Mercury-Venus|Mars-Jupiter,3,None,0,False,False,False,False,False,False,False
Q4297,Edwin O. Reischauer,1910-10-15,"Japanese-American scholar and diplomat, United States Ambassador to Japan",Academic_Science,Mercury,1,Sun-Mars|Sun-Jupiter|Mercury-Venus|Venus-Mars,4,None,0,False,False,True,False,False,False,False
Q4298,Agustina Bessa-Luís,1922-10-15,Portuguese author,Writer_Journalism,Mercury,1,Sun-Mercury|Sun-Jupiter|Mercury-Jupiter,3,None,0,False,False,True,False,False,False,False
Q4299,Jaan Rääts,1932-10-15,Estonian guitarist and composer,Other,None,0,Venus-Jupiter,1,Mars-Moon,1,False,False,False,False,False,False,False
Q4300,Hilo Chen,1942-10-15,Taiwanese-American painter,Other,Mercury|Jupiter,2,Sun-Mars|Mercury-Venus|Mercury-Mars|Venus-Mars,4,Jupiter-Moon,1,False,False,True,False,False,True,False
Q4301,Peter Richardson,1951-10-15,"English actor, director, and screenwriter",Actor_Media,Mercury,1,Sun-Mercury|Venus-Mars,2,None,0,False,False,True,False,False,False,False
Q4302,Stanley Menzo,1963-10-15,Dutch footballer and manager,Athlete,Mercury,1,None,0,None,0,False,False,True,False,False,False,False
Q4303,Fred Hoiberg,1972-10-15,American basketball player and coach,Athlete,None,0,None,0,None,0,False,False,False,False,False,False,False
Q4304,Keyshia Cole,1981-10-15,American singer-songwriter and producer,Actor_Media,None,0,Sun-Mercury|Sun-Jupiter|Mercury-Jupiter|Jupiter-Saturn,4,None,0,False,False,False,False,False,False,False
Q4305,Brock Nelson,1991-10-15,American ice hockey player,Athlete,None,0,Sun-Mars|Mercury-Mars|Venus-Jupiter,3,None,0,False,False,False,False,False,False,False
Q4306,Gian Galeazzo Visconti,1351-10-16,first Duke of Milan,Other,Moon|Mercury,2,None,0,None,0,False,True,True,False,False,False,False
Q4307,Anna Waser,1678-10-16,Swiss painter,Other,None,0,Moon-Mercury,1,Mercury-Venus,1,False,False,False,False,False,False,False
Q4308,Paul Hamilton,1762-10-16,"American soldier and politician, 3rd United States Secretary of the Navy",Politics_Government,None,0,None,0,Jupiter-Mars,1,False,False,False,False,False,False,False
Q4309,Austin F. Pike,1819-10-16,American lawyer and politician,Politics_Government,Mercury,1,Sun-Mercury|Sun-Venus|Mercury-Venus,3,Jupiter-Saturn,1,False,False,True,False,False,False,False
Q4310,Karl Kautsky,1854-10-16,"Czech-German journalist, philosopher, and theologian",Writer_Journalism,None,0,None,0,Mercury-Venus,1,False,False,False,False,False,False,False
Q4311,William Orthwein,1881-10-16,American swimmer and water polo player,Athlete,None,0,None,0,Mercury-Venus,1,False,False,False,False,False,False,False
Q4312,Björn Berglund,1904-10-16,Swedish actor,Actor_Media,Mercury,1,None,0,None,0,False,False,True,False,False,False,False
Q4313,Paddy Finucane,1920-10-16,Irish fighter pilot and flying ace,Other,None,0,Mercury-Venus,1,None,0,False,False,False,False,False,False,False
Q4314,Mary Daly,1928-10-16,American philosopher and theologian,Religion,None,0,Moon-Venus,1,None,0,False,False,False,False,False,False,False
Q4315,"Carl Gunter, Jr.",1938-10-16,American politician,Politics_Government,None,0,Sun-Mercury,1,Jupiter-Saturn,1,False,False,False,False,False,False,False
Q4316,Angry Grandpa,1950-10-16,American internet personality,Other,Mercury,1,Sun-Venus|Mercury-Venus,2,None,0,False,False,True,False,False,False,False
Q4317,Guy LeBlanc,1960-10-16,Canadian keyboard player and songwriter,Athlete,None,0,Mercury-Venus,1,None,0,False,False,False,False,False,False,False
Q4318,Randall Batinkoff,1968-10-16,American actor and producer,Actor_Media,Mercury,1,Sun-Mercury,1,None,0,False,False,True,False,False,False,False
Q4319,Sue Bird,1980-10-16,Israeli-American basketball player,Athlete,None,0,Jupiter-Saturn,1,None,0,False,False,False,False,False,False,False
Q4320,Jonathan Schoop,1991-10-16,Curaçaoan baseball player,Athlete,None,0,Sun-Mars|Moon-Saturn|Mercury-Mars|Venus-Jupiter,4,None,0,False,False,False,False,False,False,False
Q4321,Lý Nam Đế,0503-10-17,first emperor of Vietnam,Politics_Government,None,0,Sun-Mercury|Moon-Jupiter|Venus-Mars,3,Moon-Saturn|Mercury-Venus,2,False,False,False,False,False,False,False
Q4322,Domenico Zipoli,1688-10-17,Italian missionary and composer,Other,Saturn,1,Sun-Mercury|Sun-Saturn|Mercury-Venus|Mercury-Saturn,4,None,0,False,False,False,False,False,False,True
Q4323,Louis Charles,1779-10-17,French prince of the blood,Other,Mercury,1,Sun-Venus|Mercury-Jupiter,2,None,0,False,False,True,False,False,False,False
Q4324,Yakiv Holovatsky,1814-10-17,"Ukrainian historian, scholar, and poet",Academic_Science,None,0,Venus-Mars,1,Mercury-Venus,1,False,False,False,False,False,False,False
Q4325,Childe Hassam,1859-10-17,American painter and illustrator,Writer_Journalism,Jupiter,1,Sun-Mercury|Sun-Venus|Mercury-Venus,3,None,0,False,False,False,False,False,True,False
Q4326,Haritina Korotkevich,1882-10-17,Russian war heroine,Other,None,0,Mercury-Mars,1,Mars-Venus,1,False,False,False,False,False,False,False
Q4327,Shinichi Suzuki,1898-10-17,Japanese violinist and educator,Other,None,0,Sun-Mercury|Sun-Jupiter|Mercury-Jupiter|Venus-Saturn,4,None,0,False,False,False,False,False,False,False
Q4328,Pope John Paul I,1912-10-17,,Unknown,None,0,Sun-Mars|Mercury-Mars,2,None,0,False,False,False,False,False,False,False
Q4329,Luiz Bonfá,1922-10-17,Brazilian guitarist and composer,Other,Mercury,1,Sun-Mercury|Sun-Jupiter|Mercury-Saturn,3,None,0,False,False,True,False,False,False,False
Q4330,Sydney Chapman,1935-10-17,"English architect and politician, Vice-Chamberlain of the Household",Politics_Government,None,0,Sun-Mercury,1,Sun-Venus,1,False,False,False,False,False,False,False
Q4331,Ronni Chasen,1946-10-17,American publicist,Other,None,0,Mercury-Mars,1,Mars-Venus,1,False,False,False,False,False,False,False
Q4332,Howard Alden,1958-10-17,American guitarist,Other,None,0,Sun-Venus|Moon-Saturn|Mercury-Jupiter,3,Mercury-Venus,1,False,False,False,False,False,False,False
Q4333,Alejandra Ávalos,1968-10-17,Mexican artist,Other,Mercury,1,Sun-Mercury,1,None,0,False,False,True,False,False,False,False
Q4334,Jerry Flannery,1978-10-17,Irish rugby player and coach,Athlete,Jupiter,1,Venus-Mars,1,None,0,False,False,False,False,False,True,False
Q4335,Sergiy Gladyr,1988-10-17,Ukrainian basketball player,Athlete,Mercury,1,None,0,Sun-Venus,1,False,False,True,False,False,False,False
Q4336,Emperor Go-Shirakawa,1127-10-18,of Japan,Other,Mercury,1,Mercury-Jupiter|Mercury-Saturn|Jupiter-Saturn,3,None,0,False,False,True,False,False,False,False
Q4337,Justus Lipsius,1547-10-18,Belgian philologist and scholar,Academic_Science,Mercury,1,Mercury-Mars,1,Jupiter-Saturn,1,False,False,True,False,False,False,False
Q4338,Prince Eugene of Savoy,1663-10-18,,Unknown,None,0,Venus-Jupiter|Venus-Saturn|Jupiter-Saturn,3,Mars-Moon,1,False,False,False,False,False,False,False
Q4339,Mongkut,1804-10-18,Thai king,Politics_Government,Mercury,1,Mercury-Saturn,1,Sun-Venus,1,False,False,True,False,False,False,False
Q4340,Ernst Didring,1868-10-18,Swedish author,Writer_Journalism,None,0,Moon-Saturn,1,Sun-Venus|Mars-Moon,2,False,False,False,False,False,False,False
Q4341,Väinö Kivisalo,1882-10-18,Finnish politician,Politics_Government,None,0,Mercury-Mars,1,Mars-Venus,1,False,False,False,False,False,False,False
Q4342,Aarne Juutilainen,1904-10-18,Finnish army captain,Other,Mercury,1,Moon-Saturn,1,None,0,False,False,True,False,False,False,False
Q4343,Jerry Cooke,1921-10-18,Ukrainian-American photographer and journalist,Writer_Journalism,None,0,Venus-Jupiter|Venus-Saturn|Jupiter-Saturn,3,Mercury-Venus,1,False,False,False,False,False,False,False
Q4344,Chris Albertson,1931-10-18,"Icelandic-American historian, journalist, and producer",Actor_Media,Jupiter,1,Sun-Mercury,1,None,0,False,False,False,False,False,True,False
Q4345,"Timothy Bell, Baron Bell",1941-10-18,English businessman,Business,None,0,None,0,None,0,False,False,False,False,False,False,False
Q4346,Mike Antonovich,1951-10-18,American ice hockey player and coach,Athlete,Moon,1,Sun-Mercury|Venus-Mars,2,Sun-Venus,1,False,True,False,False,False,False,False
Q4347,Wynton Marsalis,1961-10-18,"American trumpet player, composer, and educator",Athlete,None,0,Mercury-Mars|Jupiter-Saturn,2,Mercury-Venus,1,False,False,False,False,False,False,False
Q4348,Doug Mirabelli,1970-10-18,American baseball player and coach,Athlete,Moon|Mercury,2,Sun-Mercury,1,None,0,False,True,True,False,False,False,False
Q4349,Birsen Yavuz,1980-10-18,Turkish sprinter and hurdler,Other,None,0,Jupiter-Saturn,1,Sun-Venus,1,False,False,False,False,False,False,False
Q4350,Laci Green,1989-10-18,"American YouTube personality, video blogger, sex educator, and activist",Other,Moon|Mercury,2,Sun-Mars,1,None,0,False,True,True,False,False,False,False
Q4351,Yingtian,0879-10-19,empress of the Khitan Liao Dynasty,Other,None,0,Sun-Venus|Moon-Mars|Mercury-Venus|Mercury-Jupiter|Venus-Jupiter,5,None,0,False,False,False,False,False,False,False
Q4352,"James Butler, 1st Duke of Ormonde",1610-10-19,"English-Irish general, academic, and politician, Lord Lieutenant of Ireland",Politics_Government,Jupiter,1,None,0,None,0,False,False,False,False,False,True,False
Q4353,Leigh Hunt,1784-10-19,English poet and critic,Writer_Journalism,Mercury,1,Sun-Mars,1,Jupiter-Saturn,1,False,False,True,False,False,False,False
Q4354,Bertha Knight Landes,1868-10-19,"American academic and politician, Mayor of Seattle",Politics_Government,None,0,None,0,Sun-Venus|Mars-Moon,2,False,False,False,False,False,False,False
Q4355,Salimuzzaman Siddiqui,1897-10-19,Pakistani chemist and scholar,Academic_Science,Mercury,1,Venus-Jupiter,1,None,0,False,False,True,False,False,False,False
Q4356,Subrahmanyan Chandrasekhar,1910-10-19,"Indian-American astrophysicist, astronomer, and mathematician, Nobel Prize laureate",Academic_Science,Mercury,1,Sun-Mars|Sun-Jupiter|Moon-Saturn|Mercury-Venus|Venus-Mars|Mars-Jupiter,6,None,0,False,False,True,False,False,False,False
Q4357,Jack Anderson,1922-10-19,American journalist and author,Writer_Journalism,Mercury,1,Sun-Jupiter|Moon-Mercury|Moon-Saturn|Mercury-Saturn,4,None,0,False,False,True,False,False,False,False
Q4358,Ed Emberley,1931-10-19,American author and illustrator,Writer_Journalism,Jupiter,1,Sun-Mercury,1,None,0,False,False,False,False,False,True,False
Q4359,"David Clark, Baron Clark of Windermere",1939-10-19,"Scottish academic and politician, Minister for the Cabinet Office",Politics_Government,Mars,1,Mercury-Venus,1,Mars-Saturn,1,False,False,False,False,True,False,False
Q4360,Giorgio Cavazzano,1947-10-19,Italian author and illustrator,Writer_Journalism,None,0,None,0,None,0,False,False,False,False,False,False,False
Q4361,Dan Gutman,1955-10-19,American author,Writer_Journalism,Mercury|Saturn,2,None,0,None,0,False,False,True,False,False,False,True
Q4362,Sinitta,1963-10-19,American-British singer,Actor_Media,Mercury,1,None,0,None,0,False,False,True,False,False,False,False
Q4363,Keith Foulke,1972-10-19,American baseball player,Athlete,None,0,None,0,Sun-Venus,1,False,False,False,False,False,False,False
Q4364,Leon Bott,1981-10-19,Australian rugby league player,Athlete,None,0,Sun-Mercury|Sun-Jupiter|Mercury-Jupiter|Jupiter-Saturn,4,None,0,False,False,False,False,False,False,False
Q4365,Colton Dixon,1991-10-19,American singer-songwriter and pianist,Actor_Media,None,0,Sun-Mars|Mercury-Mars|Venus-Jupiter,3,Sun-Venus,1,False,False,False,False,False,False,False
Q4366,Giovanni di Bernardo Rucellai,1475-10-20,Italian poet and playwright,Writer_Journalism,Mercury,1,Mercury-Venus,1,Moon-Saturn,1,False,False,True,False,False,False,False
Q4367,Stanisław Leszczyński,1677-10-20,King of Poland,Politics_Government,None,0,Mercury-Venus,1,Mars-Venus,1,False,False,False,False,False,False,False
Q4368,George Ormerod,1785-10-20,English historian and author,Writer_Journalism,Moon|Mercury,2,None,0,None,0,False,True,True,False,False,False,False
Q4369,John Burns,1858-10-20,"English union leader and politician, President of the Board of Trade",Politics_Government,Mercury,1,Sun-Mercury,1,None,0,False,False,True,False,False,False,False
Q4370,Prince Yasuhiko Asaka,1887-10-20,of Japan,Other,None,0,Mercury-Jupiter,1,Sun-Venus,1,False,False,False,False,False,False,False
Q4371,Frank Churchill,1901-10-20,American film composer,Actor_Media,None,0,Venus-Mars|Jupiter-Saturn,2,None,0,False,False,False,False,False,False,False
Q4372,Stéphane Hessel,1917-10-20,German-French activist and diplomat,Other,Mercury,1,Moon-Venus,1,None,0,False,False,True,False,False,False,False
Q4373,"Edward Douglas-Scott-Montagu, 3rd Baron Montagu of Beaulieu",1926-10-20,"English lieutenant and politician, founded the National Motor Museum",Politics_Government,None,0,None,0,Mercury-Venus,1,False,False,False,False,False,False,False
Q4374,Cancio Garcia,1937-10-20,Filipino lawyer and jurist,Law,Mercury,1,Sun-Mercury|Mars-Jupiter,2,None,0,False,False,True,False,False,False,False
Q4375,Diana Gittins,1946-10-20,"American-English sociologist, author, and academic",Academic_Science,None,0,Mercury-Mars,1,Mars-Venus,1,False,False,False,False,False,False,False
Q4376,Aaron Pryor,2016-10-20,"Aaron Pryor, American boxer",Athlete,Mercury,1,Sun-Mercury,1,None,0,False,False,True,False,False,False,False
Q4377,Norman Blake,1965-10-20,Scottish singer-songwriter and guitarist,Actor_Media,None,0,Venus-Mars,1,None,0,False,False,False,False,False,False,False
Q4378,Ronny Aukrust,1975-10-20,Norwegian politician,Politics_Government,Mercury,1,None,0,Sun-Venus,1,False,False,True,False,False,False,False
Q4379,James Sutton,1985-10-20,English race car driver,Other,None,0,None,0,Mercury-Venus,1,False,False,False,False,False,False,False
Q4380,Humberto Carrillo,1995-10-20,Mexican wrestler,Athlete,Mercury,1,None,0,None,0,False,False,True,False,False,False,False
Q4381,Hongwu Emperor,1328-10-21,of China,Other,None,0,None,0,Moon-Saturn|Mars-Mercury,2,False,False,False,False,False,False,False
Q4382,Henri de Boulainvilliers,1658-10-21,French nobleman,Other,Jupiter|Saturn,2,Sun-Mars|Sun-Saturn|Mars-Saturn,3,Mars-Venus,1,False,False,False,False,False,True,True
Q4383,Samuel Taylor Coleridge,1772-10-21,"English poet, philosopher, and critic",Writer_Journalism,Mercury,1,Venus-Saturn,1,Sun-Venus,1,False,False,True,False,False,False,False
Q4384,Giuseppe Giacosa,1847-10-21,Italian poet and playwright,Writer_Journalism,None,0,None,0,Mercury-Venus,1,False,False,False,False,False,False,False
Q4385,Krishna Singh,1887-10-21,"Indian lawyer and politician, 1st Chief Minister of Bihar",Politics_Government,None,0,None,0,Sun-Venus,1,False,False,False,False,False,False,False
Q4386,Niyazi Berkes,1908-10-21,Cypriot-English sociologist and academic,Academic_Science,None,0,Moon-Venus|Moon-Jupiter|Venus-Jupiter,3,Sun-Venus,1,False,False,False,False,False,False,False
Q4387,Jim Wallwork,1919-10-21,English-Canadian sergeant and pilot,Other,Jupiter,1,Venus-Saturn|Mars-Saturn,2,Sun-Venus,1,False,False,False,False,False,True,False
Q4388,Fritz Wintersteller,1927-10-21,Austrian mountaineer,Other,None,0,Sun-Mars|Moon-Venus,2,Sun-Venus,1,False,False,False,False,False,False,False
Q4389,Said Afandi al-Chirkawi,1937-10-21,Russian spiritual leader and scholar,Academic_Science,Mercury,1,Sun-Mercury|Mars-Jupiter,2,None,0,False,False,True,False,False,False,False
Q4390,Everett McGill,1945-10-21,American actor,Actor_Media,None,0,Mars-Saturn,1,Mercury-Venus,1,False,False,False,False,False,False,False
Q4391,Brian Tobin,1954-10-21,"Canadian journalist and politician, 6th Premier of Newfoundland",Politics_Government,Mars|Jupiter|Saturn,3,Mercury-Saturn,1,None,0,False,False,False,False,True,True,True
Q4392,Jon Carin,1964-10-21,"American singer-songwriter, guitarist, and producer",Actor_Media,None,0,Sun-Mercury,1,Sun-Venus|Mars-Moon,2,False,False,False,False,False,False,False
Q4393,Hal Duncan,1971-10-21,Scottish author and poet,Writer_Journalism,Mars,1,Mercury-Venus,1,None,0,False,False,False,False,True,False,False
Q4394,Kim Kardashian,1980-10-21,"American reality television personality, actress, model, businesswoman and socialite",Actor_Media,None,0,Jupiter-Saturn,1,Sun-Venus,1,False,False,False,False,False,False,False
Q4395,Tonje Brenna,1987-10-21,Norwegian politician,Politics_Government,None,0,Moon-Mars|Mercury-Venus,2,None,0,False,False,False,False,False,False,False
Q4396,Qian Weijun,0955-10-22,king of Wuyue,Politics_Government,None,0,Moon-Mercury,1,Mercury-Venus,1,False,False,False,False,False,False,False
Q4397,"Maria Amalia, Holy Roman Empress",1701-10-22,,Unknown,None,0,Sun-Mercury,1,Jupiter-Saturn,1,False,False,False,False,False,False,False
Q4398,Leconte de Lisle,1818-10-22,French poet and author,Writer_Journalism,Mercury,1,None,0,Mars-Venus,1,False,False,True,False,False,False,False
Q4399,Prince Ludwig Ferdinand of Bavaria,1859-10-22,,Unknown,Jupiter,1,Sun-Mercury|Sun-Venus|Mercury-Venus,3,None,0,False,False,False,False,False,True,False
Q4400,Erik Bergman,1886-10-22,Swedish minister,Politics_Government,None,0,Venus-Jupiter,1,Mercury-Venus,1,False,False,False,False,False,False,False
Q4401,Dámaso Alonso,1898-10-22,Spanish poet and philologist,Writer_Journalism,None,0,Sun-Mercury|Sun-Jupiter|Venus-Saturn,3,None,0,False,False,False,False,False,False,False
Q4402,Robert Capa,1913-10-22,Hungarian-American photographer and journalist,Writer_Journalism,None,0,Moon-Mars,1,Mercury-Venus,1,False,False,False,False,False,False,False
Q4403,Slater Martin,1925-10-22,American basketball player and coach,Athlete,Saturn,1,Mercury-Saturn,1,None,0,False,False,False,False,False,False,True
Q4404,Alan Ladd Jr.,1937-10-22,American film producer and executive,Actor_Media,Moon,1,Sun-Mercury|Mars-Jupiter,2,Mercury-Venus,1,False,True,False,False,False,False,False
Q4405,Raymond Bachand,1947-10-22,Canadian lawyer and politician,Politics_Government,None,0,None,0,Moon-Saturn,1,False,False,False,False,False,False,False
Q4406,Alejandro Kuropatwa,1956-10-22,Argentine photographer,Other,Moon|Mercury,2,Venus-Jupiter,1,Sun-Venus|Mars-Saturn,2,False,True,True,False,False,False,False
Q4407,Dražen Petrović,1964-10-22,Croatian basketball player,Athlete,None,0,Sun-Mercury|Moon-Jupiter,2,Sun-Venus|Mars-Moon,2,False,False,False,False,False,False,False
Q4408,Saffron Burrows,1972-10-22,English-American actress<ref> See also:,Actor_Media,None,0,None,0,Sun-Venus,1,False,False,False,False,False,False,False
Q4409,Robinson Canó,1982-10-22,Dominican baseball player,Athlete,Mercury|Saturn,2,Sun-Venus|Sun-Saturn|Venus-Saturn,3,None,0,False,False,True,False,False,False,True
Q4410,21 Savage,1992-10-22,British-American rapper,Other,None,0,None,0,None,0,False,False,False,False,False,False,False
Q4411,Wen Yanbo,1006-10-23,Chinese grand chancellor,Other,Mars,1,Moon-Jupiter,1,None,0,False,False,False,False,True,False,False
Q4412,Pieter Burman the Younger,1713-10-23,"Dutch philologist, poet, and educator",Writer_Journalism,None,0,Sun-Mercury|Moon-Mars,2,Mercury-Venus,1,False,False,False,False,False,False,False
Q4413,Pierre Larousse,1817-10-23,French lexicographer and author,Writer_Journalism,Mercury,1,None,0,None,0,False,False,True,False,False,False,False
Q4414,John Heisman,1869-10-23,American football player and coach,Athlete,Moon,1,Sun-Mercury|Venus-Saturn,2,None,0,False,True,False,False,False,False,False
Q4415,Lawren Harris,1885-10-23,Canadian painter and educator,Other,None,0,Sun-Mercury,1,Mars-Moon,1,False,False,False,False,False,False,False
Q4416,Robert Eberan von Eberhorst,1902-10-23,Austrian engineer,Engineering_Tech,Mercury,1,Sun-Mercury|Mercury-Venus,2,Jupiter-Saturn,1,False,False,True,False,False,False,False
Q4417,Manolis Andronikos,1919-10-23,Greek archaeologist and academic,Academic_Science,Jupiter,1,Sun-Moon|Mars-Saturn,2,Sun-Venus,1,False,False,False,False,False,True,False
Q4418,Unto Mononen,1930-10-23,Finnish musician,Actor_Media,Mercury,1,None,0,None,0,False,False,True,False,False,False,False
Q4419,Charlie Foxx,1939-10-23,American R&B/soul singer and guitarist,Actor_Media,Mars,1,Mercury-Venus,1,Mars-Saturn,1,False,False,False,False,True,False,False
Q4420,Abdel Aziz al-Rantisi,1947-10-23,co-founder of the Palestinian movement Hamas,Other,None,0,None,0,Moon-Saturn,1,False,False,False,False,False,False,False
Q4421,Adam Nawałka,1956-10-23,Polish football player and manager,Athlete,Moon|Mercury,2,Venus-Jupiter,1,Sun-Venus|Mars-Saturn,2,False,True,True,False,False,False,False
Q4422,Augusten Burroughs,1965-10-23,American author and screenwriter,Writer_Journalism,None,0,Venus-Mars,1,None,0,False,False,False,False,False,False,False
Q4423,Michelle Beadle,1975-10-23,American sportscaster,Other,Moon|Mercury,2,None,0,Sun-Venus,1,False,True,True,False,False,False,False
Q4424,Filippos Darlas,1983-10-23,Greek footballer,Athlete,Saturn,1,Sun-Mercury|Sun-Saturn|Venus-Mars,3,Sun-Venus,1,False,False,False,False,False,False,True
Q4425,Josh Ruffels,1993-10-23,English footballer,Athlete,None,0,Sun-Jupiter|Mercury-Mars,2,Mercury-Venus,1,False,False,False,False,False,False,False
Q4426,"David Stewart, Duke of Rothesay",1378-10-24,heir to the throne of Scotland,Other,None,0,Sun-Mercury|Venus-Jupiter,2,None,0,False,False,False,False,False,False,False
Q4427,Dorothea von Schlegel,1763-10-24,German author and translator,Writer_Journalism,Moon,1,Sun-Venus,1,None,0,False,True,False,False,False,False,False
Q4428,James S. Sherman,1855-10-24,"American lawyer and politician, 27th Vice President of the United States",Politics_Government,None,0,None,0,Mercury-Venus,1,False,False,False,False,False,False,False
Q4429,Emil Fjellström,1884-10-24,Swedish actor,Actor_Media,None,0,Sun-Mercury,1,Sun-Venus,1,False,False,False,False,False,False,False
Q4430,Teikō Shiotani,1899-10-24,Japanese photographer,Other,None,0,Mercury-Venus|Mercury-Mars|Mercury-Jupiter|Venus-Jupiter|Mars-Jupiter,5,None,0,False,False,False,False,False,False,False
Q4431,Stella Brooks,1910-10-24,American singer,Actor_Media,Mercury,1,Sun-Jupiter|Mercury-Venus|Mercury-Mars|Venus-Mars|Venus-Jupiter|Mars-Jupiter,6,None,0,False,False,True,False,False,False,False
Q4432,Frank Piasecki,1919-10-24,American engineer and pilot,Engineering_Tech,Jupiter,1,Sun-Moon|Mars-Saturn,2,Sun-Venus,1,False,False,False,False,False,True,False
Q4433,Hubert Aquin,1929-10-24,"Canadian activist, author, and director",Actor_Media,Mercury,1,Mercury-Venus,1,None,0,False,False,True,False,False,False,False
Q4434,Miguel Ángel Coria,1937-10-24,Spanish composer and educator,Other,None,0,Sun-Mercury|Mars-Jupiter,2,Mercury-Venus,1,False,False,False,False,False,False,False
Q4435,Jerry Edmonton,1946-10-24,Canadian drummer,Other,None,0,Sun-Moon|Sun-Jupiter|Mercury-Mars,3,Mars-Venus,1,False,False,False,False,False,False,False
Q4436,Cheryl Studer,1955-10-24,American soprano and actress,Actor_Media,Mercury|Saturn,2,Mercury-Mars|Venus-Saturn,2,None,0,False,False,True,False,False,False,True
Q4437,Kyriakos Velopoulos,1965-10-24,German-Greek journalist and politician,Politics_Government,None,0,Sun-Moon|Venus-Mars,2,None,0,False,False,False,False,False,False,False
Q4438,Meelis Friedenthal,1973-10-24,Estonian author and academic,Academic_Science,None,0,None,0,None,0,False,False,False,False,False,False,False
Q4439,Fairuz Fauzy,1982-10-24,Malaysian race car driver,Other,Mercury|Saturn,2,Sun-Venus|Sun-Saturn|Venus-Saturn,3,None,0,False,False,True,False,False,False,True
Q4440,Torstein Andersen Aase,1991-10-24,Norwegian footballer,Athlete,None,0,Sun-Mars|Venus-Jupiter,2,Sun-Venus,1,False,False,False,False,False,False,False
Q4441,Ya'qub ibn al-Layth al-Saffar,0840-10-25,founder of the Saffarid dynasty,Other,None,0,Sun-Mars,1,None,0,False,False,False,False,False,False,False
Q4442,Georg Gebel,1709-10-25,German organist and composer,Other,None,0,Sun-Jupiter|Moon-Saturn|Mercury-Mars,3,Mars-Venus,1,False,False,False,False,False,False,False
Q4443,Victoire de Donnissan de La Rochejaquelein,1772-10-25,French memoirist,Other,None,0,Moon-Mercury|Venus-Saturn,2,Sun-Venus,1,False,False,False,False,False,False,False
Q4444,Évariste Galois,1811-10-25,French mathematician and theorist,Academic_Science,Mercury,1,Sun-Venus,1,None,0,False,False,True,False,False,False,False
Q4445,Karl August Otto Hoffmann,1853-10-25,German botanist,Other,None,0,None,0,None,0,False,False,False,False,False,False,False
Q4446,Bohumír Šmeral,1880-10-25,Czech politician,Politics_Government,None,0,Sun-Mars|Mercury-Venus,2,Mars-Venus,1,False,False,False,False,False,False,False
Q4447,Nell Shipman,1892-10-25,"Canadian-American actress, screenwriter, and producer",Actor_Media,Mars,1,None,0,Sun-Venus,1,False,False,False,False,True,False,False
Q4448,Bob McPhail,1905-10-25,Scottish footballer,Athlete,None,0,None,0,Mercury-Venus,1,False,False,False,False,False,False,False
Q4449,David Ausubel,1918-10-25,American psychologist,Other,None,0,Sun-Mercury|Sun-Venus|Moon-Jupiter,3,None,0,False,False,False,False,False,False,False
Q4450,Harold Brodkey,1930-10-25,American author and academic,Academic_Science,None,0,None,0,Mars-Moon,1,False,False,False,False,False,False,False
Q4451,Terumasa Hino,1942-10-25,Japanese jazz trumpeter,Other,Mercury|Jupiter,2,Sun-Venus|Sun-Mars|Venus-Mars,3,None,0,False,False,True,False,False,True,False
Q4452,Mike Eruzione,1954-10-25,American ice hockey player and coach,Athlete,Mars|Jupiter|Saturn,3,Mercury-Saturn,1,None,0,False,False,False,False,True,True,True
Q4453,Zana Briski,1966-10-25,British photographer and filmmaker,Actor_Media,Jupiter,1,Sun-Venus|Moon-Saturn,2,None,0,False,False,False,False,False,True,False
Q4454,Russell Anderson,1978-10-25,Scottish footballer,Athlete,Jupiter,1,Mercury-Venus|Mercury-Mars|Venus-Mars,3,None,0,False,False,False,False,False,True,False
Q4455,Mattia Cattaneo,1990-10-25,Italian cyclist,Athlete,Jupiter,1,Sun-Mercury|Sun-Venus|Moon-Saturn|Mercury-Venus,4,Jupiter-Moon,1,False,False,False,False,False,True,False
Q4456,"Edmund Grey, 1st Earl of Kent",1416-10-26,"English politician, Lord High Treasurer",Politics_Government,None,0,Sun-Venus,1,None,0,False,False,False,False,False,False,False
Q4457,Charlotte de Sauve,1551-10-26,French courtesan,Other,Moon|Jupiter,2,Mercury-Mars,1,None,0,False,True,False,False,False,True,False
Q4458,Ivan Mane Jarnović,1747-10-26,Italian violinist and composer,Other,Saturn,1,Sun-Venus|Sun-Saturn|Venus-Saturn|Mars-Jupiter,4,None,0,False,False,False,False,False,False,True
Q4459,Miguel I of Portugal,1802-10-26,,Unknown,None,0,Sun-Moon,1,Mars-Mercury,1,False,False,False,False,False,False,False
Q4460,Guillermo Kahlo,1871-10-26,German-Mexican photographer,Other,Jupiter,1,Sun-Mercury,1,Mercury-Venus|Jupiter-Moon,2,False,False,False,False,False,True,False
Q4461,Runar Schildt,1888-10-26,Finnish author,Writer_Journalism,None,0,Venus-Jupiter,1,Jupiter-Mars,1,False,False,False,False,False,False,False
Q4462,George Bernard Flahiff,1905-10-26,Canadian cardinal,Other,None,0,Moon-Venus,1,Mercury-Venus,1,False,False,False,False,False,False,False
Q4463,François Mitterrand,1916-10-26,"French lawyer and politician, 21st President of France",Politics_Government,Mercury,1,Sun-Moon,1,Sun-Venus,1,False,False,True,False,False,False,False
Q4464,Warne Marsh,1927-10-26,American saxophonist,Other,None,0,Sun-Mars,1,Sun-Venus,1,False,False,False,False,False,False,False
Q4465,Eddie Henderson,1940-10-26,American trumpet player and educator,Athlete,None,0,Jupiter-Saturn,1,Sun-Venus|Mars-Mercury,2,False,False,False,False,False,False,False
Q4466,Bootsy Collins,1951-10-26,American singer-songwriter and bass player,Athlete,None,0,Moon-Venus|Moon-Mars|Venus-Mars,3,Sun-Venus,1,False,False,False,False,False,False,False
Q4467,Patrick Breen,1960-10-26,American actor,Actor_Media,None,0,None,0,Mars-Mercury,1,False,False,False,False,False,False,False
Q4468,Dian Bachar,1970-10-26,"American actor, director, and screenwriter",Actor_Media,None,0,Sun-Mercury,1,None,0,False,False,False,False,False,False,False
Q4469,Sam Brown,1981-10-26,"American actor, producer, and screenwriter",Actor_Media,Mercury,1,Moon-Mercury|Moon-Jupiter|Moon-Saturn|Mercury-Jupiter|Mercury-Saturn,5,None,0,False,False,True,False,False,False,False
Q4470,Mark Swanepoel,1990-10-26,South African rugby player,Athlete,Jupiter,1,Sun-Mercury|Sun-Venus|Mercury-Venus,3,None,0,False,False,False,False,False,True,False
Q4471,Emperor Ai of Tang,0892-10-27,Chinese emperor,Politics_Government,Saturn,1,Venus-Jupiter,1,None,0,False,False,False,False,False,False,True
Q4472,"Christian I, Duke of Saxe-Merseburg",1615-10-27,,Unknown,None,0,Sun-Mercury|Mars-Jupiter,2,None,0,False,False,False,False,False,False,False
Q4473,Stevens T. Mason,1811-10-27,"American lawyer and politician, 1st Governor of Michigan",Politics_Government,Mercury,1,Sun-Venus,1,None,0,False,False,True,False,False,False,False
Q4474,William Gillies,1868-10-27,"Australian politician, 21st Premier of Queensland",Politics_Government,None,0,None,0,Sun-Venus,1,False,False,False,False,False,False,False
Q4475,Peter Blume,1906-10-27,Belarusian-American painter and sculptor,Other,None,0,Moon-Saturn,1,Mars-Mercury,1,False,False,False,False,False,False,False
Q4476,Mihkel Mathiesen,1918-10-27,Estonian engineer and politician,Politics_Government,None,0,Sun-Mercury|Sun-Venus,2,None,0,False,False,False,False,False,False,False
Q4477,Gilles Vigneault,1928-10-27,Canadian singer-songwriter and poet,Actor_Media,None,0,Sun-Mercury,1,None,0,False,False,False,False,False,False,False
Q4478,Maurício de Sousa,1935-10-27,Brazilian journalist and cartoonist,Writer_Journalism,Mercury,1,Sun-Moon,1,Sun-Venus|Jupiter-Mars,2,False,False,True,False,False,False,False
Q4479,Carmen Argenziano,1943-10-27,American actor and producer,Actor_Media,None,0,Mars-Saturn,1,Sun-Venus,1,False,False,False,False,False,False,False
Q4480,K. K. Downing,1951-10-27,English guitarist and songwriter,Writer_Journalism,None,0,Moon-Venus|Venus-Mars,2,Sun-Venus,1,False,False,False,False,False,False,False
Q4481,Gordon Cowans,1958-10-27,English footballer,Athlete,None,0,Sun-Venus|Sun-Jupiter|Mercury-Jupiter,3,None,0,False,False,False,False,False,False,False
Q4482,Alain Auderset,1968-10-27,Swiss author and illustrator,Writer_Journalism,Mercury,1,Mars-Jupiter,1,None,0,False,False,True,False,False,False,False
Q4483,Jiří Jarošík,1977-10-27,Czech footballer,Athlete,None,0,Sun-Mercury,1,Mercury-Venus|Mars-Moon,2,False,False,False,False,False,False,False
Q4484,Yi Jianlian,1984-10-27,Chinese basketball player,Athlete,Saturn,1,Moon-Venus|Mercury-Saturn|Mars-Jupiter,3,None,0,False,False,False,False,False,False,True
Q4485,Shohei Takahashi,1991-10-27,Japanese footballer,Athlete,None,0,Sun-Mars,1,Sun-Venus,1,False,False,False,False,False,False,False
Q4486,"Henry III, Holy Roman Emperor",1017-10-28,,Unknown,Jupiter,1,Sun-Moon|Venus-Saturn,2,None,0,False,False,False,False,False,True,False
Q4487,Maria Anna of Neuburg,1667-10-28,Queen consort of Spain,Politics_Government,None,0,Sun-Mercury|Sun-Venus|Mercury-Venus,3,None,0,False,False,False,False,False,False,False
Q4488,Eliphalet Remington,1793-10-28,"American businessman, founded Remington Arms",Business,None,0,None,0,Mercury-Venus,1,False,False,False,False,False,False,False
Q4489,Auguste Escoffier,1846-10-28,French chef and author,Writer_Journalism,None,0,Moon-Saturn|Venus-Mars,2,None,0,False,False,False,False,False,False,False
Q4490,Vin Coutie,1881-10-28,Australian footballer,Athlete,None,0,None,0,Mars-Mercury,1,False,False,False,False,False,False,False
Q4491,Ambrogio Gianotti,1901-10-28,Italian partigiano and priest,Religion,None,0,Jupiter-Saturn,1,None,0,False,False,False,False,False,False,False
Q4492,Richard Doll,1912-10-28,English physiologist and epidemiologist,Other,Moon,1,Sun-Mars|Moon-Saturn,2,Mars-Venus,1,False,True,False,False,False,False,False
Q4493,Ian Hamilton Finlay,1925-10-28,"Bahamian-Scottish poet, sculptor, and gardener",Writer_Journalism,Saturn,1,Mercury-Saturn,1,None,0,False,False,False,False,False,False,True
Q4494,Garrincha,1933-10-28,Brazilian footballer,Athlete,None,0,Venus-Mars,1,None,0,False,False,False,False,False,False,False
Q4495,Terence Donovan,1942-10-28,English-Australian actor,Actor_Media,Mercury|Jupiter,2,Sun-Venus|Sun-Mars|Venus-Mars,3,None,0,False,False,True,False,False,True,False
Q4496,Annie Potts,1952-10-28,American actress,Actor_Media,None,0,None,0,Jupiter-Mars,1,False,False,False,False,False,False,False
Q4497,Erik Thorstvedt,1962-10-28,Norwegian footballer and manager,Athlete,Mercury,1,Sun-Moon,1,None,0,False,False,True,False,False,False,False
Q4498,Roxana Briban,1971-10-28,Romanian soprano and actress,Actor_Media,None,0,Moon-Mars|Mercury-Venus,2,None,0,False,False,False,False,False,False,False
Q4499,Milan Baroš,1981-10-28,Czech footballer,Athlete,Mercury,1,Sun-Moon|Mercury-Jupiter|Mercury-Saturn,3,None,0,False,False,True,False,False,False,False
Q4500,Lucy Bronze,1991-10-28,English footballer,Athlete,None,0,Sun-Mars,1,Sun-Venus,1,False,False,False,False,False,False,False
Q4501,Alessandro Achillini,1463-10-29,Italian physician and philosopher,Academic_Science,None,0,Sun-Mercury|Moon-Saturn,2,None,0,False,False,False,False,False,False,False
Q4502,Martin Folkes,1690-10-29,English mathematician and astronomer,Academic_Science,None,0,Sun-Mars|Mercury-Saturn,2,None,0,False,False,False,False,False,False,False
Q4503,Mieczysław Halka-Ledóchowski,1822-10-29,Russian-Polish cardinal,Other,None,0,None,0,None,0,False,False,False,False,False,False,False
Q4504,Narcisa de Leon,1877-10-29,Filipino film producer,Actor_Media,None,0,Mars-Saturn,1,None,0,False,False,False,False,False,False,False
Q4505,Joseph Goebbels,1897-10-29,"German lawyer and politician, Chancellor of Nazi Germany",Politics_Government,None,0,Sun-Mercury|Sun-Mars,2,Mercury-Venus,1,False,False,False,False,False,False,False
Q4506,Al Suomi,1913-10-29,American ice hockey player and referee,Athlete,None,0,Sun-Moon,1,Mars-Mercury,1,False,False,False,False,False,False,False
Q4507,Carl Djerassi,1923-10-29,"Austrian-American chemist, author, and playwright",Academic_Science,Saturn,1,Mercury-Saturn|Venus-Jupiter,2,None,0,False,False,False,False,False,False,True
Q4508,William Harrison,1933-10-29,American author and screenwriter,Writer_Journalism,None,0,Venus-Mars,1,None,0,False,False,False,False,False,False,False
Q4509,Don Simpson,1943-10-29,"American actor, producer, and screenwriter",Actor_Media,None,0,Sun-Moon|Sun-Mercury|Mars-Saturn,3,Sun-Venus,1,False,False,False,False,False,False,False
Q4510,Dirk Kempthorne,1951-10-29,"American businessman and politician, 49th United States Secretary of the Interior",Politics_Government,None,0,Venus-Mars,1,Sun-Venus,1,False,False,False,False,False,False,False
Q4511,Jesse Barfield,1959-10-29,American baseball player and coach,Athlete,None,0,Sun-Mars|Mercury-Jupiter,2,Sun-Venus,1,False,False,False,False,False,False,False
Q4512,Beth Chapman,1967-10-29,American reality television star,Actor_Media,None,0,Sun-Mercury|Moon-Venus,2,Sun-Venus,1,False,False,False,False,False,False,False
Q4513,R. A. Dickey,1974-10-29,American baseball player,Athlete,None,0,Sun-Venus|Sun-Mars|Mercury-Venus|Mercury-Mars|Venus-Mars,5,None,0,False,False,False,False,False,False,False
Q4514,Ariel Lin,1982-10-29,Taiwanese actress and singer,Actor_Media,Mercury|Saturn,2,Sun-Venus|Mercury-Saturn|Venus-Saturn,3,None,0,False,False,True,False,False,False,True
Q4515,Irina Karamanos,1989-10-29,"Chilean anthropologist and political scientist, First Lady of Chile",Academic_Science,None,0,Sun-Moon|Sun-Mercury|Moon-Mercury|Mercury-Mars,4,Mars-Venus,1,False,False,False,False,False,False,False
Q4516,Emperor Chūkyō,1218-10-30,of Japan,Other,Saturn,1,Sun-Mars|Sun-Saturn|Mars-Saturn,3,Mars-Venus,1,False,False,False,False,False,False,True
Q4517,Sophia Charlotte of Hanover,1668-10-30,,Unknown,None,0,None,0,Mercury-Venus,1,False,False,False,False,False,False,False
Q4518,Ignace Bourget,1799-10-30,Canadian bishop,Religion,None,0,Sun-Mercury|Venus-Mars,2,Mercury-Venus,1,False,False,False,False,False,False,False
Q4519,Arthur Scherbius,1878-10-30,"German electrical engineer, invented the Enigma machine",Engineering_Tech,None,0,Sun-Mercury|Venus-Mars,2,Jupiter-Saturn,1,False,False,False,False,False,False,False
Q4520,Jean Rostand,1894-10-30,French biologist and philosopher,Other,Saturn,1,Sun-Venus|Sun-Saturn|Moon-Mercury|Venus-Saturn,4,None,0,False,False,False,False,False,False,True
Q4521,Sol Tax,1907-10-30,American anthropologist and academic,Academic_Science,Mars|Jupiter,2,Moon-Jupiter,1,None,0,False,False,False,False,True,True,False
Q4522,Bobby Bragan,1917-10-30,"American baseball player, coach, and manager",Athlete,None,0,Sun-Mercury,1,None,0,False,False,False,False,False,False,False
Q4523,Joe Adcock,1927-10-30,American baseball player and manager,Athlete,None,0,Sun-Mars,1,Sun-Venus,1,False,False,False,False,False,False,False
Q4524,Polina Astakhova,1936-10-30,Ukrainian gymnast and trainer,Other,None,0,None,0,None,0,False,False,False,False,False,False,False
Q4525,Henry Winkler,1945-10-30,"American actor, comedian, director, and producer",Actor_Media,None,0,Venus-Jupiter|Mars-Saturn,2,None,0,False,False,False,False,False,False,False
Q4526,Mahmoud El Khatib,1954-10-30,Egyptian footballer,Athlete,Mars|Jupiter|Saturn,3,Sun-Mercury|Sun-Saturn|Mercury-Saturn,3,None,0,False,False,False,False,True,True,True
Q4527,Danny Tartabull,1962-10-30,Puerto Rican baseball player,Athlete,Mercury,1,Moon-Venus,1,Mars-Moon,1,False,False,True,False,False,False,False
Q4528,Jessica Hynes,1972-10-30,"English actress, producer, and screenwriter",Actor_Media,None,0,None,0,Mars-Mercury,1,False,False,False,False,False,False,False
Q4529,Andy Greene,1982-10-30,American ice hockey player,Athlete,Saturn,1,Sun-Venus|Mercury-Saturn,2,None,0,False,False,False,False,False,False,True
Q4530,Joe Panik,1990-10-30,American baseball player,Athlete,Jupiter,1,Sun-Mercury|Sun-Venus|Mercury-Venus,3,None,0,False,False,False,False,False,True,False
Q4531,Ferdinand I,1345-10-31,king of Portugal,Politics_Government,None,0,Sun-Mercury|Moon-Venus|Jupiter-Saturn,3,Mercury-Venus,1,False,False,False,False,False,False,False
Q4532,Johannes Vermeer,1632-10-31,Dutch painter,Other,Moon,1,None,0,None,0,False,True,False,False,False,False,False
Q4533,Hedvig Taube,1714-10-31,Swedish courtier,Other,None,0,Mars-Saturn,1,None,0,False,False,False,False,False,False,False
Q4534,Paolo Mantegazza,1831-10-31,"Italian neurologist, physiologist, and anthropologist",Other,None,0,Mercury-Mars,1,Mercury-Venus,1,False,False,False,False,False,False,False
Q4535,Saint Geevarghese Mar Dionysius of Vattasseril,1858-10-31,Indian Orthodox Saint,Other,None,0,Sun-Mercury,1,None,0,False,False,False,False,False,False,False
Q4536,Chiang Kai-shek,1887-10-31,"Chinese general and politician, 1st President of the Republic of China",Politics_Government,None,0,Sun-Jupiter,1,None,0,False,False,False,False,False,False,False
Q4537,Edgar Sampson,1907-10-31,American musician and composer,Actor_Media,Mars|Jupiter,2,None,0,None,0,False,False,False,False,True,True,False
Q4538,Dick Francis,1920-10-31,Welsh-Caymanian jockey and author,Writer_Journalism,None,0,None,0,None,0,False,False,False,False,False,False,False
Q4539,Phil Goyette,1933-10-31,Canadian ice hockey player and coach,Athlete,None,0,Venus-Mars,1,None,0,False,False,False,False,False,False,False
Q4540,Elliott Forbes-Robinson,1943-10-31,American race car driver,Other,None,0,Sun-Mercury|Mars-Saturn,2,Sun-Venus,1,False,False,False,False,False,False,False
Q4541,Bernard Edwards,1952-10-31,"American bass player, songwriter, and producer",Athlete,None,0,None,0,Jupiter-Mars,1,False,False,False,False,False,False,False
Q4542,Jonathan Borden,1962-10-31,American neurosurgeon and academic,Academic_Science,Mercury,1,None,0,Mars-Moon,1,False,False,True,False,False,False,False
Q4543,Alphonso Ford,1971-10-31,American basketball player,Athlete,None,0,Mercury-Venus,1,None,0,False,False,False,False,False,False,False
Q4544,Jordan Bannister,1982-10-31,Australian footballer and umpire,Athlete,Saturn,1,Sun-Venus|Mercury-Saturn,2,None,0,False,False,False,False,False,False,True
Q4545,JID,1990-10-31,American rapper,Other,Jupiter,1,Sun-Mercury|Sun-Venus|Mercury-Venus,3,Jupiter-Moon,1,False,False,False,False,False,True,False
Q4546,Louis the Stammerer,0846-11-01,Frankish king,Politics_Government,None,0,Moon-Mars|Venus-Mars,2,None,0,False,False,False,False,False,False,False
Q4547,Étienne de La Boétie,1530-11-01,French philosopher and judge,Law,None,0,Moon-Mercury|Mars-Jupiter,2,Mars-Mercury,1,False,False,False,False,False,False,False
Q4548,Oliver Plunkett,1625-11-01,Irish archbishop and saint,Religion,None,0,None,0,Mercury-Venus,1,False,False,False,False,False,False,False
Q4549,Garlieb Merkel,1769-11-01,German author and activist,Writer_Journalism,None,0,Sun-Mars|Mercury-Jupiter,2,None,0,False,False,False,False,False,False,False
Q4550,William Merritt Chase,1849-11-01,American painter and educator,Other,None,0,None,0,Mercury-Venus,1,False,False,False,False,False,False,False
Q4551,Hermann Broch,1886-11-01,Austrian-American author and poet,Writer_Journalism,None,0,Sun-Venus,1,None,0,False,False,False,False,False,False,False
Q4552,Paul-Émile Borduas,1905-11-01,Canadian-French painter and educator,Other,None,0,None,0,Mercury-Venus,1,False,False,False,False,False,False,False
Q4553,Ken Miles,1918-11-01,English-American race car driver,Other,None,0,Sun-Venus,1,None,0,False,False,False,False,False,False,False
Q4554,Nicholas Mavroules,1929-11-01,American lawyer and politician,Politics_Government,None,0,Sun-Moon|Mercury-Venus,2,Mercury-Venus,1,False,False,False,False,False,False,False
Q4555,Nicholasa Mohr,1938-11-01,Puerto Rican American Nuyorican writer,Writer_Journalism,None,0,Moon-Jupiter,1,Jupiter-Saturn,1,False,False,False,False,False,False,False
Q4556,Amani Abeid Karume,1948-11-01,"Zanzibar accountant and politician, 6th President of Zanzibar",Politics_Government,Mercury,1,Sun-Moon,1,None,0,False,False,True,False,False,False,False
Q4557,Tim Cook,1960-11-01,"American businessman and engineer, current CEO of Apple Inc.",Business,None,0,None,0,None,0,False,False,False,False,False,False,False
Q4558,Sherwin Campbell,1970-11-01,Barbadian cricketer,Athlete,None,0,Sun-Mercury|Sun-Jupiter|Mercury-Jupiter|Venus-Jupiter,4,None,0,False,False,False,False,False,False,False
Q4559,Matt Jones,1981-11-01,American actor and comedian,Actor_Media,Mercury,1,Moon-Venus|Mercury-Jupiter|Mercury-Saturn,3,Jupiter-Venus,1,False,False,True,False,False,False,False
Q4560,Reece Brown,1991-11-01,English footballer,Athlete,None,0,Sun-Mars|Moon-Jupiter,2,Sun-Venus,1,False,False,False,False,False,False,False
Q4561,Mahmud of Ghazni,0971-11-02,,Unknown,None,0,Mars-Jupiter,1,Mars-Sun,1,False,False,False,False,False,False,False
Q4562,"Esmé Stewart, 2nd Duke of Richmond",1649-11-02,,Unknown,None,0,None,0,None,0,False,False,False,False,False,False,False
Q4563,John Light Atlee,1799-11-02,American physician and surgeon,Academic_Science,None,0,Sun-Mercury|Venus-Mars,2,Mercury-Venus,1,False,False,False,False,False,False,False
Q4564,Warren G. Harding,1865-11-02,"American journalist and politician, 29th President of the United States",Politics_Government,Saturn,1,Sun-Mercury|Sun-Mars|Sun-Saturn|Mercury-Mars,4,Mercury-Venus,1,False,False,False,False,False,False,True
Q4565,Nishinoumi Kajirō III,1890-11-02,"Japanese sumo wrestler, the 30th Yokozuna",Athlete,Mars,1,Mars-Jupiter,1,None,0,False,False,False,False,True,False,False
Q4566,Fred Bakewell,1908-11-02,English cricketer,Athlete,None,0,None,0,Mercury-Venus,1,False,False,False,False,False,False,False
Q4567,Warren Stevens,1919-11-02,American actor,Actor_Media,Jupiter,1,Mars-Saturn,1,None,0,False,False,False,False,False,True,False
Q4568,Gerry Alexander,1928-11-02,Jamaican cricketer and veterinarian,Athlete,None,0,Moon-Mars|Venus-Saturn,2,None,0,False,False,False,False,False,False,False
Q4569,Earl Carroll,1937-11-02,American singer,Actor_Media,Mars,1,Sun-Moon|Sun-Mercury|Mars-Jupiter,3,Mercury-Venus,1,False,False,False,False,True,False,False
Q4570,Giorgos Kolokithas,1945-11-02,Greek basketball player,Athlete,None,0,Moon-Venus|Moon-Jupiter|Venus-Jupiter|Mars-Saturn,4,None,0,False,False,False,False,False,False,False
Q4571,Carter Beauford,1957-11-02,American drummer and composer,Other,None,0,Sun-Mercury|Mars-Jupiter,2,None,0,False,False,False,False,False,False,False
Q4572,Nick Boles,1965-11-02,English businessman and politician,Politics_Government,None,0,Venus-Mars,1,None,0,False,False,False,False,False,False,False
Q4573,Ben Graham,1973-11-02,Australian footballer,Athlete,None,0,Moon-Jupiter,1,None,0,False,False,False,False,False,False,False
Q4574,Monica Iozzi,1981-11-02,Brazilian actress,Actor_Media,Mercury,1,Mercury-Jupiter|Mercury-Saturn,2,Jupiter-Venus,1,False,False,True,False,False,False,False
Q4575,Christopher Dibon,1990-11-02,Austrian footballer,Athlete,Jupiter,1,Sun-Mercury|Sun-Venus|Mercury-Venus,3,None,0,False,False,False,False,False,True,False
Q4576,Benvenuto Cellini,1500-11-03,Italian sculptor and painter,Other,None,0,Sun-Venus|Mercury-Mars,2,None,0,False,False,False,False,False,False,False
Q4577,Hui-bin Jang,1659-11-03,Royal consort,Other,Saturn,1,Sun-Venus|Sun-Saturn|Venus-Saturn,3,None,0,False,False,False,False,False,False,True
Q4578,John Mitchel,1815-11-03,Irish journalist and activist,Writer_Journalism,None,0,None,0,None,0,False,False,False,False,False,False,False
Q4579,Harry Staley,1866-11-03,American baseball player,Athlete,Saturn,1,Sun-Saturn,1,None,0,False,False,False,False,False,False,True
Q4580,Samuil Marshak,1887-11-03,Russian author and poet,Writer_Journalism,Moon,1,Sun-Jupiter,1,None,0,False,True,False,False,False,False,False
Q4581,Lois Mailou Jones,1905-11-03,American painter and academic,Academic_Science,None,0,None,0,None,0,False,False,False,False,False,False,False
Q4582,Annapurna Maharana,1917-11-03,Indian activist,Other,None,0,Sun-Mercury,1,Jupiter-Venus,1,False,False,False,False,False,False,False
Q4583,Harrison McCain,1927-11-03,"Canadian businessman, co-founded McCain Foods",Business,None,0,Sun-Mars,1,None,0,False,False,False,False,False,False,False
Q4584,Roy Emerson,1936-11-03,Australian-American tennis player and coach,Athlete,None,0,None,0,None,0,False,False,False,False,False,False,False
Q4585,Mazie Hirono,1947-11-03,"Japanese-American lawyer and politician, U.S. Senator from Hawaii",Politics_Government,None,0,Sun-Mercury|Venus-Jupiter|Mars-Saturn,3,None,0,False,False,False,False,False,False,False
Q4586,Cathy Jamieson,1956-11-03,"Scottish politician, 2nd Scottish Minister for Justice",Politics_Government,None,0,Sun-Mercury,1,Mercury-Venus|Mars-Saturn,2,False,False,False,False,False,False,False
Q4587,Algimantas Briaunis,1964-11-03,Lithuanian footballer and manager,Athlete,None,0,None,0,Mercury-Venus,1,False,False,False,False,False,False,False
Q4588,Tariq Abdul-Wahad,1974-11-03,French basketball player and coach,Athlete,None,0,Sun-Venus|Sun-Mars|Venus-Mars,3,None,0,False,False,False,False,False,False,False
Q4589,Julie Berman,1983-11-03,American actress,Actor_Media,Saturn,1,Sun-Mercury|Sun-Saturn|Mercury-Saturn|Venus-Mars,4,Mercury-Venus,1,False,False,False,False,False,False,True
Q4590,Joe Clarke,1992-11-03,English slalom canoeist,Other,None,0,None,0,Mars-Mercury,1,False,False,False,False,False,False,False
Q4591,Alfonso II of Naples,1448-11-04,,Unknown,Mars,1,Sun-Venus|Sun-Jupiter|Moon-Mercury|Venus-Jupiter,4,None,0,False,False,False,False,True,False,False
Q4592,Samuel Carpenter,1649-11-04,Deputy Governor of colonial Pennsylvania,Politics_Government,None,0,Sun-Moon,1,None,0,False,False,False,False,False,False,False
Q4593,Henry J. Lutcher,1836-11-04,American businessman,Business,Jupiter|Saturn,2,Sun-Saturn|Mars-Jupiter,2,Mercury-Venus,1,False,False,False,False,False,True,True
Q4594,Charles Despiau,1874-11-04,French sculptor,Other,None,0,None,0,Mars-Mercury,1,False,False,False,False,False,False,False
Q4595,Dolly Stark,1897-11-04,American baseball player and umpire,Athlete,None,0,Sun-Mercury|Sun-Mars|Mercury-Mars,3,Mercury-Venus,1,False,False,False,False,False,False,False
Q4596,Dixie Lee,1911-11-04,American actress and singer,Actor_Media,None,0,Sun-Mercury|Mercury-Jupiter,2,Mercury-Venus,1,False,False,False,False,False,False,False
Q4597,Martin Balsam,1919-11-04,"American actor, director, and screenwriter",Actor_Media,Jupiter,1,Mars-Saturn,1,Jupiter-Moon,1,False,False,False,False,False,True,False
Q4598,James E. Brewton,1930-11-04,American painter,Other,None,0,Sun-Mercury,1,None,0,False,False,False,False,False,False,False
Q4599,Gail E. Haley,1939-11-04,American author and illustrator,Writer_Journalism,Mars,1,Mercury-Venus,1,Mars-Saturn,1,False,False,False,False,True,False,False
Q4600,Garo Aida,1949-11-04,Japanese photographer and author,Writer_Journalism,None,0,None,0,None,0,False,False,False,False,False,False,False
Q4601,Tony Abbott,1957-11-04,"English-Australian scholar and politician, 28th Prime Minister of Australia",Politics_Government,None,0,Sun-Mercury,1,None,0,False,False,False,False,False,False,False
Q4602,Yūko Mizutani,1964-11-04,Japanese voice actress and singer,Actor_Media,None,0,Sun-Moon,1,None,0,False,False,False,False,False,False,False
Q4603,Steven Ogg,1973-11-04,Canadian actor,Actor_Media,None,0,None,0,None,0,False,False,False,False,False,False,False
Q4604,Devin Hester,1982-11-04,American football player,Athlete,Moon|Saturn,2,Sun-Venus|Sun-Jupiter|Mercury-Saturn|Venus-Jupiter,4,None,0,False,True,False,False,False,False,True
Q4605,Alon Day,1991-11-04,Israeli race car driver,Other,None,0,Sun-Mars,1,None,0,False,False,False,False,False,False,False
Q4606,Ghazan,1271-11-05,Mongol ruler of the Ilkhanate,Other,None,0,Moon-Saturn|Venus-Mars,2,Jupiter-Mars,1,False,False,False,False,False,False,False
Q4607,Attilio Ariosti,1666-11-05,Italian viola player and composer,Athlete,None,0,Venus-Mars,1,Jupiter-Saturn,1,False,False,False,False,False,False,False
Q4608,Richard Cosway,1742-11-05,English painter,Other,None,0,Jupiter-Saturn,1,None,0,False,False,False,False,False,False,False
Q4609,Eugene V. Debs,1855-11-05,American union leader and politician,Politics_Government,None,0,Sun-Mercury,1,Mercury-Venus,1,False,False,False,False,False,False,False
Q4610,Will Durant,1885-11-05,American historian and philosopher,Writer_Journalism,None,0,None,0,None,0,False,False,False,False,False,False,False
Q4611,Margaret Atwood Judson,1899-11-05,American historian and author,Writer_Journalism,None,0,Sun-Jupiter|Moon-Mercury|Moon-Mars|Mercury-Venus|Mercury-Mars|Venus-Mars|Venus-Jupiter,7,None,0,False,False,False,False,False,False,False
Q4612,W. Allen Wallis,1912-11-05,American economist and statistician,Other,None,0,Sun-Mars|Venus-Jupiter,2,Mars-Venus,1,False,False,False,False,False,False,False
Q4613,Rudolf Augstein,1923-11-05,"German soldier and journalist, co-founder of ''Der Spiegel''",Writer_Journalism,Saturn,1,Sun-Mercury|Venus-Jupiter,2,None,0,False,False,False,False,False,False,True
Q4614,Lester Piggott,1935-11-05,English flat racing jockey and trainer,Other,None,0,Moon-Saturn,1,Mercury-Venus|Jupiter-Mars,2,False,False,False,False,False,False,False
Q4615,Friedman Paul Erhardt,1943-11-05,German-American chef and author,Writer_Journalism,None,0,Sun-Mercury|Mars-Saturn,2,Mercury-Venus,1,False,False,False,False,False,False,False
Q4616,Joyce Maynard,1953-11-05,"American journalist, author and academic",Academic_Science,Saturn,1,Moon-Venus|Moon-Saturn,2,Mars-Mercury,1,False,False,False,False,False,False,True
Q4617,Alan G. Poindexter,1961-11-05,"American captain, pilot and astronaut",Other,None,0,Mercury-Venus|Jupiter-Saturn,2,Mercury-Venus,1,False,False,False,False,False,False,False
Q4618,Javy López,1970-11-05,Puerto Rican-American baseball player,Athlete,None,0,Sun-Mercury|Sun-Venus|Sun-Jupiter|Mercury-Venus|Mercury-Jupiter|Venus-Jupiter,6,None,0,False,False,False,False,False,False,False
Q4619,Romi Dames,1979-11-05,Japanese-American actress,Actor_Media,Moon,1,Mercury-Venus,1,None,0,False,True,False,False,False,False,False
Q4620,Kevin Jonas,1987-11-05,"American singer-songwriter, guitarist and actor",Actor_Media,None,0,None,0,None,0,False,False,False,False,False,False,False
Q4621,"Edmund Mortimer, 5th Earl of March",1391-11-06,English politician,Politics_Government,None,0,Sun-Mercury|Sun-Mars|Venus-Jupiter,3,None,0,False,False,False,False,False,False,False
Q4622,George Ent,1604-11-06,English scientist,Academic_Science,None,0,None,0,None,0,False,False,False,False,False,False,False
Q4623,Joseph Smith III,1832-11-06,American religious leader,Religion,None,0,None,0,Mars-Venus,1,False,False,False,False,False,False,False
Q4624,James Naismith,1861-11-06,"Canadian-American physician and educator, invented basketball",Athlete,None,0,Jupiter-Saturn,1,Mars-Mercury,1,False,False,False,False,False,False,False
Q4625,Jack O'Connor,1897-11-06,English cricketer,Athlete,None,0,Sun-Mercury|Sun-Mars|Mercury-Mars,3,Mercury-Venus,1,False,False,False,False,False,False,False
Q4626,Harry Threadgold,1924-11-06,English footballer,Athlete,Saturn,1,Sun-Mercury|Sun-Saturn,2,Mercury-Venus,1,False,False,False,False,False,False,True
Q4627,François Englert,1932-11-06,"Belgian physicist and academic, Nobel Prize laureate",Academic_Science,None,0,None,0,None,0,False,False,False,False,False,False,False
Q4628,Johnny Giles,1940-11-06,Irish footballer and manager,Athlete,None,0,Jupiter-Saturn,1,Mars-Mercury,1,False,False,False,False,False,False,False
Q4629,Shaikh Rasheed Ahmad,1950-11-06,Pakistani politician,Politics_Government,None,0,Sun-Mercury|Sun-Venus|Moon-Saturn|Mercury-Venus,4,None,0,False,False,False,False,False,False,False
Q4630,Lance Kerwin,1960-11-06,American actor,Actor_Media,Moon,1,Sun-Mercury,1,None,0,False,True,False,False,False,False,False
Q4631,Shuzo Matsuoka,1967-11-06,Japanese tennis player and sportscaster,Athlete,None,0,Moon-Mars,1,Mercury-Venus,1,False,False,False,False,False,False,False
Q4632,Frank Vandenbroucke,1974-11-06,Belgian cyclist,Athlete,None,0,Sun-Venus|Sun-Mars|Venus-Mars,3,None,0,False,False,False,False,False,False,False
Q4633,Nicole Hosp,1983-11-06,Austrian skier,Other,Saturn,1,Sun-Mercury|Sun-Saturn|Venus-Mars,3,Mercury-Venus,1,False,False,False,False,False,False,True
Q4634,John Holland,1988-11-06,Puerto Rican-American basketball player,Athlete,None,0,Moon-Venus,1,Mercury-Venus,1,False,False,False,False,False,False,False
Q4635,Josh Wakefield,1993-11-06,English footballer,Athlete,None,0,Sun-Mercury|Venus-Jupiter,2,None,0,False,False,False,False,False,False,False
Q4636,Constans II,0630-11-07,Byzantine emperor,Politics_Government,None,0,Sun-Jupiter|Sun-Saturn|Jupiter-Saturn,3,Mars-Saturn,1,False,False,False,False,False,False,False
Q4637,John Robinson,1650-11-07,English bishop and diplomat,Religion,None,0,Sun-Jupiter,1,None,0,False,False,False,False,False,False,False
Q4638,Thomas Brassey,1805-11-07,English engineer and businessman,Business,Saturn,1,Sun-Mercury|Mars-Jupiter,2,None,0,False,False,False,False,False,False,True
Q4639,Bipin Chandra Pal,1858-11-07,Indian academic and activist,Academic_Science,Mars,1,Sun-Mercury,1,Jupiter-Venus,1,False,False,False,False,True,False,False
Q4640,Aron Nimzowitsch,1886-11-07,Russian-Danish chess player and theoretician,Athlete,None,0,Sun-Venus,1,None,0,False,False,False,False,False,False,False
Q4641,Nellie Campobello,1900-11-07,Mexican writer who chronicled the Mexican Revolution,Writer_Journalism,None,0,Mercury-Jupiter,1,None,0,False,False,False,False,False,False,False
Q4642,Archie Campbell,1914-11-07,"American actor, singer, and screenwriter",Actor_Media,None,0,Sun-Mercury|Moon-Saturn,2,None,0,False,False,False,False,False,False,False
Q4643,Joan Sutherland,1926-11-07,Australian soprano,Other,None,0,Sun-Venus|Moon-Mercury,2,None,0,False,False,False,False,False,False,False
Q4644,Al Attles,1936-11-07,American basketball player and coach,Athlete,None,0,Sun-Mercury|Venus-Jupiter,2,None,0,False,False,False,False,False,False,False
Q4645,Joe Niekro,1945-11-07,American baseball player,Athlete,None,0,Moon-Mercury|Mars-Saturn,2,Mars-Moon,1,False,False,False,False,False,False,False
Q4646,James Gray,1954-11-07,Scottish politician,Politics_Government,Mars|Jupiter|Saturn,3,Sun-Saturn,1,Jupiter-Moon,1,False,False,False,False,True,True,True
Q4647,Troy Beyer,1964-11-07,"American actress, director, and screenwriter",Actor_Media,None,0,None,0,None,0,False,False,False,False,False,False,False
Q4648,Catê,1973-11-07,Brazilian footballer and manager,Athlete,None,0,Sun-Mercury,1,None,0,False,False,False,False,False,False,False
Q4649,Pascal Leclaire,1982-11-07,Canadian ice hockey player,Athlete,Saturn,1,Sun-Mercury|Sun-Venus|Sun-Jupiter|Venus-Jupiter,4,None,0,False,False,False,False,False,False,True
Q4650,Felix Rosenqvist,1991-11-07,Swedish race car driver,Other,None,0,Sun-Mars|Moon-Mercury,2,None,0,False,False,False,False,False,False,False
Q4651,Alain de Coëtivy,1407-11-08,French cardinal,Other,None,0,Sun-Moon,1,Mars-Mercury|Jupiter-Venus,2,False,False,False,False,False,False,False
Q4652,Charles X Gustav of Sweden,1622-11-08,,Unknown,Jupiter,1,Jupiter-Saturn,1,Moon-Saturn|Mars-Mercury,2,False,False,False,False,False,True,False
Q4653,Henrik Gabriel Porthan,1739-11-08,Finnish professor and historian,Academic_Science,None,0,Sun-Mercury|Sun-Venus|Sun-Mars|Mercury-Venus|Mercury-Mars|Venus-Mars,6,Moon-Saturn,1,False,False,False,False,False,False,False
Q4654,Jean Casimir-Perier,1847-11-08,"French politician, 6th President of France",Politics_Government,None,0,Sun-Moon,1,None,0,False,False,False,False,False,False,False
Q4655,Arnold Bax,1883-11-08,English composer and poet,Writer_Journalism,Jupiter,1,Mars-Jupiter,1,None,0,False,False,False,False,False,True,False
Q4656,Cedric Belfrage,1904-11-08,"English-American journalist and author, co-founded the ''National Guardian''",Writer_Journalism,None,0,Sun-Mercury|Moon-Mercury,2,None,0,False,False,False,False,False,False,False
Q4657,Kazuo Sakamaki,1918-11-08,Japanese soldier,Other,None,0,Sun-Venus,1,None,0,False,False,False,False,False,False,False
Q4658,L. K. Advani,1927-11-08,"Indian lawyer and politician, 7th Deputy Prime Minister of India",Politics_Government,None,0,Sun-Mercury|Sun-Mars,2,Mercury-Venus,1,False,False,False,False,False,False,False
Q4659,Driss Basri,1938-11-08,Moroccan police officer and politician,Politics_Government,None,0,Mercury-Venus,1,Mars-Mercury|Jupiter-Saturn,2,False,False,False,False,False,False,False
Q4660,Michael Perham,1947-11-08,English bishop,Religion,None,0,Sun-Mercury|Venus-Jupiter|Mars-Saturn,3,None,0,False,False,False,False,False,False,False
Q4661,Mari Boine,1956-11-08,Norwegian singer-songwriter and producer,Actor_Media,None,0,Sun-Mercury,1,Mercury-Venus|Mars-Saturn,2,False,False,False,False,False,False,False
Q4662,Gordon Ramsay,1966-11-08,"British chef, restaurateur, and television host/personality",Actor_Media,Jupiter,1,Sun-Venus|Moon-Mars,2,None,0,False,False,False,False,False,True,False
Q4663,Antony Hickling,1975-11-08,"English film maker, actor",Actor_Media,None,0,None,0,Mercury-Venus,1,False,False,False,False,False,False,False
Q4664,Danielle Valore Evans,1983-11-08,American short story writer,Writer_Journalism,Saturn,1,Sun-Mercury|Sun-Saturn|Venus-Mars,3,Mercury-Venus,1,False,False,False,False,False,False,True
Q4665,Aaron Fotheringham,1991-11-08,American wheelchair athlete,Athlete,None,0,Sun-Mars|Moon-Mercury,2,None,0,False,False,False,False,False,False,False
Q4666,Gyeongjong,0955-11-09,Korean king,Politics_Government,None,0,None,0,Mercury-Venus,1,False,False,False,False,False,False,False
Q4667,Johannes Narssius,1580-11-09,Dutch physician and poet,Academic_Science,None,0,None,0,Mercury-Venus,1,False,False,False,False,False,False,False
Q4668,"Anna Amalia, Abbess of Quedlinburg",1723-11-09,,Unknown,None,0,Sun-Mercury|Sun-Venus|Mercury-Venus,3,None,0,False,False,False,False,False,False,False
Q4669,Ivan Turgenev,1818-11-09,Russian author and playwright,Writer_Journalism,None,0,Sun-Mercury|Sun-Mars|Mercury-Mars,3,None,0,False,False,False,False,False,False,False
Q4670,Maud Howe Elliott,1854-11-09,American activist and author,Writer_Journalism,None,0,None,0,None,0,False,False,False,False,False,False,False
Q4671,Jenő Bory,1879-11-09,Hungarian architect and sculptor,Engineering_Tech,None,0,None,0,Jupiter-Saturn,1,False,False,False,False,False,False,False
Q4672,Harvey Hendrick,1897-11-09,American baseball player,Athlete,None,0,Sun-Mercury|Sun-Mars|Mercury-Mars,3,None,0,False,False,False,False,False,False,False
Q4673,Martha Settle Putney,1916-11-09,"American lieutenant, historian, and educator",Writer_Journalism,None,0,None,0,Mercury-Venus,1,False,False,False,False,False,False,False
Q4674,Alistair Horne,1925-11-09,"English-American journalist, historian, and author",Writer_Journalism,Saturn,1,Sun-Saturn,1,None,0,False,False,False,False,False,False,True
Q4675,Bob Graham,1936-11-09,"American lawyer and politician, 38th Governor of Florida",Politics_Government,None,0,Sun-Mercury|Moon-Mars|Venus-Jupiter,3,None,0,False,False,False,False,False,False,False
Q4676,Benny Mardones,1946-11-09,American singer-songwriter,Actor_Media,None,0,Sun-Jupiter|Mercury-Venus|Mercury-Mars|Venus-Mars,4,None,0,False,False,False,False,False,False,False
Q4677,Thomas Quasthoff,1959-11-09,German opera singer,Actor_Media,None,0,Sun-Mars|Mercury-Jupiter,2,None,0,False,False,False,False,False,False,False
Q4678,Sandra Denton,1969-11-09,Jamaican-American rapper and actress,Actor_Media,Mars,1,Sun-Moon|Sun-Mercury|Moon-Mercury|Venus-Jupiter,4,Mars-Saturn,1,False,False,False,False,True,False,False
Q4679,Even Ormestad,1978-11-09,Norwegian bass player and producer,Athlete,Jupiter,1,Sun-Venus|Mercury-Mars,2,None,0,False,False,False,False,False,True,False
Q4680,Carl Gunnarsson,1986-11-09,Swedish ice hockey player,Athlete,Mars,1,Sun-Venus|Moon-Mars,2,Mars-Saturn,1,False,False,False,False,True,False,False
Q4681,Musa al-Kadhim,0745-11-10,the seventh Shia Imam,Religion,Saturn,1,Sun-Mercury,1,Mars-Mercury,1,False,False,False,False,False,False,True
Q4682,Gebhard Truchsess von Waldburg,1547-11-10,Archbishop of Cologne,Religion,None,0,Mercury-Venus|Mercury-Mars|Venus-Mars,3,Jupiter-Saturn,1,False,False,False,False,False,False,False
Q4683,Oliver Goldsmith,1728-11-10,"Irish-English author, poet, and playwright",Writer_Journalism,None,0,Mercury-Venus,1,None,0,False,False,False,False,False,False,False
Q4684,Andrés Avelino Cáceres,1836-11-10,"Peruvian general, President of Peru",Politics_Government,Jupiter|Saturn,2,Mars-Jupiter,1,Mercury-Venus|Mars-Moon,2,False,False,False,False,False,True,True
Q4685,Henri Rabaud,1873-11-10,French conductor and composer,Other,None,0,Mars-Saturn,1,None,0,False,False,False,False,False,False,False
Q4686,Carl Borgward,1890-11-10,"German engineer, founder of Borgward Group",Engineering_Tech,Mars,1,Sun-Mercury|Mars-Jupiter,2,None,0,False,False,False,False,True,False,False
Q4687,Noemí Gerstein,1908-11-10,Argentinian sculptor and illustrator,Writer_Journalism,Moon,1,None,0,Mercury-Venus,1,False,True,False,False,False,False,False
Q4688,Hachikō,1923-11-10,Japanese dog famous for his loyalty to his owner,Other,Saturn,1,Sun-Mercury|Venus-Jupiter,2,None,0,False,False,False,False,False,False,True
Q4689,Lucien Bianchi,1934-11-10,Italian-Belgian race car driver,Other,None,0,Sun-Venus|Mercury-Jupiter,2,None,0,False,False,False,False,False,False,False
Q4690,Terence Davies,1945-11-10,"English actor, director, and screenwriter",Actor_Media,None,0,Mars-Saturn,1,None,0,False,False,False,False,False,False,False
Q4691,Nigel Evans,1957-11-10,"Welsh politician, Shadow Secretary of State for Wales",Politics_Government,Moon,1,None,0,None,0,False,True,False,False,False,False,False
Q4692,Jackie Fairweather,1967-11-10,Australian runner and coach,Athlete,None,0,None,0,Mercury-Venus,1,False,False,False,False,False,False,False
Q4693,Martin Åslund,1976-11-10,Swedish footballer and sportscaster,Athlete,None,0,Sun-Mercury|Sun-Mars|Mercury-Mars,3,Jupiter-Venus,1,False,False,False,False,False,False,False
Q4694,Aaron Crow,1986-11-10,American baseball player,Athlete,Mars,1,Sun-Mercury|Moon-Jupiter,2,Mars-Saturn,1,False,False,False,False,True,False,False
Q4695,Ralfs Grīnbergs,1995-11-10,Latvian ice hockey player,Athlete,Moon,1,Sun-Mercury|Venus-Mars|Mars-Jupiter,3,None,0,False,True,False,False,False,False,False
Q4696,"Henry IV, Holy Roman Emperor",1050-11-11,,Unknown,None,0,Sun-Venus,1,Mars-Sun,1,False,False,False,False,False,False,False
Q4697,Paracelsus,1493-11-11,"Swiss-German physician, botanist, astrologer, and occultist",Academic_Science,None,0,Moon-Jupiter,1,None,0,False,False,False,False,False,False,False
Q4698,Carl Peter Thunberg,1743-11-11,"Swedish botanist, entomologist, and psychologist",Other,None,0,Moon-Saturn|Mercury-Venus,2,None,0,False,False,False,False,False,False,False
Q4699,Janet Erskine Stuart,1857-11-11,English nun and educator,Other,None,0,Sun-Mercury|Moon-Mars,2,None,0,False,False,False,False,False,False,False
Q4700,Gustaf VI Adolf of Sweden,1882-11-11,,Unknown,None,0,Sun-Moon|Moon-Mars,2,None,0,False,False,False,False,False,False,False
Q4701,Shirley Graham Du Bois,1896-11-11,"American author, playwright, composer, and activist",Writer_Journalism,Saturn,1,Sun-Saturn,1,None,0,False,False,False,False,False,False,True
Q4702,Robert Ryan,1909-11-11,American actor,Actor_Media,None,0,Moon-Mercury,1,None,0,False,False,False,False,False,False,False
Q4703,Roy Jenkins,1920-11-11,"British politician, President of the European Commission",Politics_Government,None,0,Moon-Mercury|Jupiter-Saturn,2,None,0,False,False,False,False,False,False,False
Q4704,Germano Mosconi,1932-11-11,Italian journalist,Writer_Journalism,None,0,None,0,None,0,False,False,False,False,False,False,False
Q4705,Doug Frost,1943-11-11,Australian swim coach,Other,None,0,Sun-Mercury|Mars-Saturn,2,Mercury-Venus,1,False,False,False,False,False,False,False
Q4706,Steve Brain,1954-11-11,English rugby player,Athlete,Moon|Mars|Jupiter|Saturn,4,Sun-Venus|Sun-Saturn,2,None,0,False,True,False,False,True,True,True
Q4707,Billy Gunn,1963-11-11,American wrestler and actor,Athlete,None,0,Sun-Mercury|Venus-Mars,2,None,0,False,False,False,False,False,False,False
Q4708,Jon B.,1974-11-11,American singer-songwriter and producer,Actor_Media,None,0,Sun-Venus,1,None,0,False,False,False,False,False,False,False
Q4709,Stephen Hunt,1984-11-11,English footballer,Athlete,Moon|Mars|Saturn,3,Sun-Saturn,1,None,0,False,True,False,False,True,False,True
Q4710,Sofía Luini,1992-11-11,Argentine tennis player,Athlete,Moon,1,None,0,None,0,False,True,False,False,False,False,False
Q4711,"Jacques of Savoy, Count of Romont",1450-11-12,Prince of Savoy,Other,None,0,Sun-Mercury|Venus-Jupiter,2,None,0,False,False,False,False,False,False,False
Q4712,Richard Baxter,1615-11-12,"English minister, poet, and theologian",Politics_Government,None,0,Mercury-Mars|Mercury-Jupiter|Mars-Jupiter,3,None,0,False,False,False,False,False,False,False
Q4713,Piet Retief,1780-11-12,South African ruler,Other,Moon,1,Mercury-Saturn|Venus-Mars,2,Mars-Mercury,1,False,True,False,False,False,False,False
Q4714,"John William Strutt, 3rd Baron Rayleigh",1842-11-12,"English physicist and academic, Nobel Prize laureate",Academic_Science,None,0,None,0,None,0,False,False,False,False,False,False,False
Q4715,Lily Kronberger,1890-11-12,Hungarian figure skater,Athlete,Mars,1,Sun-Moon|Sun-Mercury|Moon-Mercury|Mars-Jupiter,4,None,0,False,False,False,False,True,False,False
Q4716,James Luther Adams,1901-11-12,American minister and theologian,Politics_Government,None,0,Venus-Jupiter|Venus-Saturn|Jupiter-Saturn,3,None,0,False,False,False,False,False,False,False
Q4717,Buck Clayton,1911-11-12,American trumpet player and academic,Athlete,None,0,Sun-Jupiter|Mercury-Jupiter,2,None,0,False,False,False,False,False,False,False
Q4718,Sam Jones,1924-11-12,"American bassist, cellist, and composer",Other,Moon|Saturn,2,None,0,None,0,False,True,False,False,False,False,True
Q4719,Lucia Popp,1939-11-12,Slovak soprano,Other,None,0,Moon-Mercury|Moon-Venus|Mercury-Venus,3,Mars-Saturn,1,False,False,False,False,False,False,False
Q4720,Ron Lapointe,1949-11-12,Canadian ice hockey player and coach,Athlete,None,0,Sun-Mercury,1,None,0,False,False,False,False,False,False,False
Q4721,Maurane,1960-11-12,Belgian singer and actress,Actor_Media,None,0,Venus-Jupiter,1,None,0,False,False,False,False,False,False,False
Q4722,Ian Bremmer,1969-11-12,American political scientist and author,Academic_Science,Mars,1,Sun-Mercury,1,Mars-Saturn,1,False,False,False,False,True,False,False
Q4723,Benni McCarthy,1977-11-12,South African footballer,Athlete,None,0,Moon-Mercury,1,Mars-Moon,1,False,False,False,False,False,False,False
Q4724,Jorge Masvidal,1984-11-12,American Mixed Martial Artist,Other,Mars|Saturn,2,Sun-Saturn,1,None,0,False,False,False,False,True,False,True
Q4725,Guillaume Cizeron,1994-11-12,French ice dancer,Other,None,0,Sun-Jupiter|Mercury-Venus,2,None,0,False,False,False,False,False,False,False
Q4726,Augustine of Hippo,0354-11-13,Roman bishop and theologian,Religion,None,0,Sun-Mercury|Mars-Jupiter,2,Mars-Sun,1,False,False,False,False,False,False,False
Q4727,Jan Zach,1699-11-13,"Czech violinist, organist, and composer",Other,None,0,Sun-Mercury|Sun-Venus|Mercury-Venus,3,None,0,False,False,False,False,False,False,False
Q4728,Theophilus H. Holmes,1804-11-13,American general,Politics_Government,None,0,Sun-Mercury|Sun-Jupiter|Mercury-Jupiter|Venus-Saturn,4,Mercury-Venus,1,False,False,False,False,False,False,False
Q4729,Mir Mosharraf Hossain,1847-11-13,famous novelist of Bengali literature,Writer_Journalism,None,0,None,0,None,0,False,False,False,False,False,False,False
Q4730,Helene Stöcker,1869-11-13,German author and activist,Writer_Journalism,None,0,Mars-Saturn,1,None,0,False,False,False,False,False,False,False
Q4731,Gertrude Olmstead,1897-11-13,American actress,Actor_Media,None,0,Sun-Mercury|Sun-Mars|Mercury-Mars|Mercury-Saturn,4,None,0,False,False,False,False,False,False,False
Q4732,Buck O'Neil,1911-11-13,American baseball player and manager,Athlete,None,0,Sun-Jupiter|Mercury-Jupiter,2,None,0,False,False,False,False,False,False,False
Q4733,Leonard Boyle,1923-11-13,Irish and Canadian medievalist and palaeographer,Other,Saturn,1,Sun-Mercury|Sun-Jupiter,2,None,0,False,False,False,False,False,False,True
Q4734,Richard Mulligan,1932-11-13,American actor,Actor_Media,Moon,1,None,0,None,0,False,True,False,False,False,False,False
Q4735,Eberhard Diepgen,1941-11-13,"German lawyer and politician, 10th Mayor of Berlin",Politics_Government,None,0,None,0,Jupiter-Venus,1,False,False,False,False,False,False,False
Q4736,Gilbert Perreault,1950-11-13,Canadian ice hockey player and coach,Athlete,None,0,Sun-Mercury|Sun-Venus|Moon-Mars|Mercury-Venus,4,None,0,False,False,False,False,False,False,False
Q4737,Caroline Goodall,1959-11-13,English actress and screenwriter,Actor_Media,None,0,Sun-Mars|Mercury-Jupiter,2,None,0,False,False,False,False,False,False,False
Q4738,Ayaan Hirsi Ali,1969-11-13,Somalian-American activist and author,Writer_Journalism,Mars,1,Sun-Mercury,1,Mars-Saturn,1,False,False,False,False,True,False,False
Q4739,Kick,1979-11-13,Japanese comedian and screenwriter,Actor_Media,None,0,Moon-Jupiter|Mercury-Venus,2,None,0,False,False,False,False,False,False,False
Q4740,Hatsune Matsushima,1987-11-13,Japanese model and actress,Actor_Media,None,0,Venus-Saturn,1,None,0,False,False,False,False,False,False,False
Q4741,Sidonie of Poděbrady,1449-11-14,daughter of King of Bohemia,Politics_Government,None,0,Sun-Mercury|Venus-Mars,2,Mars-Mercury,1,False,False,False,False,False,False,False
Q4742,Leopold Mozart,1719-11-14,"Austrian violinist, composer, and conductor",Other,Saturn,1,Sun-Mercury|Sun-Venus|Sun-Saturn|Mercury-Venus|Mercury-Saturn|Venus-Saturn,6,None,0,False,False,False,False,False,False,True
Q4743,Jacob Abbott,1803-11-14,American author,Writer_Journalism,None,0,Sun-Moon|Sun-Venus|Sun-Mars|Moon-Venus|Moon-Mars|Venus-Mars,6,None,0,False,False,False,False,False,False,False
Q4744,Madeleine Lemoyne Ellicott,1856-11-14,American activist,Other,Moon,1,None,0,None,0,False,True,False,False,False,False,False
Q4745,Ado Birk,1883-11-14,"Estonian lawyer and politician, 3rd Prime Minister of Estonia",Politics_Government,Jupiter,1,Sun-Mercury,1,Mars-Moon,1,False,False,False,False,False,True,False
Q4746,Harold Haley,1904-11-14,American lawyer and judge,Law,None,0,Moon-Saturn,1,Mars-Mercury,1,False,False,False,False,False,False,False
Q4747,Ken Carson,1914-11-14,American Western singer,Actor_Media,None,0,None,0,None,0,False,False,False,False,False,False,False
Q4748,Boutros Boutros-Ghali,1922-11-14,"Egyptian politician and diplomat, 6th Secretary General of the United Nations",Politics_Government,Mars,1,Mercury-Jupiter,1,None,0,False,False,False,False,True,False,False
Q4749,Fred Haise,1933-11-14,"American pilot, engineer, and astronaut",Engineering_Tech,None,0,Moon-Jupiter,1,None,0,False,False,False,False,False,False,False
Q4750,Karen Armstrong,1944-11-14,English author and academic,Academic_Science,None,0,Sun-Mars,1,None,0,False,False,False,False,False,False,False
Q4751,Tim Bowler,1953-11-14,English children's author,Writer_Journalism,Saturn,1,Sun-Mercury|Venus-Saturn,2,None,0,False,False,False,False,False,False,True
Q4752,Stéphane Bern,1963-11-14,"French journalist, radio and television presenter",Actor_Media,None,0,Sun-Mercury|Venus-Mars,2,None,0,False,False,False,False,False,False,False
Q4753,Matt Bloom,1972-11-14,"American wrestler, trainer, and sportscaster",Athlete,None,0,None,0,None,0,False,False,False,False,False,False,False
Q4754,Vanessa Bayer,1981-11-14,American actress,Actor_Media,None,0,None,0,Jupiter-Venus,1,False,False,False,False,False,False,False
Q4755,Vlad Chiricheș,1989-11-14,Romanian footballer,Athlete,Moon,1,Sun-Mercury|Venus-Saturn,2,None,0,False,True,False,False,False,False,False
Q4756,Bʼutz Aj Sak Chiik,0459-11-15,Mayan king,Politics_Government,None,0,Sun-Mercury|Venus-Saturn,2,None,0,False,False,False,False,False,False,False
Q4757,Christoph von Graffenried,1661-11-15,Swiss-American settler and author,Writer_Journalism,None,0,Sun-Saturn,1,Jupiter-Venus,1,False,False,False,False,False,False,False
Q4758,Jérôme Bonaparte,1784-11-15,French husband of Catharina of Württemberg,Other,None,0,Moon-Venus|Mercury-Mars,2,Mars-Venus|Jupiter-Saturn,2,False,False,False,False,False,False,False
Q4759,Cornelia Sorabji,1866-11-15,"Indian lawyer, social reformer and writer",Writer_Journalism,Saturn,1,Sun-Saturn,1,None,0,False,False,False,False,False,False,True
Q4760,René Guénon,1886-11-15,French-Egyptian philosopher and author,Writer_Journalism,None,0,Sun-Venus,1,None,0,False,False,False,False,False,False,False
Q4761,Aneurin Bevan,1897-11-15,"Welsh journalist and politician, Secretary of State for Health",Politics_Government,None,0,Sun-Mercury|Sun-Mars|Mercury-Mars|Mercury-Saturn|Mars-Saturn,5,None,0,False,False,False,False,False,False,False
Q4762,Jack Dyer,1913-11-15,Australian footballer and coach,Athlete,Moon,1,Moon-Saturn,1,None,0,False,True,False,False,False,False,False
Q4763,Howard Baker,1925-11-15,"American lawyer, politician, and diplomat, 12th White House Chief of Staff",Politics_Government,Saturn,1,Sun-Saturn|Moon-Saturn,2,None,0,False,False,False,False,False,False,True
Q4764,Nera White,1935-11-15,American basketball player,Athlete,None,0,None,0,Mercury-Venus|Jupiter-Mars,2,False,False,False,False,False,False,False
Q4765,Bob Dandridge,1947-11-15,American basketball player,Athlete,None,0,Venus-Jupiter|Mars-Saturn,2,None,0,False,False,False,False,False,False,False
Q4766,Michael Hampton,1956-11-15,American guitarist and producer,Actor_Media,None,0,Sun-Mercury,1,Mars-Saturn,1,False,False,False,False,False,False,False
Q4767,Stelios Aposporis,1964-11-15,Greek footballer and manager,Athlete,None,0,None,0,None,0,False,False,False,False,False,False,False
Q4768,Sydney Tamiia Poitier,1973-11-15,American actress,Actor_Media,None,0,None,0,None,0,False,False,False,False,False,False,False
Q4769,Drew Hodgdon,1981-11-15,American football player,Athlete,None,0,None,0,Jupiter-Venus,1,False,False,False,False,False,False,False
Q4770,Jona Viray,1989-11-15,Filipino singer,Actor_Media,None,0,Sun-Mercury|Venus-Saturn,2,None,0,False,False,False,False,False,False,False
Q4771,Leonardo Loredan,1436-11-16,Italian ruler,Other,None,0,Sun-Mercury|Sun-Venus|Moon-Mars|Moon-Jupiter|Mercury-Venus|Mars-Jupiter,6,Mars-Venus,1,False,False,False,False,False,False,False
Q4772,Anna Juliana Gonzaga,1566-11-16,Archduchess of Austria and nun,Other,None,0,Sun-Mars|Venus-Jupiter,2,None,0,False,False,False,False,False,False,False
Q4773,"Edward Law, 1st Baron Ellenborough",1750-11-16,"English lawyer, judge, and politician",Politics_Government,None,0,Mercury-Venus,1,None,0,False,False,False,False,False,False,False
Q4774,Kalākaua,1836-11-16,of Hawaii,Other,Jupiter|Saturn,2,Mercury-Saturn|Mars-Jupiter,2,Mercury-Venus,1,False,False,False,False,False,True,True
Q4775,W. C. Handy,1873-11-16,American trumpet player and composer,Athlete,Mars,1,Mars-Saturn,1,None,0,False,False,False,False,True,False,False
Q4776,Paul Hindemith,1895-11-16,"German composer, violist and conductor",Other,Jupiter|Saturn,2,Sun-Moon|Mercury-Mars|Mercury-Saturn|Mars-Saturn,4,Mercury-Venus,1,False,False,False,False,False,True,True
Q4777,George O. Petrie,1912-11-16,American actor and director,Actor_Media,None,0,Sun-Mars|Mercury-Jupiter,2,None,0,False,False,False,False,False,False,False
Q4778,Peter Boizot,1929-11-16,English businessman,Business,None,0,Sun-Mercury|Sun-Mars,2,None,0,False,False,False,False,False,False,False
Q4779,Ahmed Bouanani,1938-11-16,Moroccan filmmaker,Actor_Media,None,0,Sun-Venus,1,Mars-Mercury|Jupiter-Saturn,2,False,False,False,False,False,False,False
Q4780,Horst Bertram,1948-11-16,German footballer and manager,Athlete,None,0,None,0,Mercury-Venus,1,False,False,False,False,False,False,False
Q4781,Boris Krivokapić,1958-11-16,Serbian author and academic,Academic_Science,None,0,Sun-Venus,1,Mars-Venus,1,False,False,False,False,False,False,False
Q4782,Craig Arnold,1967-11-16,American poet and academic,Academic_Science,None,0,None,0,Mercury-Venus,1,False,False,False,False,False,False,False
Q4783,Gigi Edgley,1977-11-16,Australian singer-songwriter and actress,Actor_Media,None,0,None,0,None,0,False,False,False,False,False,False,False
Q4784,Aditya Roy Kapur,1985-11-16,Indian actor,Actor_Media,None,0,Sun-Saturn,1,Mars-Mercury,1,False,False,False,False,False,False,False
Q4785,Yoshiki Yamamoto,1994-11-16,Japanese footballer,Athlete,None,0,Sun-Jupiter|Mercury-Venus,2,Mars-Moon,1,False,False,False,False,False,False,False
Q4786,Sima Guang,1019-11-17,Chinese politician,Politics_Government,None,0,None,0,Mercury-Venus,1,False,False,False,False,False,False,False
Q4787,Dorgon,1612-11-17,Chinese prince and regent,Other,None,0,Moon-Jupiter,1,Mercury-Venus,1,False,False,False,False,False,False,False
Q4788,Charlotte Georgine,1769-11-17,duchess of Mecklenburg-Strelitz,Other,None,0,Sun-Jupiter|Mercury-Mars,2,None,0,False,False,False,False,False,False,False
Q4789,Voltairine de Cleyre,1866-11-17,American author and activist,Writer_Journalism,Saturn,1,None,0,None,0,False,False,False,False,False,False,True
Q4790,Frank Fay,1897-11-17,"American actor, singer, and screenwriter",Actor_Media,None,0,Sun-Mercury|Sun-Mars|Sun-Saturn|Mercury-Mars|Mercury-Saturn|Mars-Saturn,6,None,0,False,False,False,False,False,False,False
Q4791,Christian Fouchet,1911-11-17,"French lawyer and politician, French Minister of the Interior",Politics_Government,None,0,Sun-Jupiter|Moon-Venus,2,None,0,False,False,False,False,False,False,False
Q4792,Jean Faut,1925-11-17,American baseball player and bowler,Athlete,Saturn,1,Sun-Saturn|Moon-Mercury,2,None,0,False,False,False,False,False,False,True
Q4793,Bobby Joe Conrad,1935-11-17,American football player,Athlete,None,0,Sun-Jupiter,1,Mercury-Venus|Jupiter-Mars,2,False,False,False,False,False,False,False
Q4794,Lesley Abdela,1945-11-17,English journalist and activist,Writer_Journalism,None,0,Mars-Saturn,1,Mars-Moon,1,False,False,False,False,False,False,False
Q4795,Babis Tennes,1953-11-17,Greek footballer and manager,Athlete,Saturn,1,Sun-Mercury|Venus-Saturn,2,None,0,False,False,False,False,False,False,True
Q4796,Robert Stethem,1961-11-17,American soldier,Other,None,0,Sun-Mars|Mercury-Venus|Jupiter-Saturn,3,None,0,False,False,False,False,False,False,False
Q4797,Ryōtarō Okiayu,1969-11-17,Japanese voice actor and singer,Actor_Media,Mars,1,Sun-Mercury,1,Mars-Saturn,1,False,False,False,False,True,False,False
Q4798,Ryk Neethling,1977-11-17,South African swimmer,Athlete,None,0,None,0,None,0,False,False,False,False,False,False,False
Q4799,Luis Aguiar,1985-11-17,Uruguayan footballer,Athlete,None,0,Sun-Saturn,1,Mars-Mercury,1,False,False,False,False,False,False,False
Q4800,Raquel Castro,1994-11-17,American actress and singer,Actor_Media,None,0,Sun-Jupiter|Mercury-Venus,2,Mars-Moon,1,False,False,False,False,False,False,False
Q4801,Itzam K'an Ahk II,0701-11-18,Mayan ruler,Other,None,0,Moon-Saturn|Mercury-Mars,2,Jupiter-Mars,1,False,False,False,False,False,False,False
Q4802,Carl Friedrich Christian Fasch,1736-11-18,German harpsichord player and composer,Athlete,Moon,1,None,0,None,0,False,True,False,False,False,False,False
Q4803,Asa Gray,1810-11-18,American botanist and academic,Academic_Science,None,0,None,0,Jupiter-Venus,1,False,False,False,False,False,False,False
Q4804,Henry Daglish,1866-11-18,"Australian politician, Premier of Western Australia",Politics_Government,Saturn,1,None,0,None,0,False,False,False,False,False,False,True
Q4805,Frances Marion,1888-11-18,"American screenwriter, novelist and journalist",Writer_Journalism,Moon,1,None,0,Jupiter-Mars,1,False,True,False,False,False,False,False
Q4806,Gustav Nezval,1907-11-18,Czech actor,Actor_Media,Jupiter,1,None,0,None,0,False,False,False,False,False,True,False
Q4807,Pedro Infante,1917-11-18,Mexican actor and singer,Actor_Media,None,0,Moon-Venus,1,Mars-Sun|Jupiter-Venus,2,False,False,False,False,False,False,False
Q4808,Hank Ballard,1927-11-18,American R&B singer-songwriter,Actor_Media,None,0,Mercury-Mars,1,Mercury-Venus,1,False,False,False,False,False,False,False
Q4809,Margaret Atwood,1939-11-18,Canadian author,Writer_Journalism,None,0,Mercury-Venus,1,Mars-Saturn,1,False,False,False,False,False,False,False
Q4810,Jameson Parker,1947-11-18,American actor,Actor_Media,None,0,Mars-Saturn,1,Moon-Saturn|Mars-Sun,2,False,False,False,False,False,False,False
Q4811,Noel Brotherston,1956-11-18,Irish-English footballer and painter,Athlete,Moon,1,Sun-Mercury|Mercury-Saturn,2,Mars-Saturn,1,False,True,False,False,False,False,False
Q4812,Rita Cosby,1964-11-18,American journalist and author,Writer_Journalism,None,0,None,0,Mars-Sun,1,False,False,False,False,False,False,False
Q4813,Jonnie Irwin,1973-11-18,English television presenter and business expert,Actor_Media,None,0,None,0,None,0,False,False,False,False,False,False,False
Q4814,Mekia Cox,1981-11-18,American actress and dancer,Actor_Media,None,0,None,0,Mars-Sun|Jupiter-Venus,2,False,False,False,False,False,False,False
Q4815,Arnett Moultrie,1990-11-18,American basketball player,Athlete,Jupiter,1,Sun-Venus|Moon-Mercury|Moon-Venus,3,Mars-Venus,1,False,False,False,False,False,True,False
Q4816,"Frederick I, Count Palatine of Simmern",1417-11-19,,Unknown,None,0,Venus-Mars,1,Mars-Mercury,1,False,False,False,False,False,False,False
Q4817,Leopold Auenbrugger,1722-11-19,Austrian physician,Academic_Science,None,0,Mercury-Jupiter|Jupiter-Saturn,2,None,0,False,False,False,False,False,False,False
Q4818,Rani Lakshmibai,1828-11-19,Indian queen,Politics_Government,None,0,Sun-Jupiter,1,Mercury-Venus,1,False,False,False,False,False,False,False
Q4819,Billy Sunday,1862-11-19,American baseball player and evangelist,Athlete,None,0,Sun-Venus|Moon-Jupiter,2,None,0,False,False,False,False,False,False,False
Q4820,Thomas Clay,1892-11-19,English footballer and coach,Athlete,None,0,Sun-Moon,1,None,0,False,False,False,False,False,False,False
Q4821,Nina Bari,1901-11-19,Russian mathematician,Academic_Science,None,0,Venus-Jupiter|Venus-Saturn|Jupiter-Saturn,3,None,0,False,False,False,False,False,False,False
Q4822,"Earl Wilbur Sutherland, Jr.",1915-11-19,"American pharmacologist and biochemist, Nobel Prize laureate",Academic_Science,None,0,None,0,Mars-Moon,1,False,False,False,False,False,False,False
Q4823,Zygmunt Bauman,1925-11-19,"Polish-English sociologist, historian, and academic",Academic_Science,Saturn,1,Moon-Venus|Venus-Jupiter,2,None,0,False,False,False,False,False,False,True
Q4824,Dick Cavett,1936-11-19,American actor and talk show host,Actor_Media,None,0,Sun-Mercury|Venus-Jupiter,2,Mars-Mercury,1,False,False,False,False,False,False,False
Q4825,Bobby Tolan,1945-11-19,American baseball player and manager,Athlete,Moon,1,Mars-Saturn,1,None,0,False,True,False,False,False,False,False
Q4826,Eileen Collins,1956-11-19,"American colonel, pilot, and astronaut",Other,Moon,1,Sun-Mercury|Sun-Saturn|Mercury-Saturn,3,Mars-Saturn,1,False,True,False,False,False,False,False
Q4827,Fred Diamond,1964-11-19,American-English mathematician and academic,Academic_Science,Moon,1,Moon-Jupiter,1,Mars-Sun,1,False,True,False,False,False,False,False
Q4828,Toby Bailey,1975-11-19,American basketball player and agent,Athlete,Moon,1,Sun-Mercury,1,Mercury-Venus,1,False,True,False,False,False,False,False
Q4829,Chandra Crawford,1983-11-19,Canadian skier,Other,Saturn,1,None,0,Mars-Mercury,1,False,False,False,False,False,False,True
Q4830,Fabien Antunes,1991-11-19,French footballer,Athlete,None,0,Sun-Mars,1,None,0,False,False,False,False,False,False,False
Q4831,Maximinus II,0270-11-20,Roman emperor,Politics_Government,Jupiter,1,Mercury-Mars,1,None,0,False,False,False,False,False,True,False
Q4832,George (Konissky),1717-11-20,"Orthodox archbishop, preacher, philosopher and theologian",Religion,Mars|Jupiter|Saturn,3,None,0,None,0,False,False,False,False,True,True,True
Q4833,Karl Friedrich Eichhorn,1781-11-20,German captain and jurist,Law,None,0,Sun-Jupiter|Mercury-Saturn,2,Mars-Saturn,1,False,False,False,False,False,False,False
Q4834,Franjo Kuhač,1834-11-20,Croatian conductor and composer,Other,None,0,Sun-Mercury,1,Mars-Mercury|Jupiter-Venus,2,False,False,False,False,False,False,False
Q4835,Kenesaw Mountain Landis,1866-11-20,American lawyer and judge,Law,Saturn,1,Mercury-Venus,1,Mars-Moon,1,False,False,False,False,False,False,True
Q4836,Edwin August,1883-11-20,American actor and director,Actor_Media,Jupiter,1,Sun-Mercury|Moon-Mars,2,None,0,False,False,False,False,False,True,False
Q4837,Johann Nikuradse,1894-11-20,Georgian-born German engineer and physicist,Academic_Science,Saturn,1,Sun-Venus,1,None,0,False,False,False,False,False,False,True
Q4838,Vera Tanner,1906-11-20,English swimmer,Athlete,None,0,Mercury-Venus,1,Mars-Mercury,1,False,False,False,False,False,False,False
Q4839,Robert Byrd,1917-11-20,American lawyer and politician,Politics_Government,None,0,None,0,Moon-Saturn|Mars-Sun|Jupiter-Venus,3,False,False,False,False,False,False,False
Q4840,Christine Arnothy,1930-11-20,French writer,Writer_Journalism,None,0,Sun-Moon|Sun-Mercury|Sun-Venus|Moon-Mercury|Moon-Venus|Mercury-Venus,6,Mars-Moon,1,False,False,False,False,False,False,False
Q4841,David Douglas-Home,1943-11-20,British businessman and politician,Politics_Government,None,0,Sun-Mercury|Moon-Jupiter|Mars-Saturn,3,None,0,False,False,False,False,False,False,False
Q4842,Richard Brooker,1954-11-20,English actor and stuntman,Actor_Media,Mars|Jupiter|Saturn,3,Mercury-Saturn|Venus-Saturn,2,None,0,False,False,False,False,True,True,True
Q4843,Neil Broad,1966-11-20,British tennis player,Athlete,Jupiter,1,Sun-Mercury|Sun-Venus,2,Mars-Sun,1,False,False,False,False,False,True,False
Q4844,Mikhail Ivanov,1977-11-20,Russian cross-country skier,Other,None,0,None,0,None,0,False,False,False,False,False,False,False
Q4845,Babita Kumari,1989-11-20,Indian wrestler,Athlete,None,0,Sun-Mercury|Venus-Saturn,2,None,0,False,False,False,False,False,False,False
Q4846,John Bale,1495-11-21,English bishop and historian,Writer_Journalism,Mars,1,Sun-Mercury,1,Jupiter-Venus,1,False,False,False,False,True,False,False
Q4847,Joseph Plumb Martin,1760-11-21,American sergeant,Other,None,0,Mercury-Venus,1,Jupiter-Saturn,1,False,False,False,False,False,False,False
Q4848,"Victoria, Princess Royal",1840-11-21,of England,Other,None,0,Sun-Jupiter|Mercury-Saturn,2,Mars-Mercury,1,False,False,False,False,False,False,False
Q4849,Sigfrid Karg-Elert,1877-11-21,German composer and educator,Other,Moon,1,Sun-Mercury|Mars-Saturn,2,None,0,False,True,False,False,False,False,False
Q4850,Foster Hewitt,1902-11-21,Canadian sportscaster,Other,None,0,Sun-Venus,1,Mars-Sun,1,False,False,False,False,False,False,False
Q4851,Nusret Fişek,1914-11-21,"Turkish physician and politician, Turkish Minister of Health",Politics_Government,None,0,Venus-Mars,1,None,0,False,False,False,False,False,False,False
Q4852,Abe Lemons,1922-11-21,American basketball player and coach,Athlete,Mars,1,Sun-Venus,1,None,0,False,False,False,False,True,False,False
Q4853,Beryl Bainbridge,1932-11-21,English author and screenwriter,Writer_Journalism,None,0,Moon-Mars,1,Mars-Sun,1,False,False,False,False,False,False,False
Q4854,Juliet Mills,1941-11-21,English-American actress,Actor_Media,None,0,None,0,Jupiter-Venus,1,False,False,False,False,False,False,False
Q4855,Tina Brown,1953-11-21,English-American journalist and author,Writer_Journalism,Moon|Saturn,2,Mercury-Venus,1,None,0,False,True,False,False,False,False,True
Q4856,Steven Curtis Chapman,1962-11-21,"American Christian music singer-songwriter, musician, record producer, actor, author, and social activist",Actor_Media,None,0,Sun-Mercury,1,None,0,False,False,False,False,False,False,False
Q4857,Karen Davila,1970-11-21,Filipino journalist,Writer_Journalism,None,0,Venus-Jupiter,1,Mars-Mercury,1,False,False,False,False,False,False,False
Q4858,Daniel Bradshaw,1978-11-21,Australian footballer,Athlete,Jupiter,1,Moon-Jupiter|Mercury-Mars,2,None,0,False,False,False,False,False,True,False
Q4859,Colleen Ballinger,1986-11-21,"American YouTuber, comedian, actress, and singer",Actor_Media,None,0,Mercury-Venus,1,Mars-Saturn,1,False,False,False,False,False,False,False
Q4860,Chris Chiozza,1995-11-21,American basketball player,Athlete,None,0,Sun-Mercury|Venus-Mars|Venus-Jupiter|Mars-Jupiter,4,None,0,False,False,False,False,False,False,False
Q4861,"Richard Neville, 16th Earl of Warwick",1428-11-22,"English nobleman, known as ""the Kingmaker""",Politics_Government,None,0,Sun-Venus|Moon-Jupiter,2,Mars-Sun|Jupiter-Saturn,2,False,False,False,False,False,False,False
Q4862,François Colin de Blamont,1690-11-22,French composer,Other,None,0,Mercury-Mars|Mars-Saturn,2,None,0,False,False,False,False,False,False,False
Q4863,Katherine Plunket,1820-11-22,Irish supercentenarian,Other,None,0,None,0,Jupiter-Saturn,1,False,False,False,False,False,False,False
Q4864,André Gide,1869-11-22,"French novelist, essayist, and dramatist, Nobel Prize laureate",Writer_Journalism,None,0,None,0,Jupiter-Mars,1,False,False,False,False,False,False,False
Q4865,Harley Earl,1893-11-22,American industrial designer,Business,None,0,None,0,Jupiter-Venus,1,False,False,False,False,False,False,False
Q4866,Ralph Guldahl,1911-11-22,American golfer,Athlete,None,0,Sun-Jupiter|Moon-Mercury,2,None,0,False,False,False,False,False,False,False
Q4867,Brian Cleeve,1921-11-22,Irish writer and broadcaster,Writer_Journalism,None,0,Mercury-Venus|Mars-Jupiter|Mars-Saturn|Jupiter-Saturn,4,None,0,False,False,False,False,False,False,False
Q4868,Tim Beaumont,1928-11-22,English priest and politician,Politics_Government,None,0,None,0,None,0,False,False,False,False,False,False,False
Q4869,Zenon Jankowski,1937-11-22,Polish pilot and military officer,Politics_Government,Mars,1,None,0,Jupiter-Saturn,1,False,False,False,False,True,False,False
Q4870,Gary Hilton,1946-11-22,American serial killer,Other,None,0,Sun-Mercury|Sun-Venus|Moon-Venus|Moon-Jupiter|Mercury-Venus,5,None,0,False,False,False,False,False,False,False
Q4871,Lawrence Gowan,1956-11-22,Scottish-Canadian singer-songwriter and keyboard player,Athlete,None,0,Sun-Mercury|Sun-Saturn|Mercury-Saturn,3,None,0,False,False,False,False,False,False,False
Q4872,Apetor,1964-11-22,Norwegian YouTuber,Other,None,0,None,0,Mars-Sun,1,False,False,False,False,False,False,False
Q4873,Sharin Foo,1973-11-22,Danish musician and singer,Actor_Media,None,0,Moon-Mercury,1,None,0,False,False,False,False,False,False,False
Q4874,Xavier Doherty,1982-11-22,Australian cricketer,Athlete,Saturn,1,Sun-Mercury|Sun-Venus|Sun-Jupiter|Mercury-Venus,4,None,0,False,False,False,False,False,False,True
Q4875,Tarik Black,1991-11-22,American basketball player,Athlete,Moon,1,Sun-Mars,1,None,0,False,True,False,False,False,False,False
Q4876,Alexander,0870-11-23,Byzantine emperor,Politics_Government,None,0,Sun-Mercury|Venus-Saturn,2,Jupiter-Saturn,1,False,False,False,False,False,False,False
Q4877,Prospero Alpini,1553-11-23,Italian physician and botanist,Academic_Science,None,0,Moon-Saturn,1,None,0,False,False,False,False,False,False,False
Q4878,François-Noël Babeuf,1760-11-23,French journalist and activist,Writer_Journalism,Moon,1,Mercury-Venus,1,Jupiter-Saturn,1,False,True,False,False,False,False,False
Q4879,Albert Ranft,1858-11-23,Swedish actor and director,Actor_Media,Mars,1,None,0,Jupiter-Venus,1,False,False,False,False,True,False,False
Q4880,Frank Pick,1878-11-23,English lawyer and businessman,Law,None,0,Sun-Venus,1,Mars-Venus|Jupiter-Saturn,2,False,False,False,False,False,False,False
Q4881,Klement Gottwald,1896-11-23,"Czechoslovak politician, President of the Czechoslovak Socialist Republic",Politics_Government,None,0,Sun-Mercury|Mercury-Saturn,2,Mars-Mercury,1,False,False,False,False,False,False,False
Q4882,Lars Leksell,1907-11-23,Swedish physician and neurosurgeon,Academic_Science,Jupiter,1,None,0,None,0,False,False,False,False,False,True,False
Q4883,Fred Buscaglione,1921-11-23,Italian singer and actor,Actor_Media,None,0,Mercury-Venus|Mars-Jupiter|Mars-Saturn|Jupiter-Saturn,4,None,0,False,False,False,False,False,False,False
Q4884,Geeta Dutt,1930-11-23,Indian singer and actress,Actor_Media,None,0,Sun-Venus|Moon-Saturn,2,None,0,False,False,False,False,False,False,False
Q4885,Alan Mullery,1941-11-23,English footballer and manager,Athlete,None,0,None,0,Jupiter-Venus,1,False,False,False,False,False,False,False
Q4886,Alan Paul,1949-11-23,American singer-songwriter and actor,Actor_Media,None,0,Sun-Mercury|Moon-Venus|Mars-Saturn,3,Mars-Sun,1,False,False,False,False,False,False,False
Q4887,Martin Snedden,1958-11-23,New Zealand cricketer and lawyer,Athlete,None,0,Sun-Venus|Mercury-Saturn,2,None,0,False,False,False,False,False,False,False
Q4888,Gary Kirsten,1967-11-23,South African cricketer and coach,Athlete,Mars,1,None,0,Mercury-Venus,1,False,False,False,False,True,False,False
Q4889,Myriam Boileau,1977-11-23,Canadian diver,Other,None,0,None,0,Mars-Moon,1,False,False,False,False,False,False,False
Q4890,Shaun Hutchinson,1990-11-23,English footballer,Athlete,Jupiter,1,Sun-Venus,1,Mars-Venus,1,False,False,False,False,False,True,False
Q4891,"Alphonso, Earl of Chester",1273-11-24,,Unknown,Mars,1,Mars-Jupiter,1,None,0,False,False,False,False,True,False,False
Q4892,Étienne Baluze,1630-11-24,French scholar and academic,Academic_Science,Saturn,1,Sun-Mercury|Sun-Mars|Venus-Saturn,3,None,0,False,False,False,False,False,False,True
Q4893,Maria Luisa of Spain,1745-11-24,,Unknown,None,0,Sun-Mercury|Sun-Jupiter|Mercury-Jupiter,3,Jupiter-Mars,1,False,False,False,False,False,False,False
Q4894,Frances Hodgson Burnett,1849-11-24,English-American novelist and playwright,Writer_Journalism,None,0,None,0,None,0,False,False,False,False,False,False,False
Q4895,Charles William Miller,1874-11-24,Brazilian footballer and referee,Athlete,Moon,1,None,0,Jupiter-Venus,1,False,True,False,False,False,False,False
Q4896,Margaret Caroline Anderson,1886-11-24,"American publisher, founded ''The Little Review''",Other,None,0,Sun-Venus,1,None,0,False,False,False,False,False,False,False
Q4897,Albert Ross Tilley,1904-11-24,Canadian captain and surgeon,Medicine,Moon,1,None,0,Mars-Mercury,1,False,True,False,False,False,False,False
Q4898,David Kossoff,1919-11-24,English actor and screenwriter,Actor_Media,Jupiter,1,Moon-Mercury,1,Mars-Mercury,1,False,False,False,False,False,True,False
Q4899,Ken Barrington,1930-11-24,English cricketer,Athlete,None,0,Sun-Venus,1,None,0,False,False,False,False,False,False,False
Q4900,Billy Connolly,1942-11-24,Scottish comedian and actor,Actor_Media,Moon|Jupiter,2,Sun-Mercury|Sun-Venus|Mercury-Venus,3,Mars-Venus,1,False,True,False,False,False,True,False
Q4901,Bob Burns,1950-11-24,American drummer and songwriter,Writer_Journalism,Moon,1,Sun-Venus,1,None,0,False,True,False,False,False,False,False
Q4902,Todd Brooker,1959-11-24,Canadian skier and sportscaster,Other,None,0,Sun-Mercury|Sun-Mars|Mercury-Mars,3,None,0,False,False,False,False,False,False,False
Q4903,Bülent Korkmaz,1968-11-24,Turkish footballer and manager,Athlete,None,0,Sun-Mercury|Mars-Jupiter,2,Mars-Mercury,1,False,False,False,False,False,False,False
Q4904,Mona Hanna-Attisha,1976-11-24,"British-American pediatrician, professor, and public health advocate",Academic_Science,None,0,Sun-Mars|Moon-Venus,2,Jupiter-Venus,1,False,False,False,False,False,False,False
Q4905,Julia Alexandratou,1985-11-24,"Greek model, actress, and singer",Actor_Media,None,0,Sun-Saturn,1,Mars-Mercury,1,False,False,False,False,False,False,False
Q4906,Emperor Taizong of Liao,0902-11-25,,Unknown,None,0,Mercury-Mars,1,Jupiter-Venus,1,False,False,False,False,False,False,False
Q4907,"Sir Gervase Clifton, 1st Baronet",1587-11-25,English politician,Politics_Government,Jupiter,1,Sun-Mercury|Sun-Venus|Mercury-Venus,3,None,0,False,False,False,False,False,True,False
Q4908,Franz Xaver Gruber,1787-11-25,Austrian organist and composer,Other,Moon,1,None,0,Jupiter-Mercury,1,False,True,False,False,False,False,False
Q4909,Carrie Nation,1846-11-25,American activist,Other,None,0,Sun-Venus|Moon-Saturn,2,Mars-Venus,1,False,False,False,False,False,False,False
Q4910,Robert Maysack,1872-11-25,American gymnast and triathlete,Athlete,None,0,Moon-Mars,1,None,0,False,False,False,False,False,False,False
Q4911,Reşat Nuri Güntekin,1889-11-25,Turkish author and playwright,Writer_Journalism,None,0,Sun-Mercury|Moon-Jupiter,2,Mars-Mercury,1,False,False,False,False,False,False,False
Q4912,Eddie Shore,1902-11-25,Canadian-American ice hockey player and coach,Athlete,None,0,Sun-Venus,1,Mars-Sun,1,False,False,False,False,False,False,False
Q4913,Lewis Thomas,1913-11-25,"American physician, etymologist, and educator",Academic_Science,None,0,Sun-Mercury,1,None,0,False,False,False,False,False,False,False
Q4914,Paul Desmond,1924-11-25,American saxophonist and composer,Other,Saturn,1,Moon-Saturn|Mercury-Jupiter,2,None,0,False,False,False,False,False,False,True
Q4915,Reinhard Furrer,1940-11-25,Austrian-German physicist and astronaut,Academic_Science,None,0,Venus-Mars|Jupiter-Saturn,2,None,0,False,False,False,False,False,False,False
Q4916,Jacques Dupuis,1948-11-25,"Canadian lawyer and politician, 14th Deputy Premier of Quebec",Politics_Government,None,0,Mars-Jupiter,1,None,0,False,False,False,False,False,False,False
Q4917,Charles Kennedy,1959-11-25,Scottish journalist and politician,Politics_Government,None,0,Sun-Mercury|Mercury-Mars,2,None,0,False,False,False,False,False,False,False
Q4918,Anthony Peeler,1969-11-25,American basketball player,Athlete,Moon|Mars,2,Sun-Mercury,1,Mars-Saturn,1,False,True,False,False,True,False,False
Q4919,Ringo Sheena,1978-11-25,Japanese singer-songwriter and producer,Actor_Media,Jupiter,1,Mercury-Mars,1,None,0,False,False,False,False,False,True,False
Q4920,Trevor Booker,1987-11-25,American basketball player,Athlete,None,0,Venus-Saturn,1,None,0,False,False,False,False,False,False,False
Q4921,Rudesind,0907-11-26,Galician bishop,Religion,Moon,1,None,0,Mars-Sun,1,False,True,False,False,False,False,False
Q4922,Johannes Bach,1604-11-26,German organist and composer,Other,Mars,1,None,0,Mars-Saturn,1,False,False,False,False,True,False,False
Q4923,Sarah Moore Grimké,1792-11-26,American author and activist,Writer_Journalism,None,0,None,0,Jupiter-Venus,1,False,False,False,False,False,False,False
Q4924,Katharine Drexel,1858-11-26,American nun and saint,Other,Mars,1,Moon-Saturn,1,Jupiter-Venus,1,False,False,False,False,True,False,False
Q4925,Albert Dieudonné,1889-11-26,"French actor, director, and screenwriter",Actor_Media,None,0,Sun-Mercury,1,Mars-Mercury,1,False,False,False,False,False,False,False
Q4926,Alice Herz-Sommer,1903-11-26,Czech-English pianist and educator,Other,None,0,Sun-Mercury,1,None,0,False,False,False,False,False,False,False
Q4927,Inge King,1915-11-26,German-born Australian sculptor,Other,None,0,None,0,Mars-Sun,1,False,False,False,False,False,False,False
Q4928,Gregorio Conrado Álvarez,1925-11-26,Uruguayan dictator,Other,Saturn,1,Venus-Jupiter,1,None,0,False,False,False,False,False,False,True
Q4929,Marian Mercer,1935-11-26,American actress and singer,Actor_Media,None,0,Sun-Moon|Sun-Mercury|Sun-Jupiter|Moon-Jupiter,4,Jupiter-Mars,1,False,False,False,False,False,False,False
Q4930,"Joyce Quin, Baroness Quin",1944-11-26,"English academic and politician, Minister of State for Europe",Politics_Government,None,0,Sun-Mars,1,Jupiter-Mercury,1,False,False,False,False,False,False,False
Q4931,Roz Chast,1954-11-26,American cartoonist,Other,Jupiter|Saturn,2,Mercury-Venus|Mercury-Saturn|Venus-Saturn,3,None,0,False,False,False,False,False,True,True
Q4932,Mario Elie,1963-11-26,American basketball player and coach,Athlete,None,0,Mercury-Mars|Venus-Mars,2,None,0,False,False,False,False,False,False,False
Q4933,James Dashner,1972-11-26,American author,Writer_Journalism,None,0,Sun-Mercury|Venus-Mars,2,None,0,False,False,False,False,False,False,False
Q4934,Keith Ballard,1982-11-26,American ice hockey player,Athlete,Saturn,1,Sun-Mercury|Sun-Venus|Mercury-Venus,3,Jupiter-Mars,1,False,False,False,False,False,False,True
Q4935,Manolo Gabbiadini,1991-11-26,Italian footballer,Athlete,None,0,Sun-Mars,1,None,0,False,False,False,False,False,False,False
Q4936,Emperor Xiaozong of Song,1127-11-27,,Unknown,Moon,1,Sun-Mercury,1,Mars-Sun|Jupiter-Venus,2,False,True,False,False,False,False,False
Q4937,"Sigismund Francis, Archduke of Austria",1630-11-27,,Unknown,Saturn,1,Sun-Mars|Venus-Saturn,2,None,0,False,False,False,False,False,False,True
Q4938,"Aimé, duc de Clermont-Tonnerre",1779-11-27,"French general and politician, French Minister of Defence",Politics_Government,Mars,1,Sun-Saturn|Mercury-Venus,2,Mars-Saturn,1,False,False,False,False,True,False,False
Q4939,Cornelius Vanderbilt II,1843-11-27,American businessman,Business,Mars,1,Sun-Mercury|Moon-Mars|Moon-Jupiter|Mars-Jupiter,4,None,0,False,False,False,False,True,False,False
Q4940,Juho Kusti Paasikivi,1870-11-27,"Finnish academic and politician, 7th President of Finland",Politics_Government,None,0,Sun-Mercury|Sun-Venus|Mercury-Venus,3,Mars-Sun,1,False,False,False,False,False,False,False
Q4941,Ganesh Vasudev Mavalankar,1888-11-27,"Indian activist and politician, 1st Speaker of the Lok Sabha",Politics_Government,Mars,1,None,0,None,0,False,False,False,False,True,False,False
Q4942,James Agee,1909-11-27,"American novelist, screenwriter, and critic",Writer_Journalism,Moon,1,Sun-Mercury,1,None,0,False,True,False,False,False,False,False
Q4943,J. Ernest Wilkins Jr.,1923-11-27,"American nuclear scientist, mechanical engineer and mathematician",Academic_Science,Saturn,1,Sun-Mercury|Sun-Jupiter|Mars-Saturn,3,None,0,False,False,False,False,False,False,True
Q4944,Jacques Godbout,1933-11-27,"Canadian journalist, author, director, and screenwriter",Actor_Media,None,0,None,0,None,0,False,False,False,False,False,False,False
Q4945,Nicole Brossard,1943-11-27,Canadian author and poet,Writer_Journalism,None,0,Sun-Moon,1,None,0,False,False,False,False,False,False,False
Q4946,Sheila Copps,1952-11-27,"Canadian journalist and politician, 6th Deputy Prime Minister of Canada",Politics_Government,Mars|Saturn,2,Sun-Mercury,1,None,0,False,False,False,False,True,False,True
Q4947,Samantha Bond,1961-11-27,English actress,Actor_Media,None,0,Sun-Mars|Mercury-Venus|Jupiter-Saturn,3,None,0,False,False,False,False,False,False,False
Q4948,Kelly Loeffler,1970-11-27,American politician and businesswoman,Politics_Government,None,0,Moon-Venus|Moon-Jupiter,2,None,0,False,False,False,False,False,False,False
Q4949,Ricky Carmichael,1979-11-27,American motocross racer,Other,None,0,Mars-Jupiter,1,Mars-Sun,1,False,False,False,False,False,False,False
Q4950,Luigi Datome,1987-11-27,Italian basketball player,Athlete,None,0,Venus-Saturn,1,None,0,False,False,False,False,False,False,False
Q4951,Manuel I Komnenos,1118-11-28,Byzantine emperor,Politics_Government,None,0,Venus-Mars,1,None,0,False,False,False,False,False,False,False
Q4952,Abraham Brueghel,1631-11-28,Flemish Baroque painter,Other,None,0,Mercury-Saturn,1,Mars-Sun,1,False,False,False,False,False,False,False
Q4953,William Blake,1757-11-28,English poet and painter,Writer_Journalism,None,0,Sun-Jupiter|Mercury-Jupiter,2,None,0,False,False,False,False,False,False,False
Q4954,William Froude,1810-11-28,English engineer and architect,Engineering_Tech,None,0,Sun-Mercury,1,Mars-Mercury|Jupiter-Venus,2,False,False,False,False,False,False,False
Q4955,Henry Bacon,1866-11-28,"American architect, designed the Lincoln Memorial",Engineering_Tech,Saturn,1,Mercury-Venus,1,None,0,False,False,False,False,False,False,True
Q4956,İhap Hulusi Görey,1898-11-28,Turkish graphic artist,Other,Moon,1,Sun-Venus|Sun-Saturn|Venus-Saturn,3,None,0,False,True,False,False,False,False,False
Q4957,Elsie Quarterman,1910-11-28,American ecologist and academic,Academic_Science,None,0,Sun-Venus|Moon-Jupiter,2,Mars-Venus,1,False,False,False,False,False,False,False
Q4958,József Bozsik,1925-11-28,Hungarian footballer and manager,Athlete,Saturn,1,Venus-Jupiter,1,Saturn-Venus,1,False,False,False,False,False,False,True
Q4959,Frik du Preez,1935-11-28,South African rugby player,Athlete,Mars,1,Sun-Mercury|Sun-Jupiter|Mercury-Jupiter,3,None,0,False,False,False,False,True,False,False
Q4960,Michel Berger,1947-11-28,French singer-songwriter,Actor_Media,Moon,1,Sun-Jupiter|Mars-Saturn,2,Mars-Sun,1,False,True,False,False,False,False,False
Q4961,Alessandro Altobelli,1955-11-28,Italian footballer and sportscaster,Athlete,None,0,Sun-Mercury|Mercury-Saturn,2,None,0,False,False,False,False,False,False,False
Q4962,Armando Iannucci,1963-11-28,"Scottish comedian, actor, director, and producer",Actor_Media,None,0,Mercury-Mars|Venus-Mars,2,None,0,False,False,False,False,False,False,False
Q4963,Paulo Figueiredo,1972-11-28,Angolan footballer,Athlete,None,0,Sun-Mercury|Venus-Mars,2,None,0,False,False,False,False,False,False,False
Q4964,Erick Rowan,1981-11-28,American wrestler,Athlete,None,0,Sun-Mercury,1,Mars-Sun|Jupiter-Venus,2,False,False,False,False,False,False,False
Q4965,Laura Alleway,1989-11-28,Australian footballer,Athlete,None,0,Sun-Moon,1,None,0,False,False,False,False,False,False,False
Q4966,William of Septimania,0826-11-29,Frankish nobleman,Other,None,0,Sun-Venus,1,None,0,False,False,False,False,False,False,False
Q4967,Michael Christian Festing,1705-11-29,English violinist and composer,Other,Moon|Jupiter,2,Sun-Mercury|Moon-Saturn,2,None,0,False,True,False,False,False,True,False
Q4968,Morrison Waite,1816-11-29,"American jurist and politician, 7th Chief Justice of the United States",Politics_Government,None,0,Mercury-Mars|Mercury-Jupiter|Mars-Jupiter,3,None,0,False,False,False,False,False,False,False
Q4969,Gertrude Jekyll,1843-11-29,British horticulturist and writer,Writer_Journalism,Mars,1,Sun-Mercury|Mars-Jupiter,2,None,0,False,False,False,False,True,False,False
Q4970,Jacob Gade,1879-11-29,Danish violinist and composer,Other,Moon,1,None,0,Jupiter-Saturn,1,False,True,False,False,False,False,False
Q4971,Marcel Lefebvre,1905-11-29,French-Swiss archbishop and theologian,Religion,Mars,1,None,0,None,0,False,False,False,False,True,False,False
Q4972,Yegor Ligachyov,1920-11-29,Russian engineer and politician,Politics_Government,Mars,1,Jupiter-Saturn,1,None,0,False,False,False,False,True,False,False
Q4973,Derek Jameson,1929-11-29,English journalist and radio host,Writer_Journalism,None,0,Sun-Mercury|Sun-Mars|Moon-Venus|Mercury-Mars,4,None,0,False,False,False,False,False,False,False
Q4974,Peter Bergman,1939-11-29,"American comedian, actor and screenwriter",Actor_Media,None,0,Sun-Mercury,1,Mars-Saturn,1,False,False,False,False,False,False,False
Q4975,Yōichi Masuzoe,1948-11-29,Japanese politician,Politics_Government,None,0,Sun-Mercury|Mars-Jupiter,2,None,0,False,False,False,False,False,False,False
Q4976,Hinton Battle,1956-11-29,"German-American actor, dancer, and choreographer",Actor_Media,None,0,Sun-Saturn|Moon-Venus,2,None,0,False,False,False,False,False,False,False
Q4977,Lauren Child,1965-11-29,English author,Writer_Journalism,None,0,None,0,None,0,False,False,False,False,False,False,False
Q4978,Pavol Demitra,1974-11-29,Slovak ice hockey player,Athlete,Moon,1,Sun-Venus|Mercury-Mars,2,Mars-Venus,1,False,True,False,False,False,False,False
Q4979,Lucas Black,1982-11-29,American actor,Actor_Media,Saturn,1,Sun-Mercury|Sun-Venus|Mercury-Venus,3,Jupiter-Mars,1,False,False,False,False,False,False,True
Q4980,Becky James,1991-11-29,Welsh cyclist,Athlete,None,0,Sun-Mars|Moon-Jupiter,2,None,0,False,False,False,False,False,False,False
Q4981,Gregory of Tours,0539-11-30,French bishop and saint,Religion,Saturn,1,Mercury-Mars,1,Saturn-Venus,1,False,False,False,False,False,False,True
Q4982,Andrea Palladio,1508-11-30,"Italian architect and theoretician, designed the Church of San Giorgio Maggiore and Teatro Olimpico",Engineering_Tech,None,0,Sun-Mercury|Sun-Jupiter|Moon-Venus,3,Jupiter-Mars,1,False,False,False,False,False,False,False
Q4983,Andrea Pozzo,1642-11-30,"Jesuit Brother, architect and painter",Engineering_Tech,None,0,None,0,None,0,False,False,False,False,False,False,False
Q4984,Joachim Albertini,1748-11-30,Italian-Polish composer,Other,Saturn,1,Sun-Mercury|Venus-Mars,2,Mars-Mercury,1,False,False,False,False,False,False,True
Q4985,Theodor Mommsen,1817-11-30,"German jurist, historian, and scholar, Nobel Prize laureate",Academic_Science,None,0,Sun-Mercury,1,None,0,False,False,False,False,False,False,False
Q4986,Bobby Abel,1857-11-30,English cricketer,Athlete,Moon,1,Sun-Mercury,1,Mars-Mercury,1,False,True,False,False,False,False,False
Q4987,Gustav Suits,1883-11-30,Estonian-Swedish poet and politician,Politics_Government,Jupiter,1,Sun-Moon|Sun-Mercury|Moon-Mercury,3,Mars-Moon,1,False,False,False,False,False,True,False
Q4988,Carle Hessay,1911-11-30,German-Canadian painter,Other,None,0,None,0,None,0,False,False,False,False,False,False,False
Q4989,Teresa Gisbert Carbonell,1926-11-30,Bolivian architect and art historian,Writer_Journalism,None,0,Sun-Venus|Sun-Saturn|Mercury-Saturn,3,None,0,False,False,False,False,False,False,False
Q4990,Woody Allen,1935-11-30,"American actor, director, and screenwriter",Actor_Media,Mars,1,Sun-Mercury|Sun-Jupiter|Moon-Mars|Mercury-Jupiter,4,None,0,False,False,False,False,True,False,False
Q4991,George Duffield,1946-11-30,English jockey and trainer,Other,None,0,Mercury-Venus|Mercury-Jupiter|Venus-Jupiter,3,Moon-Saturn,1,False,False,False,False,False,False,False
Q4992,John Ashton,1957-11-30,"English guitarist, songwriter, and producer",Actor_Media,None,0,Sun-Saturn,1,None,0,False,False,False,False,False,False,False
Q4993,Joseph Corré,1967-11-30,"English fashion designer and businessman, co-founded Agent Provocateur",Business,Mars,1,Moon-Mercury,1,Mercury-Venus,1,False,False,False,False,True,False,False
Q4994,Richard Elias Anderson,1977-11-30,Canadian basketball player and coach,Athlete,None,0,None,0,Jupiter-Mercury,1,False,False,False,False,False,False,False
Q4995,Jordan Farmar,1986-11-30,American basketball player,Athlete,None,0,Sun-Saturn|Moon-Mercury,2,Mars-Saturn,1,False,False,False,False,False,False,False
Q4996,Hasan ibn Ali,0624-12-01,the second Shia Imam,Religion,Moon|Mars,2,Moon-Jupiter,1,None,0,False,True,False,False,True,False,False
Q4997,Tadeáš Hájek,1525-12-01,Czech medical doctor and astronomer,Academic_Science,Mars,1,None,0,None,0,False,False,False,False,True,False,False
Q4998,Marie Tussaud,1761-12-01,"French-English sculptor, founded Madame Tussauds Wax Museum",Other,None,0,Sun-Mercury,1,Mars-Mercury,1,False,False,False,False,False,False,False
Q4999,Eligiusz Niewiadomski,1869-12-01,Polish painter and critic,Other,None,0,Sun-Mercury,1,Jupiter-Mars,1,False,False,False,False,False,False,False
Q5000,Stuart Garson,1898-12-01,"Canadian lawyer and politician, 12th Premier of Manitoba",Politics_Government,None,0,Sun-Venus|Sun-Saturn|Venus-Saturn,3,None,0,False,False,False,False,False,False,False
Q5001,Mary Martin,1913-12-01,American actress and singer,Actor_Media,None,0,Moon-Jupiter|Mercury-Venus,2,None,0,False,False,False,False,False,False,False
Q5002,Mother Antonia,1926-12-01,American-Mexican nun and activist,Other,None,0,Sun-Venus|Mercury-Saturn,2,None,0,False,False,False,False,False,False,False
Q5003,Sola Sierra,1935-12-01,Chilean human rights activist,Other,Mars,1,Sun-Mercury|Sun-Jupiter|Mercury-Jupiter,3,None,0,False,False,False,False,True,False,False
Q5004,Eric Bloom,1944-12-01,American singer-songwriter and guitarist,Actor_Media,None,0,Sun-Mars,1,Jupiter-Mercury,1,False,False,False,False,False,False,False
Q5005,Stephen Poliakoff,1952-12-01,"English director, producer, and playwright",Actor_Media,Moon|Mars|Saturn,3,Sun-Mercury,1,None,0,False,True,False,False,True,False,True
Q5006,Safra Catz,1961-12-01,Israeli-American businesswoman and boss of Oracle,Business,None,0,Sun-Mars|Mercury-Venus|Jupiter-Saturn,3,None,0,False,False,False,False,False,False,False
Q5007,Richard Carrier,1969-12-01,American author and blogger,Writer_Journalism,Mars,1,None,0,Mars-Saturn,1,False,False,False,False,True,False,False
Q5008,Brad Delson,1977-12-01,American guitarist and producer,Actor_Media,None,0,Moon-Mars,1,Jupiter-Mercury,1,False,False,False,False,False,False,False
Q5009,DeSean Jackson,1986-12-01,American football player,Athlete,None,0,Sun-Moon|Sun-Saturn|Moon-Saturn,3,Mars-Saturn,1,False,False,False,False,False,False,False
Q5010,Seedy Njie,1994-12-01,English footballer,Athlete,None,0,Sun-Mercury|Mercury-Jupiter,2,Mars-Sun,1,False,False,False,False,False,False,False
