id,version,found,planets,max_gap,strength,score
1,4_planet,False,,360,0,0
1,5_planet,False,,360,0,0
1,7_planet,False,,360,0,0
2,4_planet,False,,360,0,0
2,5_planet,False,,360,0,0
2,7_planet,False,,360,0,0
3,4_planet,False,,360,0,0
3,5_planet,False,,360,0,0
3,7_planet,False,,360,0,0
4,4_planet,False,,360,0,0
4,5_planet,False,,360,0,0
4,7_planet,False,,360,0,0
5,4_planet,False,,360,0,0
5,5_planet,False,,360,0,0
5,7_planet,False,,360,0,0
6,4_planet,False,,360,0,0
6,5_planet,False,,360,0,0
6,7_planet,False,,360,0,0
7,4_planet,False,,360,0,0
7,5_planet,False,,360,0,0
7,7_planet,False,,360,0,0
8,4_planet,False,,360,0,0
8,5_planet,False,,360,0,0
8,7_planet,False,,360,0,0
9,4_planet,False,,360,0,0
9,5_planet,False,,360,0,0
9,7_planet,False,,360,0,0
10,4_planet,False,,360,0,0
10,5_planet,False,,360,0,0
10,7_planet,False,,360,0,0
11,4_planet,False,,360,0,0
11,5_planet,False,,360,0,0
11,7_planet,False,,360,0,0
12,4_planet,False,,360,0,0
12,5_planet,False,,360,0,0
12,7_planet,False,,360,0,0
13,4_planet,False,,360,0,0
13,5_planet,False,,360,0,0
13,7_planet,False,,360,0,0
14,4_planet,False,,360,0,0
14,5_planet,False,,360,0,0
14,7_planet,False,,360,0,0
15,4_planet,False,,360,0,0
15,5_planet,False,,360,0,0
15,7_planet,False,,360,0,0
16,4_planet,False,,360,0,0
16,5_planet,False,,360,0,0
16,7_planet,False,,360,0,0
17,4_planet,False,,360,0,0
17,5_planet,False,,360,0,0
17,7_planet,False,,360,0,0
18,4_planet,False,,360,0,0
18,5_planet,False,,360,0,0
18,7_planet,False,,360,0,0
19,4_planet,False,,360,0,0
19,5_planet,False,,360,0,0
19,7_planet,False,,360,0,0
20,4_planet,False,,360,0,0
20,5_planet,False,,360,0,0
20,7_planet,False,,360,0,0
21,4_planet,False,,360,0,0
21,5_planet,False,,360,0,0
21,7_planet,False,,360,0,0
22,4_planet,False,,360,0,0
22,5_planet,False,,360,0,0
22,7_planet,False,,360,0,0
23,4_planet,False,,360,0,0
23,5_planet,False,,360,0,0
23,7_planet,False,,360,0,0
24,4_planet,False,,360,0,0
24,5_planet,False,,360,0,0
24,7_planet,False,,360,0,0
25,4_planet,False,,360,0,0
25,5_planet,False,,360,0,0
25,7_planet,False,,360,0,0
26,4_planet,False,,360,0,0
26,5_planet,False,,360,0,0
26,7_planet,False,,360,0,0
27,4_planet,False,,360,0,0
27,5_planet,False,,360,0,0
27,7_planet,False,,360,0,0
28,4_planet,False,,360,0,0
28,5_planet,False,,360,0,0
28,7_planet,False,,360,0,0
29,4_planet,False,,360,0,0
29,5_planet,False,,360,0,0
29,7_planet,False,,360,0,0
30,4_planet,False,,360,0,0
30,5_planet,False,,360,0,0
30,7_planet,False,,360,0,0
31,4_planet,False,,360,0,0
31,5_planet,False,,360,0,0
31,7_planet,False,,360,0,0
32,4_planet,False,,360,0,0
32,5_planet,False,,360,0,0
32,7_planet,False,,360,0,0
33,4_planet,False,,360,0,0
33,5_planet,False,,360,0,0
33,7_planet,False,,360,0,0
34,4_planet,False,,360,0,0
34,5_planet,False,,360,0,0
34,7_planet,False,,360,0,0
35,4_planet,False,,360,0,0
35,5_planet,False,,360,0,0
35,7_planet,False,,360,0,0
36,4_planet,False,,360,0,0
36,5_planet,False,,360,0,0
36,7_planet,False,,360,0,0
37,4_planet,False,,360,0,0
37,5_planet,False,,360,0,0
37,7_planet,False,,360,0,0
38,4_planet,False,,360,0,0
38,5_planet,False,,360,0,0
38,7_planet,False,,360,0,0
39,4_planet,False,,360,0,0
39,5_planet,False,,360,0,0
39,7_planet,False,,360,0,0
40,4_planet,False,,360,0,0
40,5_planet,False,,360,0,0
40,7_planet,False,,360,0,0
41,4_planet,False,,360,0,0
41,5_planet,False,,360,0,0
41,7_planet,False,,360,0,0
42,4_planet,False,,360,0,0
42,5_planet,False,,360,0,0
42,7_planet,False,,360,0,0
43,4_planet,False,,360,0,0
43,5_planet,False,,360,0,0
43,7_planet,False,,360,0,0
44,4_planet,False,,360,0,0
44,5_planet,False,,360,0,0
44,7_planet,False,,360,0,0
45,4_planet,False,,360,0,0
45,5_planet,False,,360,0,0
45,7_planet,False,,360,0,0
46,4_planet,False,,360,0,0
46,5_planet,False,,360,0,0
46,7_planet,False,,360,0,0
47,4_planet,False,,360,0,0
47,5_planet,False,,360,0,0
47,7_planet,False,,360,0,0
48,4_planet,False,,360,0,0
48,5_planet,False,,360,0,0
48,7_planet,False,,360,0,0
49,4_planet,False,,360,0,0
49,5_planet,False,,360,0,0
49,7_planet,False,,360,0,0
50,4_planet,False,,360,0,0
50,5_planet,False,,360,0,0
50,7_planet,False,,360,0,0
51,4_planet,False,,360,0,0
51,5_planet,False,,360,0,0
51,7_planet,False,,360,0,0
52,4_planet,False,,360,0,0
52,5_planet,False,,360,0,0
52,7_planet,False,,360,0,0
53,4_planet,False,,360,0,0
53,5_planet,False,,360,0,0
53,7_planet,False,,360,0,0
54,4_planet,False,,360,0,0
54,5_planet,False,,360,0,0
54,7_planet,False,,360,0,0
55,4_planet,False,,360,0,0
55,5_planet,False,,360,0,0
55,7_planet,False,,360,0,0
56,4_planet,False,,360,0,0
56,5_planet,False,,360,0,0
56,7_planet,False,,360,0,0
57,4_planet,False,,360,0,0
57,5_planet,False,,360,0,0
57,7_planet,False,,360,0,0
58,4_planet,False,,360,0,0
58,5_planet,False,,360,0,0
58,7_planet,False,,360,0,0
59,4_planet,False,,360,0,0
59,5_planet,False,,360,0,0
59,7_planet,False,,360,0,0
60,4_planet,False,,360,0,0
60,5_planet,False,,360,0,0
60,7_planet,False,,360,0,0
61,4_planet,False,,360,0,0
61,5_planet,False,,360,0,0
61,7_planet,False,,360,0,0
62,4_planet,False,,360,0,0
62,5_planet,False,,360,0,0
62,7_planet,False,,360,0,0
63,4_planet,False,,360,0,0
63,5_planet,False,,360,0,0
63,7_planet,False,,360,0,0
64,4_planet,False,,360,0,0
64,5_planet,False,,360,0,0
64,7_planet,False,,360,0,0
65,4_planet,False,,360,0,0
65,5_planet,False,,360,0,0
65,7_planet,False,,360,0,0
66,4_planet,False,,360,0,0
66,5_planet,False,,360,0,0
66,7_planet,False,,360,0,0
67,4_planet,False,,360,0,0
67,5_planet,False,,360,0,0
67,7_planet,False,,360,0,0
68,4_planet,False,,360,0,0
68,5_planet,False,,360,0,0
68,7_planet,False,,360,0,0
69,4_planet,False,,360,0,0
69,5_planet,False,,360,0,0
69,7_planet,False,,360,0,0
70,4_planet,False,,360,0,0
70,5_planet,False,,360,0,0
70,7_planet,False,,360,0,0
71,4_planet,False,,360,0,0
71,5_planet,False,,360,0,0
71,7_planet,False,,360,0,0
72,4_planet,False,,360,0,0
72,5_planet,False,,360,0,0
72,7_planet,False,,360,0,0
73,4_planet,False,,360,0,0
73,5_planet,False,,360,0,0
73,7_planet,False,,360,0,0
74,4_planet,False,,360,0,0
74,5_planet,False,,360,0,0
74,7_planet,False,,360,0,0
75,4_planet,False,,360,0,0
75,5_planet,False,,360,0,0
75,7_planet,False,,360,0,0
76,4_planet,False,,360,0,0
76,5_planet,False,,360,0,0
76,7_planet,False,,360,0,0
77,4_planet,False,,360,0,0
77,5_planet,False,,360,0,0
77,7_planet,False,,360,0,0
78,4_planet,False,,360,0,0
78,5_planet,False,,360,0,0
78,7_planet,False,,360,0,0
79,4_planet,False,,360,0,0
79,5_planet,False,,360,0,0
79,7_planet,False,,360,0,0
80,4_planet,False,,360,0,0
80,5_planet,False,,360,0,0
80,7_planet,False,,360,0,0
81,4_planet,False,,360,0,0
81,5_planet,False,,360,0,0
81,7_planet,False,,360,0,0
82,4_planet,False,,360,0,0
82,5_planet,False,,360,0,0
82,7_planet,False,,360,0,0
83,4_planet,False,,360,0,0
83,5_planet,False,,360,0,0
83,7_planet,False,,360,0,0
84,4_planet,False,,360,0,0
84,5_planet,False,,360,0,0
84,7_planet,False,,360,0,0
85,4_planet,False,,360,0,0
85,5_planet,False,,360,0,0
85,7_planet,False,,360,0,0
86,4_planet,False,,360,0,0
86,5_planet,False,,360,0,0
86,7_planet,False,,360,0,0
87,4_planet,False,,360,0,0
87,5_planet,False,,360,0,0
87,7_planet,False,,360,0,0
88,4_planet,False,,360,0,0
88,5_planet,False,,360,0,0
88,7_planet,False,,360,0,0
89,4_planet,False,,360,0,0
89,5_planet,False,,360,0,0
89,7_planet,False,,360,0,0
90,4_planet,False,,360,0,0
90,5_planet,False,,360,0,0
90,7_planet,False,,360,0,0
91,4_planet,False,,360,0,0
91,5_planet,False,,360,0,0
91,7_planet,False,,360,0,0
92,4_planet,False,,360,0,0
92,5_planet,False,,360,0,0
92,7_planet,False,,360,0,0
93,4_planet,False,,360,0,0
93,5_planet,False,,360,0,0
93,7_planet,False,,360,0,0
94,4_planet,False,,360,0,0
94,5_planet,False,,360,0,0
94,7_planet,False,,360,0,0
95,4_planet,False,,360,0,0
95,5_planet,False,,360,0,0
95,7_planet,False,,360,0,0
96,4_planet,False,,360,0,0
96,5_planet,False,,360,0,0
96,7_planet,False,,360,0,0
97,4_planet,False,,360,0,0
97,5_planet,False,,360,0,0
97,7_planet,False,,360,0,0
98,4_planet,False,,360,0,0
98,5_planet,False,,360,0,0
98,7_planet,False,,360,0,0
99,4_planet,False,,360,0,0
99,5_planet,False,,360,0,0
99,7_planet,False,,360,0,0
100,4_planet,False,,360,0,0
100,5_planet,False,,360,0,0
100,7_planet,False,,360,0,0
101,4_planet,False,,360,0,0
101,5_planet,False,,360,0,0
101,7_planet,False,,360,0,0
102,4_planet,False,,360,0,0
102,5_planet,False,,360,0,0
102,7_planet,False,,360,0,0
103,4_planet,False,,360,0,0
103,5_planet,False,,360,0,0
103,7_planet,False,,360,0,0
104,4_planet,False,,360,0,0
104,5_planet,False,,360,0,0
104,7_planet,False,,360,0,0
105,4_planet,False,,360,0,0
105,5_planet,False,,360,0,0
105,7_planet,False,,360,0,0
106,4_planet,False,,360,0,0
106,5_planet,False,,360,0,0
106,7_planet,False,,360,0,0
107,4_planet,False,,360,0,0
107,5_planet,False,,360,0,0
107,7_planet,False,,360,0,0
108,4_planet,False,,360,0,0
108,5_planet,False,,360,0,0
108,7_planet,False,,360,0,0
109,4_planet,False,,360,0,0
109,5_planet,False,,360,0,0
109,7_planet,False,,360,0,0
110,4_planet,False,,360,0,0
110,5_planet,False,,360,0,0
110,7_planet,False,,360,0,0
111,4_planet,False,,360,0,0
111,5_planet,False,,360,0,0
111,7_planet,False,,360,0,0
112,4_planet,False,,360,0,0
112,5_planet,False,,360,0,0
112,7_planet,False,,360,0,0
113,4_planet,False,,360,0,0
113,5_planet,False,,360,0,0
113,7_planet,False,,360,0,0
114,4_planet,False,,360,0,0
114,5_planet,False,,360,0,0
114,7_planet,False,,360,0,0
115,4_planet,False,,360,0,0
115,5_planet,False,,360,0,0
115,7_planet,False,,360,0,0
116,4_planet,False,,360,0,0
116,5_planet,False,,360,0,0
116,7_planet,False,,360,0,0
117,4_planet,False,,360,0,0
117,5_planet,False,,360,0,0
117,7_planet,False,,360,0,0
118,4_planet,False,,360,0,0
118,5_planet,False,,360,0,0
118,7_planet,False,,360,0,0
119,4_planet,False,,360,0,0
119,5_planet,False,,360,0,0
119,7_planet,False,,360,0,0
120,4_planet,False,,360,0,0
120,5_planet,False,,360,0,0
120,7_planet,False,,360,0,0
121,4_planet,False,,360,0,0
121,5_planet,False,,360,0,0
121,7_planet,False,,360,0,0
122,4_planet,False,,360,0,0
122,5_planet,False,,360,0,0
122,7_planet,False,,360,0,0
123,4_planet,False,,360,0,0
123,5_planet,False,,360,0,0
123,7_planet,False,,360,0,0
124,4_planet,False,,360,0,0
124,5_planet,False,,360,0,0
124,7_planet,False,,360,0,0
125,4_planet,False,,360,0,0
125,5_planet,False,,360,0,0
125,7_planet,False,,360,0,0
126,4_planet,False,,360,0,0
126,5_planet,False,,360,0,0
126,7_planet,False,,360,0,0
127,4_planet,False,,360,0,0
127,5_planet,False,,360,0,0
127,7_planet,False,,360,0,0
128,4_planet,False,,360,0,0
128,5_planet,False,,360,0,0
128,7_planet,False,,360,0,0
129,4_planet,False,,360,0,0
129,5_planet,False,,360,0,0
129,7_planet,False,,360,0,0
130,4_planet,False,,360,0,0
130,5_planet,False,,360,0,0
130,7_planet,False,,360,0,0
131,4_planet,False,,360,0,0
131,5_planet,False,,360,0,0
131,7_planet,False,,360,0,0
132,4_planet,False,,360,0,0
132,5_planet,False,,360,0,0
132,7_planet,False,,360,0,0
133,4_planet,False,,360,0,0
133,5_planet,False,,360,0,0
133,7_planet,False,,360,0,0
134,4_planet,False,,360,0,0
134,5_planet,False,,360,0,0
134,7_planet,False,,360,0,0
135,4_planet,False,,360,0,0
135,5_planet,False,,360,0,0
135,7_planet,False,,360,0,0
136,4_planet,False,,360,0,0
136,5_planet,False,,360,0,0
136,7_planet,False,,360,0,0
137,4_planet,False,,360,0,0
137,5_planet,False,,360,0,0
137,7_planet,False,,360,0,0
138,4_planet,False,,360,0,0
138,5_planet,False,,360,0,0
138,7_planet,False,,360,0,0
139,4_planet,False,,360,0,0
139,5_planet,False,,360,0,0
139,7_planet,False,,360,0,0
140,4_planet,False,,360,0,0
140,5_planet,False,,360,0,0
140,7_planet,False,,360,0,0
141,4_planet,False,,360,0,0
141,5_planet,False,,360,0,0
141,7_planet,False,,360,0,0
142,4_planet,False,,360,0,0
142,5_planet,False,,360,0,0
142,7_planet,False,,360,0,0
143,4_planet,False,,360,0,0
143,5_planet,False,,360,0,0
143,7_planet,False,,360,0,0
144,4_planet,False,,360,0,0
144,5_planet,False,,360,0,0
144,7_planet,False,,360,0,0
145,4_planet,False,,360,0,0
145,5_planet,False,,360,0,0
145,7_planet,False,,360,0,0
146,4_planet,False,,360,0,0
146,5_planet,False,,360,0,0
146,7_planet,False,,360,0,0
147,4_planet,False,,360,0,0
147,5_planet,False,,360,0,0
147,7_planet,False,,360,0,0
148,4_planet,False,,360,0,0
148,5_planet,False,,360,0,0
148,7_planet,False,,360,0,0
149,4_planet,False,,360,0,0
149,5_planet,False,,360,0,0
149,7_planet,False,,360,0,0
150,4_planet,False,,360,0,0
150,5_planet,False,,360,0,0
150,7_planet,False,,360,0,0
151,4_planet,False,,360,0,0
151,5_planet,False,,360,0,0
151,7_planet,False,,360,0,0
152,4_planet,False,,360,0,0
152,5_planet,False,,360,0,0
152,7_planet,False,,360,0,0
153,4_planet,False,,360,0,0
153,5_planet,False,,360,0,0
153,7_planet,True,"Saturn, Mercury, Sun, Jupiter, Moon, Venus, Mars",59.54,0.77,21.43
154,4_planet,False,,360,0,0
154,5_planet,False,,360,0,0
154,7_planet,False,,360,0,0
155,4_planet,False,,360,0,0
155,5_planet,False,,360,0,0
155,7_planet,False,,360,0,0
156,4_planet,False,,360,0,0
156,5_planet,False,,360,0,0
156,7_planet,False,,360,0,0
157,4_planet,False,,360,0,0
157,5_planet,False,,360,0,0
157,7_planet,False,,360,0,0
158,4_planet,False,,360,0,0
158,5_planet,False,,360,0,0
158,7_planet,False,,360,0,0
159,4_planet,False,,360,0,0
159,5_planet,False,,360,0,0
159,7_planet,False,,360,0,0
160,4_planet,False,,360,0,0
160,5_planet,False,,360,0,0
160,7_planet,False,,360,0,0
161,4_planet,False,,360,0,0
161,5_planet,False,,360,0,0
161,7_planet,False,,360,0,0
162,4_planet,False,,360,0,0
162,5_planet,False,,360,0,0
162,7_planet,False,,360,0,0
163,4_planet,False,,360,0,0
163,5_planet,False,,360,0,0
163,7_planet,False,,360,0,0
164,4_planet,False,,360,0,0
164,5_planet,False,,360,0,0
164,7_planet,False,,360,0,0
165,4_planet,False,,360,0,0
165,5_planet,False,,360,0,0
165,7_planet,False,,360,0,0
166,4_planet,False,,360,0,0
166,5_planet,False,,360,0,0
166,7_planet,False,,360,0,0
167,4_planet,False,,360,0,0
167,5_planet,False,,360,0,0
167,7_planet,False,,360,0,0
168,4_planet,False,,360,0,0
168,5_planet,False,,360,0,0
168,7_planet,False,,360,0,0
169,4_planet,False,,360,0,0
169,5_planet,False,,360,0,0
169,7_planet,False,,360,0,0
170,4_planet,False,,360,0,0
170,5_planet,False,,360,0,0
170,7_planet,False,,360,0,0
171,4_planet,False,,360,0,0
171,5_planet,False,,360,0,0
171,7_planet,False,,360,0,0
172,4_planet,False,,360,0,0
172,5_planet,False,,360,0,0
172,7_planet,False,,360,0,0
173,4_planet,False,,360,0,0
173,5_planet,False,,360,0,0
173,7_planet,False,,360,0,0
174,4_planet,False,,360,0,0
174,5_planet,False,,360,0,0
174,7_planet,False,,360,0,0
175,4_planet,False,,360,0,0
175,5_planet,False,,360,0,0
175,7_planet,False,,360,0,0
176,4_planet,False,,360,0,0
176,5_planet,False,,360,0,0
176,7_planet,False,,360,0,0
177,4_planet,False,,360,0,0
177,5_planet,False,,360,0,0
177,7_planet,False,,360,0,0
178,4_planet,False,,360,0,0
178,5_planet,False,,360,0,0
178,7_planet,True,"Venus, Jupiter, Mercury, Mars, Moon, Sun, Saturn",58.82,1.97,82.14
179,4_planet,False,,360,0,0
179,5_planet,False,,360,0,0
179,7_planet,False,,360,0,0
180,4_planet,False,,360,0,0
180,5_planet,False,,360,0,0
180,7_planet,False,,360,0,0
181,4_planet,False,,360,0,0
181,5_planet,False,,360,0,0
181,7_planet,False,,360,0,0
182,4_planet,False,,360,0,0
182,5_planet,False,,360,0,0
182,7_planet,False,,360,0,0
183,4_planet,False,,360,0,0
183,5_planet,False,,360,0,0
183,7_planet,False,,360,0,0
184,4_planet,False,,360,0,0
184,5_planet,False,,360,0,0
184,7_planet,False,,360,0,0
185,4_planet,False,,360,0,0
185,5_planet,False,,360,0,0
185,7_planet,False,,360,0,0
186,4_planet,False,,360,0,0
186,5_planet,False,,360,0,0
186,7_planet,False,,360,0,0
187,4_planet,False,,360,0,0
187,5_planet,False,,360,0,0
187,7_planet,False,,360,0,0
188,4_planet,False,,360,0,0
188,5_planet,False,,360,0,0
188,7_planet,False,,360,0,0
189,4_planet,False,,360,0,0
189,5_planet,False,,360,0,0
189,7_planet,False,,360,0,0
190,4_planet,False,,360,0,0
190,5_planet,False,,360,0,0
190,7_planet,False,,360,0,0
191,4_planet,False,,360,0,0
191,5_planet,False,,360,0,0
191,7_planet,False,,360,0,0
192,4_planet,False,,360,0,0
192,5_planet,False,,360,0,0
192,7_planet,False,,360,0,0
193,4_planet,False,,360,0,0
193,5_planet,False,,360,0,0
193,7_planet,False,,360,0,0
194,4_planet,False,,360,0,0
194,5_planet,False,,360,0,0
194,7_planet,False,,360,0,0
195,4_planet,False,,360,0,0
195,5_planet,False,,360,0,0
195,7_planet,False,,360,0,0
196,4_planet,False,,360,0,0
196,5_planet,False,,360,0,0
196,7_planet,False,,360,0,0
197,4_planet,False,,360,0,0
197,5_planet,False,,360,0,0
197,7_planet,False,,360,0,0
198,4_planet,False,,360,0,0
198,5_planet,False,,360,0,0
198,7_planet,False,,360,0,0
199,4_planet,False,,360,0,0
199,5_planet,False,,360,0,0
199,7_planet,False,,360,0,0
200,4_planet,False,,360,0,0
200,5_planet,False,,360,0,0
200,7_planet,False,,360,0,0
201,4_planet,False,,360,0,0
201,5_planet,False,,360,0,0
201,7_planet,False,,360,0,0
202,4_planet,False,,360,0,0
202,5_planet,False,,360,0,0
202,7_planet,False,,360,0,0
203,4_planet,False,,360,0,0
203,5_planet,False,,360,0,0
203,7_planet,False,,360,0,0
204,4_planet,False,,360,0,0
204,5_planet,False,,360,0,0
204,7_planet,False,,360,0,0
205,4_planet,False,,360,0,0
205,5_planet,False,,360,0,0
205,7_planet,False,,360,0,0
206,4_planet,False,,360,0,0
206,5_planet,False,,360,0,0
206,7_planet,False,,360,0,0
207,4_planet,False,,360,0,0
207,5_planet,False,,360,0,0
207,7_planet,False,,360,0,0
208,4_planet,False,,360,0,0
208,5_planet,False,,360,0,0
208,7_planet,False,,360,0,0
209,4_planet,False,,360,0,0
209,5_planet,False,,360,0,0
209,7_planet,False,,360,0,0
210,4_planet,False,,360,0,0
210,5_planet,False,,360,0,0
210,7_planet,False,,360,0,0
211,4_planet,False,,360,0,0
211,5_planet,False,,360,0,0
211,7_planet,False,,360,0,0
212,4_planet,False,,360,0,0
212,5_planet,False,,360,0,0
212,7_planet,False,,360,0,0
213,4_planet,False,,360,0,0
213,5_planet,False,,360,0,0
213,7_planet,False,,360,0,0
214,4_planet,False,,360,0,0
214,5_planet,False,,360,0,0
214,7_planet,False,,360,0,0
215,4_planet,False,,360,0,0
215,5_planet,False,,360,0,0
215,7_planet,False,,360,0,0
216,4_planet,False,,360,0,0
216,5_planet,False,,360,0,0
216,7_planet,False,,360,0,0
217,4_planet,False,,360,0,0
217,5_planet,False,,360,0,0
217,7_planet,False,,360,0,0
218,4_planet,False,,360,0,0
218,5_planet,False,,360,0,0
218,7_planet,False,,360,0,0
219,4_planet,False,,360,0,0
219,5_planet,False,,360,0,0
219,7_planet,False,,360,0,0
220,4_planet,False,,360,0,0
220,5_planet,False,,360,0,0
220,7_planet,False,,360,0,0
221,4_planet,False,,360,0,0
221,5_planet,False,,360,0,0
221,7_planet,False,,360,0,0
222,4_planet,False,,360,0,0
222,5_planet,False,,360,0,0
222,7_planet,False,,360,0,0
223,4_planet,False,,360,0,0
223,5_planet,False,,360,0,0
223,7_planet,False,,360,0,0
224,4_planet,False,,360,0,0
224,5_planet,False,,360,0,0
224,7_planet,False,,360,0,0
225,4_planet,False,,360,0,0
225,5_planet,False,,360,0,0
225,7_planet,False,,360,0,0
226,4_planet,False,,360,0,0
226,5_planet,False,,360,0,0
226,7_planet,False,,360,0,0
227,4_planet,False,,360,0,0
227,5_planet,False,,360,0,0
227,7_planet,False,,360,0,0
228,4_planet,False,,360,0,0
228,5_planet,False,,360,0,0
228,7_planet,False,,360,0,0
229,4_planet,False,,360,0,0
229,5_planet,False,,360,0,0
229,7_planet,False,,360,0,0
230,4_planet,False,,360,0,0
230,5_planet,False,,360,0,0
230,7_planet,False,,360,0,0
231,4_planet,False,,360,0,0
231,5_planet,False,,360,0,0
231,7_planet,False,,360,0,0
232,4_planet,False,,360,0,0
232,5_planet,False,,360,0,0
232,7_planet,False,,360,0,0
233,4_planet,False,,360,0,0
233,5_planet,False,,360,0,0
233,7_planet,False,,360,0,0
234,4_planet,False,,360,0,0
234,5_planet,False,,360,0,0
234,7_planet,False,,360,0,0
235,4_planet,False,,360,0,0
235,5_planet,False,,360,0,0
235,7_planet,False,,360,0,0
236,4_planet,False,,360,0,0
236,5_planet,False,,360,0,0
236,7_planet,False,,360,0,0
237,4_planet,False,,360,0,0
237,5_planet,False,,360,0,0
237,7_planet,False,,360,0,0
238,4_planet,False,,360,0,0
238,5_planet,False,,360,0,0
238,7_planet,False,,360,0,0
239,4_planet,False,,360,0,0
239,5_planet,False,,360,0,0
239,7_planet,False,,360,0,0
240,4_planet,False,,360,0,0
240,5_planet,False,,360,0,0
240,7_planet,False,,360,0,0
241,4_planet,False,,360,0,0
241,5_planet,False,,360,0,0
241,7_planet,False,,360,0,0
242,4_planet,False,,360,0,0
242,5_planet,False,,360,0,0
242,7_planet,False,,360,0,0
243,4_planet,False,,360,0,0
243,5_planet,False,,360,0,0
243,7_planet,False,,360,0,0
244,4_planet,False,,360,0,0
244,5_planet,False,,360,0,0
244,7_planet,False,,360,0,0
245,4_planet,False,,360,0,0
245,5_planet,False,,360,0,0
245,7_planet,False,,360,0,0
246,4_planet,False,,360,0,0
246,5_planet,False,,360,0,0
246,7_planet,False,,360,0,0
247,4_planet,False,,360,0,0
247,5_planet,False,,360,0,0
247,7_planet,False,,360,0,0
248,4_planet,False,,360,0,0
248,5_planet,False,,360,0,0
248,7_planet,False,,360,0,0
249,4_planet,False,,360,0,0
249,5_planet,False,,360,0,0
249,7_planet,False,,360,0,0
250,4_planet,False,,360,0,0
250,5_planet,False,,360,0,0
250,7_planet,False,,360,0,0
251,4_planet,False,,360,0,0
251,5_planet,False,,360,0,0
251,7_planet,False,,360,0,0
252,4_planet,False,,360,0,0
252,5_planet,False,,360,0,0
252,7_planet,False,,360,0,0
253,4_planet,False,,360,0,0
253,5_planet,False,,360,0,0
253,7_planet,False,,360,0,0
254,4_planet,False,,360,0,0
254,5_planet,False,,360,0,0
254,7_planet,False,,360,0,0
255,4_planet,False,,360,0,0
255,5_planet,False,,360,0,0
255,7_planet,False,,360,0,0
256,4_planet,False,,360,0,0
256,5_planet,False,,360,0,0
256,7_planet,False,,360,0,0
257,4_planet,False,,360,0,0
257,5_planet,False,,360,0,0
257,7_planet,False,,360,0,0
258,4_planet,False,,360,0,0
258,5_planet,False,,360,0,0
258,7_planet,False,,360,0,0
259,4_planet,False,,360,0,0
259,5_planet,False,,360,0,0
259,7_planet,False,,360,0,0
260,4_planet,False,,360,0,0
260,5_planet,False,,360,0,0
260,7_planet,False,,360,0,0
261,4_planet,False,,360,0,0
261,5_planet,False,,360,0,0
261,7_planet,False,,360,0,0
262,4_planet,False,,360,0,0
262,5_planet,False,,360,0,0
262,7_planet,False,,360,0,0
263,4_planet,False,,360,0,0
263,5_planet,False,,360,0,0
263,7_planet,False,,360,0,0
264,4_planet,False,,360,0,0
264,5_planet,False,,360,0,0
264,7_planet,False,,360,0,0
265,4_planet,False,,360,0,0
265,5_planet,False,,360,0,0
265,7_planet,False,,360,0,0
266,4_planet,False,,360,0,0
266,5_planet,False,,360,0,0
266,7_planet,False,,360,0,0
267,4_planet,False,,360,0,0
267,5_planet,False,,360,0,0
267,7_planet,False,,360,0,0
268,4_planet,False,,360,0,0
268,5_planet,False,,360,0,0
268,7_planet,False,,360,0,0
269,4_planet,False,,360,0,0
269,5_planet,False,,360,0,0
269,7_planet,False,,360,0,0
270,4_planet,False,,360,0,0
270,5_planet,False,,360,0,0
270,7_planet,False,,360,0,0
271,4_planet,False,,360,0,0
271,5_planet,False,,360,0,0
271,7_planet,False,,360,0,0
272,4_planet,False,,360,0,0
272,5_planet,False,,360,0,0
272,7_planet,False,,360,0,0
273,4_planet,False,,360,0,0
273,5_planet,False,,360,0,0
273,7_planet,False,,360,0,0
274,4_planet,False,,360,0,0
274,5_planet,False,,360,0,0
274,7_planet,False,,360,0,0
275,4_planet,False,,360,0,0
275,5_planet,False,,360,0,0
275,7_planet,False,,360,0,0
276,4_planet,False,,360,0,0
276,5_planet,False,,360,0,0
276,7_planet,False,,360,0,0
277,4_planet,False,,360,0,0
277,5_planet,False,,360,0,0
277,7_planet,False,,360,0,0
278,4_planet,False,,360,0,0
278,5_planet,False,,360,0,0
278,7_planet,False,,360,0,0
279,4_planet,False,,360,0,0
279,5_planet,False,,360,0,0
279,7_planet,False,,360,0,0
280,4_planet,False,,360,0,0
280,5_planet,False,,360,0,0
280,7_planet,False,,360,0,0
281,4_planet,False,,360,0,0
281,5_planet,False,,360,0,0
281,7_planet,False,,360,0,0
282,4_planet,False,,360,0,0
282,5_planet,False,,360,0,0
282,7_planet,False,,360,0,0
283,4_planet,False,,360,0,0
283,5_planet,False,,360,0,0
283,7_planet,False,,360,0,0
284,4_planet,False,,360,0,0
284,5_planet,False,,360,0,0
284,7_planet,False,,360,0,0
285,4_planet,False,,360,0,0
285,5_planet,False,,360,0,0
285,7_planet,False,,360,0,0
286,4_planet,False,,360,0,0
286,5_planet,False,,360,0,0
286,7_planet,False,,360,0,0
287,4_planet,False,,360,0,0
287,5_planet,False,,360,0,0
287,7_planet,False,,360,0,0
288,4_planet,False,,360,0,0
288,5_planet,False,,360,0,0
288,7_planet,False,,360,0,0
289,4_planet,False,,360,0,0
289,5_planet,False,,360,0,0
289,7_planet,False,,360,0,0
290,4_planet,False,,360,0,0
290,5_planet,False,,360,0,0
290,7_planet,False,,360,0,0
291,4_planet,False,,360,0,0
291,5_planet,False,,360,0,0
291,7_planet,False,,360,0,0
292,4_planet,False,,360,0,0
292,5_planet,False,,360,0,0
292,7_planet,False,,360,0,0
293,4_planet,False,,360,0,0
293,5_planet,False,,360,0,0
293,7_planet,False,,360,0,0
294,4_planet,False,,360,0,0
294,5_planet,False,,360,0,0
294,7_planet,False,,360,0,0
295,4_planet,False,,360,0,0
295,5_planet,False,,360,0,0
295,7_planet,False,,360,0,0
296,4_planet,False,,360,0,0
296,5_planet,False,,360,0,0
296,7_planet,False,,360,0,0
297,4_planet,False,,360,0,0
297,5_planet,False,,360,0,0
297,7_planet,False,,360,0,0
298,4_planet,False,,360,0,0
298,5_planet,False,,360,0,0
298,7_planet,False,,360,0,0
299,4_planet,False,,360,0,0
299,5_planet,False,,360,0,0
299,7_planet,False,,360,0,0
300,4_planet,False,,360,0,0
300,5_planet,False,,360,0,0
300,7_planet,False,,360,0,0
301,4_planet,False,,360,0,0
301,5_planet,False,,360,0,0
301,7_planet,False,,360,0,0
302,4_planet,False,,360,0,0
302,5_planet,False,,360,0,0
302,7_planet,False,,360,0,0
303,4_planet,False,,360,0,0
303,5_planet,False,,360,0,0
303,7_planet,False,,360,0,0
304,4_planet,False,,360,0,0
304,5_planet,False,,360,0,0
304,7_planet,False,,360,0,0
305,4_planet,False,,360,0,0
305,5_planet,False,,360,0,0
305,7_planet,False,,360,0,0
306,4_planet,False,,360,0,0
306,5_planet,False,,360,0,0
306,7_planet,False,,360,0,0
307,4_planet,False,,360,0,0
307,5_planet,False,,360,0,0
307,7_planet,False,,360,0,0
308,4_planet,False,,360,0,0
308,5_planet,False,,360,0,0
308,7_planet,False,,360,0,0
309,4_planet,False,,360,0,0
309,5_planet,False,,360,0,0
309,7_planet,False,,360,0,0
310,4_planet,False,,360,0,0
310,5_planet,False,,360,0,0
310,7_planet,False,,360,0,0
311,4_planet,False,,360,0,0
311,5_planet,False,,360,0,0
311,7_planet,False,,360,0,0
312,4_planet,False,,360,0,0
312,5_planet,False,,360,0,0
312,7_planet,False,,360,0,0
313,4_planet,False,,360,0,0
313,5_planet,False,,360,0,0
313,7_planet,False,,360,0,0
314,4_planet,False,,360,0,0
314,5_planet,False,,360,0,0
314,7_planet,False,,360,0,0
315,4_planet,False,,360,0,0
315,5_planet,False,,360,0,0
315,7_planet,False,,360,0,0
316,4_planet,False,,360,0,0
316,5_planet,False,,360,0,0
316,7_planet,False,,360,0,0
317,4_planet,False,,360,0,0
317,5_planet,False,,360,0,0
317,7_planet,False,,360,0,0
318,4_planet,False,,360,0,0
318,5_planet,False,,360,0,0
318,7_planet,False,,360,0,0
319,4_planet,False,,360,0,0
319,5_planet,False,,360,0,0
319,7_planet,False,,360,0,0
320,4_planet,False,,360,0,0
320,5_planet,False,,360,0,0
320,7_planet,False,,360,0,0
321,4_planet,False,,360,0,0
321,5_planet,False,,360,0,0
321,7_planet,False,,360,0,0
322,4_planet,False,,360,0,0
322,5_planet,False,,360,0,0
322,7_planet,False,,360,0,0
323,4_planet,False,,360,0,0
323,5_planet,False,,360,0,0
323,7_planet,False,,360,0,0
324,4_planet,False,,360,0,0
324,5_planet,False,,360,0,0
324,7_planet,False,,360,0,0
325,4_planet,False,,360,0,0
325,5_planet,False,,360,0,0
325,7_planet,False,,360,0,0
326,4_planet,False,,360,0,0
326,5_planet,False,,360,0,0
326,7_planet,False,,360,0,0
327,4_planet,False,,360,0,0
327,5_planet,False,,360,0,0
327,7_planet,False,,360,0,0
328,4_planet,False,,360,0,0
328,5_planet,False,,360,0,0
328,7_planet,False,,360,0,0
329,4_planet,False,,360,0,0
329,5_planet,False,,360,0,0
329,7_planet,False,,360,0,0
330,4_planet,False,,360,0,0
330,5_planet,False,,360,0,0
330,7_planet,False,,360,0,0
331,4_planet,False,,360,0,0
331,5_planet,False,,360,0,0
331,7_planet,False,,360,0,0
332,4_planet,False,,360,0,0
332,5_planet,False,,360,0,0
332,7_planet,False,,360,0,0
333,4_planet,False,,360,0,0
333,5_planet,False,,360,0,0
333,7_planet,False,,360,0,0
334,4_planet,False,,360,0,0
334,5_planet,False,,360,0,0
334,7_planet,False,,360,0,0
335,4_planet,False,,360,0,0
335,5_planet,False,,360,0,0
335,7_planet,False,,360,0,0
336,4_planet,False,,360,0,0
336,5_planet,False,,360,0,0
336,7_planet,False,,360,0,0
337,4_planet,False,,360,0,0
337,5_planet,False,,360,0,0
337,7_planet,False,,360,0,0
338,4_planet,False,,360,0,0
338,5_planet,False,,360,0,0
338,7_planet,False,,360,0,0
339,4_planet,False,,360,0,0
339,5_planet,False,,360,0,0
339,7_planet,False,,360,0,0
340,4_planet,False,,360,0,0
340,5_planet,False,,360,0,0
340,7_planet,False,,360,0,0
341,4_planet,False,,360,0,0
341,5_planet,False,,360,0,0
341,7_planet,False,,360,0,0
342,4_planet,False,,360,0,0
342,5_planet,False,,360,0,0
342,7_planet,False,,360,0,0
343,4_planet,False,,360,0,0
343,5_planet,False,,360,0,0
343,7_planet,False,,360,0,0
344,4_planet,False,,360,0,0
344,5_planet,False,,360,0,0
344,7_planet,False,,360,0,0
345,4_planet,False,,360,0,0
345,5_planet,False,,360,0,0
345,7_planet,False,,360,0,0
346,4_planet,False,,360,0,0
346,5_planet,False,,360,0,0
346,7_planet,False,,360,0,0
347,4_planet,False,,360,0,0
347,5_planet,False,,360,0,0
347,7_planet,False,,360,0,0
348,4_planet,False,,360,0,0
348,5_planet,False,,360,0,0
348,7_planet,False,,360,0,0
349,4_planet,False,,360,0,0
349,5_planet,False,,360,0,0
349,7_planet,False,,360,0,0
350,4_planet,False,,360,0,0
350,5_planet,False,,360,0,0
350,7_planet,False,,360,0,0
351,4_planet,False,,360,0,0
351,5_planet,False,,360,0,0
351,7_planet,False,,360,0,0
352,4_planet,False,,360,0,0
352,5_planet,False,,360,0,0
352,7_planet,False,,360,0,0
353,4_planet,False,,360,0,0
353,5_planet,False,,360,0,0
353,7_planet,False,,360,0,0
354,4_planet,False,,360,0,0
354,5_planet,False,,360,0,0
354,7_planet,False,,360,0,0
355,4_planet,False,,360,0,0
355,5_planet,False,,360,0,0
355,7_planet,False,,360,0,0
356,4_planet,False,,360,0,0
356,5_planet,False,,360,0,0
356,7_planet,False,,360,0,0
357,4_planet,False,,360,0,0
357,5_planet,False,,360,0,0
357,7_planet,False,,360,0,0
358,4_planet,False,,360,0,0
358,5_planet,False,,360,0,0
358,7_planet,False,,360,0,0
359,4_planet,False,,360,0,0
359,5_planet,False,,360,0,0
359,7_planet,False,,360,0,0
360,4_planet,False,,360,0,0
360,5_planet,False,,360,0,0
360,7_planet,False,,360,0,0
361,4_planet,False,,360,0,0
361,5_planet,False,,360,0,0
361,7_planet,False,,360,0,0
362,4_planet,False,,360,0,0
362,5_planet,False,,360,0,0
362,7_planet,False,,360,0,0
363,4_planet,False,,360,0,0
363,5_planet,False,,360,0,0
363,7_planet,False,,360,0,0
364,4_planet,False,,360,0,0
364,5_planet,False,,360,0,0
364,7_planet,False,,360,0,0
365,4_planet,False,,360,0,0
365,5_planet,False,,360,0,0
365,7_planet,False,,360,0,0
366,4_planet,False,,360,0,0
366,5_planet,False,,360,0,0
366,7_planet,False,,360,0,0
367,4_planet,False,,360,0,0
367,5_planet,False,,360,0,0
367,7_planet,False,,360,0,0
368,4_planet,False,,360,0,0
368,5_planet,False,,360,0,0
368,7_planet,False,,360,0,0
369,4_planet,False,,360,0,0
369,5_planet,False,,360,0,0
369,7_planet,False,,360,0,0
370,4_planet,False,,360,0,0
370,5_planet,False,,360,0,0
370,7_planet,False,,360,0,0
371,4_planet,False,,360,0,0
371,5_planet,False,,360,0,0
371,7_planet,False,,360,0,0
372,4_planet,False,,360,0,0
372,5_planet,False,,360,0,0
372,7_planet,False,,360,0,0
373,4_planet,False,,360,0,0
373,5_planet,False,,360,0,0
373,7_planet,False,,360,0,0
374,4_planet,False,,360,0,0
374,5_planet,False,,360,0,0
374,7_planet,False,,360,0,0
375,4_planet,False,,360,0,0
375,5_planet,False,,360,0,0
375,7_planet,False,,360,0,0
376,4_planet,False,,360,0,0
376,5_planet,False,,360,0,0
376,7_planet,False,,360,0,0
377,4_planet,False,,360,0,0
377,5_planet,False,,360,0,0
377,7_planet,False,,360,0,0
378,4_planet,False,,360,0,0
378,5_planet,False,,360,0,0
378,7_planet,False,,360,0,0
379,4_planet,False,,360,0,0
379,5_planet,False,,360,0,0
379,7_planet,False,,360,0,0
380,4_planet,False,,360,0,0
380,5_planet,False,,360,0,0
380,7_planet,False,,360,0,0
381,4_planet,False,,360,0,0
381,5_planet,False,,360,0,0
381,7_planet,False,,360,0,0
382,4_planet,False,,360,0,0
382,5_planet,False,,360,0,0
382,7_planet,False,,360,0,0
383,4_planet,False,,360,0,0
383,5_planet,False,,360,0,0
383,7_planet,False,,360,0,0
384,4_planet,False,,360,0,0
384,5_planet,False,,360,0,0
384,7_planet,False,,360,0,0
385,4_planet,False,,360,0,0
385,5_planet,False,,360,0,0
385,7_planet,False,,360,0,0
386,4_planet,False,,360,0,0
386,5_planet,False,,360,0,0
386,7_planet,False,,360,0,0
387,4_planet,False,,360,0,0
387,5_planet,False,,360,0,0
387,7_planet,False,,360,0,0
388,4_planet,False,,360,0,0
388,5_planet,False,,360,0,0
388,7_planet,False,,360,0,0
389,4_planet,False,,360,0,0
389,5_planet,False,,360,0,0
389,7_planet,False,,360,0,0
390,4_planet,False,,360,0,0
390,5_planet,False,,360,0,0
390,7_planet,False,,360,0,0
391,4_planet,False,,360,0,0
391,5_planet,False,,360,0,0
391,7_planet,False,,360,0,0
392,4_planet,False,,360,0,0
392,5_planet,False,,360,0,0
392,7_planet,False,,360,0,0
393,4_planet,False,,360,0,0
393,5_planet,False,,360,0,0
393,7_planet,False,,360,0,0
394,4_planet,False,,360,0,0
394,5_planet,False,,360,0,0
394,7_planet,False,,360,0,0
395,4_planet,False,,360,0,0
395,5_planet,False,,360,0,0
395,7_planet,False,,360,0,0
396,4_planet,False,,360,0,0
396,5_planet,False,,360,0,0
396,7_planet,False,,360,0,0
397,4_planet,False,,360,0,0
397,5_planet,False,,360,0,0
397,7_planet,False,,360,0,0
398,4_planet,False,,360,0,0
398,5_planet,False,,360,0,0
398,7_planet,False,,360,0,0
399,4_planet,False,,360,0,0
399,5_planet,False,,360,0,0
399,7_planet,False,,360,0,0
400,4_planet,False,,360,0,0
400,5_planet,False,,360,0,0
400,7_planet,False,,360,0,0
401,4_planet,False,,360,0,0
401,5_planet,False,,360,0,0
401,7_planet,False,,360,0,0
402,4_planet,False,,360,0,0
402,5_planet,False,,360,0,0
402,7_planet,False,,360,0,0
403,4_planet,False,,360,0,0
403,5_planet,False,,360,0,0
403,7_planet,False,,360,0,0
404,4_planet,False,,360,0,0
404,5_planet,False,,360,0,0
404,7_planet,False,,360,0,0
405,4_planet,False,,360,0,0
405,5_planet,False,,360,0,0
405,7_planet,False,,360,0,0
406,4_planet,False,,360,0,0
406,5_planet,False,,360,0,0
406,7_planet,False,,360,0,0
407,4_planet,False,,360,0,0
407,5_planet,False,,360,0,0
407,7_planet,False,,360,0,0
408,4_planet,False,,360,0,0
408,5_planet,False,,360,0,0
408,7_planet,False,,360,0,0
409,4_planet,False,,360,0,0
409,5_planet,False,,360,0,0
409,7_planet,False,,360,0,0
410,4_planet,False,,360,0,0
410,5_planet,False,,360,0,0
410,7_planet,False,,360,0,0
411,4_planet,False,,360,0,0
411,5_planet,False,,360,0,0
411,7_planet,False,,360,0,0
412,4_planet,False,,360,0,0
412,5_planet,False,,360,0,0
412,7_planet,False,,360,0,0
413,4_planet,False,,360,0,0
413,5_planet,False,,360,0,0
413,7_planet,False,,360,0,0
414,4_planet,False,,360,0,0
414,5_planet,False,,360,0,0
414,7_planet,False,,360,0,0
415,4_planet,False,,360,0,0
415,5_planet,False,,360,0,0
415,7_planet,False,,360,0,0
416,4_planet,False,,360,0,0
416,5_planet,False,,360,0,0
416,7_planet,False,,360,0,0
417,4_planet,False,,360,0,0
417,5_planet,False,,360,0,0
417,7_planet,False,,360,0,0
418,4_planet,False,,360,0,0
418,5_planet,False,,360,0,0
418,7_planet,False,,360,0,0
419,4_planet,False,,360,0,0
419,5_planet,False,,360,0,0
419,7_planet,False,,360,0,0
420,4_planet,False,,360,0,0
420,5_planet,False,,360,0,0
420,7_planet,False,,360,0,0
421,4_planet,False,,360,0,0
421,5_planet,False,,360,0,0
421,7_planet,False,,360,0,0
422,4_planet,False,,360,0,0
422,5_planet,False,,360,0,0
422,7_planet,False,,360,0,0
423,4_planet,False,,360,0,0
423,5_planet,False,,360,0,0
423,7_planet,False,,360,0,0
424,4_planet,False,,360,0,0
424,5_planet,False,,360,0,0
424,7_planet,False,,360,0,0
425,4_planet,False,,360,0,0
425,5_planet,False,,360,0,0
425,7_planet,False,,360,0,0
426,4_planet,False,,360,0,0
426,5_planet,False,,360,0,0
426,7_planet,False,,360,0,0
427,4_planet,False,,360,0,0
427,5_planet,False,,360,0,0
427,7_planet,False,,360,0,0
428,4_planet,False,,360,0,0
428,5_planet,False,,360,0,0
428,7_planet,False,,360,0,0
429,4_planet,False,,360,0,0
429,5_planet,False,,360,0,0
429,7_planet,False,,360,0,0
430,4_planet,False,,360,0,0
430,5_planet,False,,360,0,0
430,7_planet,False,,360,0,0
431,4_planet,False,,360,0,0
431,5_planet,False,,360,0,0
431,7_planet,False,,360,0,0
432,4_planet,False,,360,0,0
432,5_planet,False,,360,0,0
432,7_planet,False,,360,0,0
433,4_planet,False,,360,0,0
433,5_planet,False,,360,0,0
433,7_planet,False,,360,0,0
434,4_planet,False,,360,0,0
434,5_planet,False,,360,0,0
434,7_planet,False,,360,0,0
435,4_planet,False,,360,0,0
435,5_planet,False,,360,0,0
435,7_planet,False,,360,0,0
436,4_planet,False,,360,0,0
436,5_planet,False,,360,0,0
436,7_planet,False,,360,0,0
437,4_planet,False,,360,0,0
437,5_planet,False,,360,0,0
437,7_planet,False,,360,0,0
438,4_planet,False,,360,0,0
438,5_planet,False,,360,0,0
438,7_planet,False,,360,0,0
439,4_planet,False,,360,0,0
439,5_planet,False,,360,0,0
439,7_planet,False,,360,0,0
440,4_planet,False,,360,0,0
440,5_planet,False,,360,0,0
440,7_planet,False,,360,0,0
441,4_planet,False,,360,0,0
441,5_planet,False,,360,0,0
441,7_planet,False,,360,0,0
442,4_planet,False,,360,0,0
442,5_planet,False,,360,0,0
442,7_planet,False,,360,0,0
443,4_planet,False,,360,0,0
443,5_planet,False,,360,0,0
443,7_planet,False,,360,0,0
444,4_planet,False,,360,0,0
444,5_planet,False,,360,0,0
444,7_planet,False,,360,0,0
445,4_planet,False,,360,0,0
445,5_planet,False,,360,0,0
445,7_planet,False,,360,0,0
446,4_planet,False,,360,0,0
446,5_planet,False,,360,0,0
446,7_planet,False,,360,0,0
447,4_planet,False,,360,0,0
447,5_planet,False,,360,0,0
447,7_planet,False,,360,0,0
448,4_planet,False,,360,0,0
448,5_planet,False,,360,0,0
448,7_planet,False,,360,0,0
449,4_planet,False,,360,0,0
449,5_planet,False,,360,0,0
449,7_planet,False,,360,0,0
450,4_planet,False,,360,0,0
450,5_planet,False,,360,0,0
450,7_planet,False,,360,0,0
451,4_planet,False,,360,0,0
451,5_planet,False,,360,0,0
451,7_planet,False,,360,0,0
452,4_planet,False,,360,0,0
452,5_planet,False,,360,0,0
452,7_planet,False,,360,0,0
453,4_planet,False,,360,0,0
453,5_planet,False,,360,0,0
453,7_planet,False,,360,0,0
454,4_planet,False,,360,0,0
454,5_planet,False,,360,0,0
454,7_planet,False,,360,0,0
455,4_planet,False,,360,0,0
455,5_planet,False,,360,0,0
455,7_planet,False,,360,0,0
456,4_planet,False,,360,0,0
456,5_planet,False,,360,0,0
456,7_planet,False,,360,0,0
457,4_planet,False,,360,0,0
457,5_planet,False,,360,0,0
457,7_planet,False,,360,0,0
458,4_planet,False,,360,0,0
458,5_planet,False,,360,0,0
458,7_planet,False,,360,0,0
459,4_planet,False,,360,0,0
459,5_planet,False,,360,0,0
459,7_planet,False,,360,0,0
460,4_planet,False,,360,0,0
460,5_planet,False,,360,0,0
460,7_planet,False,,360,0,0
461,4_planet,False,,360,0,0
461,5_planet,False,,360,0,0
461,7_planet,False,,360,0,0
462,4_planet,False,,360,0,0
462,5_planet,False,,360,0,0
462,7_planet,False,,360,0,0
463,4_planet,False,,360,0,0
463,5_planet,False,,360,0,0
463,7_planet,False,,360,0,0
464,4_planet,False,,360,0,0
464,5_planet,False,,360,0,0
464,7_planet,False,,360,0,0
465,4_planet,False,,360,0,0
465,5_planet,False,,360,0,0
465,7_planet,False,,360,0,0
466,4_planet,False,,360,0,0
466,5_planet,False,,360,0,0
466,7_planet,False,,360,0,0
467,4_planet,False,,360,0,0
467,5_planet,False,,360,0,0
467,7_planet,False,,360,0,0
468,4_planet,False,,360,0,0
468,5_planet,False,,360,0,0
468,7_planet,False,,360,0,0
469,4_planet,False,,360,0,0
469,5_planet,False,,360,0,0
469,7_planet,True,"Saturn, Sun, Moon, Mars, Mercury, Jupiter, Venus",57.75,3.75,35.71
470,4_planet,False,,360,0,0
470,5_planet,False,,360,0,0
470,7_planet,False,,360,0,0
471,4_planet,False,,360,0,0
471,5_planet,False,,360,0,0
471,7_planet,False,,360,0,0
472,4_planet,False,,360,0,0
472,5_planet,False,,360,0,0
472,7_planet,False,,360,0,0
473,4_planet,False,,360,0,0
473,5_planet,False,,360,0,0
473,7_planet,False,,360,0,0
474,4_planet,False,,360,0,0
474,5_planet,False,,360,0,0
474,7_planet,False,,360,0,0
475,4_planet,False,,360,0,0
475,5_planet,False,,360,0,0
475,7_planet,False,,360,0,0
476,4_planet,False,,360,0,0
476,5_planet,False,,360,0,0
476,7_planet,False,,360,0,0
477,4_planet,False,,360,0,0
477,5_planet,False,,360,0,0
477,7_planet,False,,360,0,0
478,4_planet,False,,360,0,0
478,5_planet,False,,360,0,0
478,7_planet,False,,360,0,0
479,4_planet,False,,360,0,0
479,5_planet,False,,360,0,0
479,7_planet,False,,360,0,0
480,4_planet,False,,360,0,0
480,5_planet,False,,360,0,0
480,7_planet,False,,360,0,0
481,4_planet,False,,360,0,0
481,5_planet,False,,360,0,0
481,7_planet,False,,360,0,0
482,4_planet,False,,360,0,0
482,5_planet,False,,360,0,0
482,7_planet,False,,360,0,0
483,4_planet,False,,360,0,0
483,5_planet,False,,360,0,0
483,7_planet,False,,360,0,0
484,4_planet,False,,360,0,0
484,5_planet,False,,360,0,0
484,7_planet,False,,360,0,0
485,4_planet,False,,360,0,0
485,5_planet,False,,360,0,0
485,7_planet,False,,360,0,0
486,4_planet,False,,360,0,0
486,5_planet,False,,360,0,0
486,7_planet,False,,360,0,0
487,4_planet,False,,360,0,0
487,5_planet,False,,360,0,0
487,7_planet,False,,360,0,0
488,4_planet,False,,360,0,0
488,5_planet,False,,360,0,0
488,7_planet,False,,360,0,0
489,4_planet,False,,360,0,0
489,5_planet,False,,360,0,0
489,7_planet,False,,360,0,0
490,4_planet,False,,360,0,0
490,5_planet,False,,360,0,0
490,7_planet,False,,360,0,0
491,4_planet,False,,360,0,0
491,5_planet,False,,360,0,0
491,7_planet,False,,360,0,0
492,4_planet,False,,360,0,0
492,5_planet,False,,360,0,0
492,7_planet,False,,360,0,0
493,4_planet,False,,360,0,0
493,5_planet,False,,360,0,0
493,7_planet,False,,360,0,0
494,4_planet,False,,360,0,0
494,5_planet,False,,360,0,0
494,7_planet,False,,360,0,0
495,4_planet,False,,360,0,0
495,5_planet,False,,360,0,0
495,7_planet,False,,360,0,0
496,4_planet,False,,360,0,0
496,5_planet,False,,360,0,0
496,7_planet,False,,360,0,0
497,4_planet,False,,360,0,0
497,5_planet,False,,360,0,0
497,7_planet,False,,360,0,0
498,4_planet,False,,360,0,0
498,5_planet,False,,360,0,0
498,7_planet,False,,360,0,0
499,4_planet,False,,360,0,0
499,5_planet,False,,360,0,0
499,7_planet,False,,360,0,0
500,4_planet,False,,360,0,0
500,5_planet,False,,360,0,0
500,7_planet,False,,360,0,0
501,4_planet,False,,360,0,0
501,5_planet,False,,360,0,0
501,7_planet,False,,360,0,0
502,4_planet,False,,360,0,0
502,5_planet,False,,360,0,0
502,7_planet,False,,360,0,0
503,4_planet,False,,360,0,0
503,5_planet,False,,360,0,0
503,7_planet,False,,360,0,0
504,4_planet,False,,360,0,0
504,5_planet,False,,360,0,0
504,7_planet,False,,360,0,0
505,4_planet,False,,360,0,0
505,5_planet,False,,360,0,0
505,7_planet,False,,360,0,0
506,4_planet,False,,360,0,0
506,5_planet,False,,360,0,0
506,7_planet,False,,360,0,0
507,4_planet,False,,360,0,0
507,5_planet,False,,360,0,0
507,7_planet,False,,360,0,0
508,4_planet,False,,360,0,0
508,5_planet,False,,360,0,0
508,7_planet,False,,360,0,0
509,4_planet,False,,360,0,0
509,5_planet,False,,360,0,0
509,7_planet,False,,360,0,0
510,4_planet,False,,360,0,0
510,5_planet,False,,360,0,0
510,7_planet,False,,360,0,0
511,4_planet,False,,360,0,0
511,5_planet,False,,360,0,0
511,7_planet,False,,360,0,0
512,4_planet,False,,360,0,0
512,5_planet,False,,360,0,0
512,7_planet,False,,360,0,0
513,4_planet,False,,360,0,0
513,5_planet,False,,360,0,0
513,7_planet,False,,360,0,0
514,4_planet,False,,360,0,0
514,5_planet,False,,360,0,0
514,7_planet,False,,360,0,0
515,4_planet,False,,360,0,0
515,5_planet,False,,360,0,0
515,7_planet,False,,360,0,0
516,4_planet,False,,360,0,0
516,5_planet,False,,360,0,0
516,7_planet,False,,360,0,0
517,4_planet,False,,360,0,0
517,5_planet,False,,360,0,0
517,7_planet,False,,360,0,0
518,4_planet,False,,360,0,0
518,5_planet,False,,360,0,0
518,7_planet,False,,360,0,0
519,4_planet,False,,360,0,0
519,5_planet,False,,360,0,0
519,7_planet,False,,360,0,0
520,4_planet,False,,360,0,0
520,5_planet,False,,360,0,0
520,7_planet,False,,360,0,0
521,4_planet,False,,360,0,0
521,5_planet,False,,360,0,0
521,7_planet,False,,360,0,0
522,4_planet,False,,360,0,0
522,5_planet,False,,360,0,0
522,7_planet,False,,360,0,0
523,4_planet,False,,360,0,0
523,5_planet,False,,360,0,0
523,7_planet,False,,360,0,0
524,4_planet,False,,360,0,0
524,5_planet,False,,360,0,0
524,7_planet,False,,360,0,0
525,4_planet,False,,360,0,0
525,5_planet,False,,360,0,0
525,7_planet,False,,360,0,0
526,4_planet,False,,360,0,0
526,5_planet,False,,360,0,0
526,7_planet,False,,360,0,0
527,4_planet,False,,360,0,0
527,5_planet,False,,360,0,0
527,7_planet,False,,360,0,0
528,4_planet,False,,360,0,0
528,5_planet,False,,360,0,0
528,7_planet,False,,360,0,0
529,4_planet,False,,360,0,0
529,5_planet,False,,360,0,0
529,7_planet,False,,360,0,0
530,4_planet,False,,360,0,0
530,5_planet,False,,360,0,0
530,7_planet,False,,360,0,0
531,4_planet,False,,360,0,0
531,5_planet,False,,360,0,0
531,7_planet,False,,360,0,0
532,4_planet,False,,360,0,0
532,5_planet,False,,360,0,0
532,7_planet,False,,360,0,0
533,4_planet,False,,360,0,0
533,5_planet,False,,360,0,0
533,7_planet,False,,360,0,0
534,4_planet,False,,360,0,0
534,5_planet,False,,360,0,0
534,7_planet,False,,360,0,0
535,4_planet,False,,360,0,0
535,5_planet,False,,360,0,0
535,7_planet,False,,360,0,0
536,4_planet,False,,360,0,0
536,5_planet,False,,360,0,0
536,7_planet,False,,360,0,0
537,4_planet,False,,360,0,0
537,5_planet,False,,360,0,0
537,7_planet,False,,360,0,0
538,4_planet,False,,360,0,0
538,5_planet,False,,360,0,0
538,7_planet,False,,360,0,0
539,4_planet,False,,360,0,0
539,5_planet,False,,360,0,0
539,7_planet,False,,360,0,0
540,4_planet,False,,360,0,0
540,5_planet,False,,360,0,0
540,7_planet,False,,360,0,0
541,4_planet,False,,360,0,0
541,5_planet,False,,360,0,0
541,7_planet,False,,360,0,0
542,4_planet,False,,360,0,0
542,5_planet,False,,360,0,0
542,7_planet,False,,360,0,0
543,4_planet,False,,360,0,0
543,5_planet,False,,360,0,0
543,7_planet,False,,360,0,0
544,4_planet,False,,360,0,0
544,5_planet,False,,360,0,0
544,7_planet,False,,360,0,0
545,4_planet,False,,360,0,0
545,5_planet,False,,360,0,0
545,7_planet,False,,360,0,0
546,4_planet,False,,360,0,0
546,5_planet,False,,360,0,0
546,7_planet,False,,360,0,0
547,4_planet,False,,360,0,0
547,5_planet,False,,360,0,0
547,7_planet,False,,360,0,0
548,4_planet,False,,360,0,0
548,5_planet,False,,360,0,0
548,7_planet,False,,360,0,0
549,4_planet,False,,360,0,0
549,5_planet,False,,360,0,0
549,7_planet,False,,360,0,0
550,4_planet,False,,360,0,0
550,5_planet,False,,360,0,0
550,7_planet,False,,360,0,0
551,4_planet,False,,360,0,0
551,5_planet,False,,360,0,0
551,7_planet,False,,360,0,0
552,4_planet,False,,360,0,0
552,5_planet,False,,360,0,0
552,7_planet,False,,360,0,0
553,4_planet,False,,360,0,0
553,5_planet,False,,360,0,0
553,7_planet,False,,360,0,0
554,4_planet,False,,360,0,0
554,5_planet,False,,360,0,0
554,7_planet,False,,360,0,0
555,4_planet,False,,360,0,0
555,5_planet,False,,360,0,0
555,7_planet,False,,360,0,0
556,4_planet,False,,360,0,0
556,5_planet,False,,360,0,0
556,7_planet,False,,360,0,0
557,4_planet,False,,360,0,0
557,5_planet,False,,360,0,0
557,7_planet,False,,360,0,0
558,4_planet,False,,360,0,0
558,5_planet,False,,360,0,0
558,7_planet,False,,360,0,0
559,4_planet,False,,360,0,0
559,5_planet,False,,360,0,0
559,7_planet,False,,360,0,0
560,4_planet,False,,360,0,0
560,5_planet,False,,360,0,0
560,7_planet,False,,360,0,0
561,4_planet,False,,360,0,0
561,5_planet,False,,360,0,0
561,7_planet,False,,360,0,0
562,4_planet,False,,360,0,0
562,5_planet,False,,360,0,0
562,7_planet,False,,360,0,0
563,4_planet,False,,360,0,0
563,5_planet,False,,360,0,0
563,7_planet,False,,360,0,0
564,4_planet,False,,360,0,0
564,5_planet,False,,360,0,0
564,7_planet,False,,360,0,0
565,4_planet,False,,360,0,0
565,5_planet,False,,360,0,0
565,7_planet,False,,360,0,0
566,4_planet,False,,360,0,0
566,5_planet,False,,360,0,0
566,7_planet,False,,360,0,0
567,4_planet,False,,360,0,0
567,5_planet,False,,360,0,0
567,7_planet,False,,360,0,0
568,4_planet,False,,360,0,0
568,5_planet,False,,360,0,0
568,7_planet,False,,360,0,0
569,4_planet,False,,360,0,0
569,5_planet,False,,360,0,0
569,7_planet,False,,360,0,0
570,4_planet,False,,360,0,0
570,5_planet,False,,360,0,0
570,7_planet,False,,360,0,0
571,4_planet,False,,360,0,0
571,5_planet,False,,360,0,0
571,7_planet,False,,360,0,0
572,4_planet,False,,360,0,0
572,5_planet,False,,360,0,0
572,7_planet,False,,360,0,0
573,4_planet,False,,360,0,0
573,5_planet,False,,360,0,0
573,7_planet,False,,360,0,0
574,4_planet,False,,360,0,0
574,5_planet,False,,360,0,0
574,7_planet,False,,360,0,0
575,4_planet,False,,360,0,0
575,5_planet,False,,360,0,0
575,7_planet,False,,360,0,0
576,4_planet,False,,360,0,0
576,5_planet,False,,360,0,0
576,7_planet,False,,360,0,0
577,4_planet,False,,360,0,0
577,5_planet,False,,360,0,0
577,7_planet,False,,360,0,0
578,4_planet,False,,360,0,0
578,5_planet,False,,360,0,0
578,7_planet,False,,360,0,0
579,4_planet,False,,360,0,0
579,5_planet,False,,360,0,0
579,7_planet,False,,360,0,0
580,4_planet,False,,360,0,0
580,5_planet,False,,360,0,0
580,7_planet,False,,360,0,0
581,4_planet,False,,360,0,0
581,5_planet,False,,360,0,0
581,7_planet,False,,360,0,0
582,4_planet,False,,360,0,0
582,5_planet,False,,360,0,0
582,7_planet,False,,360,0,0
583,4_planet,False,,360,0,0
583,5_planet,False,,360,0,0
583,7_planet,False,,360,0,0
584,4_planet,False,,360,0,0
584,5_planet,False,,360,0,0
584,7_planet,False,,360,0,0
585,4_planet,False,,360,0,0
585,5_planet,False,,360,0,0
585,7_planet,False,,360,0,0
586,4_planet,False,,360,0,0
586,5_planet,False,,360,0,0
586,7_planet,False,,360,0,0
587,4_planet,False,,360,0,0
587,5_planet,False,,360,0,0
587,7_planet,False,,360,0,0
588,4_planet,False,,360,0,0
588,5_planet,False,,360,0,0
588,7_planet,False,,360,0,0
589,4_planet,False,,360,0,0
589,5_planet,False,,360,0,0
589,7_planet,False,,360,0,0
590,4_planet,False,,360,0,0
590,5_planet,False,,360,0,0
590,7_planet,False,,360,0,0
591,4_planet,False,,360,0,0
591,5_planet,False,,360,0,0
591,7_planet,False,,360,0,0
592,4_planet,False,,360,0,0
592,5_planet,False,,360,0,0
592,7_planet,False,,360,0,0
593,4_planet,False,,360,0,0
593,5_planet,False,,360,0,0
593,7_planet,False,,360,0,0
594,4_planet,False,,360,0,0
594,5_planet,False,,360,0,0
594,7_planet,False,,360,0,0
595,4_planet,False,,360,0,0
595,5_planet,False,,360,0,0
595,7_planet,False,,360,0,0
596,4_planet,False,,360,0,0
596,5_planet,False,,360,0,0
596,7_planet,False,,360,0,0
597,4_planet,False,,360,0,0
597,5_planet,False,,360,0,0
597,7_planet,False,,360,0,0
598,4_planet,False,,360,0,0
598,5_planet,False,,360,0,0
598,7_planet,False,,360,0,0
599,4_planet,False,,360,0,0
599,5_planet,False,,360,0,0
599,7_planet,False,,360,0,0
600,4_planet,False,,360,0,0
600,5_planet,False,,360,0,0
600,7_planet,False,,360,0,0
601,4_planet,False,,360,0,0
601,5_planet,False,,360,0,0
601,7_planet,False,,360,0,0
602,4_planet,False,,360,0,0
602,5_planet,False,,360,0,0
602,7_planet,False,,360,0,0
603,4_planet,False,,360,0,0
603,5_planet,False,,360,0,0
603,7_planet,False,,360,0,0
604,4_planet,False,,360,0,0
604,5_planet,False,,360,0,0
604,7_planet,False,,360,0,0
605,4_planet,False,,360,0,0
605,5_planet,False,,360,0,0
605,7_planet,False,,360,0,0
606,4_planet,False,,360,0,0
606,5_planet,False,,360,0,0
606,7_planet,False,,360,0,0
607,4_planet,False,,360,0,0
607,5_planet,False,,360,0,0
607,7_planet,False,,360,0,0
608,4_planet,False,,360,0,0
608,5_planet,False,,360,0,0
608,7_planet,False,,360,0,0
609,4_planet,False,,360,0,0
609,5_planet,False,,360,0,0
609,7_planet,False,,360,0,0
610,4_planet,False,,360,0,0
610,5_planet,False,,360,0,0
610,7_planet,False,,360,0,0
611,4_planet,False,,360,0,0
611,5_planet,False,,360,0,0
611,7_planet,False,,360,0,0
612,4_planet,False,,360,0,0
612,5_planet,False,,360,0,0
612,7_planet,False,,360,0,0
613,4_planet,False,,360,0,0
613,5_planet,False,,360,0,0
613,7_planet,False,,360,0,0
614,4_planet,False,,360,0,0
614,5_planet,False,,360,0,0
614,7_planet,False,,360,0,0
615,4_planet,False,,360,0,0
615,5_planet,False,,360,0,0
615,7_planet,False,,360,0,0
616,4_planet,False,,360,0,0
616,5_planet,False,,360,0,0
616,7_planet,False,,360,0,0
617,4_planet,False,,360,0,0
617,5_planet,False,,360,0,0
617,7_planet,False,,360,0,0
618,4_planet,False,,360,0,0
618,5_planet,False,,360,0,0
618,7_planet,False,,360,0,0
619,4_planet,False,,360,0,0
619,5_planet,False,,360,0,0
619,7_planet,False,,360,0,0
620,4_planet,False,,360,0,0
620,5_planet,False,,360,0,0
620,7_planet,False,,360,0,0
621,4_planet,False,,360,0,0
621,5_planet,False,,360,0,0
621,7_planet,False,,360,0,0
622,4_planet,False,,360,0,0
622,5_planet,False,,360,0,0
622,7_planet,False,,360,0,0
623,4_planet,False,,360,0,0
623,5_planet,False,,360,0,0
623,7_planet,False,,360,0,0
624,4_planet,False,,360,0,0
624,5_planet,False,,360,0,0
624,7_planet,False,,360,0,0
625,4_planet,False,,360,0,0
625,5_planet,False,,360,0,0
625,7_planet,False,,360,0,0
626,4_planet,False,,360,0,0
626,5_planet,False,,360,0,0
626,7_planet,False,,360,0,0
627,4_planet,False,,360,0,0
627,5_planet,False,,360,0,0
627,7_planet,False,,360,0,0
628,4_planet,False,,360,0,0
628,5_planet,False,,360,0,0
628,7_planet,False,,360,0,0
629,4_planet,False,,360,0,0
629,5_planet,False,,360,0,0
629,7_planet,False,,360,0,0
630,4_planet,False,,360,0,0
630,5_planet,False,,360,0,0
630,7_planet,False,,360,0,0
631,4_planet,False,,360,0,0
631,5_planet,False,,360,0,0
631,7_planet,False,,360,0,0
632,4_planet,False,,360,0,0
632,5_planet,False,,360,0,0
632,7_planet,False,,360,0,0
633,4_planet,False,,360,0,0
633,5_planet,False,,360,0,0
633,7_planet,False,,360,0,0
634,4_planet,False,,360,0,0
634,5_planet,False,,360,0,0
634,7_planet,False,,360,0,0
635,4_planet,False,,360,0,0
635,5_planet,False,,360,0,0
635,7_planet,False,,360,0,0
636,4_planet,False,,360,0,0
636,5_planet,False,,360,0,0
636,7_planet,False,,360,0,0
637,4_planet,False,,360,0,0
637,5_planet,False,,360,0,0
637,7_planet,False,,360,0,0
638,4_planet,False,,360,0,0
638,5_planet,False,,360,0,0
638,7_planet,False,,360,0,0
639,4_planet,False,,360,0,0
639,5_planet,False,,360,0,0
639,7_planet,False,,360,0,0
640,4_planet,False,,360,0,0
640,5_planet,False,,360,0,0
640,7_planet,False,,360,0,0
641,4_planet,False,,360,0,0
641,5_planet,False,,360,0,0
641,7_planet,False,,360,0,0
642,4_planet,False,,360,0,0
642,5_planet,False,,360,0,0
642,7_planet,False,,360,0,0
643,4_planet,False,,360,0,0
643,5_planet,False,,360,0,0
643,7_planet,False,,360,0,0
644,4_planet,False,,360,0,0
644,5_planet,False,,360,0,0
644,7_planet,False,,360,0,0
645,4_planet,False,,360,0,0
645,5_planet,False,,360,0,0
645,7_planet,False,,360,0,0
646,4_planet,False,,360,0,0
646,5_planet,False,,360,0,0
646,7_planet,False,,360,0,0
647,4_planet,False,,360,0,0
647,5_planet,False,,360,0,0
647,7_planet,False,,360,0,0
648,4_planet,False,,360,0,0
648,5_planet,False,,360,0,0
648,7_planet,False,,360,0,0
649,4_planet,False,,360,0,0
649,5_planet,False,,360,0,0
649,7_planet,False,,360,0,0
650,4_planet,False,,360,0,0
650,5_planet,False,,360,0,0
650,7_planet,False,,360,0,0
651,4_planet,False,,360,0,0
651,5_planet,False,,360,0,0
651,7_planet,False,,360,0,0
652,4_planet,False,,360,0,0
652,5_planet,False,,360,0,0
652,7_planet,False,,360,0,0
653,4_planet,False,,360,0,0
653,5_planet,False,,360,0,0
653,7_planet,False,,360,0,0
654,4_planet,False,,360,0,0
654,5_planet,False,,360,0,0
654,7_planet,False,,360,0,0
655,4_planet,False,,360,0,0
655,5_planet,False,,360,0,0
655,7_planet,False,,360,0,0
656,4_planet,False,,360,0,0
656,5_planet,False,,360,0,0
656,7_planet,True,"Saturn, Sun, Moon, Mars, Mercury, Jupiter, Venus",59.83,0.28,57.14
657,4_planet,False,,360,0,0
657,5_planet,False,,360,0,0
657,7_planet,False,,360,0,0
658,4_planet,False,,360,0,0
658,5_planet,False,,360,0,0
658,7_planet,False,,360,0,0
659,4_planet,False,,360,0,0
659,5_planet,False,,360,0,0
659,7_planet,False,,360,0,0
660,4_planet,False,,360,0,0
660,5_planet,False,,360,0,0
660,7_planet,False,,360,0,0
661,4_planet,False,,360,0,0
661,5_planet,False,,360,0,0
661,7_planet,False,,360,0,0
662,4_planet,False,,360,0,0
662,5_planet,False,,360,0,0
662,7_planet,False,,360,0,0
663,4_planet,False,,360,0,0
663,5_planet,False,,360,0,0
663,7_planet,False,,360,0,0
664,4_planet,False,,360,0,0
664,5_planet,False,,360,0,0
664,7_planet,False,,360,0,0
665,4_planet,False,,360,0,0
665,5_planet,False,,360,0,0
665,7_planet,False,,360,0,0
666,4_planet,False,,360,0,0
666,5_planet,False,,360,0,0
666,7_planet,False,,360,0,0
667,4_planet,False,,360,0,0
667,5_planet,False,,360,0,0
667,7_planet,False,,360,0,0
668,4_planet,False,,360,0,0
668,5_planet,False,,360,0,0
668,7_planet,False,,360,0,0
669,4_planet,False,,360,0,0
669,5_planet,False,,360,0,0
669,7_planet,False,,360,0,0
670,4_planet,False,,360,0,0
670,5_planet,False,,360,0,0
670,7_planet,False,,360,0,0
671,4_planet,False,,360,0,0
671,5_planet,False,,360,0,0
671,7_planet,False,,360,0,0
672,4_planet,False,,360,0,0
672,5_planet,False,,360,0,0
672,7_planet,False,,360,0,0
673,4_planet,False,,360,0,0
673,5_planet,False,,360,0,0
673,7_planet,False,,360,0,0
674,4_planet,False,,360,0,0
674,5_planet,False,,360,0,0
674,7_planet,False,,360,0,0
675,4_planet,False,,360,0,0
675,5_planet,False,,360,0,0
675,7_planet,False,,360,0,0
676,4_planet,False,,360,0,0
676,5_planet,False,,360,0,0
676,7_planet,False,,360,0,0
677,4_planet,False,,360,0,0
677,5_planet,False,,360,0,0
677,7_planet,False,,360,0,0
678,4_planet,False,,360,0,0
678,5_planet,False,,360,0,0
678,7_planet,False,,360,0,0
679,4_planet,False,,360,0,0
679,5_planet,False,,360,0,0
679,7_planet,False,,360,0,0
680,4_planet,False,,360,0,0
680,5_planet,False,,360,0,0
680,7_planet,False,,360,0,0
681,4_planet,False,,360,0,0
681,5_planet,False,,360,0,0
681,7_planet,False,,360,0,0
682,4_planet,False,,360,0,0
682,5_planet,False,,360,0,0
682,7_planet,False,,360,0,0
683,4_planet,False,,360,0,0
683,5_planet,False,,360,0,0
683,7_planet,False,,360,0,0
684,4_planet,False,,360,0,0
684,5_planet,False,,360,0,0
684,7_planet,False,,360,0,0
685,4_planet,False,,360,0,0
685,5_planet,False,,360,0,0
685,7_planet,False,,360,0,0
686,4_planet,False,,360,0,0
686,5_planet,False,,360,0,0
686,7_planet,False,,360,0,0
687,4_planet,False,,360,0,0
687,5_planet,False,,360,0,0
687,7_planet,False,,360,0,0
688,4_planet,False,,360,0,0
688,5_planet,False,,360,0,0
688,7_planet,False,,360,0,0
689,4_planet,False,,360,0,0
689,5_planet,False,,360,0,0
689,7_planet,False,,360,0,0
690,4_planet,False,,360,0,0
690,5_planet,False,,360,0,0
690,7_planet,False,,360,0,0
691,4_planet,False,,360,0,0
691,5_planet,False,,360,0,0
691,7_planet,False,,360,0,0
692,4_planet,False,,360,0,0
692,5_planet,False,,360,0,0
692,7_planet,False,,360,0,0
693,4_planet,False,,360,0,0
693,5_planet,False,,360,0,0
693,7_planet,False,,360,0,0
694,4_planet,False,,360,0,0
694,5_planet,False,,360,0,0
694,7_planet,False,,360,0,0
695,4_planet,False,,360,0,0
695,5_planet,False,,360,0,0
695,7_planet,False,,360,0,0
696,4_planet,False,,360,0,0
696,5_planet,False,,360,0,0
696,7_planet,False,,360,0,0
697,4_planet,False,,360,0,0
697,5_planet,False,,360,0,0
697,7_planet,False,,360,0,0
698,4_planet,False,,360,0,0
698,5_planet,False,,360,0,0
698,7_planet,False,,360,0,0
699,4_planet,False,,360,0,0
699,5_planet,False,,360,0,0
699,7_planet,False,,360,0,0
700,4_planet,False,,360,0,0
700,5_planet,False,,360,0,0
700,7_planet,False,,360,0,0
701,4_planet,False,,360,0,0
701,5_planet,False,,360,0,0
701,7_planet,False,,360,0,0
702,4_planet,False,,360,0,0
702,5_planet,False,,360,0,0
702,7_planet,False,,360,0,0
703,4_planet,False,,360,0,0
703,5_planet,False,,360,0,0
703,7_planet,False,,360,0,0
704,4_planet,False,,360,0,0
704,5_planet,False,,360,0,0
704,7_planet,False,,360,0,0
705,4_planet,False,,360,0,0
705,5_planet,False,,360,0,0
705,7_planet,False,,360,0,0
706,4_planet,False,,360,0,0
706,5_planet,False,,360,0,0
706,7_planet,False,,360,0,0
707,4_planet,False,,360,0,0
707,5_planet,False,,360,0,0
707,7_planet,False,,360,0,0
708,4_planet,False,,360,0,0
708,5_planet,False,,360,0,0
708,7_planet,False,,360,0,0
709,4_planet,False,,360,0,0
709,5_planet,False,,360,0,0
709,7_planet,False,,360,0,0
710,4_planet,False,,360,0,0
710,5_planet,False,,360,0,0
710,7_planet,False,,360,0,0
711,4_planet,False,,360,0,0
711,5_planet,False,,360,0,0
711,7_planet,False,,360,0,0
712,4_planet,False,,360,0,0
712,5_planet,False,,360,0,0
712,7_planet,False,,360,0,0
713,4_planet,False,,360,0,0
713,5_planet,False,,360,0,0
713,7_planet,False,,360,0,0
714,4_planet,False,,360,0,0
714,5_planet,False,,360,0,0
714,7_planet,False,,360,0,0
715,4_planet,False,,360,0,0
715,5_planet,False,,360,0,0
715,7_planet,False,,360,0,0
716,4_planet,False,,360,0,0
716,5_planet,False,,360,0,0
716,7_planet,False,,360,0,0
717,4_planet,False,,360,0,0
717,5_planet,False,,360,0,0
717,7_planet,False,,360,0,0
718,4_planet,False,,360,0,0
718,5_planet,False,,360,0,0
718,7_planet,False,,360,0,0
719,4_planet,False,,360,0,0
719,5_planet,False,,360,0,0
719,7_planet,False,,360,0,0
720,4_planet,False,,360,0,0
720,5_planet,False,,360,0,0
720,7_planet,False,,360,0,0
721,4_planet,False,,360,0,0
721,5_planet,False,,360,0,0
721,7_planet,False,,360,0,0
722,4_planet,False,,360,0,0
722,5_planet,False,,360,0,0
722,7_planet,False,,360,0,0
723,4_planet,False,,360,0,0
723,5_planet,False,,360,0,0
723,7_planet,False,,360,0,0
724,4_planet,False,,360,0,0
724,5_planet,False,,360,0,0
724,7_planet,False,,360,0,0
725,4_planet,False,,360,0,0
725,5_planet,False,,360,0,0
725,7_planet,False,,360,0,0
726,4_planet,False,,360,0,0
726,5_planet,False,,360,0,0
726,7_planet,False,,360,0,0
727,4_planet,False,,360,0,0
727,5_planet,False,,360,0,0
727,7_planet,False,,360,0,0
728,4_planet,False,,360,0,0
728,5_planet,False,,360,0,0
728,7_planet,False,,360,0,0
729,4_planet,False,,360,0,0
729,5_planet,False,,360,0,0
729,7_planet,False,,360,0,0
730,4_planet,False,,360,0,0
730,5_planet,False,,360,0,0
730,7_planet,False,,360,0,0
731,4_planet,False,,360,0,0
731,5_planet,False,,360,0,0
731,7_planet,False,,360,0,0
732,4_planet,False,,360,0,0
732,5_planet,False,,360,0,0
732,7_planet,False,,360,0,0
733,4_planet,False,,360,0,0
733,5_planet,False,,360,0,0
733,7_planet,False,,360,0,0
734,4_planet,False,,360,0,0
734,5_planet,False,,360,0,0
734,7_planet,False,,360,0,0
735,4_planet,False,,360,0,0
735,5_planet,False,,360,0,0
735,7_planet,False,,360,0,0
736,4_planet,False,,360,0,0
736,5_planet,False,,360,0,0
736,7_planet,False,,360,0,0
737,4_planet,False,,360,0,0
737,5_planet,False,,360,0,0
737,7_planet,False,,360,0,0
738,4_planet,False,,360,0,0
738,5_planet,False,,360,0,0
738,7_planet,False,,360,0,0
739,4_planet,False,,360,0,0
739,5_planet,False,,360,0,0
739,7_planet,False,,360,0,0
740,4_planet,False,,360,0,0
740,5_planet,False,,360,0,0
740,7_planet,False,,360,0,0
741,4_planet,False,,360,0,0
741,5_planet,False,,360,0,0
741,7_planet,False,,360,0,0
742,4_planet,False,,360,0,0
742,5_planet,False,,360,0,0
742,7_planet,False,,360,0,0
743,4_planet,False,,360,0,0
743,5_planet,False,,360,0,0
743,7_planet,False,,360,0,0
744,4_planet,False,,360,0,0
744,5_planet,False,,360,0,0
744,7_planet,False,,360,0,0
745,4_planet,False,,360,0,0
745,5_planet,False,,360,0,0
745,7_planet,False,,360,0,0
746,4_planet,False,,360,0,0
746,5_planet,False,,360,0,0
746,7_planet,False,,360,0,0
747,4_planet,False,,360,0,0
747,5_planet,False,,360,0,0
747,7_planet,False,,360,0,0
748,4_planet,False,,360,0,0
748,5_planet,False,,360,0,0
748,7_planet,False,,360,0,0
749,4_planet,False,,360,0,0
749,5_planet,False,,360,0,0
749,7_planet,False,,360,0,0
750,4_planet,False,,360,0,0
750,5_planet,False,,360,0,0
750,7_planet,False,,360,0,0
751,4_planet,False,,360,0,0
751,5_planet,False,,360,0,0
751,7_planet,False,,360,0,0
752,4_planet,False,,360,0,0
752,5_planet,False,,360,0,0
752,7_planet,False,,360,0,0
753,4_planet,False,,360,0,0
753,5_planet,False,,360,0,0
753,7_planet,False,,360,0,0
754,4_planet,False,,360,0,0
754,5_planet,False,,360,0,0
754,7_planet,False,,360,0,0
755,4_planet,False,,360,0,0
755,5_planet,False,,360,0,0
755,7_planet,False,,360,0,0
756,4_planet,False,,360,0,0
756,5_planet,False,,360,0,0
756,7_planet,False,,360,0,0
757,4_planet,False,,360,0,0
757,5_planet,False,,360,0,0
757,7_planet,False,,360,0,0
758,4_planet,False,,360,0,0
758,5_planet,False,,360,0,0
758,7_planet,True,"Saturn, Mars, Venus, Moon, Jupiter, Sun, Mercury",58.89,1.85,35.71
759,4_planet,False,,360,0,0
759,5_planet,False,,360,0,0
759,7_planet,False,,360,0,0
760,4_planet,False,,360,0,0
760,5_planet,False,,360,0,0
760,7_planet,False,,360,0,0
761,4_planet,False,,360,0,0
761,5_planet,False,,360,0,0
761,7_planet,False,,360,0,0
762,4_planet,False,,360,0,0
762,5_planet,False,,360,0,0
762,7_planet,False,,360,0,0
763,4_planet,False,,360,0,0
763,5_planet,False,,360,0,0
763,7_planet,False,,360,0,0
764,4_planet,False,,360,0,0
764,5_planet,False,,360,0,0
764,7_planet,False,,360,0,0
765,4_planet,False,,360,0,0
765,5_planet,False,,360,0,0
765,7_planet,False,,360,0,0
766,4_planet,False,,360,0,0
766,5_planet,False,,360,0,0
766,7_planet,False,,360,0,0
767,4_planet,False,,360,0,0
767,5_planet,False,,360,0,0
767,7_planet,False,,360,0,0
768,4_planet,False,,360,0,0
768,5_planet,False,,360,0,0
768,7_planet,False,,360,0,0
769,4_planet,False,,360,0,0
769,5_planet,False,,360,0,0
769,7_planet,False,,360,0,0
770,4_planet,False,,360,0,0
770,5_planet,False,,360,0,0
770,7_planet,False,,360,0,0
771,4_planet,False,,360,0,0
771,5_planet,False,,360,0,0
771,7_planet,False,,360,0,0
772,4_planet,False,,360,0,0
772,5_planet,False,,360,0,0
772,7_planet,False,,360,0,0
773,4_planet,False,,360,0,0
773,5_planet,False,,360,0,0
773,7_planet,False,,360,0,0
774,4_planet,False,,360,0,0
774,5_planet,False,,360,0,0
774,7_planet,False,,360,0,0
775,4_planet,False,,360,0,0
775,5_planet,False,,360,0,0
775,7_planet,False,,360,0,0
776,4_planet,False,,360,0,0
776,5_planet,False,,360,0,0
776,7_planet,False,,360,0,0
777,4_planet,False,,360,0,0
777,5_planet,False,,360,0,0
777,7_planet,False,,360,0,0
778,4_planet,False,,360,0,0
778,5_planet,False,,360,0,0
778,7_planet,False,,360,0,0
779,4_planet,False,,360,0,0
779,5_planet,False,,360,0,0
779,7_planet,False,,360,0,0
780,4_planet,False,,360,0,0
780,5_planet,False,,360,0,0
780,7_planet,False,,360,0,0
781,4_planet,False,,360,0,0
781,5_planet,False,,360,0,0
781,7_planet,False,,360,0,0
782,4_planet,False,,360,0,0
782,5_planet,False,,360,0,0
782,7_planet,False,,360,0,0
783,4_planet,False,,360,0,0
783,5_planet,False,,360,0,0
783,7_planet,False,,360,0,0
784,4_planet,False,,360,0,0
784,5_planet,False,,360,0,0
784,7_planet,False,,360,0,0
785,4_planet,False,,360,0,0
785,5_planet,False,,360,0,0
785,7_planet,False,,360,0,0
786,4_planet,False,,360,0,0
786,5_planet,False,,360,0,0
786,7_planet,False,,360,0,0
787,4_planet,False,,360,0,0
787,5_planet,False,,360,0,0
787,7_planet,False,,360,0,0
788,4_planet,False,,360,0,0
788,5_planet,False,,360,0,0
788,7_planet,False,,360,0,0
789,4_planet,False,,360,0,0
789,5_planet,False,,360,0,0
789,7_planet,False,,360,0,0
790,4_planet,False,,360,0,0
790,5_planet,False,,360,0,0
790,7_planet,False,,360,0,0
791,4_planet,False,,360,0,0
791,5_planet,False,,360,0,0
791,7_planet,False,,360,0,0
792,4_planet,False,,360,0,0
792,5_planet,False,,360,0,0
792,7_planet,False,,360,0,0
793,4_planet,False,,360,0,0
793,5_planet,False,,360,0,0
793,7_planet,False,,360,0,0
794,4_planet,False,,360,0,0
794,5_planet,False,,360,0,0
794,7_planet,False,,360,0,0
795,4_planet,False,,360,0,0
795,5_planet,False,,360,0,0
795,7_planet,False,,360,0,0
796,4_planet,False,,360,0,0
796,5_planet,False,,360,0,0
796,7_planet,False,,360,0,0
797,4_planet,False,,360,0,0
797,5_planet,False,,360,0,0
797,7_planet,False,,360,0,0
798,4_planet,False,,360,0,0
798,5_planet,False,,360,0,0
798,7_planet,False,,360,0,0
799,4_planet,False,,360,0,0
799,5_planet,False,,360,0,0
799,7_planet,False,,360,0,0
800,4_planet,False,,360,0,0
800,5_planet,False,,360,0,0
800,7_planet,False,,360,0,0
801,4_planet,False,,360,0,0
801,5_planet,False,,360,0,0
801,7_planet,False,,360,0,0
802,4_planet,False,,360,0,0
802,5_planet,False,,360,0,0
802,7_planet,False,,360,0,0
803,4_planet,False,,360,0,0
803,5_planet,False,,360,0,0
803,7_planet,False,,360,0,0
804,4_planet,False,,360,0,0
804,5_planet,False,,360,0,0
804,7_planet,False,,360,0,0
805,4_planet,False,,360,0,0
805,5_planet,False,,360,0,0
805,7_planet,False,,360,0,0
806,4_planet,False,,360,0,0
806,5_planet,False,,360,0,0
806,7_planet,False,,360,0,0
807,4_planet,False,,360,0,0
807,5_planet,False,,360,0,0
807,7_planet,False,,360,0,0
808,4_planet,False,,360,0,0
808,5_planet,False,,360,0,0
808,7_planet,False,,360,0,0
809,4_planet,False,,360,0,0
809,5_planet,False,,360,0,0
809,7_planet,False,,360,0,0
810,4_planet,False,,360,0,0
810,5_planet,False,,360,0,0
810,7_planet,False,,360,0,0
811,4_planet,False,,360,0,0
811,5_planet,False,,360,0,0
811,7_planet,False,,360,0,0
812,4_planet,False,,360,0,0
812,5_planet,False,,360,0,0
812,7_planet,False,,360,0,0
813,4_planet,False,,360,0,0
813,5_planet,False,,360,0,0
813,7_planet,False,,360,0,0
814,4_planet,False,,360,0,0
814,5_planet,False,,360,0,0
814,7_planet,False,,360,0,0
815,4_planet,False,,360,0,0
815,5_planet,False,,360,0,0
815,7_planet,False,,360,0,0
816,4_planet,False,,360,0,0
816,5_planet,False,,360,0,0
816,7_planet,False,,360,0,0
817,4_planet,False,,360,0,0
817,5_planet,False,,360,0,0
817,7_planet,False,,360,0,0
818,4_planet,False,,360,0,0
818,5_planet,False,,360,0,0
818,7_planet,False,,360,0,0
819,4_planet,False,,360,0,0
819,5_planet,False,,360,0,0
819,7_planet,False,,360,0,0
820,4_planet,False,,360,0,0
820,5_planet,False,,360,0,0
820,7_planet,False,,360,0,0
821,4_planet,False,,360,0,0
821,5_planet,False,,360,0,0
821,7_planet,False,,360,0,0
822,4_planet,False,,360,0,0
822,5_planet,False,,360,0,0
822,7_planet,False,,360,0,0
823,4_planet,False,,360,0,0
823,5_planet,False,,360,0,0
823,7_planet,False,,360,0,0
824,4_planet,False,,360,0,0
824,5_planet,False,,360,0,0
824,7_planet,False,,360,0,0
825,4_planet,False,,360,0,0
825,5_planet,False,,360,0,0
825,7_planet,False,,360,0,0
826,4_planet,False,,360,0,0
826,5_planet,False,,360,0,0
826,7_planet,False,,360,0,0
827,4_planet,False,,360,0,0
827,5_planet,False,,360,0,0
827,7_planet,False,,360,0,0
828,4_planet,False,,360,0,0
828,5_planet,False,,360,0,0
828,7_planet,False,,360,0,0
829,4_planet,False,,360,0,0
829,5_planet,False,,360,0,0
829,7_planet,False,,360,0,0
830,4_planet,False,,360,0,0
830,5_planet,False,,360,0,0
830,7_planet,False,,360,0,0
831,4_planet,False,,360,0,0
831,5_planet,False,,360,0,0
831,7_planet,False,,360,0,0
832,4_planet,False,,360,0,0
832,5_planet,False,,360,0,0
832,7_planet,False,,360,0,0
833,4_planet,False,,360,0,0
833,5_planet,False,,360,0,0
833,7_planet,False,,360,0,0
834,4_planet,False,,360,0,0
834,5_planet,False,,360,0,0
834,7_planet,False,,360,0,0
835,4_planet,False,,360,0,0
835,5_planet,False,,360,0,0
835,7_planet,False,,360,0,0
836,4_planet,False,,360,0,0
836,5_planet,False,,360,0,0
836,7_planet,False,,360,0,0
837,4_planet,False,,360,0,0
837,5_planet,False,,360,0,0
837,7_planet,False,,360,0,0
838,4_planet,False,,360,0,0
838,5_planet,False,,360,0,0
838,7_planet,False,,360,0,0
839,4_planet,False,,360,0,0
839,5_planet,False,,360,0,0
839,7_planet,False,,360,0,0
840,4_planet,False,,360,0,0
840,5_planet,False,,360,0,0
840,7_planet,False,,360,0,0
841,4_planet,False,,360,0,0
841,5_planet,False,,360,0,0
841,7_planet,False,,360,0,0
842,4_planet,False,,360,0,0
842,5_planet,False,,360,0,0
842,7_planet,False,,360,0,0
843,4_planet,False,,360,0,0
843,5_planet,False,,360,0,0
843,7_planet,False,,360,0,0
844,4_planet,False,,360,0,0
844,5_planet,False,,360,0,0
844,7_planet,False,,360,0,0
845,4_planet,False,,360,0,0
845,5_planet,False,,360,0,0
845,7_planet,False,,360,0,0
846,4_planet,False,,360,0,0
846,5_planet,False,,360,0,0
846,7_planet,False,,360,0,0
847,4_planet,False,,360,0,0
847,5_planet,False,,360,0,0
847,7_planet,False,,360,0,0
848,4_planet,False,,360,0,0
848,5_planet,False,,360,0,0
848,7_planet,False,,360,0,0
849,4_planet,False,,360,0,0
849,5_planet,False,,360,0,0
849,7_planet,False,,360,0,0
850,4_planet,False,,360,0,0
850,5_planet,False,,360,0,0
850,7_planet,False,,360,0,0
851,4_planet,False,,360,0,0
851,5_planet,False,,360,0,0
851,7_planet,False,,360,0,0
852,4_planet,False,,360,0,0
852,5_planet,False,,360,0,0
852,7_planet,False,,360,0,0
853,4_planet,False,,360,0,0
853,5_planet,False,,360,0,0
853,7_planet,False,,360,0,0
854,4_planet,False,,360,0,0
854,5_planet,False,,360,0,0
854,7_planet,False,,360,0,0
855,4_planet,False,,360,0,0
855,5_planet,False,,360,0,0
855,7_planet,False,,360,0,0
856,4_planet,False,,360,0,0
856,5_planet,False,,360,0,0
856,7_planet,False,,360,0,0
857,4_planet,False,,360,0,0
857,5_planet,False,,360,0,0
857,7_planet,False,,360,0,0
858,4_planet,False,,360,0,0
858,5_planet,False,,360,0,0
858,7_planet,False,,360,0,0
859,4_planet,False,,360,0,0
859,5_planet,False,,360,0,0
859,7_planet,False,,360,0,0
860,4_planet,False,,360,0,0
860,5_planet,False,,360,0,0
860,7_planet,False,,360,0,0
861,4_planet,False,,360,0,0
861,5_planet,False,,360,0,0
861,7_planet,False,,360,0,0
862,4_planet,False,,360,0,0
862,5_planet,False,,360,0,0
862,7_planet,False,,360,0,0
863,4_planet,False,,360,0,0
863,5_planet,False,,360,0,0
863,7_planet,False,,360,0,0
864,4_planet,False,,360,0,0
864,5_planet,False,,360,0,0
864,7_planet,False,,360,0,0
865,4_planet,False,,360,0,0
865,5_planet,False,,360,0,0
865,7_planet,False,,360,0,0
866,4_planet,False,,360,0,0
866,5_planet,False,,360,0,0
866,7_planet,False,,360,0,0
867,4_planet,False,,360,0,0
867,5_planet,False,,360,0,0
867,7_planet,False,,360,0,0
868,4_planet,False,,360,0,0
868,5_planet,False,,360,0,0
868,7_planet,False,,360,0,0
869,4_planet,False,,360,0,0
869,5_planet,False,,360,0,0
869,7_planet,False,,360,0,0
870,4_planet,False,,360,0,0
870,5_planet,False,,360,0,0
870,7_planet,False,,360,0,0
871,4_planet,False,,360,0,0
871,5_planet,False,,360,0,0
871,7_planet,False,,360,0,0
872,4_planet,False,,360,0,0
872,5_planet,False,,360,0,0
872,7_planet,False,,360,0,0
873,4_planet,False,,360,0,0
873,5_planet,False,,360,0,0
873,7_planet,False,,360,0,0
874,4_planet,False,,360,0,0
874,5_planet,False,,360,0,0
874,7_planet,False,,360,0,0
875,4_planet,False,,360,0,0
875,5_planet,False,,360,0,0
875,7_planet,False,,360,0,0
876,4_planet,False,,360,0,0
876,5_planet,False,,360,0,0
876,7_planet,False,,360,0,0
877,4_planet,False,,360,0,0
877,5_planet,False,,360,0,0
877,7_planet,False,,360,0,0
878,4_planet,False,,360,0,0
878,5_planet,False,,360,0,0
878,7_planet,False,,360,0,0
879,4_planet,False,,360,0,0
879,5_planet,False,,360,0,0
879,7_planet,False,,360,0,0
880,4_planet,False,,360,0,0
880,5_planet,False,,360,0,0
880,7_planet,False,,360,0,0
881,4_planet,False,,360,0,0
881,5_planet,False,,360,0,0
881,7_planet,False,,360,0,0
882,4_planet,False,,360,0,0
882,5_planet,False,,360,0,0
882,7_planet,False,,360,0,0
883,4_planet,False,,360,0,0
883,5_planet,False,,360,0,0
883,7_planet,False,,360,0,0
884,4_planet,False,,360,0,0
884,5_planet,False,,360,0,0
884,7_planet,False,,360,0,0
885,4_planet,False,,360,0,0
885,5_planet,False,,360,0,0
885,7_planet,False,,360,0,0
886,4_planet,False,,360,0,0
886,5_planet,False,,360,0,0
886,7_planet,False,,360,0,0
887,4_planet,False,,360,0,0
887,5_planet,False,,360,0,0
887,7_planet,False,,360,0,0
888,4_planet,False,,360,0,0
888,5_planet,False,,360,0,0
888,7_planet,True,"Saturn, Moon, Mercury, Venus, Sun, Mars, Jupiter",55.76,7.07,46.43
889,4_planet,False,,360,0,0
889,5_planet,False,,360,0,0
889,7_planet,False,,360,0,0
890,4_planet,False,,360,0,0
890,5_planet,False,,360,0,0
890,7_planet,False,,360,0,0
891,4_planet,False,,360,0,0
891,5_planet,False,,360,0,0
891,7_planet,False,,360,0,0
892,4_planet,False,,360,0,0
892,5_planet,False,,360,0,0
892,7_planet,False,,360,0,0
893,4_planet,False,,360,0,0
893,5_planet,False,,360,0,0
893,7_planet,False,,360,0,0
894,4_planet,False,,360,0,0
894,5_planet,False,,360,0,0
894,7_planet,False,,360,0,0
895,4_planet,False,,360,0,0
895,5_planet,False,,360,0,0
895,7_planet,False,,360,0,0
896,4_planet,False,,360,0,0
896,5_planet,False,,360,0,0
896,7_planet,False,,360,0,0
897,4_planet,False,,360,0,0
897,5_planet,False,,360,0,0
897,7_planet,False,,360,0,0
898,4_planet,False,,360,0,0
898,5_planet,False,,360,0,0
898,7_planet,False,,360,0,0
899,4_planet,False,,360,0,0
899,5_planet,False,,360,0,0
899,7_planet,False,,360,0,0
900,4_planet,False,,360,0,0
900,5_planet,False,,360,0,0
900,7_planet,False,,360,0,0
901,4_planet,False,,360,0,0
901,5_planet,False,,360,0,0
901,7_planet,False,,360,0,0
902,4_planet,False,,360,0,0
902,5_planet,False,,360,0,0
902,7_planet,False,,360,0,0
903,4_planet,False,,360,0,0
903,5_planet,False,,360,0,0
903,7_planet,False,,360,0,0
904,4_planet,False,,360,0,0
904,5_planet,False,,360,0,0
904,7_planet,False,,360,0,0
905,4_planet,False,,360,0,0
905,5_planet,False,,360,0,0
905,7_planet,False,,360,0,0
906,4_planet,False,,360,0,0
906,5_planet,False,,360,0,0
906,7_planet,False,,360,0,0
907,4_planet,False,,360,0,0
907,5_planet,False,,360,0,0
907,7_planet,False,,360,0,0
908,4_planet,False,,360,0,0
908,5_planet,False,,360,0,0
908,7_planet,False,,360,0,0
909,4_planet,False,,360,0,0
909,5_planet,False,,360,0,0
909,7_planet,False,,360,0,0
910,4_planet,False,,360,0,0
910,5_planet,False,,360,0,0
910,7_planet,False,,360,0,0
911,4_planet,False,,360,0,0
911,5_planet,False,,360,0,0
911,7_planet,False,,360,0,0
912,4_planet,False,,360,0,0
912,5_planet,False,,360,0,0
912,7_planet,False,,360,0,0
913,4_planet,False,,360,0,0
913,5_planet,False,,360,0,0
913,7_planet,False,,360,0,0
914,4_planet,False,,360,0,0
914,5_planet,False,,360,0,0
914,7_planet,False,,360,0,0
915,4_planet,False,,360,0,0
915,5_planet,False,,360,0,0
915,7_planet,False,,360,0,0
916,4_planet,False,,360,0,0
916,5_planet,False,,360,0,0
916,7_planet,False,,360,0,0
917,4_planet,False,,360,0,0
917,5_planet,False,,360,0,0
917,7_planet,False,,360,0,0
918,4_planet,False,,360,0,0
918,5_planet,False,,360,0,0
918,7_planet,False,,360,0,0
919,4_planet,False,,360,0,0
919,5_planet,False,,360,0,0
919,7_planet,False,,360,0,0
920,4_planet,False,,360,0,0
920,5_planet,False,,360,0,0
920,7_planet,False,,360,0,0
921,4_planet,False,,360,0,0
921,5_planet,False,,360,0,0
921,7_planet,False,,360,0,0
922,4_planet,False,,360,0,0
922,5_planet,False,,360,0,0
922,7_planet,False,,360,0,0
923,4_planet,False,,360,0,0
923,5_planet,False,,360,0,0
923,7_planet,False,,360,0,0
924,4_planet,False,,360,0,0
924,5_planet,False,,360,0,0
924,7_planet,False,,360,0,0
925,4_planet,False,,360,0,0
925,5_planet,False,,360,0,0
925,7_planet,False,,360,0,0
926,4_planet,False,,360,0,0
926,5_planet,False,,360,0,0
926,7_planet,False,,360,0,0
927,4_planet,False,,360,0,0
927,5_planet,False,,360,0,0
927,7_planet,False,,360,0,0
928,4_planet,False,,360,0,0
928,5_planet,False,,360,0,0
928,7_planet,False,,360,0,0
929,4_planet,False,,360,0,0
929,5_planet,False,,360,0,0
929,7_planet,False,,360,0,0
930,4_planet,False,,360,0,0
930,5_planet,False,,360,0,0
930,7_planet,False,,360,0,0
931,4_planet,False,,360,0,0
931,5_planet,False,,360,0,0
931,7_planet,False,,360,0,0
932,4_planet,False,,360,0,0
932,5_planet,False,,360,0,0
932,7_planet,False,,360,0,0
933,4_planet,False,,360,0,0
933,5_planet,False,,360,0,0
933,7_planet,False,,360,0,0
934,4_planet,False,,360,0,0
934,5_planet,False,,360,0,0
934,7_planet,False,,360,0,0
935,4_planet,False,,360,0,0
935,5_planet,False,,360,0,0
935,7_planet,False,,360,0,0
936,4_planet,False,,360,0,0
936,5_planet,False,,360,0,0
936,7_planet,False,,360,0,0
937,4_planet,False,,360,0,0
937,5_planet,False,,360,0,0
937,7_planet,False,,360,0,0
938,4_planet,False,,360,0,0
938,5_planet,False,,360,0,0
938,7_planet,False,,360,0,0
939,4_planet,False,,360,0,0
939,5_planet,False,,360,0,0
939,7_planet,False,,360,0,0
940,4_planet,False,,360,0,0
940,5_planet,False,,360,0,0
940,7_planet,False,,360,0,0
941,4_planet,False,,360,0,0
941,5_planet,False,,360,0,0
941,7_planet,False,,360,0,0
942,4_planet,False,,360,0,0
942,5_planet,False,,360,0,0
942,7_planet,False,,360,0,0
943,4_planet,False,,360,0,0
943,5_planet,False,,360,0,0
943,7_planet,False,,360,0,0
944,4_planet,False,,360,0,0
944,5_planet,False,,360,0,0
944,7_planet,False,,360,0,0
945,4_planet,False,,360,0,0
945,5_planet,False,,360,0,0
945,7_planet,False,,360,0,0
946,4_planet,False,,360,0,0
946,5_planet,False,,360,0,0
946,7_planet,False,,360,0,0
947,4_planet,False,,360,0,0
947,5_planet,False,,360,0,0
947,7_planet,False,,360,0,0
948,4_planet,False,,360,0,0
948,5_planet,False,,360,0,0
948,7_planet,False,,360,0,0
949,4_planet,False,,360,0,0
949,5_planet,False,,360,0,0
949,7_planet,False,,360,0,0
950,4_planet,False,,360,0,0
950,5_planet,False,,360,0,0
950,7_planet,False,,360,0,0
951,4_planet,False,,360,0,0
951,5_planet,False,,360,0,0
951,7_planet,False,,360,0,0
952,4_planet,False,,360,0,0
952,5_planet,False,,360,0,0
952,7_planet,False,,360,0,0
953,4_planet,False,,360,0,0
953,5_planet,False,,360,0,0
953,7_planet,False,,360,0,0
954,4_planet,False,,360,0,0
954,5_planet,False,,360,0,0
954,7_planet,False,,360,0,0
955,4_planet,False,,360,0,0
955,5_planet,False,,360,0,0
955,7_planet,False,,360,0,0
956,4_planet,False,,360,0,0
956,5_planet,False,,360,0,0
956,7_planet,False,,360,0,0
957,4_planet,False,,360,0,0
957,5_planet,False,,360,0,0
957,7_planet,False,,360,0,0
958,4_planet,False,,360,0,0
958,5_planet,False,,360,0,0
958,7_planet,False,,360,0,0
959,4_planet,False,,360,0,0
959,5_planet,False,,360,0,0
959,7_planet,False,,360,0,0
960,4_planet,False,,360,0,0
960,5_planet,False,,360,0,0
960,7_planet,False,,360,0,0
961,4_planet,False,,360,0,0
961,5_planet,False,,360,0,0
961,7_planet,False,,360,0,0
962,4_planet,False,,360,0,0
962,5_planet,False,,360,0,0
962,7_planet,False,,360,0,0
963,4_planet,False,,360,0,0
963,5_planet,False,,360,0,0
963,7_planet,False,,360,0,0
964,4_planet,False,,360,0,0
964,5_planet,False,,360,0,0
964,7_planet,False,,360,0,0
965,4_planet,False,,360,0,0
965,5_planet,False,,360,0,0
965,7_planet,False,,360,0,0
966,4_planet,False,,360,0,0
966,5_planet,False,,360,0,0
966,7_planet,False,,360,0,0
967,4_planet,False,,360,0,0
967,5_planet,False,,360,0,0
967,7_planet,False,,360,0,0
968,4_planet,False,,360,0,0
968,5_planet,False,,360,0,0
968,7_planet,False,,360,0,0
969,4_planet,False,,360,0,0
969,5_planet,False,,360,0,0
969,7_planet,False,,360,0,0
970,4_planet,False,,360,0,0
970,5_planet,False,,360,0,0
970,7_planet,False,,360,0,0
971,4_planet,False,,360,0,0
971,5_planet,False,,360,0,0
971,7_planet,False,,360,0,0
972,4_planet,False,,360,0,0
972,5_planet,False,,360,0,0
972,7_planet,False,,360,0,0
973,4_planet,False,,360,0,0
973,5_planet,False,,360,0,0
973,7_planet,False,,360,0,0
974,4_planet,False,,360,0,0
974,5_planet,False,,360,0,0
974,7_planet,False,,360,0,0
975,4_planet,False,,360,0,0
975,5_planet,False,,360,0,0
975,7_planet,False,,360,0,0
976,4_planet,False,,360,0,0
976,5_planet,False,,360,0,0
976,7_planet,False,,360,0,0
977,4_planet,False,,360,0,0
977,5_planet,False,,360,0,0
977,7_planet,False,,360,0,0
978,4_planet,False,,360,0,0
978,5_planet,False,,360,0,0
978,7_planet,False,,360,0,0
979,4_planet,False,,360,0,0
979,5_planet,False,,360,0,0
979,7_planet,False,,360,0,0
980,4_planet,False,,360,0,0
980,5_planet,False,,360,0,0
980,7_planet,False,,360,0,0
981,4_planet,False,,360,0,0
981,5_planet,False,,360,0,0
981,7_planet,False,,360,0,0
982,4_planet,False,,360,0,0
982,5_planet,False,,360,0,0
982,7_planet,False,,360,0,0
983,4_planet,False,,360,0,0
983,5_planet,False,,360,0,0
983,7_planet,False,,360,0,0
984,4_planet,False,,360,0,0
984,5_planet,False,,360,0,0
984,7_planet,False,,360,0,0
985,4_planet,False,,360,0,0
985,5_planet,False,,360,0,0
985,7_planet,False,,360,0,0
986,4_planet,False,,360,0,0
986,5_planet,False,,360,0,0
986,7_planet,False,,360,0,0
987,4_planet,False,,360,0,0
987,5_planet,False,,360,0,0
987,7_planet,False,,360,0,0
988,4_planet,False,,360,0,0
988,5_planet,False,,360,0,0
988,7_planet,False,,360,0,0
989,4_planet,False,,360,0,0
989,5_planet,False,,360,0,0
989,7_planet,False,,360,0,0
990,4_planet,False,,360,0,0
990,5_planet,False,,360,0,0
990,7_planet,False,,360,0,0
991,4_planet,False,,360,0,0
991,5_planet,False,,360,0,0
991,7_planet,False,,360,0,0
992,4_planet,False,,360,0,0
992,5_planet,False,,360,0,0
992,7_planet,False,,360,0,0
993,4_planet,False,,360,0,0
993,5_planet,False,,360,0,0
993,7_planet,False,,360,0,0
994,4_planet,False,,360,0,0
994,5_planet,False,,360,0,0
994,7_planet,False,,360,0,0
995,4_planet,False,,360,0,0
995,5_planet,False,,360,0,0
995,7_planet,False,,360,0,0
996,4_planet,False,,360,0,0
996,5_planet,False,,360,0,0
996,7_planet,False,,360,0,0
997,4_planet,False,,360,0,0
997,5_planet,False,,360,0,0
997,7_planet,False,,360,0,0
998,4_planet,False,,360,0,0
998,5_planet,False,,360,0,0
998,7_planet,False,,360,0,0
999,4_planet,False,,360,0,0
999,5_planet,False,,360,0,0
999,7_planet,False,,360,0,0
1000,4_planet,False,,360,0,0
1000,5_planet,False,,360,0,0
1000,7_planet,False,,360,0,0
1001,4_planet,False,,360,0,0
1001,5_planet,False,,360,0,0
1001,7_planet,False,,360,0,0
1002,4_planet,False,,360,0,0
1002,5_planet,False,,360,0,0
1002,7_planet,False,,360,0,0
1003,4_planet,False,,360,0,0
1003,5_planet,False,,360,0,0
1003,7_planet,False,,360,0,0
1004,4_planet,False,,360,0,0
1004,5_planet,False,,360,0,0
1004,7_planet,False,,360,0,0
1005,4_planet,False,,360,0,0
1005,5_planet,False,,360,0,0
1005,7_planet,False,,360,0,0
1006,4_planet,False,,360,0,0
1006,5_planet,False,,360,0,0
1006,7_planet,False,,360,0,0
1007,4_planet,False,,360,0,0
1007,5_planet,False,,360,0,0
1007,7_planet,False,,360,0,0
1008,4_planet,False,,360,0,0
1008,5_planet,False,,360,0,0
1008,7_planet,False,,360,0,0
1009,4_planet,False,,360,0,0
1009,5_planet,False,,360,0,0
1009,7_planet,False,,360,0,0
1010,4_planet,False,,360,0,0
1010,5_planet,False,,360,0,0
1010,7_planet,False,,360,0,0
1011,4_planet,False,,360,0,0
1011,5_planet,False,,360,0,0
1011,7_planet,False,,360,0,0
1012,4_planet,False,,360,0,0
1012,5_planet,False,,360,0,0
1012,7_planet,False,,360,0,0
1013,4_planet,False,,360,0,0
1013,5_planet,False,,360,0,0
1013,7_planet,False,,360,0,0
1014,4_planet,False,,360,0,0
1014,5_planet,False,,360,0,0
1014,7_planet,False,,360,0,0
1015,4_planet,False,,360,0,0
1015,5_planet,False,,360,0,0
1015,7_planet,False,,360,0,0
1016,4_planet,False,,360,0,0
1016,5_planet,False,,360,0,0
1016,7_planet,False,,360,0,0
1017,4_planet,False,,360,0,0
1017,5_planet,False,,360,0,0
1017,7_planet,False,,360,0,0
1018,4_planet,False,,360,0,0
1018,5_planet,False,,360,0,0
1018,7_planet,False,,360,0,0
1019,4_planet,False,,360,0,0
1019,5_planet,False,,360,0,0
1019,7_planet,False,,360,0,0
1020,4_planet,False,,360,0,0
1020,5_planet,False,,360,0,0
1020,7_planet,False,,360,0,0
1021,4_planet,False,,360,0,0
1021,5_planet,False,,360,0,0
1021,7_planet,False,,360,0,0
1022,4_planet,False,,360,0,0
1022,5_planet,False,,360,0,0
1022,7_planet,False,,360,0,0
1023,4_planet,False,,360,0,0
1023,5_planet,False,,360,0,0
1023,7_planet,False,,360,0,0
1024,4_planet,False,,360,0,0
1024,5_planet,False,,360,0,0
1024,7_planet,False,,360,0,0
1025,4_planet,False,,360,0,0
1025,5_planet,False,,360,0,0
1025,7_planet,False,,360,0,0
1026,4_planet,False,,360,0,0
1026,5_planet,False,,360,0,0
1026,7_planet,False,,360,0,0
1027,4_planet,False,,360,0,0
1027,5_planet,False,,360,0,0
1027,7_planet,False,,360,0,0
1028,4_planet,False,,360,0,0
1028,5_planet,False,,360,0,0
1028,7_planet,False,,360,0,0
1029,4_planet,False,,360,0,0
1029,5_planet,False,,360,0,0
1029,7_planet,False,,360,0,0
1030,4_planet,False,,360,0,0
1030,5_planet,False,,360,0,0
1030,7_planet,False,,360,0,0
1031,4_planet,False,,360,0,0
1031,5_planet,False,,360,0,0
1031,7_planet,False,,360,0,0
1032,4_planet,False,,360,0,0
1032,5_planet,False,,360,0,0
1032,7_planet,False,,360,0,0
1033,4_planet,False,,360,0,0
1033,5_planet,False,,360,0,0
1033,7_planet,False,,360,0,0
1034,4_planet,False,,360,0,0
1034,5_planet,False,,360,0,0
1034,7_planet,False,,360,0,0
1035,4_planet,False,,360,0,0
1035,5_planet,False,,360,0,0
1035,7_planet,False,,360,0,0
1036,4_planet,False,,360,0,0
1036,5_planet,False,,360,0,0
1036,7_planet,False,,360,0,0
1037,4_planet,False,,360,0,0
1037,5_planet,False,,360,0,0
1037,7_planet,False,,360,0,0
1038,4_planet,False,,360,0,0
1038,5_planet,False,,360,0,0
1038,7_planet,False,,360,0,0
1039,4_planet,False,,360,0,0
1039,5_planet,False,,360,0,0
1039,7_planet,False,,360,0,0
1040,4_planet,False,,360,0,0
1040,5_planet,False,,360,0,0
1040,7_planet,False,,360,0,0
1041,4_planet,False,,360,0,0
1041,5_planet,False,,360,0,0
1041,7_planet,False,,360,0,0
1042,4_planet,False,,360,0,0
1042,5_planet,False,,360,0,0
1042,7_planet,False,,360,0,0
1043,4_planet,False,,360,0,0
1043,5_planet,False,,360,0,0
1043,7_planet,False,,360,0,0
1044,4_planet,False,,360,0,0
1044,5_planet,False,,360,0,0
1044,7_planet,False,,360,0,0
1045,4_planet,False,,360,0,0
1045,5_planet,False,,360,0,0
1045,7_planet,False,,360,0,0
1046,4_planet,False,,360,0,0
1046,5_planet,False,,360,0,0
1046,7_planet,False,,360,0,0
1047,4_planet,False,,360,0,0
1047,5_planet,False,,360,0,0
1047,7_planet,False,,360,0,0
1048,4_planet,False,,360,0,0
1048,5_planet,False,,360,0,0
1048,7_planet,False,,360,0,0
1049,4_planet,False,,360,0,0
1049,5_planet,False,,360,0,0
1049,7_planet,False,,360,0,0
1050,4_planet,False,,360,0,0
1050,5_planet,False,,360,0,0
1050,7_planet,False,,360,0,0
1051,4_planet,False,,360,0,0
1051,5_planet,False,,360,0,0
1051,7_planet,False,,360,0,0
1052,4_planet,False,,360,0,0
1052,5_planet,False,,360,0,0
1052,7_planet,False,,360,0,0
1053,4_planet,False,,360,0,0
1053,5_planet,False,,360,0,0
1053,7_planet,False,,360,0,0
1054,4_planet,False,,360,0,0
1054,5_planet,False,,360,0,0
1054,7_planet,False,,360,0,0
1055,4_planet,False,,360,0,0
1055,5_planet,False,,360,0,0
1055,7_planet,False,,360,0,0
1056,4_planet,False,,360,0,0
1056,5_planet,False,,360,0,0
1056,7_planet,False,,360,0,0
1057,4_planet,False,,360,0,0
1057,5_planet,False,,360,0,0
1057,7_planet,False,,360,0,0
1058,4_planet,False,,360,0,0
1058,5_planet,False,,360,0,0
1058,7_planet,False,,360,0,0
1059,4_planet,False,,360,0,0
1059,5_planet,False,,360,0,0
1059,7_planet,False,,360,0,0
1060,4_planet,False,,360,0,0
1060,5_planet,False,,360,0,0
1060,7_planet,False,,360,0,0
1061,4_planet,False,,360,0,0
1061,5_planet,False,,360,0,0
1061,7_planet,False,,360,0,0
1062,4_planet,False,,360,0,0
1062,5_planet,False,,360,0,0
1062,7_planet,False,,360,0,0
1063,4_planet,False,,360,0,0
1063,5_planet,False,,360,0,0
1063,7_planet,False,,360,0,0
1064,4_planet,False,,360,0,0
1064,5_planet,False,,360,0,0
1064,7_planet,False,,360,0,0
1065,4_planet,False,,360,0,0
1065,5_planet,False,,360,0,0
1065,7_planet,False,,360,0,0
1066,4_planet,False,,360,0,0
1066,5_planet,False,,360,0,0
1066,7_planet,False,,360,0,0
1067,4_planet,False,,360,0,0
1067,5_planet,False,,360,0,0
1067,7_planet,False,,360,0,0
1068,4_planet,False,,360,0,0
1068,5_planet,False,,360,0,0
1068,7_planet,False,,360,0,0
1069,4_planet,False,,360,0,0
1069,5_planet,False,,360,0,0
1069,7_planet,False,,360,0,0
1070,4_planet,False,,360,0,0
1070,5_planet,False,,360,0,0
1070,7_planet,False,,360,0,0
1071,4_planet,False,,360,0,0
1071,5_planet,False,,360,0,0
1071,7_planet,False,,360,0,0
1072,4_planet,False,,360,0,0
1072,5_planet,False,,360,0,0
1072,7_planet,False,,360,0,0
1073,4_planet,False,,360,0,0
1073,5_planet,False,,360,0,0
1073,7_planet,False,,360,0,0
1074,4_planet,False,,360,0,0
1074,5_planet,False,,360,0,0
1074,7_planet,False,,360,0,0
1075,4_planet,False,,360,0,0
1075,5_planet,False,,360,0,0
1075,7_planet,False,,360,0,0
1076,4_planet,False,,360,0,0
1076,5_planet,False,,360,0,0
1076,7_planet,False,,360,0,0
1077,4_planet,False,,360,0,0
1077,5_planet,False,,360,0,0
1077,7_planet,False,,360,0,0
1078,4_planet,False,,360,0,0
1078,5_planet,False,,360,0,0
1078,7_planet,False,,360,0,0
1079,4_planet,False,,360,0,0
1079,5_planet,False,,360,0,0
1079,7_planet,False,,360,0,0
1080,4_planet,False,,360,0,0
1080,5_planet,False,,360,0,0
1080,7_planet,False,,360,0,0
1081,4_planet,False,,360,0,0
1081,5_planet,False,,360,0,0
1081,7_planet,False,,360,0,0
1082,4_planet,False,,360,0,0
1082,5_planet,False,,360,0,0
1082,7_planet,False,,360,0,0
1083,4_planet,False,,360,0,0
1083,5_planet,False,,360,0,0
1083,7_planet,False,,360,0,0
1084,4_planet,False,,360,0,0
1084,5_planet,False,,360,0,0
1084,7_planet,False,,360,0,0
1085,4_planet,False,,360,0,0
1085,5_planet,False,,360,0,0
1085,7_planet,False,,360,0,0
1086,4_planet,False,,360,0,0
1086,5_planet,False,,360,0,0
1086,7_planet,False,,360,0,0
1087,4_planet,False,,360,0,0
1087,5_planet,False,,360,0,0
1087,7_planet,False,,360,0,0
1088,4_planet,False,,360,0,0
1088,5_planet,False,,360,0,0
1088,7_planet,False,,360,0,0
1089,4_planet,False,,360,0,0
1089,5_planet,False,,360,0,0
1089,7_planet,False,,360,0,0
1090,4_planet,False,,360,0,0
1090,5_planet,False,,360,0,0
1090,7_planet,False,,360,0,0
1091,4_planet,False,,360,0,0
1091,5_planet,False,,360,0,0
1091,7_planet,False,,360,0,0
1092,4_planet,False,,360,0,0
1092,5_planet,False,,360,0,0
1092,7_planet,False,,360,0,0
1093,4_planet,False,,360,0,0
1093,5_planet,False,,360,0,0
1093,7_planet,False,,360,0,0
1094,4_planet,False,,360,0,0
1094,5_planet,False,,360,0,0
1094,7_planet,False,,360,0,0
1095,4_planet,False,,360,0,0
1095,5_planet,False,,360,0,0
1095,7_planet,False,,360,0,0
1096,4_planet,False,,360,0,0
1096,5_planet,False,,360,0,0
1096,7_planet,False,,360,0,0
1097,4_planet,False,,360,0,0
1097,5_planet,False,,360,0,0
1097,7_planet,False,,360,0,0
1098,4_planet,False,,360,0,0
1098,5_planet,False,,360,0,0
1098,7_planet,False,,360,0,0
1099,4_planet,False,,360,0,0
1099,5_planet,False,,360,0,0
1099,7_planet,False,,360,0,0
1100,4_planet,False,,360,0,0
1100,5_planet,False,,360,0,0
1100,7_planet,False,,360,0,0
1101,4_planet,False,,360,0,0
1101,5_planet,False,,360,0,0
1101,7_planet,False,,360,0,0
1102,4_planet,False,,360,0,0
1102,5_planet,False,,360,0,0
1102,7_planet,False,,360,0,0
1103,4_planet,False,,360,0,0
1103,5_planet,False,,360,0,0
1103,7_planet,False,,360,0,0
1104,4_planet,False,,360,0,0
1104,5_planet,False,,360,0,0
1104,7_planet,False,,360,0,0
1105,4_planet,False,,360,0,0
1105,5_planet,False,,360,0,0
1105,7_planet,False,,360,0,0
1106,4_planet,False,,360,0,0
1106,5_planet,False,,360,0,0
1106,7_planet,False,,360,0,0
1107,4_planet,False,,360,0,0
1107,5_planet,False,,360,0,0
1107,7_planet,False,,360,0,0
1108,4_planet,False,,360,0,0
1108,5_planet,False,,360,0,0
1108,7_planet,False,,360,0,0
1109,4_planet,False,,360,0,0
1109,5_planet,False,,360,0,0
1109,7_planet,False,,360,0,0
1110,4_planet,False,,360,0,0
1110,5_planet,False,,360,0,0
1110,7_planet,False,,360,0,0
1111,4_planet,False,,360,0,0
1111,5_planet,False,,360,0,0
1111,7_planet,False,,360,0,0
1112,4_planet,False,,360,0,0
1112,5_planet,False,,360,0,0
1112,7_planet,False,,360,0,0
1113,4_planet,False,,360,0,0
1113,5_planet,False,,360,0,0
1113,7_planet,False,,360,0,0
1114,4_planet,False,,360,0,0
1114,5_planet,False,,360,0,0
1114,7_planet,False,,360,0,0
1115,4_planet,False,,360,0,0
1115,5_planet,False,,360,0,0
1115,7_planet,False,,360,0,0
1116,4_planet,False,,360,0,0
1116,5_planet,False,,360,0,0
1116,7_planet,False,,360,0,0
1117,4_planet,False,,360,0,0
1117,5_planet,False,,360,0,0
1117,7_planet,False,,360,0,0
1118,4_planet,False,,360,0,0
1118,5_planet,False,,360,0,0
1118,7_planet,False,,360,0,0
1119,4_planet,False,,360,0,0
1119,5_planet,False,,360,0,0
1119,7_planet,False,,360,0,0
1120,4_planet,False,,360,0,0
1120,5_planet,False,,360,0,0
1120,7_planet,False,,360,0,0
1121,4_planet,False,,360,0,0
1121,5_planet,False,,360,0,0
1121,7_planet,False,,360,0,0
1122,4_planet,False,,360,0,0
1122,5_planet,False,,360,0,0
1122,7_planet,False,,360,0,0
1123,4_planet,False,,360,0,0
1123,5_planet,False,,360,0,0
1123,7_planet,False,,360,0,0
1124,4_planet,False,,360,0,0
1124,5_planet,False,,360,0,0
1124,7_planet,False,,360,0,0
1125,4_planet,False,,360,0,0
1125,5_planet,False,,360,0,0
1125,7_planet,False,,360,0,0
1126,4_planet,False,,360,0,0
1126,5_planet,False,,360,0,0
1126,7_planet,False,,360,0,0
1127,4_planet,False,,360,0,0
1127,5_planet,False,,360,0,0
1127,7_planet,False,,360,0,0
1128,4_planet,False,,360,0,0
1128,5_planet,False,,360,0,0
1128,7_planet,False,,360,0,0
1129,4_planet,False,,360,0,0
1129,5_planet,False,,360,0,0
1129,7_planet,False,,360,0,0
1130,4_planet,False,,360,0,0
1130,5_planet,False,,360,0,0
1130,7_planet,False,,360,0,0
1131,4_planet,False,,360,0,0
1131,5_planet,False,,360,0,0
1131,7_planet,False,,360,0,0
1132,4_planet,False,,360,0,0
1132,5_planet,False,,360,0,0
1132,7_planet,False,,360,0,0
1133,4_planet,False,,360,0,0
1133,5_planet,False,,360,0,0
1133,7_planet,False,,360,0,0
1134,4_planet,False,,360,0,0
1134,5_planet,False,,360,0,0
1134,7_planet,False,,360,0,0
1135,4_planet,False,,360,0,0
1135,5_planet,False,,360,0,0
1135,7_planet,False,,360,0,0
1136,4_planet,False,,360,0,0
1136,5_planet,False,,360,0,0
1136,7_planet,False,,360,0,0
1137,4_planet,False,,360,0,0
1137,5_planet,False,,360,0,0
1137,7_planet,False,,360,0,0
1138,4_planet,False,,360,0,0
1138,5_planet,False,,360,0,0
1138,7_planet,False,,360,0,0
1139,4_planet,False,,360,0,0
1139,5_planet,False,,360,0,0
1139,7_planet,False,,360,0,0
1140,4_planet,False,,360,0,0
1140,5_planet,False,,360,0,0
1140,7_planet,False,,360,0,0
1141,4_planet,False,,360,0,0
1141,5_planet,False,,360,0,0
1141,7_planet,False,,360,0,0
1142,4_planet,False,,360,0,0
1142,5_planet,False,,360,0,0
1142,7_planet,False,,360,0,0
1143,4_planet,False,,360,0,0
1143,5_planet,False,,360,0,0
1143,7_planet,False,,360,0,0
1144,4_planet,False,,360,0,0
1144,5_planet,False,,360,0,0
1144,7_planet,False,,360,0,0
1145,4_planet,False,,360,0,0
1145,5_planet,False,,360,0,0
1145,7_planet,False,,360,0,0
1146,4_planet,False,,360,0,0
1146,5_planet,False,,360,0,0
1146,7_planet,False,,360,0,0
1147,4_planet,False,,360,0,0
1147,5_planet,False,,360,0,0
1147,7_planet,False,,360,0,0
1148,4_planet,False,,360,0,0
1148,5_planet,False,,360,0,0
1148,7_planet,False,,360,0,0
1149,4_planet,False,,360,0,0
1149,5_planet,False,,360,0,0
1149,7_planet,False,,360,0,0
1150,4_planet,False,,360,0,0
1150,5_planet,False,,360,0,0
1150,7_planet,True,"Saturn, Mars, Venus, Moon, Jupiter, Sun, Mercury",58.97,1.72,35.71
1151,4_planet,False,,360,0,0
1151,5_planet,False,,360,0,0
1151,7_planet,False,,360,0,0
1152,4_planet,False,,360,0,0
1152,5_planet,False,,360,0,0
1152,7_planet,False,,360,0,0
1153,4_planet,False,,360,0,0
1153,5_planet,False,,360,0,0
1153,7_planet,False,,360,0,0
1154,4_planet,False,,360,0,0
1154,5_planet,False,,360,0,0
1154,7_planet,False,,360,0,0
1155,4_planet,False,,360,0,0
1155,5_planet,False,,360,0,0
1155,7_planet,False,,360,0,0
1156,4_planet,False,,360,0,0
1156,5_planet,False,,360,0,0
1156,7_planet,False,,360,0,0
1157,4_planet,False,,360,0,0
1157,5_planet,False,,360,0,0
1157,7_planet,False,,360,0,0
1158,4_planet,False,,360,0,0
1158,5_planet,False,,360,0,0
1158,7_planet,False,,360,0,0
1159,4_planet,False,,360,0,0
1159,5_planet,False,,360,0,0
1159,7_planet,False,,360,0,0
1160,4_planet,False,,360,0,0
1160,5_planet,False,,360,0,0
1160,7_planet,False,,360,0,0
1161,4_planet,False,,360,0,0
1161,5_planet,False,,360,0,0
1161,7_planet,False,,360,0,0
1162,4_planet,False,,360,0,0
1162,5_planet,False,,360,0,0
1162,7_planet,False,,360,0,0
1163,4_planet,False,,360,0,0
1163,5_planet,False,,360,0,0
1163,7_planet,False,,360,0,0
1164,4_planet,False,,360,0,0
1164,5_planet,False,,360,0,0
1164,7_planet,False,,360,0,0
1165,4_planet,False,,360,0,0
1165,5_planet,False,,360,0,0
1165,7_planet,False,,360,0,0
1166,4_planet,False,,360,0,0
1166,5_planet,False,,360,0,0
1166,7_planet,False,,360,0,0
1167,4_planet,False,,360,0,0
1167,5_planet,False,,360,0,0
1167,7_planet,False,,360,0,0
1168,4_planet,False,,360,0,0
1168,5_planet,False,,360,0,0
1168,7_planet,False,,360,0,0
1169,4_planet,False,,360,0,0
1169,5_planet,False,,360,0,0
1169,7_planet,False,,360,0,0
1170,4_planet,False,,360,0,0
1170,5_planet,False,,360,0,0
1170,7_planet,False,,360,0,0
1171,4_planet,False,,360,0,0
1171,5_planet,False,,360,0,0
1171,7_planet,False,,360,0,0
1172,4_planet,False,,360,0,0
1172,5_planet,False,,360,0,0
1172,7_planet,False,,360,0,0
1173,4_planet,False,,360,0,0
1173,5_planet,False,,360,0,0
1173,7_planet,False,,360,0,0
1174,4_planet,False,,360,0,0
1174,5_planet,False,,360,0,0
1174,7_planet,False,,360,0,0
1175,4_planet,False,,360,0,0
1175,5_planet,False,,360,0,0
1175,7_planet,False,,360,0,0
1176,4_planet,False,,360,0,0
1176,5_planet,False,,360,0,0
1176,7_planet,False,,360,0,0
1177,4_planet,False,,360,0,0
1177,5_planet,False,,360,0,0
1177,7_planet,False,,360,0,0
1178,4_planet,False,,360,0,0
1178,5_planet,False,,360,0,0
1178,7_planet,False,,360,0,0
1179,4_planet,False,,360,0,0
1179,5_planet,False,,360,0,0
1179,7_planet,False,,360,0,0
1180,4_planet,False,,360,0,0
1180,5_planet,False,,360,0,0
1180,7_planet,False,,360,0,0
1181,4_planet,False,,360,0,0
1181,5_planet,False,,360,0,0
1181,7_planet,False,,360,0,0
1182,4_planet,False,,360,0,0
1182,5_planet,False,,360,0,0
1182,7_planet,False,,360,0,0
1183,4_planet,False,,360,0,0
1183,5_planet,False,,360,0,0
1183,7_planet,False,,360,0,0
1184,4_planet,False,,360,0,0
1184,5_planet,False,,360,0,0
1184,7_planet,False,,360,0,0
1185,4_planet,False,,360,0,0
1185,5_planet,False,,360,0,0
1185,7_planet,False,,360,0,0
1186,4_planet,False,,360,0,0
1186,5_planet,False,,360,0,0
1186,7_planet,False,,360,0,0
1187,4_planet,False,,360,0,0
1187,5_planet,False,,360,0,0
1187,7_planet,False,,360,0,0
1188,4_planet,False,,360,0,0
1188,5_planet,False,,360,0,0
1188,7_planet,False,,360,0,0
1189,4_planet,False,,360,0,0
1189,5_planet,False,,360,0,0
1189,7_planet,False,,360,0,0
1190,4_planet,False,,360,0,0
1190,5_planet,False,,360,0,0
1190,7_planet,False,,360,0,0
1191,4_planet,False,,360,0,0
1191,5_planet,False,,360,0,0
1191,7_planet,False,,360,0,0
1192,4_planet,False,,360,0,0
1192,5_planet,False,,360,0,0
1192,7_planet,False,,360,0,0
1193,4_planet,False,,360,0,0
1193,5_planet,False,,360,0,0
1193,7_planet,False,,360,0,0
1194,4_planet,False,,360,0,0
1194,5_planet,False,,360,0,0
1194,7_planet,False,,360,0,0
1195,4_planet,False,,360,0,0
1195,5_planet,False,,360,0,0
1195,7_planet,False,,360,0,0
1196,4_planet,False,,360,0,0
1196,5_planet,False,,360,0,0
1196,7_planet,False,,360,0,0
1197,4_planet,False,,360,0,0
1197,5_planet,False,,360,0,0
1197,7_planet,False,,360,0,0
1198,4_planet,False,,360,0,0
1198,5_planet,False,,360,0,0
1198,7_planet,False,,360,0,0
1199,4_planet,False,,360,0,0
1199,5_planet,False,,360,0,0
1199,7_planet,False,,360,0,0
1200,4_planet,False,,360,0,0
1200,5_planet,False,,360,0,0
1200,7_planet,False,,360,0,0
1201,4_planet,False,,360,0,0
1201,5_planet,False,,360,0,0
1201,7_planet,False,,360,0,0
1202,4_planet,False,,360,0,0
1202,5_planet,False,,360,0,0
1202,7_planet,False,,360,0,0
1203,4_planet,False,,360,0,0
1203,5_planet,False,,360,0,0
1203,7_planet,False,,360,0,0
1204,4_planet,False,,360,0,0
1204,5_planet,False,,360,0,0
1204,7_planet,False,,360,0,0
1205,4_planet,False,,360,0,0
1205,5_planet,False,,360,0,0
1205,7_planet,False,,360,0,0
1206,4_planet,False,,360,0,0
1206,5_planet,False,,360,0,0
1206,7_planet,False,,360,0,0
1207,4_planet,False,,360,0,0
1207,5_planet,False,,360,0,0
1207,7_planet,False,,360,0,0
1208,4_planet,False,,360,0,0
1208,5_planet,False,,360,0,0
1208,7_planet,False,,360,0,0
1209,4_planet,False,,360,0,0
1209,5_planet,False,,360,0,0
1209,7_planet,False,,360,0,0
1210,4_planet,False,,360,0,0
1210,5_planet,False,,360,0,0
1210,7_planet,False,,360,0,0
1211,4_planet,False,,360,0,0
1211,5_planet,False,,360,0,0
1211,7_planet,False,,360,0,0
1212,4_planet,False,,360,0,0
1212,5_planet,False,,360,0,0
1212,7_planet,False,,360,0,0
1213,4_planet,False,,360,0,0
1213,5_planet,False,,360,0,0
1213,7_planet,False,,360,0,0
1214,4_planet,False,,360,0,0
1214,5_planet,False,,360,0,0
1214,7_planet,False,,360,0,0
1215,4_planet,False,,360,0,0
1215,5_planet,False,,360,0,0
1215,7_planet,False,,360,0,0
1216,4_planet,False,,360,0,0
1216,5_planet,False,,360,0,0
1216,7_planet,False,,360,0,0
1217,4_planet,False,,360,0,0
1217,5_planet,False,,360,0,0
1217,7_planet,False,,360,0,0
1218,4_planet,False,,360,0,0
1218,5_planet,False,,360,0,0
1218,7_planet,False,,360,0,0
1219,4_planet,False,,360,0,0
1219,5_planet,False,,360,0,0
1219,7_planet,False,,360,0,0
1220,4_planet,False,,360,0,0
1220,5_planet,False,,360,0,0
1220,7_planet,False,,360,0,0
1221,4_planet,False,,360,0,0
1221,5_planet,False,,360,0,0
1221,7_planet,False,,360,0,0
1222,4_planet,False,,360,0,0
1222,5_planet,False,,360,0,0
1222,7_planet,False,,360,0,0
1223,4_planet,False,,360,0,0
1223,5_planet,False,,360,0,0
1223,7_planet,False,,360,0,0
1224,4_planet,False,,360,0,0
1224,5_planet,False,,360,0,0
1224,7_planet,False,,360,0,0
1225,4_planet,False,,360,0,0
1225,5_planet,False,,360,0,0
1225,7_planet,False,,360,0,0
1226,4_planet,False,,360,0,0
1226,5_planet,False,,360,0,0
1226,7_planet,False,,360,0,0
1227,4_planet,False,,360,0,0
1227,5_planet,False,,360,0,0
1227,7_planet,False,,360,0,0
1228,4_planet,False,,360,0,0
1228,5_planet,False,,360,0,0
1228,7_planet,False,,360,0,0
1229,4_planet,False,,360,0,0
1229,5_planet,False,,360,0,0
1229,7_planet,False,,360,0,0
1230,4_planet,False,,360,0,0
1230,5_planet,False,,360,0,0
1230,7_planet,False,,360,0,0
1231,4_planet,False,,360,0,0
1231,5_planet,False,,360,0,0
1231,7_planet,False,,360,0,0
1232,4_planet,False,,360,0,0
1232,5_planet,False,,360,0,0
1232,7_planet,False,,360,0,0
1233,4_planet,False,,360,0,0
1233,5_planet,False,,360,0,0
1233,7_planet,False,,360,0,0
1234,4_planet,False,,360,0,0
1234,5_planet,False,,360,0,0
1234,7_planet,False,,360,0,0
1235,4_planet,False,,360,0,0
1235,5_planet,False,,360,0,0
1235,7_planet,False,,360,0,0
1236,4_planet,False,,360,0,0
1236,5_planet,False,,360,0,0
1236,7_planet,False,,360,0,0
1237,4_planet,False,,360,0,0
1237,5_planet,False,,360,0,0
1237,7_planet,False,,360,0,0
1238,4_planet,False,,360,0,0
1238,5_planet,False,,360,0,0
1238,7_planet,False,,360,0,0
1239,4_planet,False,,360,0,0
1239,5_planet,False,,360,0,0
1239,7_planet,False,,360,0,0
1240,4_planet,False,,360,0,0
1240,5_planet,False,,360,0,0
1240,7_planet,False,,360,0,0
1241,4_planet,False,,360,0,0
1241,5_planet,False,,360,0,0
1241,7_planet,False,,360,0,0
1242,4_planet,False,,360,0,0
1242,5_planet,False,,360,0,0
1242,7_planet,False,,360,0,0
1243,4_planet,False,,360,0,0
1243,5_planet,False,,360,0,0
1243,7_planet,False,,360,0,0
1244,4_planet,False,,360,0,0
1244,5_planet,False,,360,0,0
1244,7_planet,False,,360,0,0
1245,4_planet,False,,360,0,0
1245,5_planet,False,,360,0,0
1245,7_planet,False,,360,0,0
1246,4_planet,False,,360,0,0
1246,5_planet,False,,360,0,0
1246,7_planet,False,,360,0,0
1247,4_planet,False,,360,0,0
1247,5_planet,False,,360,0,0
1247,7_planet,False,,360,0,0
1248,4_planet,False,,360,0,0
1248,5_planet,False,,360,0,0
1248,7_planet,False,,360,0,0
1249,4_planet,False,,360,0,0
1249,5_planet,False,,360,0,0
1249,7_planet,False,,360,0,0
1250,4_planet,False,,360,0,0
1250,5_planet,False,,360,0,0
1250,7_planet,False,,360,0,0
1251,4_planet,False,,360,0,0
1251,5_planet,False,,360,0,0
1251,7_planet,False,,360,0,0
1252,4_planet,False,,360,0,0
1252,5_planet,False,,360,0,0
1252,7_planet,False,,360,0,0
1253,4_planet,False,,360,0,0
1253,5_planet,False,,360,0,0
1253,7_planet,False,,360,0,0
1254,4_planet,False,,360,0,0
1254,5_planet,False,,360,0,0
1254,7_planet,False,,360,0,0
1255,4_planet,False,,360,0,0
1255,5_planet,False,,360,0,0
1255,7_planet,False,,360,0,0
1256,4_planet,False,,360,0,0
1256,5_planet,False,,360,0,0
1256,7_planet,False,,360,0,0
1257,4_planet,False,,360,0,0
1257,5_planet,False,,360,0,0
1257,7_planet,False,,360,0,0
1258,4_planet,False,,360,0,0
1258,5_planet,False,,360,0,0
1258,7_planet,False,,360,0,0
1259,4_planet,False,,360,0,0
1259,5_planet,False,,360,0,0
1259,7_planet,False,,360,0,0
1260,4_planet,False,,360,0,0
1260,5_planet,False,,360,0,0
1260,7_planet,False,,360,0,0
1261,4_planet,False,,360,0,0
1261,5_planet,False,,360,0,0
1261,7_planet,False,,360,0,0
1262,4_planet,False,,360,0,0
1262,5_planet,False,,360,0,0
1262,7_planet,False,,360,0,0
1263,4_planet,False,,360,0,0
1263,5_planet,False,,360,0,0
1263,7_planet,False,,360,0,0
1264,4_planet,False,,360,0,0
1264,5_planet,False,,360,0,0
1264,7_planet,False,,360,0,0
1265,4_planet,False,,360,0,0
1265,5_planet,False,,360,0,0
1265,7_planet,False,,360,0,0
1266,4_planet,False,,360,0,0
1266,5_planet,False,,360,0,0
1266,7_planet,False,,360,0,0
1267,4_planet,False,,360,0,0
1267,5_planet,False,,360,0,0
1267,7_planet,False,,360,0,0
1268,4_planet,False,,360,0,0
1268,5_planet,False,,360,0,0
1268,7_planet,False,,360,0,0
1269,4_planet,False,,360,0,0
1269,5_planet,False,,360,0,0
1269,7_planet,False,,360,0,0
1270,4_planet,False,,360,0,0
1270,5_planet,False,,360,0,0
1270,7_planet,False,,360,0,0
1271,4_planet,False,,360,0,0
1271,5_planet,False,,360,0,0
1271,7_planet,False,,360,0,0
1272,4_planet,False,,360,0,0
1272,5_planet,False,,360,0,0
1272,7_planet,False,,360,0,0
1273,4_planet,False,,360,0,0
1273,5_planet,False,,360,0,0
1273,7_planet,False,,360,0,0
1274,4_planet,False,,360,0,0
1274,5_planet,False,,360,0,0
1274,7_planet,False,,360,0,0
1275,4_planet,False,,360,0,0
1275,5_planet,False,,360,0,0
1275,7_planet,False,,360,0,0
1276,4_planet,False,,360,0,0
1276,5_planet,False,,360,0,0
1276,7_planet,False,,360,0,0
1277,4_planet,False,,360,0,0
1277,5_planet,False,,360,0,0
1277,7_planet,False,,360,0,0
1278,4_planet,False,,360,0,0
1278,5_planet,False,,360,0,0
1278,7_planet,False,,360,0,0
1279,4_planet,False,,360,0,0
1279,5_planet,False,,360,0,0
1279,7_planet,False,,360,0,0
1280,4_planet,False,,360,0,0
1280,5_planet,False,,360,0,0
1280,7_planet,False,,360,0,0
1281,4_planet,False,,360,0,0
1281,5_planet,False,,360,0,0
1281,7_planet,False,,360,0,0
1282,4_planet,False,,360,0,0
1282,5_planet,False,,360,0,0
1282,7_planet,False,,360,0,0
1283,4_planet,False,,360,0,0
1283,5_planet,False,,360,0,0
1283,7_planet,False,,360,0,0
1284,4_planet,False,,360,0,0
1284,5_planet,False,,360,0,0
1284,7_planet,False,,360,0,0
1285,4_planet,False,,360,0,0
1285,5_planet,False,,360,0,0
1285,7_planet,False,,360,0,0
1286,4_planet,False,,360,0,0
1286,5_planet,False,,360,0,0
1286,7_planet,False,,360,0,0
1287,4_planet,False,,360,0,0
1287,5_planet,False,,360,0,0
1287,7_planet,False,,360,0,0
1288,4_planet,False,,360,0,0
1288,5_planet,False,,360,0,0
1288,7_planet,False,,360,0,0
1289,4_planet,False,,360,0,0
1289,5_planet,False,,360,0,0
1289,7_planet,False,,360,0,0
1290,4_planet,False,,360,0,0
1290,5_planet,False,,360,0,0
1290,7_planet,False,,360,0,0
1291,4_planet,False,,360,0,0
1291,5_planet,False,,360,0,0
1291,7_planet,False,,360,0,0
1292,4_planet,False,,360,0,0
1292,5_planet,False,,360,0,0
1292,7_planet,False,,360,0,0
1293,4_planet,False,,360,0,0
1293,5_planet,False,,360,0,0
1293,7_planet,False,,360,0,0
1294,4_planet,False,,360,0,0
1294,5_planet,False,,360,0,0
1294,7_planet,False,,360,0,0
1295,4_planet,False,,360,0,0
1295,5_planet,False,,360,0,0
1295,7_planet,False,,360,0,0
1296,4_planet,False,,360,0,0
1296,5_planet,False,,360,0,0
1296,7_planet,False,,360,0,0
1297,4_planet,False,,360,0,0
1297,5_planet,False,,360,0,0
1297,7_planet,False,,360,0,0
1298,4_planet,False,,360,0,0
1298,5_planet,False,,360,0,0
1298,7_planet,False,,360,0,0
1299,4_planet,False,,360,0,0
1299,5_planet,False,,360,0,0
1299,7_planet,False,,360,0,0
1300,4_planet,False,,360,0,0
1300,5_planet,False,,360,0,0
1300,7_planet,False,,360,0,0
1301,4_planet,False,,360,0,0
1301,5_planet,False,,360,0,0
1301,7_planet,False,,360,0,0
1302,4_planet,False,,360,0,0
1302,5_planet,False,,360,0,0
1302,7_planet,False,,360,0,0
1303,4_planet,False,,360,0,0
1303,5_planet,False,,360,0,0
1303,7_planet,False,,360,0,0
1304,4_planet,False,,360,0,0
1304,5_planet,False,,360,0,0
1304,7_planet,False,,360,0,0
1305,4_planet,False,,360,0,0
1305,5_planet,False,,360,0,0
1305,7_planet,False,,360,0,0
1306,4_planet,False,,360,0,0
1306,5_planet,False,,360,0,0
1306,7_planet,False,,360,0,0
1307,4_planet,False,,360,0,0
1307,5_planet,False,,360,0,0
1307,7_planet,False,,360,0,0
1308,4_planet,False,,360,0,0
1308,5_planet,False,,360,0,0
1308,7_planet,False,,360,0,0
1309,4_planet,False,,360,0,0
1309,5_planet,False,,360,0,0
1309,7_planet,False,,360,0,0
1310,4_planet,False,,360,0,0
1310,5_planet,False,,360,0,0
1310,7_planet,False,,360,0,0
1311,4_planet,False,,360,0,0
1311,5_planet,False,,360,0,0
1311,7_planet,False,,360,0,0
1312,4_planet,False,,360,0,0
1312,5_planet,False,,360,0,0
1312,7_planet,False,,360,0,0
1313,4_planet,False,,360,0,0
1313,5_planet,False,,360,0,0
1313,7_planet,False,,360,0,0
1314,4_planet,False,,360,0,0
1314,5_planet,False,,360,0,0
1314,7_planet,False,,360,0,0
1315,4_planet,False,,360,0,0
1315,5_planet,False,,360,0,0
1315,7_planet,False,,360,0,0
1316,4_planet,False,,360,0,0
1316,5_planet,False,,360,0,0
1316,7_planet,False,,360,0,0
1317,4_planet,False,,360,0,0
1317,5_planet,False,,360,0,0
1317,7_planet,False,,360,0,0
1318,4_planet,False,,360,0,0
1318,5_planet,False,,360,0,0
1318,7_planet,False,,360,0,0
1319,4_planet,False,,360,0,0
1319,5_planet,False,,360,0,0
1319,7_planet,False,,360,0,0
1320,4_planet,False,,360,0,0
1320,5_planet,False,,360,0,0
1320,7_planet,False,,360,0,0
1321,4_planet,False,,360,0,0
1321,5_planet,False,,360,0,0
1321,7_planet,False,,360,0,0
1322,4_planet,False,,360,0,0
1322,5_planet,False,,360,0,0
1322,7_planet,False,,360,0,0
1323,4_planet,False,,360,0,0
1323,5_planet,False,,360,0,0
1323,7_planet,False,,360,0,0
1324,4_planet,False,,360,0,0
1324,5_planet,False,,360,0,0
1324,7_planet,False,,360,0,0
1325,4_planet,False,,360,0,0
1325,5_planet,False,,360,0,0
1325,7_planet,False,,360,0,0
1326,4_planet,False,,360,0,0
1326,5_planet,False,,360,0,0
1326,7_planet,False,,360,0,0
1327,4_planet,False,,360,0,0
1327,5_planet,False,,360,0,0
1327,7_planet,False,,360,0,0
1328,4_planet,False,,360,0,0
1328,5_planet,False,,360,0,0
1328,7_planet,False,,360,0,0
1329,4_planet,False,,360,0,0
1329,5_planet,False,,360,0,0
1329,7_planet,False,,360,0,0
1330,4_planet,False,,360,0,0
1330,5_planet,False,,360,0,0
1330,7_planet,False,,360,0,0
1331,4_planet,False,,360,0,0
1331,5_planet,False,,360,0,0
1331,7_planet,False,,360,0,0
1332,4_planet,False,,360,0,0
1332,5_planet,False,,360,0,0
1332,7_planet,False,,360,0,0
1333,4_planet,False,,360,0,0
1333,5_planet,False,,360,0,0
1333,7_planet,False,,360,0,0
1334,4_planet,False,,360,0,0
1334,5_planet,False,,360,0,0
1334,7_planet,False,,360,0,0
1335,4_planet,False,,360,0,0
1335,5_planet,False,,360,0,0
1335,7_planet,False,,360,0,0
1336,4_planet,False,,360,0,0
1336,5_planet,False,,360,0,0
1336,7_planet,False,,360,0,0
1337,4_planet,False,,360,0,0
1337,5_planet,False,,360,0,0
1337,7_planet,False,,360,0,0
1338,4_planet,False,,360,0,0
1338,5_planet,False,,360,0,0
1338,7_planet,False,,360,0,0
1339,4_planet,False,,360,0,0
1339,5_planet,False,,360,0,0
1339,7_planet,False,,360,0,0
1340,4_planet,False,,360,0,0
1340,5_planet,False,,360,0,0
1340,7_planet,False,,360,0,0
1341,4_planet,False,,360,0,0
1341,5_planet,False,,360,0,0
1341,7_planet,False,,360,0,0
1342,4_planet,False,,360,0,0
1342,5_planet,False,,360,0,0
1342,7_planet,False,,360,0,0
1343,4_planet,False,,360,0,0
1343,5_planet,False,,360,0,0
1343,7_planet,False,,360,0,0
1344,4_planet,False,,360,0,0
1344,5_planet,False,,360,0,0
1344,7_planet,False,,360,0,0
1345,4_planet,False,,360,0,0
1345,5_planet,False,,360,0,0
1345,7_planet,False,,360,0,0
1346,4_planet,False,,360,0,0
1346,5_planet,False,,360,0,0
1346,7_planet,False,,360,0,0
1347,4_planet,False,,360,0,0
1347,5_planet,False,,360,0,0
1347,7_planet,False,,360,0,0
1348,4_planet,False,,360,0,0
1348,5_planet,False,,360,0,0
1348,7_planet,False,,360,0,0
1349,4_planet,False,,360,0,0
1349,5_planet,False,,360,0,0
1349,7_planet,False,,360,0,0
1350,4_planet,False,,360,0,0
1350,5_planet,False,,360,0,0
1350,7_planet,False,,360,0,0
1351,4_planet,False,,360,0,0
1351,5_planet,False,,360,0,0
1351,7_planet,False,,360,0,0
1352,4_planet,False,,360,0,0
1352,5_planet,False,,360,0,0
1352,7_planet,False,,360,0,0
1353,4_planet,False,,360,0,0
1353,5_planet,False,,360,0,0
1353,7_planet,False,,360,0,0
1354,4_planet,False,,360,0,0
1354,5_planet,False,,360,0,0
1354,7_planet,False,,360,0,0
1355,4_planet,False,,360,0,0
1355,5_planet,False,,360,0,0
1355,7_planet,False,,360,0,0
1356,4_planet,False,,360,0,0
1356,5_planet,False,,360,0,0
1356,7_planet,False,,360,0,0
1357,4_planet,False,,360,0,0
1357,5_planet,False,,360,0,0
1357,7_planet,False,,360,0,0
1358,4_planet,False,,360,0,0
1358,5_planet,False,,360,0,0
1358,7_planet,False,,360,0,0
1359,4_planet,False,,360,0,0
1359,5_planet,False,,360,0,0
1359,7_planet,False,,360,0,0
1360,4_planet,False,,360,0,0
1360,5_planet,False,,360,0,0
1360,7_planet,False,,360,0,0
1361,4_planet,False,,360,0,0
1361,5_planet,False,,360,0,0
1361,7_planet,False,,360,0,0
1362,4_planet,False,,360,0,0
1362,5_planet,False,,360,0,0
1362,7_planet,False,,360,0,0
1363,4_planet,False,,360,0,0
1363,5_planet,False,,360,0,0
1363,7_planet,False,,360,0,0
1364,4_planet,False,,360,0,0
1364,5_planet,False,,360,0,0
1364,7_planet,False,,360,0,0
1365,4_planet,False,,360,0,0
1365,5_planet,False,,360,0,0
1365,7_planet,False,,360,0,0
1366,4_planet,False,,360,0,0
1366,5_planet,False,,360,0,0
1366,7_planet,False,,360,0,0
1367,4_planet,False,,360,0,0
1367,5_planet,False,,360,0,0
1367,7_planet,False,,360,0,0
1368,4_planet,False,,360,0,0
1368,5_planet,False,,360,0,0
1368,7_planet,False,,360,0,0
1369,4_planet,False,,360,0,0
1369,5_planet,False,,360,0,0
1369,7_planet,False,,360,0,0
1370,4_planet,False,,360,0,0
1370,5_planet,False,,360,0,0
1370,7_planet,False,,360,0,0
1371,4_planet,False,,360,0,0
1371,5_planet,False,,360,0,0
1371,7_planet,False,,360,0,0
1372,4_planet,False,,360,0,0
1372,5_planet,False,,360,0,0
1372,7_planet,False,,360,0,0
1373,4_planet,False,,360,0,0
1373,5_planet,False,,360,0,0
1373,7_planet,False,,360,0,0
1374,4_planet,False,,360,0,0
1374,5_planet,False,,360,0,0
1374,7_planet,False,,360,0,0
1375,4_planet,False,,360,0,0
1375,5_planet,False,,360,0,0
1375,7_planet,False,,360,0,0
1376,4_planet,False,,360,0,0
1376,5_planet,False,,360,0,0
1376,7_planet,False,,360,0,0
1377,4_planet,False,,360,0,0
1377,5_planet,False,,360,0,0
1377,7_planet,False,,360,0,0
1378,4_planet,False,,360,0,0
1378,5_planet,False,,360,0,0
1378,7_planet,False,,360,0,0
1379,4_planet,False,,360,0,0
1379,5_planet,False,,360,0,0
1379,7_planet,False,,360,0,0
1380,4_planet,False,,360,0,0
1380,5_planet,False,,360,0,0
1380,7_planet,False,,360,0,0
1381,4_planet,False,,360,0,0
1381,5_planet,False,,360,0,0
1381,7_planet,False,,360,0,0
1382,4_planet,False,,360,0,0
1382,5_planet,False,,360,0,0
1382,7_planet,False,,360,0,0
1383,4_planet,False,,360,0,0
1383,5_planet,False,,360,0,0
1383,7_planet,False,,360,0,0
1384,4_planet,False,,360,0,0
1384,5_planet,False,,360,0,0
1384,7_planet,False,,360,0,0
1385,4_planet,False,,360,0,0
1385,5_planet,False,,360,0,0
1385,7_planet,False,,360,0,0
1386,4_planet,False,,360,0,0
1386,5_planet,False,,360,0,0
1386,7_planet,False,,360,0,0
1387,4_planet,False,,360,0,0
1387,5_planet,False,,360,0,0
1387,7_planet,False,,360,0,0
1388,4_planet,False,,360,0,0
1388,5_planet,False,,360,0,0
1388,7_planet,False,,360,0,0
1389,4_planet,False,,360,0,0
1389,5_planet,False,,360,0,0
1389,7_planet,False,,360,0,0
1390,4_planet,False,,360,0,0
1390,5_planet,False,,360,0,0
1390,7_planet,False,,360,0,0
1391,4_planet,False,,360,0,0
1391,5_planet,False,,360,0,0
1391,7_planet,False,,360,0,0
1392,4_planet,False,,360,0,0
1392,5_planet,False,,360,0,0
1392,7_planet,False,,360,0,0
1393,4_planet,False,,360,0,0
1393,5_planet,False,,360,0,0
1393,7_planet,False,,360,0,0
1394,4_planet,False,,360,0,0
1394,5_planet,False,,360,0,0
1394,7_planet,False,,360,0,0
1395,4_planet,False,,360,0,0
1395,5_planet,False,,360,0,0
1395,7_planet,False,,360,0,0
1396,4_planet,False,,360,0,0
1396,5_planet,False,,360,0,0
1396,7_planet,False,,360,0,0
1397,4_planet,False,,360,0,0
1397,5_planet,False,,360,0,0
1397,7_planet,False,,360,0,0
1398,4_planet,False,,360,0,0
1398,5_planet,False,,360,0,0
1398,7_planet,False,,360,0,0
1399,4_planet,False,,360,0,0
1399,5_planet,False,,360,0,0
1399,7_planet,False,,360,0,0
1400,4_planet,False,,360,0,0
1400,5_planet,False,,360,0,0
1400,7_planet,False,,360,0,0
1401,4_planet,False,,360,0,0
1401,5_planet,False,,360,0,0
1401,7_planet,False,,360,0,0
1402,4_planet,False,,360,0,0
1402,5_planet,False,,360,0,0
1402,7_planet,False,,360,0,0
1403,4_planet,False,,360,0,0
1403,5_planet,False,,360,0,0
1403,7_planet,False,,360,0,0
1404,4_planet,False,,360,0,0
1404,5_planet,False,,360,0,0
1404,7_planet,False,,360,0,0
1405,4_planet,False,,360,0,0
1405,5_planet,False,,360,0,0
1405,7_planet,False,,360,0,0
1406,4_planet,False,,360,0,0
1406,5_planet,False,,360,0,0
1406,7_planet,False,,360,0,0
1407,4_planet,False,,360,0,0
1407,5_planet,False,,360,0,0
1407,7_planet,False,,360,0,0
1408,4_planet,False,,360,0,0
1408,5_planet,False,,360,0,0
1408,7_planet,False,,360,0,0
1409,4_planet,False,,360,0,0
1409,5_planet,False,,360,0,0
1409,7_planet,False,,360,0,0
1410,4_planet,False,,360,0,0
1410,5_planet,False,,360,0,0
1410,7_planet,False,,360,0,0
1411,4_planet,False,,360,0,0
1411,5_planet,False,,360,0,0
1411,7_planet,False,,360,0,0
1412,4_planet,False,,360,0,0
1412,5_planet,False,,360,0,0
1412,7_planet,False,,360,0,0
1413,4_planet,False,,360,0,0
1413,5_planet,False,,360,0,0
1413,7_planet,False,,360,0,0
1414,4_planet,False,,360,0,0
1414,5_planet,False,,360,0,0
1414,7_planet,False,,360,0,0
1415,4_planet,False,,360,0,0
1415,5_planet,False,,360,0,0
1415,7_planet,False,,360,0,0
1416,4_planet,False,,360,0,0
1416,5_planet,False,,360,0,0
1416,7_planet,False,,360,0,0
1417,4_planet,False,,360,0,0
1417,5_planet,False,,360,0,0
1417,7_planet,False,,360,0,0
1418,4_planet,False,,360,0,0
1418,5_planet,False,,360,0,0
1418,7_planet,False,,360,0,0
1419,4_planet,False,,360,0,0
1419,5_planet,False,,360,0,0
1419,7_planet,False,,360,0,0
1420,4_planet,False,,360,0,0
1420,5_planet,False,,360,0,0
1420,7_planet,False,,360,0,0
1421,4_planet,False,,360,0,0
1421,5_planet,False,,360,0,0
1421,7_planet,False,,360,0,0
1422,4_planet,False,,360,0,0
1422,5_planet,False,,360,0,0
1422,7_planet,False,,360,0,0
1423,4_planet,False,,360,0,0
1423,5_planet,False,,360,0,0
1423,7_planet,False,,360,0,0
1424,4_planet,False,,360,0,0
1424,5_planet,False,,360,0,0
1424,7_planet,False,,360,0,0
1425,4_planet,False,,360,0,0
1425,5_planet,False,,360,0,0
1425,7_planet,False,,360,0,0
1426,4_planet,False,,360,0,0
1426,5_planet,False,,360,0,0
1426,7_planet,False,,360,0,0
1427,4_planet,False,,360,0,0
1427,5_planet,False,,360,0,0
1427,7_planet,False,,360,0,0
1428,4_planet,False,,360,0,0
1428,5_planet,False,,360,0,0
1428,7_planet,False,,360,0,0
1429,4_planet,False,,360,0,0
1429,5_planet,False,,360,0,0
1429,7_planet,False,,360,0,0
1430,4_planet,False,,360,0,0
1430,5_planet,False,,360,0,0
1430,7_planet,False,,360,0,0
1431,4_planet,False,,360,0,0
1431,5_planet,False,,360,0,0
1431,7_planet,False,,360,0,0
1432,4_planet,False,,360,0,0
1432,5_planet,False,,360,0,0
1432,7_planet,False,,360,0,0
1433,4_planet,False,,360,0,0
1433,5_planet,False,,360,0,0
1433,7_planet,False,,360,0,0
1434,4_planet,False,,360,0,0
1434,5_planet,False,,360,0,0
1434,7_planet,False,,360,0,0
1435,4_planet,False,,360,0,0
1435,5_planet,False,,360,0,0
1435,7_planet,False,,360,0,0
1436,4_planet,False,,360,0,0
1436,5_planet,False,,360,0,0
1436,7_planet,False,,360,0,0
1437,4_planet,False,,360,0,0
1437,5_planet,False,,360,0,0
1437,7_planet,False,,360,0,0
1438,4_planet,False,,360,0,0
1438,5_planet,False,,360,0,0
1438,7_planet,False,,360,0,0
1439,4_planet,False,,360,0,0
1439,5_planet,False,,360,0,0
1439,7_planet,False,,360,0,0
1440,4_planet,False,,360,0,0
1440,5_planet,False,,360,0,0
1440,7_planet,False,,360,0,0
1441,4_planet,False,,360,0,0
1441,5_planet,False,,360,0,0
1441,7_planet,False,,360,0,0
1442,4_planet,False,,360,0,0
1442,5_planet,False,,360,0,0
1442,7_planet,False,,360,0,0
1443,4_planet,False,,360,0,0
1443,5_planet,False,,360,0,0
1443,7_planet,False,,360,0,0
1444,4_planet,False,,360,0,0
1444,5_planet,False,,360,0,0
1444,7_planet,False,,360,0,0
1445,4_planet,False,,360,0,0
1445,5_planet,False,,360,0,0
1445,7_planet,False,,360,0,0
1446,4_planet,False,,360,0,0
1446,5_planet,False,,360,0,0
1446,7_planet,False,,360,0,0
1447,4_planet,False,,360,0,0
1447,5_planet,False,,360,0,0
1447,7_planet,False,,360,0,0
1448,4_planet,False,,360,0,0
1448,5_planet,False,,360,0,0
1448,7_planet,False,,360,0,0
1449,4_planet,False,,360,0,0
1449,5_planet,False,,360,0,0
1449,7_planet,False,,360,0,0
1450,4_planet,False,,360,0,0
1450,5_planet,False,,360,0,0
1450,7_planet,False,,360,0,0
1451,4_planet,False,,360,0,0
1451,5_planet,False,,360,0,0
1451,7_planet,False,,360,0,0
1452,4_planet,False,,360,0,0
1452,5_planet,False,,360,0,0
1452,7_planet,False,,360,0,0
1453,4_planet,False,,360,0,0
1453,5_planet,False,,360,0,0
1453,7_planet,False,,360,0,0
1454,4_planet,False,,360,0,0
1454,5_planet,False,,360,0,0
1454,7_planet,False,,360,0,0
1455,4_planet,False,,360,0,0
1455,5_planet,False,,360,0,0
1455,7_planet,False,,360,0,0
1456,4_planet,False,,360,0,0
1456,5_planet,False,,360,0,0
1456,7_planet,False,,360,0,0
1457,4_planet,False,,360,0,0
1457,5_planet,False,,360,0,0
1457,7_planet,False,,360,0,0
1458,4_planet,False,,360,0,0
1458,5_planet,False,,360,0,0
1458,7_planet,False,,360,0,0
1459,4_planet,False,,360,0,0
1459,5_planet,False,,360,0,0
1459,7_planet,False,,360,0,0
1460,4_planet,False,,360,0,0
1460,5_planet,False,,360,0,0
1460,7_planet,False,,360,0,0
1461,4_planet,False,,360,0,0
1461,5_planet,False,,360,0,0
1461,7_planet,False,,360,0,0
1462,4_planet,False,,360,0,0
1462,5_planet,False,,360,0,0
1462,7_planet,False,,360,0,0
1463,4_planet,False,,360,0,0
1463,5_planet,False,,360,0,0
1463,7_planet,False,,360,0,0
1464,4_planet,False,,360,0,0
1464,5_planet,False,,360,0,0
1464,7_planet,False,,360,0,0
1465,4_planet,False,,360,0,0
1465,5_planet,False,,360,0,0
1465,7_planet,False,,360,0,0
1466,4_planet,False,,360,0,0
1466,5_planet,False,,360,0,0
1466,7_planet,False,,360,0,0
1467,4_planet,False,,360,0,0
1467,5_planet,False,,360,0,0
1467,7_planet,False,,360,0,0
1468,4_planet,False,,360,0,0
1468,5_planet,False,,360,0,0
1468,7_planet,False,,360,0,0
1469,4_planet,False,,360,0,0
1469,5_planet,False,,360,0,0
1469,7_planet,False,,360,0,0
1470,4_planet,False,,360,0,0
1470,5_planet,False,,360,0,0
1470,7_planet,False,,360,0,0
1471,4_planet,False,,360,0,0
1471,5_planet,False,,360,0,0
1471,7_planet,False,,360,0,0
1472,4_planet,False,,360,0,0
1472,5_planet,False,,360,0,0
1472,7_planet,False,,360,0,0
1473,4_planet,False,,360,0,0
1473,5_planet,False,,360,0,0
1473,7_planet,False,,360,0,0
1474,4_planet,False,,360,0,0
1474,5_planet,False,,360,0,0
1474,7_planet,False,,360,0,0
1475,4_planet,False,,360,0,0
1475,5_planet,False,,360,0,0
1475,7_planet,False,,360,0,0
1476,4_planet,False,,360,0,0
1476,5_planet,False,,360,0,0
1476,7_planet,False,,360,0,0
1477,4_planet,False,,360,0,0
1477,5_planet,False,,360,0,0
1477,7_planet,False,,360,0,0
1478,4_planet,False,,360,0,0
1478,5_planet,False,,360,0,0
1478,7_planet,False,,360,0,0
1479,4_planet,False,,360,0,0
1479,5_planet,False,,360,0,0
1479,7_planet,False,,360,0,0
1480,4_planet,False,,360,0,0
1480,5_planet,False,,360,0,0
1480,7_planet,False,,360,0,0
1481,4_planet,False,,360,0,0
1481,5_planet,False,,360,0,0
1481,7_planet,False,,360,0,0
1482,4_planet,False,,360,0,0
1482,5_planet,False,,360,0,0
1482,7_planet,False,,360,0,0
1483,4_planet,False,,360,0,0
1483,5_planet,False,,360,0,0
1483,7_planet,False,,360,0,0
1484,4_planet,False,,360,0,0
1484,5_planet,False,,360,0,0
1484,7_planet,False,,360,0,0
1485,4_planet,False,,360,0,0
1485,5_planet,False,,360,0,0
1485,7_planet,False,,360,0,0
1486,4_planet,False,,360,0,0
1486,5_planet,False,,360,0,0
1486,7_planet,False,,360,0,0
1487,4_planet,False,,360,0,0
1487,5_planet,False,,360,0,0
1487,7_planet,False,,360,0,0
1488,4_planet,False,,360,0,0
1488,5_planet,False,,360,0,0
1488,7_planet,False,,360,0,0
1489,4_planet,False,,360,0,0
1489,5_planet,False,,360,0,0
1489,7_planet,False,,360,0,0
1490,4_planet,False,,360,0,0
1490,5_planet,False,,360,0,0
1490,7_planet,False,,360,0,0
1491,4_planet,False,,360,0,0
1491,5_planet,False,,360,0,0
1491,7_planet,False,,360,0,0
1492,4_planet,False,,360,0,0
1492,5_planet,False,,360,0,0
1492,7_planet,False,,360,0,0
1493,4_planet,False,,360,0,0
1493,5_planet,False,,360,0,0
1493,7_planet,False,,360,0,0
1494,4_planet,False,,360,0,0
1494,5_planet,False,,360,0,0
1494,7_planet,False,,360,0,0
1495,4_planet,False,,360,0,0
1495,5_planet,False,,360,0,0
1495,7_planet,False,,360,0,0
1496,4_planet,False,,360,0,0
1496,5_planet,False,,360,0,0
1496,7_planet,True,"Saturn, Sun, Moon, Mars, Mercury, Jupiter, Venus",59.61,0.65,50.0
1497,4_planet,False,,360,0,0
1497,5_planet,False,,360,0,0
1497,7_planet,False,,360,0,0
1498,4_planet,False,,360,0,0
1498,5_planet,False,,360,0,0
1498,7_planet,False,,360,0,0
1499,4_planet,False,,360,0,0
1499,5_planet,False,,360,0,0
1499,7_planet,False,,360,0,0
1500,4_planet,False,,360,0,0
1500,5_planet,False,,360,0,0
1500,7_planet,False,,360,0,0
1501,4_planet,False,,360,0,0
1501,5_planet,False,,360,0,0
1501,7_planet,False,,360,0,0
1502,4_planet,False,,360,0,0
1502,5_planet,False,,360,0,0
1502,7_planet,False,,360,0,0
1503,4_planet,False,,360,0,0
1503,5_planet,False,,360,0,0
1503,7_planet,False,,360,0,0
1504,4_planet,False,,360,0,0
1504,5_planet,False,,360,0,0
1504,7_planet,False,,360,0,0
1505,4_planet,False,,360,0,0
1505,5_planet,False,,360,0,0
1505,7_planet,False,,360,0,0
1506,4_planet,False,,360,0,0
1506,5_planet,False,,360,0,0
1506,7_planet,False,,360,0,0
1507,4_planet,False,,360,0,0
1507,5_planet,False,,360,0,0
1507,7_planet,False,,360,0,0
1508,4_planet,False,,360,0,0
1508,5_planet,False,,360,0,0
1508,7_planet,False,,360,0,0
1509,4_planet,False,,360,0,0
1509,5_planet,False,,360,0,0
1509,7_planet,False,,360,0,0
1510,4_planet,False,,360,0,0
1510,5_planet,False,,360,0,0
1510,7_planet,False,,360,0,0
1511,4_planet,False,,360,0,0
1511,5_planet,False,,360,0,0
1511,7_planet,False,,360,0,0
1512,4_planet,False,,360,0,0
1512,5_planet,False,,360,0,0
1512,7_planet,False,,360,0,0
1513,4_planet,False,,360,0,0
1513,5_planet,False,,360,0,0
1513,7_planet,False,,360,0,0
1514,4_planet,False,,360,0,0
1514,5_planet,False,,360,0,0
1514,7_planet,False,,360,0,0
1515,4_planet,False,,360,0,0
1515,5_planet,False,,360,0,0
1515,7_planet,False,,360,0,0
1516,4_planet,False,,360,0,0
1516,5_planet,False,,360,0,0
1516,7_planet,False,,360,0,0
1517,4_planet,False,,360,0,0
1517,5_planet,False,,360,0,0
1517,7_planet,False,,360,0,0
1518,4_planet,False,,360,0,0
1518,5_planet,False,,360,0,0
1518,7_planet,False,,360,0,0
1519,4_planet,False,,360,0,0
1519,5_planet,False,,360,0,0
1519,7_planet,False,,360,0,0
1520,4_planet,False,,360,0,0
1520,5_planet,False,,360,0,0
1520,7_planet,False,,360,0,0
1521,4_planet,False,,360,0,0
1521,5_planet,False,,360,0,0
1521,7_planet,False,,360,0,0
1522,4_planet,False,,360,0,0
1522,5_planet,False,,360,0,0
1522,7_planet,False,,360,0,0
1523,4_planet,False,,360,0,0
1523,5_planet,False,,360,0,0
1523,7_planet,False,,360,0,0
1524,4_planet,False,,360,0,0
1524,5_planet,False,,360,0,0
1524,7_planet,False,,360,0,0
1525,4_planet,False,,360,0,0
1525,5_planet,False,,360,0,0
1525,7_planet,False,,360,0,0
1526,4_planet,False,,360,0,0
1526,5_planet,False,,360,0,0
1526,7_planet,False,,360,0,0
1527,4_planet,False,,360,0,0
1527,5_planet,False,,360,0,0
1527,7_planet,False,,360,0,0
1528,4_planet,False,,360,0,0
1528,5_planet,False,,360,0,0
1528,7_planet,False,,360,0,0
1529,4_planet,False,,360,0,0
1529,5_planet,False,,360,0,0
1529,7_planet,False,,360,0,0
1530,4_planet,False,,360,0,0
1530,5_planet,False,,360,0,0
1530,7_planet,False,,360,0,0
1531,4_planet,False,,360,0,0
1531,5_planet,False,,360,0,0
1531,7_planet,False,,360,0,0
1532,4_planet,False,,360,0,0
1532,5_planet,False,,360,0,0
1532,7_planet,False,,360,0,0
1533,4_planet,False,,360,0,0
1533,5_planet,False,,360,0,0
1533,7_planet,False,,360,0,0
1534,4_planet,False,,360,0,0
1534,5_planet,False,,360,0,0
1534,7_planet,False,,360,0,0
1535,4_planet,False,,360,0,0
1535,5_planet,False,,360,0,0
1535,7_planet,False,,360,0,0
1536,4_planet,False,,360,0,0
1536,5_planet,False,,360,0,0
1536,7_planet,False,,360,0,0
1537,4_planet,False,,360,0,0
1537,5_planet,False,,360,0,0
1537,7_planet,False,,360,0,0
1538,4_planet,False,,360,0,0
1538,5_planet,False,,360,0,0
1538,7_planet,False,,360,0,0
1539,4_planet,False,,360,0,0
1539,5_planet,False,,360,0,0
1539,7_planet,False,,360,0,0
1540,4_planet,False,,360,0,0
1540,5_planet,False,,360,0,0
1540,7_planet,False,,360,0,0
1541,4_planet,False,,360,0,0
1541,5_planet,False,,360,0,0
1541,7_planet,False,,360,0,0
1542,4_planet,False,,360,0,0
1542,5_planet,False,,360,0,0
1542,7_planet,False,,360,0,0
1543,4_planet,False,,360,0,0
1543,5_planet,False,,360,0,0
1543,7_planet,False,,360,0,0
1544,4_planet,False,,360,0,0
1544,5_planet,False,,360,0,0
1544,7_planet,False,,360,0,0
1545,4_planet,False,,360,0,0
1545,5_planet,False,,360,0,0
1545,7_planet,False,,360,0,0
1546,4_planet,False,,360,0,0
1546,5_planet,False,,360,0,0
1546,7_planet,False,,360,0,0
1547,4_planet,False,,360,0,0
1547,5_planet,False,,360,0,0
1547,7_planet,False,,360,0,0
1548,4_planet,False,,360,0,0
1548,5_planet,False,,360,0,0
1548,7_planet,False,,360,0,0
1549,4_planet,False,,360,0,0
1549,5_planet,False,,360,0,0
1549,7_planet,False,,360,0,0
1550,4_planet,False,,360,0,0
1550,5_planet,False,,360,0,0
1550,7_planet,False,,360,0,0
1551,4_planet,False,,360,0,0
1551,5_planet,False,,360,0,0
1551,7_planet,False,,360,0,0
1552,4_planet,False,,360,0,0
1552,5_planet,False,,360,0,0
1552,7_planet,False,,360,0,0
1553,4_planet,False,,360,0,0
1553,5_planet,False,,360,0,0
1553,7_planet,False,,360,0,0
1554,4_planet,False,,360,0,0
1554,5_planet,False,,360,0,0
1554,7_planet,False,,360,0,0
1555,4_planet,False,,360,0,0
1555,5_planet,False,,360,0,0
1555,7_planet,False,,360,0,0
1556,4_planet,False,,360,0,0
1556,5_planet,False,,360,0,0
1556,7_planet,False,,360,0,0
1557,4_planet,False,,360,0,0
1557,5_planet,False,,360,0,0
1557,7_planet,False,,360,0,0
1558,4_planet,False,,360,0,0
1558,5_planet,False,,360,0,0
1558,7_planet,False,,360,0,0
1559,4_planet,False,,360,0,0
1559,5_planet,False,,360,0,0
1559,7_planet,False,,360,0,0
1560,4_planet,False,,360,0,0
1560,5_planet,False,,360,0,0
1560,7_planet,False,,360,0,0
1561,4_planet,False,,360,0,0
1561,5_planet,False,,360,0,0
1561,7_planet,False,,360,0,0
1562,4_planet,False,,360,0,0
1562,5_planet,False,,360,0,0
1562,7_planet,False,,360,0,0
1563,4_planet,False,,360,0,0
1563,5_planet,False,,360,0,0
1563,7_planet,False,,360,0,0
1564,4_planet,False,,360,0,0
1564,5_planet,False,,360,0,0
1564,7_planet,False,,360,0,0
1565,4_planet,False,,360,0,0
1565,5_planet,False,,360,0,0
1565,7_planet,False,,360,0,0
1566,4_planet,False,,360,0,0
1566,5_planet,False,,360,0,0
1566,7_planet,False,,360,0,0
1567,4_planet,False,,360,0,0
1567,5_planet,False,,360,0,0
1567,7_planet,False,,360,0,0
1568,4_planet,False,,360,0,0
1568,5_planet,False,,360,0,0
1568,7_planet,False,,360,0,0
1569,4_planet,False,,360,0,0
1569,5_planet,False,,360,0,0
1569,7_planet,False,,360,0,0
1570,4_planet,False,,360,0,0
1570,5_planet,False,,360,0,0
1570,7_planet,False,,360,0,0
1571,4_planet,False,,360,0,0
1571,5_planet,False,,360,0,0
1571,7_planet,False,,360,0,0
1572,4_planet,False,,360,0,0
1572,5_planet,False,,360,0,0
1572,7_planet,False,,360,0,0
1573,4_planet,False,,360,0,0
1573,5_planet,False,,360,0,0
1573,7_planet,False,,360,0,0
1574,4_planet,False,,360,0,0
1574,5_planet,False,,360,0,0
1574,7_planet,False,,360,0,0
1575,4_planet,False,,360,0,0
1575,5_planet,False,,360,0,0
1575,7_planet,False,,360,0,0
1576,4_planet,False,,360,0,0
1576,5_planet,False,,360,0,0
1576,7_planet,False,,360,0,0
1577,4_planet,False,,360,0,0
1577,5_planet,False,,360,0,0
1577,7_planet,False,,360,0,0
1578,4_planet,False,,360,0,0
1578,5_planet,False,,360,0,0
1578,7_planet,False,,360,0,0
1579,4_planet,False,,360,0,0
1579,5_planet,False,,360,0,0
1579,7_planet,False,,360,0,0
1580,4_planet,False,,360,0,0
1580,5_planet,False,,360,0,0
1580,7_planet,False,,360,0,0
1581,4_planet,False,,360,0,0
1581,5_planet,False,,360,0,0
1581,7_planet,False,,360,0,0
1582,4_planet,False,,360,0,0
1582,5_planet,False,,360,0,0
1582,7_planet,False,,360,0,0
1583,4_planet,False,,360,0,0
1583,5_planet,False,,360,0,0
1583,7_planet,False,,360,0,0
1584,4_planet,False,,360,0,0
1584,5_planet,False,,360,0,0
1584,7_planet,False,,360,0,0
1585,4_planet,False,,360,0,0
1585,5_planet,False,,360,0,0
1585,7_planet,False,,360,0,0
1586,4_planet,False,,360,0,0
1586,5_planet,False,,360,0,0
1586,7_planet,False,,360,0,0
1587,4_planet,False,,360,0,0
1587,5_planet,False,,360,0,0
1587,7_planet,False,,360,0,0
1588,4_planet,False,,360,0,0
1588,5_planet,False,,360,0,0
1588,7_planet,False,,360,0,0
1589,4_planet,False,,360,0,0
1589,5_planet,False,,360,0,0
1589,7_planet,False,,360,0,0
1590,4_planet,False,,360,0,0
1590,5_planet,False,,360,0,0
1590,7_planet,False,,360,0,0
1591,4_planet,False,,360,0,0
1591,5_planet,False,,360,0,0
1591,7_planet,False,,360,0,0
1592,4_planet,False,,360,0,0
1592,5_planet,False,,360,0,0
1592,7_planet,False,,360,0,0
1593,4_planet,False,,360,0,0
1593,5_planet,False,,360,0,0
1593,7_planet,False,,360,0,0
1594,4_planet,False,,360,0,0
1594,5_planet,False,,360,0,0
1594,7_planet,False,,360,0,0
1595,4_planet,False,,360,0,0
1595,5_planet,False,,360,0,0
1595,7_planet,False,,360,0,0
1596,4_planet,False,,360,0,0
1596,5_planet,False,,360,0,0
1596,7_planet,False,,360,0,0
1597,4_planet,False,,360,0,0
1597,5_planet,False,,360,0,0
1597,7_planet,False,,360,0,0
1598,4_planet,False,,360,0,0
1598,5_planet,False,,360,0,0
1598,7_planet,False,,360,0,0
1599,4_planet,False,,360,0,0
1599,5_planet,False,,360,0,0
1599,7_planet,False,,360,0,0
1600,4_planet,False,,360,0,0
1600,5_planet,False,,360,0,0
1600,7_planet,False,,360,0,0
1601,4_planet,False,,360,0,0
1601,5_planet,False,,360,0,0
1601,7_planet,False,,360,0,0
1602,4_planet,False,,360,0,0
1602,5_planet,False,,360,0,0
1602,7_planet,False,,360,0,0
1603,4_planet,False,,360,0,0
1603,5_planet,False,,360,0,0
1603,7_planet,False,,360,0,0
1604,4_planet,False,,360,0,0
1604,5_planet,False,,360,0,0
1604,7_planet,False,,360,0,0
1605,4_planet,False,,360,0,0
1605,5_planet,False,,360,0,0
1605,7_planet,False,,360,0,0
1606,4_planet,False,,360,0,0
1606,5_planet,False,,360,0,0
1606,7_planet,False,,360,0,0
1607,4_planet,False,,360,0,0
1607,5_planet,False,,360,0,0
1607,7_planet,False,,360,0,0
1608,4_planet,False,,360,0,0
1608,5_planet,False,,360,0,0
1608,7_planet,False,,360,0,0
1609,4_planet,False,,360,0,0
1609,5_planet,False,,360,0,0
1609,7_planet,False,,360,0,0
1610,4_planet,False,,360,0,0
1610,5_planet,False,,360,0,0
1610,7_planet,False,,360,0,0
1611,4_planet,False,,360,0,0
1611,5_planet,False,,360,0,0
1611,7_planet,False,,360,0,0
1612,4_planet,False,,360,0,0
1612,5_planet,False,,360,0,0
1612,7_planet,False,,360,0,0
1613,4_planet,False,,360,0,0
1613,5_planet,False,,360,0,0
1613,7_planet,False,,360,0,0
1614,4_planet,False,,360,0,0
1614,5_planet,False,,360,0,0
1614,7_planet,False,,360,0,0
1615,4_planet,False,,360,0,0
1615,5_planet,False,,360,0,0
1615,7_planet,False,,360,0,0
1616,4_planet,False,,360,0,0
1616,5_planet,False,,360,0,0
1616,7_planet,False,,360,0,0
1617,4_planet,False,,360,0,0
1617,5_planet,False,,360,0,0
1617,7_planet,False,,360,0,0
1618,4_planet,False,,360,0,0
1618,5_planet,False,,360,0,0
1618,7_planet,False,,360,0,0
1619,4_planet,False,,360,0,0
1619,5_planet,False,,360,0,0
1619,7_planet,False,,360,0,0
1620,4_planet,False,,360,0,0
1620,5_planet,False,,360,0,0
1620,7_planet,False,,360,0,0
1621,4_planet,False,,360,0,0
1621,5_planet,False,,360,0,0
1621,7_planet,False,,360,0,0
1622,4_planet,False,,360,0,0
1622,5_planet,False,,360,0,0
1622,7_planet,False,,360,0,0
1623,4_planet,False,,360,0,0
1623,5_planet,False,,360,0,0
1623,7_planet,False,,360,0,0
1624,4_planet,False,,360,0,0
1624,5_planet,False,,360,0,0
1624,7_planet,False,,360,0,0
1625,4_planet,False,,360,0,0
1625,5_planet,False,,360,0,0
1625,7_planet,False,,360,0,0
1626,4_planet,False,,360,0,0
1626,5_planet,False,,360,0,0
1626,7_planet,False,,360,0,0
1627,4_planet,False,,360,0,0
1627,5_planet,False,,360,0,0
1627,7_planet,False,,360,0,0
1628,4_planet,False,,360,0,0
1628,5_planet,False,,360,0,0
1628,7_planet,False,,360,0,0
1629,4_planet,False,,360,0,0
1629,5_planet,False,,360,0,0
1629,7_planet,False,,360,0,0
1630,4_planet,False,,360,0,0
1630,5_planet,False,,360,0,0
1630,7_planet,False,,360,0,0
1631,4_planet,False,,360,0,0
1631,5_planet,False,,360,0,0
1631,7_planet,False,,360,0,0
1632,4_planet,False,,360,0,0
1632,5_planet,False,,360,0,0
1632,7_planet,False,,360,0,0
1633,4_planet,False,,360,0,0
1633,5_planet,False,,360,0,0
1633,7_planet,False,,360,0,0
1634,4_planet,False,,360,0,0
1634,5_planet,False,,360,0,0
1634,7_planet,False,,360,0,0
1635,4_planet,False,,360,0,0
1635,5_planet,False,,360,0,0
1635,7_planet,False,,360,0,0
1636,4_planet,False,,360,0,0
1636,5_planet,False,,360,0,0
1636,7_planet,False,,360,0,0
1637,4_planet,False,,360,0,0
1637,5_planet,False,,360,0,0
1637,7_planet,False,,360,0,0
1638,4_planet,False,,360,0,0
1638,5_planet,False,,360,0,0
1638,7_planet,False,,360,0,0
1639,4_planet,False,,360,0,0
1639,5_planet,False,,360,0,0
1639,7_planet,False,,360,0,0
1640,4_planet,False,,360,0,0
1640,5_planet,False,,360,0,0
1640,7_planet,False,,360,0,0
1641,4_planet,False,,360,0,0
1641,5_planet,False,,360,0,0
1641,7_planet,False,,360,0,0
1642,4_planet,False,,360,0,0
1642,5_planet,False,,360,0,0
1642,7_planet,False,,360,0,0
1643,4_planet,False,,360,0,0
1643,5_planet,False,,360,0,0
1643,7_planet,False,,360,0,0
1644,4_planet,False,,360,0,0
1644,5_planet,False,,360,0,0
1644,7_planet,False,,360,0,0
1645,4_planet,False,,360,0,0
1645,5_planet,False,,360,0,0
1645,7_planet,False,,360,0,0
1646,4_planet,False,,360,0,0
1646,5_planet,False,,360,0,0
1646,7_planet,False,,360,0,0
1647,4_planet,False,,360,0,0
1647,5_planet,False,,360,0,0
1647,7_planet,False,,360,0,0
1648,4_planet,False,,360,0,0
1648,5_planet,False,,360,0,0
1648,7_planet,False,,360,0,0
1649,4_planet,False,,360,0,0
1649,5_planet,False,,360,0,0
1649,7_planet,False,,360,0,0
1650,4_planet,False,,360,0,0
1650,5_planet,False,,360,0,0
1650,7_planet,False,,360,0,0
1651,4_planet,False,,360,0,0
1651,5_planet,False,,360,0,0
1651,7_planet,False,,360,0,0
1652,4_planet,False,,360,0,0
1652,5_planet,False,,360,0,0
1652,7_planet,False,,360,0,0
1653,4_planet,False,,360,0,0
1653,5_planet,False,,360,0,0
1653,7_planet,False,,360,0,0
1654,4_planet,False,,360,0,0
1654,5_planet,False,,360,0,0
1654,7_planet,False,,360,0,0
1655,4_planet,False,,360,0,0
1655,5_planet,False,,360,0,0
1655,7_planet,False,,360,0,0
1656,4_planet,False,,360,0,0
1656,5_planet,False,,360,0,0
1656,7_planet,False,,360,0,0
1657,4_planet,False,,360,0,0
1657,5_planet,False,,360,0,0
1657,7_planet,False,,360,0,0
1658,4_planet,False,,360,0,0
1658,5_planet,False,,360,0,0
1658,7_planet,False,,360,0,0
1659,4_planet,False,,360,0,0
1659,5_planet,False,,360,0,0
1659,7_planet,False,,360,0,0
1660,4_planet,False,,360,0,0
1660,5_planet,False,,360,0,0
1660,7_planet,False,,360,0,0
1661,4_planet,False,,360,0,0
1661,5_planet,False,,360,0,0
1661,7_planet,False,,360,0,0
1662,4_planet,False,,360,0,0
1662,5_planet,False,,360,0,0
1662,7_planet,False,,360,0,0
1663,4_planet,False,,360,0,0
1663,5_planet,False,,360,0,0
1663,7_planet,False,,360,0,0
1664,4_planet,False,,360,0,0
1664,5_planet,False,,360,0,0
1664,7_planet,False,,360,0,0
1665,4_planet,False,,360,0,0
1665,5_planet,False,,360,0,0
1665,7_planet,False,,360,0,0
1666,4_planet,False,,360,0,0
1666,5_planet,False,,360,0,0
1666,7_planet,False,,360,0,0
1667,4_planet,False,,360,0,0
1667,5_planet,False,,360,0,0
1667,7_planet,False,,360,0,0
1668,4_planet,False,,360,0,0
1668,5_planet,False,,360,0,0
1668,7_planet,False,,360,0,0
1669,4_planet,False,,360,0,0
1669,5_planet,False,,360,0,0
1669,7_planet,False,,360,0,0
1670,4_planet,False,,360,0,0
1670,5_planet,False,,360,0,0
1670,7_planet,False,,360,0,0
1671,4_planet,False,,360,0,0
1671,5_planet,False,,360,0,0
1671,7_planet,False,,360,0,0
1672,4_planet,False,,360,0,0
1672,5_planet,False,,360,0,0
1672,7_planet,False,,360,0,0
1673,4_planet,False,,360,0,0
1673,5_planet,False,,360,0,0
1673,7_planet,False,,360,0,0
1674,4_planet,False,,360,0,0
1674,5_planet,False,,360,0,0
1674,7_planet,False,,360,0,0
1675,4_planet,False,,360,0,0
1675,5_planet,False,,360,0,0
1675,7_planet,False,,360,0,0
1676,4_planet,False,,360,0,0
1676,5_planet,False,,360,0,0
1676,7_planet,False,,360,0,0
1677,4_planet,False,,360,0,0
1677,5_planet,False,,360,0,0
1677,7_planet,False,,360,0,0
1678,4_planet,False,,360,0,0
1678,5_planet,False,,360,0,0
1678,7_planet,False,,360,0,0
1679,4_planet,False,,360,0,0
1679,5_planet,False,,360,0,0
1679,7_planet,False,,360,0,0
1680,4_planet,False,,360,0,0
1680,5_planet,False,,360,0,0
1680,7_planet,False,,360,0,0
1681,4_planet,False,,360,0,0
1681,5_planet,False,,360,0,0
1681,7_planet,False,,360,0,0
1682,4_planet,False,,360,0,0
1682,5_planet,False,,360,0,0
1682,7_planet,False,,360,0,0
1683,4_planet,False,,360,0,0
1683,5_planet,False,,360,0,0
1683,7_planet,False,,360,0,0
1684,4_planet,False,,360,0,0
1684,5_planet,False,,360,0,0
1684,7_planet,False,,360,0,0
1685,4_planet,False,,360,0,0
1685,5_planet,False,,360,0,0
1685,7_planet,False,,360,0,0
1686,4_planet,False,,360,0,0
1686,5_planet,False,,360,0,0
1686,7_planet,False,,360,0,0
1687,4_planet,False,,360,0,0
1687,5_planet,False,,360,0,0
1687,7_planet,True,"Mercury, Sun, Jupiter, Moon, Venus, Mars, Saturn",59.91,0.15,64.29
1688,4_planet,False,,360,0,0
1688,5_planet,False,,360,0,0
1688,7_planet,False,,360,0,0
1689,4_planet,False,,360,0,0
1689,5_planet,False,,360,0,0
1689,7_planet,False,,360,0,0
1690,4_planet,False,,360,0,0
1690,5_planet,False,,360,0,0
1690,7_planet,False,,360,0,0
1691,4_planet,False,,360,0,0
1691,5_planet,False,,360,0,0
1691,7_planet,False,,360,0,0
1692,4_planet,False,,360,0,0
1692,5_planet,False,,360,0,0
1692,7_planet,False,,360,0,0
1693,4_planet,False,,360,0,0
1693,5_planet,False,,360,0,0
1693,7_planet,False,,360,0,0
1694,4_planet,False,,360,0,0
1694,5_planet,False,,360,0,0
1694,7_planet,False,,360,0,0
1695,4_planet,False,,360,0,0
1695,5_planet,False,,360,0,0
1695,7_planet,False,,360,0,0
1696,4_planet,False,,360,0,0
1696,5_planet,False,,360,0,0
1696,7_planet,False,,360,0,0
1697,4_planet,False,,360,0,0
1697,5_planet,False,,360,0,0
1697,7_planet,False,,360,0,0
1698,4_planet,False,,360,0,0
1698,5_planet,False,,360,0,0
1698,7_planet,False,,360,0,0
1699,4_planet,False,,360,0,0
1699,5_planet,False,,360,0,0
1699,7_planet,False,,360,0,0
1700,4_planet,False,,360,0,0
1700,5_planet,False,,360,0,0
1700,7_planet,False,,360,0,0
1701,4_planet,False,,360,0,0
1701,5_planet,False,,360,0,0
1701,7_planet,False,,360,0,0
1702,4_planet,False,,360,0,0
1702,5_planet,False,,360,0,0
1702,7_planet,False,,360,0,0
1703,4_planet,False,,360,0,0
1703,5_planet,False,,360,0,0
1703,7_planet,False,,360,0,0
1704,4_planet,False,,360,0,0
1704,5_planet,False,,360,0,0
1704,7_planet,False,,360,0,0
1705,4_planet,False,,360,0,0
1705,5_planet,False,,360,0,0
1705,7_planet,False,,360,0,0
1706,4_planet,False,,360,0,0
1706,5_planet,False,,360,0,0
1706,7_planet,False,,360,0,0
1707,4_planet,False,,360,0,0
1707,5_planet,False,,360,0,0
1707,7_planet,False,,360,0,0
1708,4_planet,False,,360,0,0
1708,5_planet,False,,360,0,0
1708,7_planet,False,,360,0,0
1709,4_planet,False,,360,0,0
1709,5_planet,False,,360,0,0
1709,7_planet,False,,360,0,0
1710,4_planet,False,,360,0,0
1710,5_planet,False,,360,0,0
1710,7_planet,False,,360,0,0
1711,4_planet,False,,360,0,0
1711,5_planet,False,,360,0,0
1711,7_planet,False,,360,0,0
1712,4_planet,False,,360,0,0
1712,5_planet,False,,360,0,0
1712,7_planet,False,,360,0,0
1713,4_planet,False,,360,0,0
1713,5_planet,False,,360,0,0
1713,7_planet,False,,360,0,0
1714,4_planet,False,,360,0,0
1714,5_planet,False,,360,0,0
1714,7_planet,False,,360,0,0
1715,4_planet,False,,360,0,0
1715,5_planet,False,,360,0,0
1715,7_planet,False,,360,0,0
1716,4_planet,False,,360,0,0
1716,5_planet,False,,360,0,0
1716,7_planet,False,,360,0,0
1717,4_planet,False,,360,0,0
1717,5_planet,False,,360,0,0
1717,7_planet,False,,360,0,0
1718,4_planet,False,,360,0,0
1718,5_planet,False,,360,0,0
1718,7_planet,False,,360,0,0
1719,4_planet,False,,360,0,0
1719,5_planet,False,,360,0,0
1719,7_planet,False,,360,0,0
1720,4_planet,False,,360,0,0
1720,5_planet,False,,360,0,0
1720,7_planet,False,,360,0,0
1721,4_planet,False,,360,0,0
1721,5_planet,False,,360,0,0
1721,7_planet,False,,360,0,0
1722,4_planet,False,,360,0,0
1722,5_planet,False,,360,0,0
1722,7_planet,False,,360,0,0
1723,4_planet,False,,360,0,0
1723,5_planet,False,,360,0,0
1723,7_planet,False,,360,0,0
1724,4_planet,False,,360,0,0
1724,5_planet,False,,360,0,0
1724,7_planet,False,,360,0,0
1725,4_planet,False,,360,0,0
1725,5_planet,False,,360,0,0
1725,7_planet,False,,360,0,0
1726,4_planet,False,,360,0,0
1726,5_planet,False,,360,0,0
1726,7_planet,False,,360,0,0
1727,4_planet,False,,360,0,0
1727,5_planet,False,,360,0,0
1727,7_planet,False,,360,0,0
1728,4_planet,False,,360,0,0
1728,5_planet,False,,360,0,0
1728,7_planet,False,,360,0,0
1729,4_planet,False,,360,0,0
1729,5_planet,False,,360,0,0
1729,7_planet,False,,360,0,0
1730,4_planet,False,,360,0,0
1730,5_planet,False,,360,0,0
1730,7_planet,False,,360,0,0
1731,4_planet,False,,360,0,0
1731,5_planet,False,,360,0,0
1731,7_planet,False,,360,0,0
1732,4_planet,False,,360,0,0
1732,5_planet,False,,360,0,0
1732,7_planet,False,,360,0,0
1733,4_planet,False,,360,0,0
1733,5_planet,False,,360,0,0
1733,7_planet,False,,360,0,0
1734,4_planet,False,,360,0,0
1734,5_planet,False,,360,0,0
1734,7_planet,False,,360,0,0
1735,4_planet,False,,360,0,0
1735,5_planet,False,,360,0,0
1735,7_planet,False,,360,0,0
1736,4_planet,False,,360,0,0
1736,5_planet,False,,360,0,0
1736,7_planet,False,,360,0,0
1737,4_planet,False,,360,0,0
1737,5_planet,False,,360,0,0
1737,7_planet,False,,360,0,0
1738,4_planet,False,,360,0,0
1738,5_planet,False,,360,0,0
1738,7_planet,False,,360,0,0
1739,4_planet,False,,360,0,0
1739,5_planet,False,,360,0,0
1739,7_planet,False,,360,0,0
1740,4_planet,False,,360,0,0
1740,5_planet,False,,360,0,0
1740,7_planet,False,,360,0,0
1741,4_planet,False,,360,0,0
1741,5_planet,False,,360,0,0
1741,7_planet,False,,360,0,0
1742,4_planet,False,,360,0,0
1742,5_planet,False,,360,0,0
1742,7_planet,False,,360,0,0
1743,4_planet,False,,360,0,0
1743,5_planet,False,,360,0,0
1743,7_planet,False,,360,0,0
1744,4_planet,False,,360,0,0
1744,5_planet,False,,360,0,0
1744,7_planet,False,,360,0,0
1745,4_planet,False,,360,0,0
1745,5_planet,False,,360,0,0
1745,7_planet,False,,360,0,0
1746,4_planet,False,,360,0,0
1746,5_planet,False,,360,0,0
1746,7_planet,False,,360,0,0
1747,4_planet,False,,360,0,0
1747,5_planet,False,,360,0,0
1747,7_planet,False,,360,0,0
1748,4_planet,False,,360,0,0
1748,5_planet,False,,360,0,0
1748,7_planet,False,,360,0,0
1749,4_planet,False,,360,0,0
1749,5_planet,False,,360,0,0
1749,7_planet,False,,360,0,0
1750,4_planet,False,,360,0,0
1750,5_planet,False,,360,0,0
1750,7_planet,False,,360,0,0
1751,4_planet,False,,360,0,0
1751,5_planet,False,,360,0,0
1751,7_planet,False,,360,0,0
1752,4_planet,False,,360,0,0
1752,5_planet,False,,360,0,0
1752,7_planet,False,,360,0,0
1753,4_planet,False,,360,0,0
1753,5_planet,False,,360,0,0
1753,7_planet,False,,360,0,0
1754,4_planet,False,,360,0,0
1754,5_planet,False,,360,0,0
1754,7_planet,False,,360,0,0
1755,4_planet,False,,360,0,0
1755,5_planet,False,,360,0,0
1755,7_planet,False,,360,0,0
1756,4_planet,False,,360,0,0
1756,5_planet,False,,360,0,0
1756,7_planet,False,,360,0,0
1757,4_planet,False,,360,0,0
1757,5_planet,False,,360,0,0
1757,7_planet,False,,360,0,0
1758,4_planet,False,,360,0,0
1758,5_planet,False,,360,0,0
1758,7_planet,False,,360,0,0
1759,4_planet,False,,360,0,0
1759,5_planet,False,,360,0,0
1759,7_planet,False,,360,0,0
1760,4_planet,False,,360,0,0
1760,5_planet,False,,360,0,0
1760,7_planet,False,,360,0,0
1761,4_planet,False,,360,0,0
1761,5_planet,False,,360,0,0
1761,7_planet,False,,360,0,0
1762,4_planet,False,,360,0,0
1762,5_planet,False,,360,0,0
1762,7_planet,False,,360,0,0
1763,4_planet,False,,360,0,0
1763,5_planet,False,,360,0,0
1763,7_planet,False,,360,0,0
1764,4_planet,False,,360,0,0
1764,5_planet,False,,360,0,0
1764,7_planet,False,,360,0,0
1765,4_planet,False,,360,0,0
1765,5_planet,False,,360,0,0
1765,7_planet,False,,360,0,0
1766,4_planet,False,,360,0,0
1766,5_planet,False,,360,0,0
1766,7_planet,False,,360,0,0
1767,4_planet,False,,360,0,0
1767,5_planet,False,,360,0,0
1767,7_planet,False,,360,0,0
1768,4_planet,False,,360,0,0
1768,5_planet,False,,360,0,0
1768,7_planet,False,,360,0,0
1769,4_planet,False,,360,0,0
1769,5_planet,False,,360,0,0
1769,7_planet,False,,360,0,0
1770,4_planet,False,,360,0,0
1770,5_planet,False,,360,0,0
1770,7_planet,False,,360,0,0
1771,4_planet,False,,360,0,0
1771,5_planet,False,,360,0,0
1771,7_planet,False,,360,0,0
1772,4_planet,False,,360,0,0
1772,5_planet,False,,360,0,0
1772,7_planet,False,,360,0,0
1773,4_planet,False,,360,0,0
1773,5_planet,False,,360,0,0
1773,7_planet,False,,360,0,0
1774,4_planet,False,,360,0,0
1774,5_planet,False,,360,0,0
1774,7_planet,False,,360,0,0
1775,4_planet,False,,360,0,0
1775,5_planet,False,,360,0,0
1775,7_planet,False,,360,0,0
1776,4_planet,False,,360,0,0
1776,5_planet,False,,360,0,0
1776,7_planet,False,,360,0,0
1777,4_planet,False,,360,0,0
1777,5_planet,False,,360,0,0
1777,7_planet,False,,360,0,0
1778,4_planet,False,,360,0,0
1778,5_planet,False,,360,0,0
1778,7_planet,False,,360,0,0
1779,4_planet,False,,360,0,0
1779,5_planet,False,,360,0,0
1779,7_planet,False,,360,0,0
1780,4_planet,False,,360,0,0
1780,5_planet,False,,360,0,0
1780,7_planet,False,,360,0,0
1781,4_planet,False,,360,0,0
1781,5_planet,False,,360,0,0
1781,7_planet,False,,360,0,0
1782,4_planet,False,,360,0,0
1782,5_planet,False,,360,0,0
1782,7_planet,False,,360,0,0
1783,4_planet,False,,360,0,0
1783,5_planet,False,,360,0,0
1783,7_planet,False,,360,0,0
1784,4_planet,False,,360,0,0
1784,5_planet,False,,360,0,0
1784,7_planet,False,,360,0,0
1785,4_planet,False,,360,0,0
1785,5_planet,False,,360,0,0
1785,7_planet,False,,360,0,0
1786,4_planet,False,,360,0,0
1786,5_planet,False,,360,0,0
1786,7_planet,False,,360,0,0
1787,4_planet,False,,360,0,0
1787,5_planet,False,,360,0,0
1787,7_planet,False,,360,0,0
1788,4_planet,False,,360,0,0
1788,5_planet,False,,360,0,0
1788,7_planet,False,,360,0,0
1789,4_planet,False,,360,0,0
1789,5_planet,False,,360,0,0
1789,7_planet,False,,360,0,0
1790,4_planet,False,,360,0,0
1790,5_planet,False,,360,0,0
1790,7_planet,False,,360,0,0
1791,4_planet,False,,360,0,0
1791,5_planet,False,,360,0,0
1791,7_planet,False,,360,0,0
1792,4_planet,False,,360,0,0
1792,5_planet,False,,360,0,0
1792,7_planet,False,,360,0,0
1793,4_planet,False,,360,0,0
1793,5_planet,False,,360,0,0
1793,7_planet,False,,360,0,0
1794,4_planet,False,,360,0,0
1794,5_planet,False,,360,0,0
1794,7_planet,False,,360,0,0
1795,4_planet,False,,360,0,0
1795,5_planet,False,,360,0,0
1795,7_planet,False,,360,0,0
1796,4_planet,False,,360,0,0
1796,5_planet,False,,360,0,0
1796,7_planet,False,,360,0,0
1797,4_planet,False,,360,0,0
1797,5_planet,False,,360,0,0
1797,7_planet,False,,360,0,0
1798,4_planet,False,,360,0,0
1798,5_planet,False,,360,0,0
1798,7_planet,False,,360,0,0
1799,4_planet,False,,360,0,0
1799,5_planet,False,,360,0,0
1799,7_planet,False,,360,0,0
1800,4_planet,False,,360,0,0
1800,5_planet,False,,360,0,0
1800,7_planet,False,,360,0,0
1801,4_planet,False,,360,0,0
1801,5_planet,False,,360,0,0
1801,7_planet,False,,360,0,0
1802,4_planet,False,,360,0,0
1802,5_planet,False,,360,0,0
1802,7_planet,False,,360,0,0
1803,4_planet,False,,360,0,0
1803,5_planet,False,,360,0,0
1803,7_planet,False,,360,0,0
1804,4_planet,False,,360,0,0
1804,5_planet,False,,360,0,0
1804,7_planet,False,,360,0,0
1805,4_planet,False,,360,0,0
1805,5_planet,False,,360,0,0
1805,7_planet,False,,360,0,0
1806,4_planet,False,,360,0,0
1806,5_planet,False,,360,0,0
1806,7_planet,False,,360,0,0
1807,4_planet,False,,360,0,0
1807,5_planet,False,,360,0,0
1807,7_planet,False,,360,0,0
1808,4_planet,False,,360,0,0
1808,5_planet,False,,360,0,0
1808,7_planet,False,,360,0,0
1809,4_planet,False,,360,0,0
1809,5_planet,False,,360,0,0
1809,7_planet,False,,360,0,0
1810,4_planet,False,,360,0,0
1810,5_planet,False,,360,0,0
1810,7_planet,False,,360,0,0
1811,4_planet,False,,360,0,0
1811,5_planet,False,,360,0,0
1811,7_planet,False,,360,0,0
1812,4_planet,False,,360,0,0
1812,5_planet,False,,360,0,0
1812,7_planet,False,,360,0,0
1813,4_planet,False,,360,0,0
1813,5_planet,False,,360,0,0
1813,7_planet,False,,360,0,0
1814,4_planet,False,,360,0,0
1814,5_planet,False,,360,0,0
1814,7_planet,False,,360,0,0
1815,4_planet,False,,360,0,0
1815,5_planet,False,,360,0,0
1815,7_planet,False,,360,0,0
1816,4_planet,False,,360,0,0
1816,5_planet,False,,360,0,0
1816,7_planet,False,,360,0,0
1817,4_planet,False,,360,0,0
1817,5_planet,False,,360,0,0
1817,7_planet,False,,360,0,0
1818,4_planet,False,,360,0,0
1818,5_planet,False,,360,0,0
1818,7_planet,False,,360,0,0
1819,4_planet,False,,360,0,0
1819,5_planet,False,,360,0,0
1819,7_planet,False,,360,0,0
1820,4_planet,False,,360,0,0
1820,5_planet,False,,360,0,0
1820,7_planet,False,,360,0,0
1821,4_planet,False,,360,0,0
1821,5_planet,False,,360,0,0
1821,7_planet,False,,360,0,0
1822,4_planet,False,,360,0,0
1822,5_planet,False,,360,0,0
1822,7_planet,False,,360,0,0
1823,4_planet,False,,360,0,0
1823,5_planet,False,,360,0,0
1823,7_planet,False,,360,0,0
1824,4_planet,False,,360,0,0
1824,5_planet,False,,360,0,0
1824,7_planet,True,"Saturn, Moon, Mercury, Venus, Sun, Mars, Jupiter",58.76,2.07,46.43
1825,4_planet,False,,360,0,0
1825,5_planet,False,,360,0,0
1825,7_planet,False,,360,0,0
1826,4_planet,False,,360,0,0
1826,5_planet,False,,360,0,0
1826,7_planet,False,,360,0,0
1827,4_planet,False,,360,0,0
1827,5_planet,False,,360,0,0
1827,7_planet,False,,360,0,0
1828,4_planet,False,,360,0,0
1828,5_planet,False,,360,0,0
1828,7_planet,False,,360,0,0
1829,4_planet,False,,360,0,0
1829,5_planet,False,,360,0,0
1829,7_planet,False,,360,0,0
1830,4_planet,False,,360,0,0
1830,5_planet,False,,360,0,0
1830,7_planet,False,,360,0,0
1831,4_planet,False,,360,0,0
1831,5_planet,False,,360,0,0
1831,7_planet,False,,360,0,0
1832,4_planet,False,,360,0,0
1832,5_planet,False,,360,0,0
1832,7_planet,False,,360,0,0
1833,4_planet,False,,360,0,0
1833,5_planet,False,,360,0,0
1833,7_planet,False,,360,0,0
1834,4_planet,False,,360,0,0
1834,5_planet,False,,360,0,0
1834,7_planet,False,,360,0,0
1835,4_planet,False,,360,0,0
1835,5_planet,False,,360,0,0
1835,7_planet,False,,360,0,0
1836,4_planet,False,,360,0,0
1836,5_planet,False,,360,0,0
1836,7_planet,False,,360,0,0
1837,4_planet,False,,360,0,0
1837,5_planet,False,,360,0,0
1837,7_planet,False,,360,0,0
1838,4_planet,False,,360,0,0
1838,5_planet,False,,360,0,0
1838,7_planet,False,,360,0,0
1839,4_planet,False,,360,0,0
1839,5_planet,False,,360,0,0
1839,7_planet,False,,360,0,0
1840,4_planet,False,,360,0,0
1840,5_planet,False,,360,0,0
1840,7_planet,False,,360,0,0
1841,4_planet,False,,360,0,0
1841,5_planet,False,,360,0,0
1841,7_planet,False,,360,0,0
1842,4_planet,False,,360,0,0
1842,5_planet,False,,360,0,0
1842,7_planet,False,,360,0,0
1843,4_planet,False,,360,0,0
1843,5_planet,False,,360,0,0
1843,7_planet,False,,360,0,0
1844,4_planet,False,,360,0,0
1844,5_planet,False,,360,0,0
1844,7_planet,False,,360,0,0
1845,4_planet,False,,360,0,0
1845,5_planet,False,,360,0,0
1845,7_planet,False,,360,0,0
1846,4_planet,False,,360,0,0
1846,5_planet,False,,360,0,0
1846,7_planet,False,,360,0,0
1847,4_planet,False,,360,0,0
1847,5_planet,False,,360,0,0
1847,7_planet,False,,360,0,0
1848,4_planet,False,,360,0,0
1848,5_planet,False,,360,0,0
1848,7_planet,False,,360,0,0
1849,4_planet,False,,360,0,0
1849,5_planet,False,,360,0,0
1849,7_planet,False,,360,0,0
1850,4_planet,False,,360,0,0
1850,5_planet,False,,360,0,0
1850,7_planet,False,,360,0,0
1851,4_planet,False,,360,0,0
1851,5_planet,False,,360,0,0
1851,7_planet,False,,360,0,0
1852,4_planet,False,,360,0,0
1852,5_planet,False,,360,0,0
1852,7_planet,False,,360,0,0
1853,4_planet,False,,360,0,0
1853,5_planet,False,,360,0,0
1853,7_planet,False,,360,0,0
1854,4_planet,False,,360,0,0
1854,5_planet,False,,360,0,0
1854,7_planet,False,,360,0,0
1855,4_planet,False,,360,0,0
1855,5_planet,False,,360,0,0
1855,7_planet,False,,360,0,0
1856,4_planet,False,,360,0,0
1856,5_planet,False,,360,0,0
1856,7_planet,False,,360,0,0
1857,4_planet,False,,360,0,0
1857,5_planet,False,,360,0,0
1857,7_planet,False,,360,0,0
1858,4_planet,False,,360,0,0
1858,5_planet,False,,360,0,0
1858,7_planet,False,,360,0,0
1859,4_planet,False,,360,0,0
1859,5_planet,False,,360,0,0
1859,7_planet,False,,360,0,0
1860,4_planet,False,,360,0,0
1860,5_planet,False,,360,0,0
1860,7_planet,False,,360,0,0
1861,4_planet,False,,360,0,0
1861,5_planet,False,,360,0,0
1861,7_planet,False,,360,0,0
1862,4_planet,False,,360,0,0
1862,5_planet,False,,360,0,0
1862,7_planet,False,,360,0,0
1863,4_planet,False,,360,0,0
1863,5_planet,False,,360,0,0
1863,7_planet,False,,360,0,0
1864,4_planet,False,,360,0,0
1864,5_planet,False,,360,0,0
1864,7_planet,False,,360,0,0
1865,4_planet,False,,360,0,0
1865,5_planet,False,,360,0,0
1865,7_planet,False,,360,0,0
1866,4_planet,False,,360,0,0
1866,5_planet,False,,360,0,0
1866,7_planet,False,,360,0,0
1867,4_planet,False,,360,0,0
1867,5_planet,False,,360,0,0
1867,7_planet,False,,360,0,0
1868,4_planet,False,,360,0,0
1868,5_planet,False,,360,0,0
1868,7_planet,False,,360,0,0
1869,4_planet,False,,360,0,0
1869,5_planet,False,,360,0,0
1869,7_planet,False,,360,0,0
1870,4_planet,False,,360,0,0
1870,5_planet,False,,360,0,0
1870,7_planet,False,,360,0,0
1871,4_planet,False,,360,0,0
1871,5_planet,False,,360,0,0
1871,7_planet,False,,360,0,0
1872,4_planet,False,,360,0,0
1872,5_planet,False,,360,0,0
1872,7_planet,False,,360,0,0
1873,4_planet,False,,360,0,0
1873,5_planet,False,,360,0,0
1873,7_planet,False,,360,0,0
1874,4_planet,False,,360,0,0
1874,5_planet,False,,360,0,0
1874,7_planet,False,,360,0,0
1875,4_planet,False,,360,0,0
1875,5_planet,False,,360,0,0
1875,7_planet,False,,360,0,0
1876,4_planet,False,,360,0,0
1876,5_planet,False,,360,0,0
1876,7_planet,False,,360,0,0
1877,4_planet,False,,360,0,0
1877,5_planet,False,,360,0,0
1877,7_planet,False,,360,0,0
1878,4_planet,False,,360,0,0
1878,5_planet,False,,360,0,0
1878,7_planet,False,,360,0,0
1879,4_planet,False,,360,0,0
1879,5_planet,False,,360,0,0
1879,7_planet,False,,360,0,0
1880,4_planet,False,,360,0,0
1880,5_planet,False,,360,0,0
1880,7_planet,False,,360,0,0
1881,4_planet,False,,360,0,0
1881,5_planet,False,,360,0,0
1881,7_planet,False,,360,0,0
1882,4_planet,False,,360,0,0
1882,5_planet,False,,360,0,0
1882,7_planet,False,,360,0,0
1883,4_planet,False,,360,0,0
1883,5_planet,False,,360,0,0
1883,7_planet,False,,360,0,0
1884,4_planet,False,,360,0,0
1884,5_planet,False,,360,0,0
1884,7_planet,False,,360,0,0
1885,4_planet,False,,360,0,0
1885,5_planet,False,,360,0,0
1885,7_planet,False,,360,0,0
1886,4_planet,False,,360,0,0
1886,5_planet,False,,360,0,0
1886,7_planet,False,,360,0,0
1887,4_planet,False,,360,0,0
1887,5_planet,False,,360,0,0
1887,7_planet,False,,360,0,0
1888,4_planet,False,,360,0,0
1888,5_planet,False,,360,0,0
1888,7_planet,False,,360,0,0
1889,4_planet,False,,360,0,0
1889,5_planet,False,,360,0,0
1889,7_planet,False,,360,0,0
1890,4_planet,False,,360,0,0
1890,5_planet,False,,360,0,0
1890,7_planet,False,,360,0,0
1891,4_planet,False,,360,0,0
1891,5_planet,False,,360,0,0
1891,7_planet,False,,360,0,0
1892,4_planet,False,,360,0,0
1892,5_planet,False,,360,0,0
1892,7_planet,False,,360,0,0
1893,4_planet,False,,360,0,0
1893,5_planet,False,,360,0,0
1893,7_planet,False,,360,0,0
1894,4_planet,False,,360,0,0
1894,5_planet,False,,360,0,0
1894,7_planet,False,,360,0,0
1895,4_planet,False,,360,0,0
1895,5_planet,False,,360,0,0
1895,7_planet,False,,360,0,0
1896,4_planet,False,,360,0,0
1896,5_planet,False,,360,0,0
1896,7_planet,False,,360,0,0
1897,4_planet,False,,360,0,0
1897,5_planet,False,,360,0,0
1897,7_planet,False,,360,0,0
1898,4_planet,False,,360,0,0
1898,5_planet,False,,360,0,0
1898,7_planet,False,,360,0,0
1899,4_planet,False,,360,0,0
1899,5_planet,False,,360,0,0
1899,7_planet,False,,360,0,0
1900,4_planet,False,,360,0,0
1900,5_planet,False,,360,0,0
1900,7_planet,False,,360,0,0
1901,4_planet,False,,360,0,0
1901,5_planet,False,,360,0,0
1901,7_planet,False,,360,0,0
1902,4_planet,False,,360,0,0
1902,5_planet,False,,360,0,0
1902,7_planet,False,,360,0,0
1903,4_planet,False,,360,0,0
1903,5_planet,False,,360,0,0
1903,7_planet,False,,360,0,0
1904,4_planet,False,,360,0,0
1904,5_planet,False,,360,0,0
1904,7_planet,False,,360,0,0
1905,4_planet,False,,360,0,0
1905,5_planet,False,,360,0,0
1905,7_planet,False,,360,0,0
1906,4_planet,False,,360,0,0
1906,5_planet,False,,360,0,0
1906,7_planet,False,,360,0,0
1907,4_planet,False,,360,0,0
1907,5_planet,False,,360,0,0
1907,7_planet,False,,360,0,0
1908,4_planet,False,,360,0,0
1908,5_planet,False,,360,0,0
1908,7_planet,False,,360,0,0
1909,4_planet,False,,360,0,0
1909,5_planet,False,,360,0,0
1909,7_planet,False,,360,0,0
1910,4_planet,False,,360,0,0
1910,5_planet,False,,360,0,0
1910,7_planet,False,,360,0,0
1911,4_planet,False,,360,0,0
1911,5_planet,False,,360,0,0
1911,7_planet,False,,360,0,0
1912,4_planet,False,,360,0,0
1912,5_planet,False,,360,0,0
1912,7_planet,False,,360,0,0
1913,4_planet,False,,360,0,0
1913,5_planet,False,,360,0,0
1913,7_planet,False,,360,0,0
1914,4_planet,False,,360,0,0
1914,5_planet,False,,360,0,0
1914,7_planet,False,,360,0,0
1915,4_planet,False,,360,0,0
1915,5_planet,False,,360,0,0
1915,7_planet,False,,360,0,0
1916,4_planet,False,,360,0,0
1916,5_planet,False,,360,0,0
1916,7_planet,False,,360,0,0
1917,4_planet,False,,360,0,0
1917,5_planet,False,,360,0,0
1917,7_planet,False,,360,0,0
1918,4_planet,False,,360,0,0
1918,5_planet,False,,360,0,0
1918,7_planet,False,,360,0,0
1919,4_planet,False,,360,0,0
1919,5_planet,False,,360,0,0
1919,7_planet,False,,360,0,0
1920,4_planet,False,,360,0,0
1920,5_planet,False,,360,0,0
1920,7_planet,False,,360,0,0
1921,4_planet,False,,360,0,0
1921,5_planet,False,,360,0,0
1921,7_planet,False,,360,0,0
1922,4_planet,False,,360,0,0
1922,5_planet,False,,360,0,0
1922,7_planet,False,,360,0,0
1923,4_planet,False,,360,0,0
1923,5_planet,False,,360,0,0
1923,7_planet,False,,360,0,0
1924,4_planet,False,,360,0,0
1924,5_planet,False,,360,0,0
1924,7_planet,False,,360,0,0
1925,4_planet,False,,360,0,0
1925,5_planet,False,,360,0,0
1925,7_planet,False,,360,0,0
1926,4_planet,False,,360,0,0
1926,5_planet,False,,360,0,0
1926,7_planet,False,,360,0,0
1927,4_planet,False,,360,0,0
1927,5_planet,False,,360,0,0
1927,7_planet,False,,360,0,0
1928,4_planet,False,,360,0,0
1928,5_planet,False,,360,0,0
1928,7_planet,False,,360,0,0
1929,4_planet,False,,360,0,0
1929,5_planet,False,,360,0,0
1929,7_planet,False,,360,0,0
1930,4_planet,False,,360,0,0
1930,5_planet,False,,360,0,0
1930,7_planet,False,,360,0,0
1931,4_planet,False,,360,0,0
1931,5_planet,False,,360,0,0
1931,7_planet,False,,360,0,0
1932,4_planet,False,,360,0,0
1932,5_planet,False,,360,0,0
1932,7_planet,False,,360,0,0
1933,4_planet,False,,360,0,0
1933,5_planet,False,,360,0,0
1933,7_planet,False,,360,0,0
1934,4_planet,False,,360,0,0
1934,5_planet,False,,360,0,0
1934,7_planet,False,,360,0,0
1935,4_planet,False,,360,0,0
1935,5_planet,False,,360,0,0
1935,7_planet,False,,360,0,0
1936,4_planet,False,,360,0,0
1936,5_planet,False,,360,0,0
1936,7_planet,False,,360,0,0
1937,4_planet,False,,360,0,0
1937,5_planet,False,,360,0,0
1937,7_planet,False,,360,0,0
1938,4_planet,False,,360,0,0
1938,5_planet,False,,360,0,0
1938,7_planet,False,,360,0,0
1939,4_planet,False,,360,0,0
1939,5_planet,False,,360,0,0
1939,7_planet,False,,360,0,0
1940,4_planet,False,,360,0,0
1940,5_planet,False,,360,0,0
1940,7_planet,False,,360,0,0
1941,4_planet,False,,360,0,0
1941,5_planet,False,,360,0,0
1941,7_planet,False,,360,0,0
1942,4_planet,False,,360,0,0
1942,5_planet,False,,360,0,0
1942,7_planet,False,,360,0,0
1943,4_planet,False,,360,0,0
1943,5_planet,False,,360,0,0
1943,7_planet,False,,360,0,0
1944,4_planet,False,,360,0,0
1944,5_planet,False,,360,0,0
1944,7_planet,False,,360,0,0
1945,4_planet,False,,360,0,0
1945,5_planet,False,,360,0,0
1945,7_planet,False,,360,0,0
1946,4_planet,False,,360,0,0
1946,5_planet,False,,360,0,0
1946,7_planet,False,,360,0,0
1947,4_planet,False,,360,0,0
1947,5_planet,False,,360,0,0
1947,7_planet,False,,360,0,0
1948,4_planet,False,,360,0,0
1948,5_planet,False,,360,0,0
1948,7_planet,False,,360,0,0
1949,4_planet,False,,360,0,0
1949,5_planet,False,,360,0,0
1949,7_planet,False,,360,0,0
1950,4_planet,False,,360,0,0
1950,5_planet,False,,360,0,0
1950,7_planet,False,,360,0,0
1951,4_planet,False,,360,0,0
1951,5_planet,False,,360,0,0
1951,7_planet,False,,360,0,0
1952,4_planet,False,,360,0,0
1952,5_planet,False,,360,0,0
1952,7_planet,False,,360,0,0
1953,4_planet,False,,360,0,0
1953,5_planet,False,,360,0,0
1953,7_planet,False,,360,0,0
1954,4_planet,False,,360,0,0
1954,5_planet,False,,360,0,0
1954,7_planet,False,,360,0,0
1955,4_planet,False,,360,0,0
1955,5_planet,False,,360,0,0
1955,7_planet,False,,360,0,0
1956,4_planet,False,,360,0,0
1956,5_planet,False,,360,0,0
1956,7_planet,False,,360,0,0
1957,4_planet,False,,360,0,0
1957,5_planet,False,,360,0,0
1957,7_planet,False,,360,0,0
1958,4_planet,False,,360,0,0
1958,5_planet,False,,360,0,0
1958,7_planet,False,,360,0,0
1959,4_planet,False,,360,0,0
1959,5_planet,False,,360,0,0
1959,7_planet,False,,360,0,0
1960,4_planet,False,,360,0,0
1960,5_planet,False,,360,0,0
1960,7_planet,False,,360,0,0
1961,4_planet,False,,360,0,0
1961,5_planet,False,,360,0,0
1961,7_planet,False,,360,0,0
1962,4_planet,False,,360,0,0
1962,5_planet,False,,360,0,0
1962,7_planet,False,,360,0,0
1963,4_planet,False,,360,0,0
1963,5_planet,False,,360,0,0
1963,7_planet,False,,360,0,0
1964,4_planet,False,,360,0,0
1964,5_planet,False,,360,0,0
1964,7_planet,False,,360,0,0
1965,4_planet,False,,360,0,0
1965,5_planet,False,,360,0,0
1965,7_planet,False,,360,0,0
1966,4_planet,False,,360,0,0
1966,5_planet,False,,360,0,0
1966,7_planet,False,,360,0,0
1967,4_planet,False,,360,0,0
1967,5_planet,False,,360,0,0
1967,7_planet,False,,360,0,0
1968,4_planet,False,,360,0,0
1968,5_planet,False,,360,0,0
1968,7_planet,False,,360,0,0
1969,4_planet,False,,360,0,0
1969,5_planet,False,,360,0,0
1969,7_planet,False,,360,0,0
1970,4_planet,False,,360,0,0
1970,5_planet,False,,360,0,0
1970,7_planet,False,,360,0,0
1971,4_planet,False,,360,0,0
1971,5_planet,False,,360,0,0
1971,7_planet,False,,360,0,0
1972,4_planet,False,,360,0,0
1972,5_planet,False,,360,0,0
1972,7_planet,False,,360,0,0
1973,4_planet,False,,360,0,0
1973,5_planet,False,,360,0,0
1973,7_planet,False,,360,0,0
1974,4_planet,False,,360,0,0
1974,5_planet,False,,360,0,0
1974,7_planet,False,,360,0,0
1975,4_planet,False,,360,0,0
1975,5_planet,False,,360,0,0
1975,7_planet,False,,360,0,0
1976,4_planet,False,,360,0,0
1976,5_planet,False,,360,0,0
1976,7_planet,False,,360,0,0
1977,4_planet,False,,360,0,0
1977,5_planet,False,,360,0,0
1977,7_planet,False,,360,0,0
1978,4_planet,False,,360,0,0
1978,5_planet,False,,360,0,0
1978,7_planet,False,,360,0,0
1979,4_planet,False,,360,0,0
1979,5_planet,False,,360,0,0
1979,7_planet,False,,360,0,0
1980,4_planet,False,,360,0,0
1980,5_planet,False,,360,0,0
1980,7_planet,False,,360,0,0
1981,4_planet,False,,360,0,0
1981,5_planet,False,,360,0,0
1981,7_planet,False,,360,0,0
1982,4_planet,False,,360,0,0
1982,5_planet,False,,360,0,0
1982,7_planet,False,,360,0,0
1983,4_planet,False,,360,0,0
1983,5_planet,False,,360,0,0
1983,7_planet,False,,360,0,0
1984,4_planet,False,,360,0,0
1984,5_planet,False,,360,0,0
1984,7_planet,False,,360,0,0
1985,4_planet,False,,360,0,0
1985,5_planet,False,,360,0,0
1985,7_planet,False,,360,0,0
1986,4_planet,False,,360,0,0
1986,5_planet,False,,360,0,0
1986,7_planet,False,,360,0,0
1987,4_planet,False,,360,0,0
1987,5_planet,False,,360,0,0
1987,7_planet,False,,360,0,0
1988,4_planet,False,,360,0,0
1988,5_planet,False,,360,0,0
1988,7_planet,False,,360,0,0
1989,4_planet,False,,360,0,0
1989,5_planet,False,,360,0,0
1989,7_planet,False,,360,0,0
1990,4_planet,False,,360,0,0
1990,5_planet,False,,360,0,0
1990,7_planet,False,,360,0,0
1991,4_planet,False,,360,0,0
1991,5_planet,False,,360,0,0
1991,7_planet,False,,360,0,0
1992,4_planet,False,,360,0,0
1992,5_planet,False,,360,0,0
1992,7_planet,False,,360,0,0
1993,4_planet,False,,360,0,0
1993,5_planet,False,,360,0,0
1993,7_planet,False,,360,0,0
1994,4_planet,False,,360,0,0
1994,5_planet,False,,360,0,0
1994,7_planet,False,,360,0,0
1995,4_planet,False,,360,0,0
1995,5_planet,False,,360,0,0
1995,7_planet,False,,360,0,0
1996,4_planet,False,,360,0,0
1996,5_planet,False,,360,0,0
1996,7_planet,False,,360,0,0
1997,4_planet,False,,360,0,0
1997,5_planet,False,,360,0,0
1997,7_planet,False,,360,0,0
1998,4_planet,False,,360,0,0
1998,5_planet,False,,360,0,0
1998,7_planet,False,,360,0,0
1999,4_planet,False,,360,0,0
1999,5_planet,False,,360,0,0
1999,7_planet,False,,360,0,0
2000,4_planet,False,,360,0,0
2000,5_planet,False,,360,0,0
2000,7_planet,False,,360,0,0
2001,4_planet,False,,360,0,0
2001,5_planet,False,,360,0,0
2001,7_planet,False,,360,0,0
2002,4_planet,False,,360,0,0
2002,5_planet,False,,360,0,0
2002,7_planet,False,,360,0,0
2003,4_planet,False,,360,0,0
2003,5_planet,False,,360,0,0
2003,7_planet,False,,360,0,0
2004,4_planet,False,,360,0,0
2004,5_planet,False,,360,0,0
2004,7_planet,False,,360,0,0
2005,4_planet,False,,360,0,0
2005,5_planet,False,,360,0,0
2005,7_planet,False,,360,0,0
2006,4_planet,False,,360,0,0
2006,5_planet,False,,360,0,0
2006,7_planet,False,,360,0,0
2007,4_planet,False,,360,0,0
2007,5_planet,False,,360,0,0
2007,7_planet,False,,360,0,0
2008,4_planet,False,,360,0,0
2008,5_planet,False,,360,0,0
2008,7_planet,False,,360,0,0
2009,4_planet,False,,360,0,0
2009,5_planet,False,,360,0,0
2009,7_planet,False,,360,0,0
2010,4_planet,False,,360,0,0
2010,5_planet,False,,360,0,0
2010,7_planet,False,,360,0,0
2011,4_planet,False,,360,0,0
2011,5_planet,False,,360,0,0
2011,7_planet,False,,360,0,0
2012,4_planet,False,,360,0,0
2012,5_planet,False,,360,0,0
2012,7_planet,False,,360,0,0
2013,4_planet,False,,360,0,0
2013,5_planet,False,,360,0,0
2013,7_planet,False,,360,0,0
2014,4_planet,False,,360,0,0
2014,5_planet,False,,360,0,0
2014,7_planet,False,,360,0,0
2015,4_planet,False,,360,0,0
2015,5_planet,False,,360,0,0
2015,7_planet,False,,360,0,0
2016,4_planet,False,,360,0,0
2016,5_planet,False,,360,0,0
2016,7_planet,False,,360,0,0
2017,4_planet,False,,360,0,0
2017,5_planet,False,,360,0,0
2017,7_planet,False,,360,0,0
2018,4_planet,False,,360,0,0
2018,5_planet,False,,360,0,0
2018,7_planet,False,,360,0,0
2019,4_planet,False,,360,0,0
2019,5_planet,False,,360,0,0
2019,7_planet,False,,360,0,0
2020,4_planet,False,,360,0,0
2020,5_planet,False,,360,0,0
2020,7_planet,False,,360,0,0
2021,4_planet,False,,360,0,0
2021,5_planet,False,,360,0,0
2021,7_planet,True,"Saturn, Mercury, Sun, Jupiter, Moon, Venus, Mars",59.39,1.02,21.43
2022,4_planet,False,,360,0,0
2022,5_planet,False,,360,0,0
2022,7_planet,False,,360,0,0
2023,4_planet,False,,360,0,0
2023,5_planet,False,,360,0,0
2023,7_planet,False,,360,0,0
2024,4_planet,False,,360,0,0
2024,5_planet,False,,360,0,0
2024,7_planet,False,,360,0,0
2025,4_planet,False,,360,0,0
2025,5_planet,False,,360,0,0
2025,7_planet,False,,360,0,0
2026,4_planet,False,,360,0,0
2026,5_planet,False,,360,0,0
2026,7_planet,False,,360,0,0
2027,4_planet,False,,360,0,0
2027,5_planet,False,,360,0,0
2027,7_planet,False,,360,0,0
2028,4_planet,False,,360,0,0
2028,5_planet,False,,360,0,0
2028,7_planet,False,,360,0,0
2029,4_planet,False,,360,0,0
2029,5_planet,False,,360,0,0
2029,7_planet,False,,360,0,0
2030,4_planet,False,,360,0,0
2030,5_planet,False,,360,0,0
2030,7_planet,False,,360,0,0
2031,4_planet,False,,360,0,0
2031,5_planet,False,,360,0,0
2031,7_planet,False,,360,0,0
2032,4_planet,False,,360,0,0
2032,5_planet,False,,360,0,0
2032,7_planet,False,,360,0,0
2033,4_planet,False,,360,0,0
2033,5_planet,False,,360,0,0
2033,7_planet,False,,360,0,0
2034,4_planet,False,,360,0,0
2034,5_planet,False,,360,0,0
2034,7_planet,False,,360,0,0
2035,4_planet,False,,360,0,0
2035,5_planet,False,,360,0,0
2035,7_planet,False,,360,0,0
2036,4_planet,False,,360,0,0
2036,5_planet,False,,360,0,0
2036,7_planet,False,,360,0,0
2037,4_planet,False,,360,0,0
2037,5_planet,False,,360,0,0
2037,7_planet,False,,360,0,0
2038,4_planet,False,,360,0,0
2038,5_planet,False,,360,0,0
2038,7_planet,False,,360,0,0
2039,4_planet,False,,360,0,0
2039,5_planet,False,,360,0,0
2039,7_planet,False,,360,0,0
2040,4_planet,False,,360,0,0
2040,5_planet,False,,360,0,0
2040,7_planet,False,,360,0,0
2041,4_planet,False,,360,0,0
2041,5_planet,False,,360,0,0
2041,7_planet,False,,360,0,0
2042,4_planet,False,,360,0,0
2042,5_planet,False,,360,0,0
2042,7_planet,False,,360,0,0
2043,4_planet,False,,360,0,0
2043,5_planet,False,,360,0,0
2043,7_planet,False,,360,0,0
2044,4_planet,False,,360,0,0
2044,5_planet,False,,360,0,0
2044,7_planet,False,,360,0,0
2045,4_planet,False,,360,0,0
2045,5_planet,False,,360,0,0
2045,7_planet,False,,360,0,0
2046,4_planet,False,,360,0,0
2046,5_planet,False,,360,0,0
2046,7_planet,False,,360,0,0
2047,4_planet,False,,360,0,0
2047,5_planet,False,,360,0,0
2047,7_planet,False,,360,0,0
2048,4_planet,False,,360,0,0
2048,5_planet,False,,360,0,0
2048,7_planet,False,,360,0,0
2049,4_planet,False,,360,0,0
2049,5_planet,False,,360,0,0
2049,7_planet,False,,360,0,0
2050,4_planet,False,,360,0,0
2050,5_planet,False,,360,0,0
2050,7_planet,False,,360,0,0
2051,4_planet,False,,360,0,0
2051,5_planet,False,,360,0,0
2051,7_planet,False,,360,0,0
2052,4_planet,False,,360,0,0
2052,5_planet,False,,360,0,0
2052,7_planet,False,,360,0,0
2053,4_planet,False,,360,0,0
2053,5_planet,False,,360,0,0
2053,7_planet,False,,360,0,0
2054,4_planet,False,,360,0,0
2054,5_planet,False,,360,0,0
2054,7_planet,False,,360,0,0
2055,4_planet,False,,360,0,0
2055,5_planet,False,,360,0,0
2055,7_planet,False,,360,0,0
2056,4_planet,False,,360,0,0
2056,5_planet,False,,360,0,0
2056,7_planet,False,,360,0,0
2057,4_planet,False,,360,0,0
2057,5_planet,False,,360,0,0
2057,7_planet,False,,360,0,0
2058,4_planet,False,,360,0,0
2058,5_planet,False,,360,0,0
2058,7_planet,False,,360,0,0
2059,4_planet,False,,360,0,0
2059,5_planet,False,,360,0,0
2059,7_planet,False,,360,0,0
2060,4_planet,False,,360,0,0
2060,5_planet,False,,360,0,0
2060,7_planet,False,,360,0,0
2061,4_planet,False,,360,0,0
2061,5_planet,False,,360,0,0
2061,7_planet,False,,360,0,0
2062,4_planet,False,,360,0,0
2062,5_planet,False,,360,0,0
2062,7_planet,False,,360,0,0
2063,4_planet,False,,360,0,0
2063,5_planet,False,,360,0,0
2063,7_planet,False,,360,0,0
2064,4_planet,False,,360,0,0
2064,5_planet,False,,360,0,0
2064,7_planet,False,,360,0,0
2065,4_planet,False,,360,0,0
2065,5_planet,False,,360,0,0
2065,7_planet,False,,360,0,0
2066,4_planet,False,,360,0,0
2066,5_planet,False,,360,0,0
2066,7_planet,False,,360,0,0
2067,4_planet,False,,360,0,0
2067,5_planet,False,,360,0,0
2067,7_planet,False,,360,0,0
2068,4_planet,False,,360,0,0
2068,5_planet,False,,360,0,0
2068,7_planet,False,,360,0,0
2069,4_planet,False,,360,0,0
2069,5_planet,False,,360,0,0
2069,7_planet,False,,360,0,0
2070,4_planet,False,,360,0,0
2070,5_planet,False,,360,0,0
2070,7_planet,False,,360,0,0
2071,4_planet,False,,360,0,0
2071,5_planet,False,,360,0,0
2071,7_planet,False,,360,0,0
2072,4_planet,False,,360,0,0
2072,5_planet,False,,360,0,0
2072,7_planet,False,,360,0,0
2073,4_planet,False,,360,0,0
2073,5_planet,False,,360,0,0
2073,7_planet,False,,360,0,0
2074,4_planet,False,,360,0,0
2074,5_planet,False,,360,0,0
2074,7_planet,False,,360,0,0
2075,4_planet,False,,360,0,0
2075,5_planet,False,,360,0,0
2075,7_planet,False,,360,0,0
2076,4_planet,False,,360,0,0
2076,5_planet,False,,360,0,0
2076,7_planet,False,,360,0,0
2077,4_planet,False,,360,0,0
2077,5_planet,False,,360,0,0
2077,7_planet,False,,360,0,0
2078,4_planet,False,,360,0,0
2078,5_planet,False,,360,0,0
2078,7_planet,False,,360,0,0
2079,4_planet,False,,360,0,0
2079,5_planet,False,,360,0,0
2079,7_planet,False,,360,0,0
2080,4_planet,False,,360,0,0
2080,5_planet,False,,360,0,0
2080,7_planet,False,,360,0,0
2081,4_planet,False,,360,0,0
2081,5_planet,False,,360,0,0
2081,7_planet,False,,360,0,0
2082,4_planet,False,,360,0,0
2082,5_planet,False,,360,0,0
2082,7_planet,False,,360,0,0
2083,4_planet,False,,360,0,0
2083,5_planet,False,,360,0,0
2083,7_planet,False,,360,0,0
2084,4_planet,False,,360,0,0
2084,5_planet,False,,360,0,0
2084,7_planet,False,,360,0,0
2085,4_planet,False,,360,0,0
2085,5_planet,False,,360,0,0
2085,7_planet,False,,360,0,0
2086,4_planet,False,,360,0,0
2086,5_planet,False,,360,0,0
2086,7_planet,False,,360,0,0
2087,4_planet,False,,360,0,0
2087,5_planet,False,,360,0,0
2087,7_planet,False,,360,0,0
2088,4_planet,False,,360,0,0
2088,5_planet,False,,360,0,0
2088,7_planet,False,,360,0,0
2089,4_planet,False,,360,0,0
2089,5_planet,False,,360,0,0
2089,7_planet,False,,360,0,0
2090,4_planet,False,,360,0,0
2090,5_planet,False,,360,0,0
2090,7_planet,False,,360,0,0
2091,4_planet,False,,360,0,0
2091,5_planet,False,,360,0,0
2091,7_planet,False,,360,0,0
2092,4_planet,False,,360,0,0
2092,5_planet,False,,360,0,0
2092,7_planet,False,,360,0,0
2093,4_planet,False,,360,0,0
2093,5_planet,False,,360,0,0
2093,7_planet,False,,360,0,0
2094,4_planet,False,,360,0,0
2094,5_planet,False,,360,0,0
2094,7_planet,False,,360,0,0
2095,4_planet,False,,360,0,0
2095,5_planet,False,,360,0,0
2095,7_planet,False,,360,0,0
2096,4_planet,False,,360,0,0
2096,5_planet,False,,360,0,0
2096,7_planet,False,,360,0,0
2097,4_planet,False,,360,0,0
2097,5_planet,False,,360,0,0
2097,7_planet,False,,360,0,0
2098,4_planet,False,,360,0,0
2098,5_planet,False,,360,0,0
2098,7_planet,False,,360,0,0
2099,4_planet,False,,360,0,0
2099,5_planet,False,,360,0,0
2099,7_planet,False,,360,0,0
2100,4_planet,False,,360,0,0
2100,5_planet,False,,360,0,0
2100,7_planet,False,,360,0,0
2101,4_planet,False,,360,0,0
2101,5_planet,False,,360,0,0
2101,7_planet,False,,360,0,0
2102,4_planet,False,,360,0,0
2102,5_planet,False,,360,0,0
2102,7_planet,False,,360,0,0
2103,4_planet,False,,360,0,0
2103,5_planet,False,,360,0,0
2103,7_planet,False,,360,0,0
2104,4_planet,False,,360,0,0
2104,5_planet,False,,360,0,0
2104,7_planet,False,,360,0,0
2105,4_planet,False,,360,0,0
2105,5_planet,False,,360,0,0
2105,7_planet,False,,360,0,0
2106,4_planet,False,,360,0,0
2106,5_planet,False,,360,0,0
2106,7_planet,False,,360,0,0
2107,4_planet,False,,360,0,0
2107,5_planet,False,,360,0,0
2107,7_planet,False,,360,0,0
2108,4_planet,False,,360,0,0
2108,5_planet,False,,360,0,0
2108,7_planet,False,,360,0,0
2109,4_planet,False,,360,0,0
2109,5_planet,False,,360,0,0
2109,7_planet,False,,360,0,0
2110,4_planet,False,,360,0,0
2110,5_planet,False,,360,0,0
2110,7_planet,False,,360,0,0
2111,4_planet,False,,360,0,0
2111,5_planet,False,,360,0,0
2111,7_planet,False,,360,0,0
2112,4_planet,False,,360,0,0
2112,5_planet,False,,360,0,0
2112,7_planet,False,,360,0,0
2113,4_planet,False,,360,0,0
2113,5_planet,False,,360,0,0
2113,7_planet,False,,360,0,0
2114,4_planet,False,,360,0,0
2114,5_planet,False,,360,0,0
2114,7_planet,False,,360,0,0
2115,4_planet,False,,360,0,0
2115,5_planet,False,,360,0,0
2115,7_planet,False,,360,0,0
2116,4_planet,False,,360,0,0
2116,5_planet,False,,360,0,0
2116,7_planet,False,,360,0,0
2117,4_planet,False,,360,0,0
2117,5_planet,False,,360,0,0
2117,7_planet,False,,360,0,0
2118,4_planet,False,,360,0,0
2118,5_planet,False,,360,0,0
2118,7_planet,False,,360,0,0
2119,4_planet,False,,360,0,0
2119,5_planet,False,,360,0,0
2119,7_planet,False,,360,0,0
2120,4_planet,False,,360,0,0
2120,5_planet,False,,360,0,0
2120,7_planet,False,,360,0,0
2121,4_planet,False,,360,0,0
2121,5_planet,False,,360,0,0
2121,7_planet,False,,360,0,0
2122,4_planet,False,,360,0,0
2122,5_planet,False,,360,0,0
2122,7_planet,False,,360,0,0
2123,4_planet,False,,360,0,0
2123,5_planet,False,,360,0,0
2123,7_planet,False,,360,0,0
2124,4_planet,False,,360,0,0
2124,5_planet,False,,360,0,0
2124,7_planet,False,,360,0,0
2125,4_planet,False,,360,0,0
2125,5_planet,False,,360,0,0
2125,7_planet,False,,360,0,0
2126,4_planet,False,,360,0,0
2126,5_planet,False,,360,0,0
2126,7_planet,False,,360,0,0
2127,4_planet,False,,360,0,0
2127,5_planet,False,,360,0,0
2127,7_planet,False,,360,0,0
2128,4_planet,False,,360,0,0
2128,5_planet,False,,360,0,0
2128,7_planet,False,,360,0,0
2129,4_planet,False,,360,0,0
2129,5_planet,False,,360,0,0
2129,7_planet,False,,360,0,0
2130,4_planet,False,,360,0,0
2130,5_planet,False,,360,0,0
2130,7_planet,False,,360,0,0
2131,4_planet,False,,360,0,0
2131,5_planet,False,,360,0,0
2131,7_planet,False,,360,0,0
2132,4_planet,False,,360,0,0
2132,5_planet,False,,360,0,0
2132,7_planet,False,,360,0,0
2133,4_planet,False,,360,0,0
2133,5_planet,False,,360,0,0
2133,7_planet,False,,360,0,0
2134,4_planet,False,,360,0,0
2134,5_planet,False,,360,0,0
2134,7_planet,False,,360,0,0
2135,4_planet,False,,360,0,0
2135,5_planet,False,,360,0,0
2135,7_planet,False,,360,0,0
2136,4_planet,False,,360,0,0
2136,5_planet,False,,360,0,0
2136,7_planet,False,,360,0,0
2137,4_planet,False,,360,0,0
2137,5_planet,False,,360,0,0
2137,7_planet,False,,360,0,0
2138,4_planet,False,,360,0,0
2138,5_planet,False,,360,0,0
2138,7_planet,False,,360,0,0
2139,4_planet,False,,360,0,0
2139,5_planet,False,,360,0,0
2139,7_planet,False,,360,0,0
2140,4_planet,False,,360,0,0
2140,5_planet,False,,360,0,0
2140,7_planet,False,,360,0,0
2141,4_planet,False,,360,0,0
2141,5_planet,False,,360,0,0
2141,7_planet,False,,360,0,0
2142,4_planet,False,,360,0,0
2142,5_planet,False,,360,0,0
2142,7_planet,False,,360,0,0
2143,4_planet,False,,360,0,0
2143,5_planet,False,,360,0,0
2143,7_planet,False,,360,0,0
2144,4_planet,False,,360,0,0
2144,5_planet,False,,360,0,0
2144,7_planet,False,,360,0,0
2145,4_planet,False,,360,0,0
2145,5_planet,False,,360,0,0
2145,7_planet,False,,360,0,0
2146,4_planet,False,,360,0,0
2146,5_planet,False,,360,0,0
2146,7_planet,False,,360,0,0
2147,4_planet,False,,360,0,0
2147,5_planet,False,,360,0,0
2147,7_planet,False,,360,0,0
2148,4_planet,False,,360,0,0
2148,5_planet,False,,360,0,0
2148,7_planet,False,,360,0,0
2149,4_planet,False,,360,0,0
2149,5_planet,False,,360,0,0
2149,7_planet,False,,360,0,0
2150,4_planet,False,,360,0,0
2150,5_planet,False,,360,0,0
2150,7_planet,False,,360,0,0
2151,4_planet,False,,360,0,0
2151,5_planet,False,,360,0,0
2151,7_planet,False,,360,0,0
2152,4_planet,False,,360,0,0
2152,5_planet,False,,360,0,0
2152,7_planet,False,,360,0,0
2153,4_planet,False,,360,0,0
2153,5_planet,False,,360,0,0
2153,7_planet,False,,360,0,0
2154,4_planet,False,,360,0,0
2154,5_planet,False,,360,0,0
2154,7_planet,False,,360,0,0
2155,4_planet,False,,360,0,0
2155,5_planet,False,,360,0,0
2155,7_planet,False,,360,0,0
2156,4_planet,False,,360,0,0
2156,5_planet,False,,360,0,0
2156,7_planet,False,,360,0,0
2157,4_planet,False,,360,0,0
2157,5_planet,False,,360,0,0
2157,7_planet,False,,360,0,0
2158,4_planet,False,,360,0,0
2158,5_planet,False,,360,0,0
2158,7_planet,False,,360,0,0
2159,4_planet,False,,360,0,0
2159,5_planet,False,,360,0,0
2159,7_planet,False,,360,0,0
2160,4_planet,False,,360,0,0
2160,5_planet,False,,360,0,0
2160,7_planet,False,,360,0,0
2161,4_planet,False,,360,0,0
2161,5_planet,False,,360,0,0
2161,7_planet,False,,360,0,0
2162,4_planet,False,,360,0,0
2162,5_planet,False,,360,0,0
2162,7_planet,False,,360,0,0
2163,4_planet,False,,360,0,0
2163,5_planet,False,,360,0,0
2163,7_planet,False,,360,0,0
2164,4_planet,False,,360,0,0
2164,5_planet,False,,360,0,0
2164,7_planet,False,,360,0,0
2165,4_planet,False,,360,0,0
2165,5_planet,False,,360,0,0
2165,7_planet,False,,360,0,0
2166,4_planet,False,,360,0,0
2166,5_planet,False,,360,0,0
2166,7_planet,False,,360,0,0
2167,4_planet,False,,360,0,0
2167,5_planet,False,,360,0,0
2167,7_planet,False,,360,0,0
2168,4_planet,False,,360,0,0
2168,5_planet,False,,360,0,0
2168,7_planet,False,,360,0,0
2169,4_planet,False,,360,0,0
2169,5_planet,False,,360,0,0
2169,7_planet,False,,360,0,0
2170,4_planet,False,,360,0,0
2170,5_planet,False,,360,0,0
2170,7_planet,False,,360,0,0
2171,4_planet,False,,360,0,0
2171,5_planet,False,,360,0,0
2171,7_planet,False,,360,0,0
2172,4_planet,False,,360,0,0
2172,5_planet,False,,360,0,0
2172,7_planet,False,,360,0,0
2173,4_planet,False,,360,0,0
2173,5_planet,False,,360,0,0
2173,7_planet,False,,360,0,0
2174,4_planet,False,,360,0,0
2174,5_planet,False,,360,0,0
2174,7_planet,False,,360,0,0
2175,4_planet,False,,360,0,0
2175,5_planet,False,,360,0,0
2175,7_planet,False,,360,0,0
2176,4_planet,False,,360,0,0
2176,5_planet,False,,360,0,0
2176,7_planet,False,,360,0,0
2177,4_planet,False,,360,0,0
2177,5_planet,False,,360,0,0
2177,7_planet,False,,360,0,0
2178,4_planet,False,,360,0,0
2178,5_planet,False,,360,0,0
2178,7_planet,False,,360,0,0
2179,4_planet,False,,360,0,0
2179,5_planet,False,,360,0,0
2179,7_planet,False,,360,0,0
2180,4_planet,False,,360,0,0
2180,5_planet,False,,360,0,0
2180,7_planet,False,,360,0,0
2181,4_planet,False,,360,0,0
2181,5_planet,False,,360,0,0
2181,7_planet,False,,360,0,0
2182,4_planet,False,,360,0,0
2182,5_planet,False,,360,0,0
2182,7_planet,False,,360,0,0
2183,4_planet,False,,360,0,0
2183,5_planet,False,,360,0,0
2183,7_planet,False,,360,0,0
2184,4_planet,False,,360,0,0
2184,5_planet,False,,360,0,0
2184,7_planet,False,,360,0,0
2185,4_planet,False,,360,0,0
2185,5_planet,False,,360,0,0
2185,7_planet,False,,360,0,0
2186,4_planet,False,,360,0,0
2186,5_planet,False,,360,0,0
2186,7_planet,False,,360,0,0
2187,4_planet,False,,360,0,0
2187,5_planet,False,,360,0,0
2187,7_planet,False,,360,0,0
2188,4_planet,False,,360,0,0
2188,5_planet,False,,360,0,0
2188,7_planet,False,,360,0,0
2189,4_planet,False,,360,0,0
2189,5_planet,False,,360,0,0
2189,7_planet,False,,360,0,0
2190,4_planet,False,,360,0,0
2190,5_planet,False,,360,0,0
2190,7_planet,False,,360,0,0
2191,4_planet,False,,360,0,0
2191,5_planet,False,,360,0,0
2191,7_planet,False,,360,0,0
2192,4_planet,False,,360,0,0
2192,5_planet,False,,360,0,0
2192,7_planet,False,,360,0,0
2193,4_planet,False,,360,0,0
2193,5_planet,False,,360,0,0
2193,7_planet,False,,360,0,0
2194,4_planet,False,,360,0,0
2194,5_planet,False,,360,0,0
2194,7_planet,False,,360,0,0
2195,4_planet,False,,360,0,0
2195,5_planet,False,,360,0,0
2195,7_planet,False,,360,0,0
2196,4_planet,False,,360,0,0
2196,5_planet,False,,360,0,0
2196,7_planet,False,,360,0,0
2197,4_planet,False,,360,0,0
2197,5_planet,False,,360,0,0
2197,7_planet,False,,360,0,0
2198,4_planet,False,,360,0,0
2198,5_planet,False,,360,0,0
2198,7_planet,False,,360,0,0
2199,4_planet,False,,360,0,0
2199,5_planet,False,,360,0,0
2199,7_planet,False,,360,0,0
2200,4_planet,False,,360,0,0
2200,5_planet,False,,360,0,0
2200,7_planet,False,,360,0,0
2201,4_planet,False,,360,0,0
2201,5_planet,False,,360,0,0
2201,7_planet,False,,360,0,0
2202,4_planet,False,,360,0,0
2202,5_planet,False,,360,0,0
2202,7_planet,False,,360,0,0
2203,4_planet,False,,360,0,0
2203,5_planet,False,,360,0,0
2203,7_planet,False,,360,0,0
2204,4_planet,False,,360,0,0
2204,5_planet,False,,360,0,0
2204,7_planet,False,,360,0,0
2205,4_planet,False,,360,0,0
2205,5_planet,False,,360,0,0
2205,7_planet,False,,360,0,0
2206,4_planet,False,,360,0,0
2206,5_planet,False,,360,0,0
2206,7_planet,False,,360,0,0
2207,4_planet,False,,360,0,0
2207,5_planet,False,,360,0,0
2207,7_planet,False,,360,0,0
2208,4_planet,False,,360,0,0
2208,5_planet,False,,360,0,0
2208,7_planet,False,,360,0,0
2209,4_planet,False,,360,0,0
2209,5_planet,False,,360,0,0
2209,7_planet,False,,360,0,0
2210,4_planet,False,,360,0,0
2210,5_planet,False,,360,0,0
2210,7_planet,False,,360,0,0
2211,4_planet,False,,360,0,0
2211,5_planet,False,,360,0,0
2211,7_planet,False,,360,0,0
2212,4_planet,False,,360,0,0
2212,5_planet,False,,360,0,0
2212,7_planet,False,,360,0,0
2213,4_planet,False,,360,0,0
2213,5_planet,False,,360,0,0
2213,7_planet,False,,360,0,0
2214,4_planet,False,,360,0,0
2214,5_planet,False,,360,0,0
2214,7_planet,False,,360,0,0
2215,4_planet,False,,360,0,0
2215,5_planet,False,,360,0,0
2215,7_planet,False,,360,0,0
2216,4_planet,False,,360,0,0
2216,5_planet,False,,360,0,0
2216,7_planet,False,,360,0,0
2217,4_planet,False,,360,0,0
2217,5_planet,False,,360,0,0
2217,7_planet,False,,360,0,0
2218,4_planet,False,,360,0,0
2218,5_planet,False,,360,0,0
2218,7_planet,False,,360,0,0
2219,4_planet,False,,360,0,0
2219,5_planet,False,,360,0,0
2219,7_planet,False,,360,0,0
2220,4_planet,False,,360,0,0
2220,5_planet,False,,360,0,0
2220,7_planet,False,,360,0,0
2221,4_planet,False,,360,0,0
2221,5_planet,False,,360,0,0
2221,7_planet,False,,360,0,0
2222,4_planet,False,,360,0,0
2222,5_planet,False,,360,0,0
2222,7_planet,False,,360,0,0
2223,4_planet,False,,360,0,0
2223,5_planet,False,,360,0,0
2223,7_planet,False,,360,0,0
2224,4_planet,False,,360,0,0
2224,5_planet,False,,360,0,0
2224,7_planet,False,,360,0,0
2225,4_planet,False,,360,0,0
2225,5_planet,False,,360,0,0
2225,7_planet,False,,360,0,0
2226,4_planet,False,,360,0,0
2226,5_planet,False,,360,0,0
2226,7_planet,False,,360,0,0
2227,4_planet,False,,360,0,0
2227,5_planet,False,,360,0,0
2227,7_planet,False,,360,0,0
2228,4_planet,False,,360,0,0
2228,5_planet,False,,360,0,0
2228,7_planet,False,,360,0,0
2229,4_planet,False,,360,0,0
2229,5_planet,False,,360,0,0
2229,7_planet,False,,360,0,0
2230,4_planet,False,,360,0,0
2230,5_planet,False,,360,0,0
2230,7_planet,False,,360,0,0
2231,4_planet,False,,360,0,0
2231,5_planet,False,,360,0,0
2231,7_planet,False,,360,0,0
2232,4_planet,False,,360,0,0
2232,5_planet,False,,360,0,0
2232,7_planet,False,,360,0,0
2233,4_planet,False,,360,0,0
2233,5_planet,False,,360,0,0
2233,7_planet,False,,360,0,0
2234,4_planet,False,,360,0,0
2234,5_planet,False,,360,0,0
2234,7_planet,False,,360,0,0
2235,4_planet,False,,360,0,0
2235,5_planet,False,,360,0,0
2235,7_planet,False,,360,0,0
2236,4_planet,False,,360,0,0
2236,5_planet,False,,360,0,0
2236,7_planet,False,,360,0,0
2237,4_planet,False,,360,0,0
2237,5_planet,False,,360,0,0
2237,7_planet,False,,360,0,0
2238,4_planet,False,,360,0,0
2238,5_planet,False,,360,0,0
2238,7_planet,False,,360,0,0
2239,4_planet,False,,360,0,0
2239,5_planet,False,,360,0,0
2239,7_planet,False,,360,0,0
2240,4_planet,False,,360,0,0
2240,5_planet,False,,360,0,0
2240,7_planet,False,,360,0,0
2241,4_planet,False,,360,0,0
2241,5_planet,False,,360,0,0
2241,7_planet,False,,360,0,0
2242,4_planet,False,,360,0,0
2242,5_planet,False,,360,0,0
2242,7_planet,False,,360,0,0
2243,4_planet,False,,360,0,0
2243,5_planet,False,,360,0,0
2243,7_planet,False,,360,0,0
2244,4_planet,False,,360,0,0
2244,5_planet,False,,360,0,0
2244,7_planet,False,,360,0,0
2245,4_planet,False,,360,0,0
2245,5_planet,False,,360,0,0
2245,7_planet,False,,360,0,0
2246,4_planet,False,,360,0,0
2246,5_planet,False,,360,0,0
2246,7_planet,False,,360,0,0
2247,4_planet,False,,360,0,0
2247,5_planet,False,,360,0,0
2247,7_planet,False,,360,0,0
2248,4_planet,False,,360,0,0
2248,5_planet,False,,360,0,0
2248,7_planet,False,,360,0,0
2249,4_planet,False,,360,0,0
2249,5_planet,False,,360,0,0
2249,7_planet,False,,360,0,0
2250,4_planet,False,,360,0,0
2250,5_planet,False,,360,0,0
2250,7_planet,False,,360,0,0
2251,4_planet,False,,360,0,0
2251,5_planet,False,,360,0,0
2251,7_planet,False,,360,0,0
2252,4_planet,False,,360,0,0
2252,5_planet,False,,360,0,0
2252,7_planet,False,,360,0,0
2253,4_planet,False,,360,0,0
2253,5_planet,False,,360,0,0
2253,7_planet,False,,360,0,0
2254,4_planet,False,,360,0,0
2254,5_planet,False,,360,0,0
2254,7_planet,False,,360,0,0
2255,4_planet,False,,360,0,0
2255,5_planet,False,,360,0,0
2255,7_planet,False,,360,0,0
2256,4_planet,False,,360,0,0
2256,5_planet,False,,360,0,0
2256,7_planet,False,,360,0,0
2257,4_planet,False,,360,0,0
2257,5_planet,False,,360,0,0
2257,7_planet,False,,360,0,0
2258,4_planet,False,,360,0,0
2258,5_planet,False,,360,0,0
2258,7_planet,False,,360,0,0
2259,4_planet,False,,360,0,0
2259,5_planet,False,,360,0,0
2259,7_planet,False,,360,0,0
2260,4_planet,False,,360,0,0
2260,5_planet,False,,360,0,0
2260,7_planet,False,,360,0,0
2261,4_planet,False,,360,0,0
2261,5_planet,False,,360,0,0
2261,7_planet,False,,360,0,0
2262,4_planet,False,,360,0,0
2262,5_planet,False,,360,0,0
2262,7_planet,False,,360,0,0
2263,4_planet,False,,360,0,0
2263,5_planet,False,,360,0,0
2263,7_planet,False,,360,0,0
2264,4_planet,False,,360,0,0
2264,5_planet,False,,360,0,0
2264,7_planet,False,,360,0,0
2265,4_planet,False,,360,0,0
2265,5_planet,False,,360,0,0
2265,7_planet,False,,360,0,0
2266,4_planet,False,,360,0,0
2266,5_planet,False,,360,0,0
2266,7_planet,False,,360,0,0
2267,4_planet,False,,360,0,0
2267,5_planet,False,,360,0,0
2267,7_planet,False,,360,0,0
2268,4_planet,False,,360,0,0
2268,5_planet,False,,360,0,0
2268,7_planet,False,,360,0,0
2269,4_planet,False,,360,0,0
2269,5_planet,False,,360,0,0
2269,7_planet,False,,360,0,0
2270,4_planet,False,,360,0,0
2270,5_planet,False,,360,0,0
2270,7_planet,False,,360,0,0
2271,4_planet,False,,360,0,0
2271,5_planet,False,,360,0,0
2271,7_planet,False,,360,0,0
2272,4_planet,False,,360,0,0
2272,5_planet,False,,360,0,0
2272,7_planet,False,,360,0,0
2273,4_planet,False,,360,0,0
2273,5_planet,False,,360,0,0
2273,7_planet,False,,360,0,0
2274,4_planet,False,,360,0,0
2274,5_planet,False,,360,0,0
2274,7_planet,False,,360,0,0
2275,4_planet,False,,360,0,0
2275,5_planet,False,,360,0,0
2275,7_planet,False,,360,0,0
2276,4_planet,False,,360,0,0
2276,5_planet,False,,360,0,0
2276,7_planet,False,,360,0,0
2277,4_planet,False,,360,0,0
2277,5_planet,False,,360,0,0
2277,7_planet,False,,360,0,0
2278,4_planet,False,,360,0,0
2278,5_planet,False,,360,0,0
2278,7_planet,False,,360,0,0
2279,4_planet,False,,360,0,0
2279,5_planet,False,,360,0,0
2279,7_planet,False,,360,0,0
2280,4_planet,False,,360,0,0
2280,5_planet,False,,360,0,0
2280,7_planet,False,,360,0,0
2281,4_planet,False,,360,0,0
2281,5_planet,False,,360,0,0
2281,7_planet,False,,360,0,0
2282,4_planet,False,,360,0,0
2282,5_planet,False,,360,0,0
2282,7_planet,False,,360,0,0
2283,4_planet,False,,360,0,0
2283,5_planet,False,,360,0,0
2283,7_planet,False,,360,0,0
2284,4_planet,False,,360,0,0
2284,5_planet,False,,360,0,0
2284,7_planet,False,,360,0,0
2285,4_planet,False,,360,0,0
2285,5_planet,False,,360,0,0
2285,7_planet,False,,360,0,0
2286,4_planet,False,,360,0,0
2286,5_planet,False,,360,0,0
2286,7_planet,False,,360,0,0
2287,4_planet,False,,360,0,0
2287,5_planet,False,,360,0,0
2287,7_planet,False,,360,0,0
2288,4_planet,False,,360,0,0
2288,5_planet,False,,360,0,0
2288,7_planet,False,,360,0,0
2289,4_planet,False,,360,0,0
2289,5_planet,False,,360,0,0
2289,7_planet,False,,360,0,0
2290,4_planet,False,,360,0,0
2290,5_planet,False,,360,0,0
2290,7_planet,False,,360,0,0
2291,4_planet,False,,360,0,0
2291,5_planet,False,,360,0,0
2291,7_planet,False,,360,0,0
2292,4_planet,False,,360,0,0
2292,5_planet,False,,360,0,0
2292,7_planet,False,,360,0,0
2293,4_planet,False,,360,0,0
2293,5_planet,False,,360,0,0
2293,7_planet,False,,360,0,0
2294,4_planet,False,,360,0,0
2294,5_planet,False,,360,0,0
2294,7_planet,False,,360,0,0
2295,4_planet,False,,360,0,0
2295,5_planet,False,,360,0,0
2295,7_planet,False,,360,0,0
2296,4_planet,False,,360,0,0
2296,5_planet,False,,360,0,0
2296,7_planet,False,,360,0,0
2297,4_planet,False,,360,0,0
2297,5_planet,False,,360,0,0
2297,7_planet,False,,360,0,0
2298,4_planet,False,,360,0,0
2298,5_planet,False,,360,0,0
2298,7_planet,False,,360,0,0
2299,4_planet,False,,360,0,0
2299,5_planet,False,,360,0,0
2299,7_planet,False,,360,0,0
2300,4_planet,False,,360,0,0
2300,5_planet,False,,360,0,0
2300,7_planet,False,,360,0,0
2301,4_planet,False,,360,0,0
2301,5_planet,False,,360,0,0
2301,7_planet,False,,360,0,0
2302,4_planet,False,,360,0,0
2302,5_planet,False,,360,0,0
2302,7_planet,False,,360,0,0
2303,4_planet,False,,360,0,0
2303,5_planet,False,,360,0,0
2303,7_planet,False,,360,0,0
2304,4_planet,False,,360,0,0
2304,5_planet,False,,360,0,0
2304,7_planet,False,,360,0,0
2305,4_planet,False,,360,0,0
2305,5_planet,False,,360,0,0
2305,7_planet,False,,360,0,0
2306,4_planet,False,,360,0,0
2306,5_planet,False,,360,0,0
2306,7_planet,False,,360,0,0
2307,4_planet,False,,360,0,0
2307,5_planet,False,,360,0,0
2307,7_planet,False,,360,0,0
2308,4_planet,False,,360,0,0
2308,5_planet,False,,360,0,0
2308,7_planet,False,,360,0,0
2309,4_planet,False,,360,0,0
2309,5_planet,False,,360,0,0
2309,7_planet,False,,360,0,0
2310,4_planet,False,,360,0,0
2310,5_planet,False,,360,0,0
2310,7_planet,False,,360,0,0
2311,4_planet,False,,360,0,0
2311,5_planet,False,,360,0,0
2311,7_planet,False,,360,0,0
2312,4_planet,False,,360,0,0
2312,5_planet,False,,360,0,0
2312,7_planet,False,,360,0,0
2313,4_planet,False,,360,0,0
2313,5_planet,False,,360,0,0
2313,7_planet,False,,360,0,0
2314,4_planet,False,,360,0,0
2314,5_planet,False,,360,0,0
2314,7_planet,False,,360,0,0
2315,4_planet,False,,360,0,0
2315,5_planet,False,,360,0,0
2315,7_planet,False,,360,0,0
2316,4_planet,False,,360,0,0
2316,5_planet,False,,360,0,0
2316,7_planet,False,,360,0,0
2317,4_planet,False,,360,0,0
2317,5_planet,False,,360,0,0
2317,7_planet,False,,360,0,0
2318,4_planet,False,,360,0,0
2318,5_planet,False,,360,0,0
2318,7_planet,False,,360,0,0
2319,4_planet,False,,360,0,0
2319,5_planet,False,,360,0,0
2319,7_planet,False,,360,0,0
2320,4_planet,False,,360,0,0
2320,5_planet,False,,360,0,0
2320,7_planet,False,,360,0,0
2321,4_planet,False,,360,0,0
2321,5_planet,False,,360,0,0
2321,7_planet,False,,360,0,0
2322,4_planet,False,,360,0,0
2322,5_planet,False,,360,0,0
2322,7_planet,False,,360,0,0
2323,4_planet,False,,360,0,0
2323,5_planet,False,,360,0,0
2323,7_planet,False,,360,0,0
2324,4_planet,False,,360,0,0
2324,5_planet,False,,360,0,0
2324,7_planet,False,,360,0,0
2325,4_planet,False,,360,0,0
2325,5_planet,False,,360,0,0
2325,7_planet,False,,360,0,0
2326,4_planet,False,,360,0,0
2326,5_planet,False,,360,0,0
2326,7_planet,False,,360,0,0
2327,4_planet,False,,360,0,0
2327,5_planet,False,,360,0,0
2327,7_planet,False,,360,0,0
2328,4_planet,False,,360,0,0
2328,5_planet,False,,360,0,0
2328,7_planet,False,,360,0,0
2329,4_planet,False,,360,0,0
2329,5_planet,False,,360,0,0
2329,7_planet,False,,360,0,0
2330,4_planet,False,,360,0,0
2330,5_planet,False,,360,0,0
2330,7_planet,False,,360,0,0
2331,4_planet,False,,360,0,0
2331,5_planet,False,,360,0,0
2331,7_planet,False,,360,0,0
2332,4_planet,False,,360,0,0
2332,5_planet,False,,360,0,0
2332,7_planet,False,,360,0,0
2333,4_planet,False,,360,0,0
2333,5_planet,False,,360,0,0
2333,7_planet,False,,360,0,0
2334,4_planet,False,,360,0,0
2334,5_planet,False,,360,0,0
2334,7_planet,False,,360,0,0
2335,4_planet,False,,360,0,0
2335,5_planet,False,,360,0,0
2335,7_planet,False,,360,0,0
2336,4_planet,False,,360,0,0
2336,5_planet,False,,360,0,0
2336,7_planet,False,,360,0,0
2337,4_planet,False,,360,0,0
2337,5_planet,False,,360,0,0
2337,7_planet,False,,360,0,0
2338,4_planet,False,,360,0,0
2338,5_planet,False,,360,0,0
2338,7_planet,False,,360,0,0
2339,4_planet,False,,360,0,0
2339,5_planet,False,,360,0,0
2339,7_planet,False,,360,0,0
2340,4_planet,False,,360,0,0
2340,5_planet,False,,360,0,0
2340,7_planet,False,,360,0,0
2341,4_planet,False,,360,0,0
2341,5_planet,False,,360,0,0
2341,7_planet,False,,360,0,0
2342,4_planet,False,,360,0,0
2342,5_planet,False,,360,0,0
2342,7_planet,False,,360,0,0
2343,4_planet,False,,360,0,0
2343,5_planet,False,,360,0,0
2343,7_planet,False,,360,0,0
2344,4_planet,False,,360,0,0
2344,5_planet,False,,360,0,0
2344,7_planet,False,,360,0,0
2345,4_planet,False,,360,0,0
2345,5_planet,False,,360,0,0
2345,7_planet,False,,360,0,0
2346,4_planet,False,,360,0,0
2346,5_planet,False,,360,0,0
2346,7_planet,False,,360,0,0
2347,4_planet,False,,360,0,0
2347,5_planet,False,,360,0,0
2347,7_planet,False,,360,0,0
2348,4_planet,False,,360,0,0
2348,5_planet,False,,360,0,0
2348,7_planet,False,,360,0,0
2349,4_planet,False,,360,0,0
2349,5_planet,False,,360,0,0
2349,7_planet,False,,360,0,0
2350,4_planet,False,,360,0,0
2350,5_planet,False,,360,0,0
2350,7_planet,False,,360,0,0
2351,4_planet,False,,360,0,0
2351,5_planet,False,,360,0,0
2351,7_planet,False,,360,0,0
2352,4_planet,False,,360,0,0
2352,5_planet,False,,360,0,0
2352,7_planet,False,,360,0,0
2353,4_planet,False,,360,0,0
2353,5_planet,False,,360,0,0
2353,7_planet,False,,360,0,0
2354,4_planet,False,,360,0,0
2354,5_planet,False,,360,0,0
2354,7_planet,False,,360,0,0
2355,4_planet,False,,360,0,0
2355,5_planet,False,,360,0,0
2355,7_planet,False,,360,0,0
2356,4_planet,False,,360,0,0
2356,5_planet,False,,360,0,0
2356,7_planet,False,,360,0,0
2357,4_planet,False,,360,0,0
2357,5_planet,False,,360,0,0
2357,7_planet,False,,360,0,0
2358,4_planet,False,,360,0,0
2358,5_planet,False,,360,0,0
2358,7_planet,False,,360,0,0
2359,4_planet,False,,360,0,0
2359,5_planet,False,,360,0,0
2359,7_planet,False,,360,0,0
2360,4_planet,False,,360,0,0
2360,5_planet,False,,360,0,0
2360,7_planet,False,,360,0,0
2361,4_planet,False,,360,0,0
2361,5_planet,False,,360,0,0
2361,7_planet,False,,360,0,0
2362,4_planet,False,,360,0,0
2362,5_planet,False,,360,0,0
2362,7_planet,False,,360,0,0
2363,4_planet,False,,360,0,0
2363,5_planet,False,,360,0,0
2363,7_planet,False,,360,0,0
2364,4_planet,False,,360,0,0
2364,5_planet,False,,360,0,0
2364,7_planet,False,,360,0,0
2365,4_planet,False,,360,0,0
2365,5_planet,False,,360,0,0
2365,7_planet,False,,360,0,0
2366,4_planet,False,,360,0,0
2366,5_planet,False,,360,0,0
2366,7_planet,False,,360,0,0
2367,4_planet,False,,360,0,0
2367,5_planet,False,,360,0,0
2367,7_planet,False,,360,0,0
2368,4_planet,False,,360,0,0
2368,5_planet,False,,360,0,0
2368,7_planet,False,,360,0,0
2369,4_planet,False,,360,0,0
2369,5_planet,False,,360,0,0
2369,7_planet,False,,360,0,0
2370,4_planet,False,,360,0,0
2370,5_planet,False,,360,0,0
2370,7_planet,False,,360,0,0
2371,4_planet,False,,360,0,0
2371,5_planet,False,,360,0,0
2371,7_planet,False,,360,0,0
2372,4_planet,False,,360,0,0
2372,5_planet,False,,360,0,0
2372,7_planet,False,,360,0,0
2373,4_planet,False,,360,0,0
2373,5_planet,False,,360,0,0
2373,7_planet,False,,360,0,0
2374,4_planet,False,,360,0,0
2374,5_planet,False,,360,0,0
2374,7_planet,False,,360,0,0
2375,4_planet,False,,360,0,0
2375,5_planet,False,,360,0,0
2375,7_planet,False,,360,0,0
2376,4_planet,False,,360,0,0
2376,5_planet,False,,360,0,0
2376,7_planet,False,,360,0,0
2377,4_planet,False,,360,0,0
2377,5_planet,False,,360,0,0
2377,7_planet,False,,360,0,0
2378,4_planet,False,,360,0,0
2378,5_planet,False,,360,0,0
2378,7_planet,False,,360,0,0
2379,4_planet,False,,360,0,0
2379,5_planet,False,,360,0,0
2379,7_planet,False,,360,0,0
2380,4_planet,False,,360,0,0
2380,5_planet,False,,360,0,0
2380,7_planet,False,,360,0,0
2381,4_planet,False,,360,0,0
2381,5_planet,False,,360,0,0
2381,7_planet,False,,360,0,0
2382,4_planet,False,,360,0,0
2382,5_planet,False,,360,0,0
2382,7_planet,False,,360,0,0
2383,4_planet,False,,360,0,0
2383,5_planet,False,,360,0,0
2383,7_planet,False,,360,0,0
2384,4_planet,False,,360,0,0
2384,5_planet,False,,360,0,0
2384,7_planet,False,,360,0,0
2385,4_planet,False,,360,0,0
2385,5_planet,False,,360,0,0
2385,7_planet,False,,360,0,0
2386,4_planet,False,,360,0,0
2386,5_planet,False,,360,0,0
2386,7_planet,False,,360,0,0
2387,4_planet,False,,360,0,0
2387,5_planet,False,,360,0,0
2387,7_planet,False,,360,0,0
2388,4_planet,False,,360,0,0
2388,5_planet,False,,360,0,0
2388,7_planet,False,,360,0,0
2389,4_planet,False,,360,0,0
2389,5_planet,False,,360,0,0
2389,7_planet,False,,360,0,0
2390,4_planet,False,,360,0,0
2390,5_planet,False,,360,0,0
2390,7_planet,False,,360,0,0
2391,4_planet,False,,360,0,0
2391,5_planet,False,,360,0,0
2391,7_planet,False,,360,0,0
2392,4_planet,False,,360,0,0
2392,5_planet,False,,360,0,0
2392,7_planet,False,,360,0,0
2393,4_planet,False,,360,0,0
2393,5_planet,False,,360,0,0
2393,7_planet,False,,360,0,0
2394,4_planet,False,,360,0,0
2394,5_planet,False,,360,0,0
2394,7_planet,False,,360,0,0
2395,4_planet,False,,360,0,0
2395,5_planet,False,,360,0,0
2395,7_planet,False,,360,0,0
2396,4_planet,False,,360,0,0
2396,5_planet,False,,360,0,0
2396,7_planet,False,,360,0,0
2397,4_planet,False,,360,0,0
2397,5_planet,False,,360,0,0
2397,7_planet,False,,360,0,0
2398,4_planet,False,,360,0,0
2398,5_planet,False,,360,0,0
2398,7_planet,False,,360,0,0
2399,4_planet,False,,360,0,0
2399,5_planet,False,,360,0,0
2399,7_planet,False,,360,0,0
2400,4_planet,False,,360,0,0
2400,5_planet,False,,360,0,0
2400,7_planet,False,,360,0,0
2401,4_planet,False,,360,0,0
2401,5_planet,False,,360,0,0
2401,7_planet,False,,360,0,0
2402,4_planet,False,,360,0,0
2402,5_planet,False,,360,0,0
2402,7_planet,False,,360,0,0
2403,4_planet,False,,360,0,0
2403,5_planet,False,,360,0,0
2403,7_planet,False,,360,0,0
2404,4_planet,False,,360,0,0
2404,5_planet,False,,360,0,0
2404,7_planet,False,,360,0,0
2405,4_planet,False,,360,0,0
2405,5_planet,False,,360,0,0
2405,7_planet,False,,360,0,0
2406,4_planet,False,,360,0,0
2406,5_planet,False,,360,0,0
2406,7_planet,False,,360,0,0
2407,4_planet,False,,360,0,0
2407,5_planet,False,,360,0,0
2407,7_planet,False,,360,0,0
2408,4_planet,False,,360,0,0
2408,5_planet,False,,360,0,0
2408,7_planet,False,,360,0,0
2409,4_planet,False,,360,0,0
2409,5_planet,False,,360,0,0
2409,7_planet,False,,360,0,0
2410,4_planet,False,,360,0,0
2410,5_planet,False,,360,0,0
2410,7_planet,False,,360,0,0
2411,4_planet,False,,360,0,0
2411,5_planet,False,,360,0,0
2411,7_planet,False,,360,0,0
2412,4_planet,False,,360,0,0
2412,5_planet,False,,360,0,0
2412,7_planet,False,,360,0,0
2413,4_planet,False,,360,0,0
2413,5_planet,False,,360,0,0
2413,7_planet,False,,360,0,0
2414,4_planet,False,,360,0,0
2414,5_planet,False,,360,0,0
2414,7_planet,False,,360,0,0
2415,4_planet,False,,360,0,0
2415,5_planet,False,,360,0,0
2415,7_planet,False,,360,0,0
2416,4_planet,False,,360,0,0
2416,5_planet,False,,360,0,0
2416,7_planet,False,,360,0,0
2417,4_planet,False,,360,0,0
2417,5_planet,False,,360,0,0
2417,7_planet,False,,360,0,0
2418,4_planet,False,,360,0,0
2418,5_planet,False,,360,0,0
2418,7_planet,False,,360,0,0
2419,4_planet,False,,360,0,0
2419,5_planet,False,,360,0,0
2419,7_planet,False,,360,0,0
2420,4_planet,False,,360,0,0
2420,5_planet,False,,360,0,0
2420,7_planet,False,,360,0,0
2421,4_planet,False,,360,0,0
2421,5_planet,False,,360,0,0
2421,7_planet,False,,360,0,0
2422,4_planet,False,,360,0,0
2422,5_planet,False,,360,0,0
2422,7_planet,False,,360,0,0
2423,4_planet,False,,360,0,0
2423,5_planet,False,,360,0,0
2423,7_planet,False,,360,0,0
2424,4_planet,False,,360,0,0
2424,5_planet,False,,360,0,0
2424,7_planet,False,,360,0,0
2425,4_planet,False,,360,0,0
2425,5_planet,False,,360,0,0
2425,7_planet,False,,360,0,0
2426,4_planet,False,,360,0,0
2426,5_planet,False,,360,0,0
2426,7_planet,False,,360,0,0
2427,4_planet,False,,360,0,0
2427,5_planet,False,,360,0,0
2427,7_planet,False,,360,0,0
2428,4_planet,False,,360,0,0
2428,5_planet,False,,360,0,0
2428,7_planet,False,,360,0,0
2429,4_planet,False,,360,0,0
2429,5_planet,False,,360,0,0
2429,7_planet,False,,360,0,0
2430,4_planet,False,,360,0,0
2430,5_planet,False,,360,0,0
2430,7_planet,False,,360,0,0
2431,4_planet,False,,360,0,0
2431,5_planet,False,,360,0,0
2431,7_planet,False,,360,0,0
2432,4_planet,False,,360,0,0
2432,5_planet,False,,360,0,0
2432,7_planet,False,,360,0,0
2433,4_planet,False,,360,0,0
2433,5_planet,False,,360,0,0
2433,7_planet,False,,360,0,0
2434,4_planet,False,,360,0,0
2434,5_planet,False,,360,0,0
2434,7_planet,False,,360,0,0
2435,4_planet,False,,360,0,0
2435,5_planet,False,,360,0,0
2435,7_planet,False,,360,0,0
2436,4_planet,False,,360,0,0
2436,5_planet,False,,360,0,0
2436,7_planet,False,,360,0,0
2437,4_planet,False,,360,0,0
2437,5_planet,False,,360,0,0
2437,7_planet,False,,360,0,0
2438,4_planet,False,,360,0,0
2438,5_planet,False,,360,0,0
2438,7_planet,False,,360,0,0
2439,4_planet,False,,360,0,0
2439,5_planet,False,,360,0,0
2439,7_planet,False,,360,0,0
2440,4_planet,False,,360,0,0
2440,5_planet,False,,360,0,0
2440,7_planet,False,,360,0,0
2441,4_planet,False,,360,0,0
2441,5_planet,False,,360,0,0
2441,7_planet,False,,360,0,0
2442,4_planet,False,,360,0,0
2442,5_planet,False,,360,0,0
2442,7_planet,False,,360,0,0
2443,4_planet,False,,360,0,0
2443,5_planet,False,,360,0,0
2443,7_planet,False,,360,0,0
2444,4_planet,False,,360,0,0
2444,5_planet,False,,360,0,0
2444,7_planet,False,,360,0,0
2445,4_planet,False,,360,0,0
2445,5_planet,False,,360,0,0
2445,7_planet,False,,360,0,0
2446,4_planet,False,,360,0,0
2446,5_planet,False,,360,0,0
2446,7_planet,False,,360,0,0
2447,4_planet,False,,360,0,0
2447,5_planet,False,,360,0,0
2447,7_planet,False,,360,0,0
2448,4_planet,False,,360,0,0
2448,5_planet,False,,360,0,0
2448,7_planet,False,,360,0,0
2449,4_planet,False,,360,0,0
2449,5_planet,False,,360,0,0
2449,7_planet,False,,360,0,0
2450,4_planet,False,,360,0,0
2450,5_planet,False,,360,0,0
2450,7_planet,False,,360,0,0
2451,4_planet,False,,360,0,0
2451,5_planet,False,,360,0,0
2451,7_planet,False,,360,0,0
2452,4_planet,False,,360,0,0
2452,5_planet,False,,360,0,0
2452,7_planet,False,,360,0,0
2453,4_planet,False,,360,0,0
2453,5_planet,False,,360,0,0
2453,7_planet,False,,360,0,0
2454,4_planet,False,,360,0,0
2454,5_planet,False,,360,0,0
2454,7_planet,False,,360,0,0
2455,4_planet,False,,360,0,0
2455,5_planet,False,,360,0,0
2455,7_planet,False,,360,0,0
2456,4_planet,False,,360,0,0
2456,5_planet,False,,360,0,0
2456,7_planet,False,,360,0,0
2457,4_planet,False,,360,0,0
2457,5_planet,False,,360,0,0
2457,7_planet,False,,360,0,0
2458,4_planet,False,,360,0,0
2458,5_planet,False,,360,0,0
2458,7_planet,False,,360,0,0
2459,4_planet,False,,360,0,0
2459,5_planet,False,,360,0,0
2459,7_planet,False,,360,0,0
2460,4_planet,False,,360,0,0
2460,5_planet,False,,360,0,0
2460,7_planet,False,,360,0,0
2461,4_planet,False,,360,0,0
2461,5_planet,False,,360,0,0
2461,7_planet,False,,360,0,0
2462,4_planet,False,,360,0,0
2462,5_planet,False,,360,0,0
2462,7_planet,False,,360,0,0
2463,4_planet,False,,360,0,0
2463,5_planet,False,,360,0,0
2463,7_planet,False,,360,0,0
2464,4_planet,False,,360,0,0
2464,5_planet,False,,360,0,0
2464,7_planet,False,,360,0,0
2465,4_planet,False,,360,0,0
2465,5_planet,False,,360,0,0
2465,7_planet,False,,360,0,0
2466,4_planet,False,,360,0,0
2466,5_planet,False,,360,0,0
2466,7_planet,False,,360,0,0
2467,4_planet,False,,360,0,0
2467,5_planet,False,,360,0,0
2467,7_planet,False,,360,0,0
2468,4_planet,False,,360,0,0
2468,5_planet,False,,360,0,0
2468,7_planet,False,,360,0,0
2469,4_planet,False,,360,0,0
2469,5_planet,False,,360,0,0
2469,7_planet,False,,360,0,0
2470,4_planet,False,,360,0,0
2470,5_planet,False,,360,0,0
2470,7_planet,False,,360,0,0
2471,4_planet,False,,360,0,0
2471,5_planet,False,,360,0,0
2471,7_planet,False,,360,0,0
2472,4_planet,False,,360,0,0
2472,5_planet,False,,360,0,0
2472,7_planet,False,,360,0,0
2473,4_planet,False,,360,0,0
2473,5_planet,False,,360,0,0
2473,7_planet,False,,360,0,0
2474,4_planet,False,,360,0,0
2474,5_planet,False,,360,0,0
2474,7_planet,False,,360,0,0
2475,4_planet,False,,360,0,0
2475,5_planet,False,,360,0,0
2475,7_planet,False,,360,0,0
2476,4_planet,False,,360,0,0
2476,5_planet,False,,360,0,0
2476,7_planet,False,,360,0,0
2477,4_planet,False,,360,0,0
2477,5_planet,False,,360,0,0
2477,7_planet,False,,360,0,0
2478,4_planet,False,,360,0,0
2478,5_planet,False,,360,0,0
2478,7_planet,False,,360,0,0
2479,4_planet,False,,360,0,0
2479,5_planet,False,,360,0,0
2479,7_planet,False,,360,0,0
2480,4_planet,False,,360,0,0
2480,5_planet,False,,360,0,0
2480,7_planet,False,,360,0,0
2481,4_planet,False,,360,0,0
2481,5_planet,False,,360,0,0
2481,7_planet,False,,360,0,0
2482,4_planet,False,,360,0,0
2482,5_planet,False,,360,0,0
2482,7_planet,False,,360,0,0
2483,4_planet,False,,360,0,0
2483,5_planet,False,,360,0,0
2483,7_planet,False,,360,0,0
2484,4_planet,False,,360,0,0
2484,5_planet,False,,360,0,0
2484,7_planet,False,,360,0,0
2485,4_planet,False,,360,0,0
2485,5_planet,False,,360,0,0
2485,7_planet,False,,360,0,0
2486,4_planet,False,,360,0,0
2486,5_planet,False,,360,0,0
2486,7_planet,False,,360,0,0
2487,4_planet,False,,360,0,0
2487,5_planet,False,,360,0,0
2487,7_planet,False,,360,0,0
2488,4_planet,False,,360,0,0
2488,5_planet,False,,360,0,0
2488,7_planet,False,,360,0,0
2489,4_planet,False,,360,0,0
2489,5_planet,False,,360,0,0
2489,7_planet,False,,360,0,0
2490,4_planet,False,,360,0,0
2490,5_planet,False,,360,0,0
2490,7_planet,False,,360,0,0
2491,4_planet,False,,360,0,0
2491,5_planet,False,,360,0,0
2491,7_planet,False,,360,0,0
2492,4_planet,False,,360,0,0
2492,5_planet,False,,360,0,0
2492,7_planet,False,,360,0,0
2493,4_planet,False,,360,0,0
2493,5_planet,False,,360,0,0
2493,7_planet,False,,360,0,0
2494,4_planet,False,,360,0,0
2494,5_planet,False,,360,0,0
2494,7_planet,False,,360,0,0
2495,4_planet,False,,360,0,0
2495,5_planet,False,,360,0,0
2495,7_planet,False,,360,0,0
2496,4_planet,False,,360,0,0
2496,5_planet,False,,360,0,0
2496,7_planet,False,,360,0,0
2497,4_planet,False,,360,0,0
2497,5_planet,False,,360,0,0
2497,7_planet,False,,360,0,0
2498,4_planet,False,,360,0,0
2498,5_planet,False,,360,0,0
2498,7_planet,False,,360,0,0
2499,4_planet,False,,360,0,0
2499,5_planet,False,,360,0,0
2499,7_planet,False,,360,0,0
2500,4_planet,False,,360,0,0
2500,5_planet,False,,360,0,0
2500,7_planet,False,,360,0,0
2501,4_planet,False,,360,0,0
2501,5_planet,False,,360,0,0
2501,7_planet,False,,360,0,0
2502,4_planet,False,,360,0,0
2502,5_planet,False,,360,0,0
2502,7_planet,False,,360,0,0
2503,4_planet,False,,360,0,0
2503,5_planet,False,,360,0,0
2503,7_planet,False,,360,0,0
2504,4_planet,False,,360,0,0
2504,5_planet,False,,360,0,0
2504,7_planet,False,,360,0,0
2505,4_planet,False,,360,0,0
2505,5_planet,False,,360,0,0
2505,7_planet,False,,360,0,0
2506,4_planet,False,,360,0,0
2506,5_planet,False,,360,0,0
2506,7_planet,False,,360,0,0
2507,4_planet,False,,360,0,0
2507,5_planet,False,,360,0,0
2507,7_planet,False,,360,0,0
2508,4_planet,False,,360,0,0
2508,5_planet,False,,360,0,0
2508,7_planet,False,,360,0,0
2509,4_planet,False,,360,0,0
2509,5_planet,False,,360,0,0
2509,7_planet,False,,360,0,0
2510,4_planet,False,,360,0,0
2510,5_planet,False,,360,0,0
2510,7_planet,False,,360,0,0
2511,4_planet,False,,360,0,0
2511,5_planet,False,,360,0,0
2511,7_planet,False,,360,0,0
2512,4_planet,False,,360,0,0
2512,5_planet,False,,360,0,0
2512,7_planet,False,,360,0,0
2513,4_planet,False,,360,0,0
2513,5_planet,False,,360,0,0
2513,7_planet,False,,360,0,0
2514,4_planet,False,,360,0,0
2514,5_planet,False,,360,0,0
2514,7_planet,False,,360,0,0
2515,4_planet,False,,360,0,0
2515,5_planet,False,,360,0,0
2515,7_planet,False,,360,0,0
2516,4_planet,False,,360,0,0
2516,5_planet,False,,360,0,0
2516,7_planet,False,,360,0,0
2517,4_planet,False,,360,0,0
2517,5_planet,False,,360,0,0
2517,7_planet,False,,360,0,0
2518,4_planet,False,,360,0,0
2518,5_planet,False,,360,0,0
2518,7_planet,False,,360,0,0
2519,4_planet,False,,360,0,0
2519,5_planet,False,,360,0,0
2519,7_planet,False,,360,0,0
2520,4_planet,False,,360,0,0
2520,5_planet,False,,360,0,0
2520,7_planet,False,,360,0,0
2521,4_planet,False,,360,0,0
2521,5_planet,False,,360,0,0
2521,7_planet,False,,360,0,0
2522,4_planet,False,,360,0,0
2522,5_planet,False,,360,0,0
2522,7_planet,False,,360,0,0
2523,4_planet,False,,360,0,0
2523,5_planet,False,,360,0,0
2523,7_planet,False,,360,0,0
2524,4_planet,False,,360,0,0
2524,5_planet,False,,360,0,0
2524,7_planet,False,,360,0,0
2525,4_planet,False,,360,0,0
2525,5_planet,False,,360,0,0
2525,7_planet,False,,360,0,0
2526,4_planet,False,,360,0,0
2526,5_planet,False,,360,0,0
2526,7_planet,False,,360,0,0
2527,4_planet,False,,360,0,0
2527,5_planet,False,,360,0,0
2527,7_planet,False,,360,0,0
2528,4_planet,False,,360,0,0
2528,5_planet,False,,360,0,0
2528,7_planet,False,,360,0,0
2529,4_planet,False,,360,0,0
2529,5_planet,False,,360,0,0
2529,7_planet,False,,360,0,0
2530,4_planet,False,,360,0,0
2530,5_planet,False,,360,0,0
2530,7_planet,False,,360,0,0
2531,4_planet,False,,360,0,0
2531,5_planet,False,,360,0,0
2531,7_planet,False,,360,0,0
2532,4_planet,False,,360,0,0
2532,5_planet,False,,360,0,0
2532,7_planet,False,,360,0,0
2533,4_planet,False,,360,0,0
2533,5_planet,False,,360,0,0
2533,7_planet,False,,360,0,0
2534,4_planet,False,,360,0,0
2534,5_planet,False,,360,0,0
2534,7_planet,False,,360,0,0
2535,4_planet,False,,360,0,0
2535,5_planet,False,,360,0,0
2535,7_planet,False,,360,0,0
2536,4_planet,False,,360,0,0
2536,5_planet,False,,360,0,0
2536,7_planet,False,,360,0,0
2537,4_planet,False,,360,0,0
2537,5_planet,False,,360,0,0
2537,7_planet,False,,360,0,0
2538,4_planet,False,,360,0,0
2538,5_planet,False,,360,0,0
2538,7_planet,False,,360,0,0
2539,4_planet,False,,360,0,0
2539,5_planet,False,,360,0,0
2539,7_planet,False,,360,0,0
2540,4_planet,False,,360,0,0
2540,5_planet,False,,360,0,0
2540,7_planet,False,,360,0,0
2541,4_planet,False,,360,0,0
2541,5_planet,False,,360,0,0
2541,7_planet,False,,360,0,0
2542,4_planet,False,,360,0,0
2542,5_planet,False,,360,0,0
2542,7_planet,False,,360,0,0
2543,4_planet,False,,360,0,0
2543,5_planet,False,,360,0,0
2543,7_planet,False,,360,0,0
2544,4_planet,False,,360,0,0
2544,5_planet,False,,360,0,0
2544,7_planet,False,,360,0,0
2545,4_planet,False,,360,0,0
2545,5_planet,False,,360,0,0
2545,7_planet,False,,360,0,0
2546,4_planet,False,,360,0,0
2546,5_planet,False,,360,0,0
2546,7_planet,False,,360,0,0
2547,4_planet,False,,360,0,0
2547,5_planet,False,,360,0,0
2547,7_planet,False,,360,0,0
2548,4_planet,False,,360,0,0
2548,5_planet,False,,360,0,0
2548,7_planet,False,,360,0,0
2549,4_planet,False,,360,0,0
2549,5_planet,False,,360,0,0
2549,7_planet,False,,360,0,0
2550,4_planet,False,,360,0,0
2550,5_planet,False,,360,0,0
2550,7_planet,False,,360,0,0
2551,4_planet,False,,360,0,0
2551,5_planet,False,,360,0,0
2551,7_planet,False,,360,0,0
2552,4_planet,False,,360,0,0
2552,5_planet,False,,360,0,0
2552,7_planet,False,,360,0,0
2553,4_planet,False,,360,0,0
2553,5_planet,False,,360,0,0
2553,7_planet,False,,360,0,0
2554,4_planet,False,,360,0,0
2554,5_planet,False,,360,0,0
2554,7_planet,False,,360,0,0
2555,4_planet,False,,360,0,0
2555,5_planet,False,,360,0,0
2555,7_planet,False,,360,0,0
2556,4_planet,False,,360,0,0
2556,5_planet,False,,360,0,0
2556,7_planet,False,,360,0,0
2557,4_planet,False,,360,0,0
2557,5_planet,False,,360,0,0
2557,7_planet,False,,360,0,0
2558,4_planet,False,,360,0,0
2558,5_planet,False,,360,0,0
2558,7_planet,False,,360,0,0
2559,4_planet,False,,360,0,0
2559,5_planet,False,,360,0,0
2559,7_planet,False,,360,0,0
2560,4_planet,False,,360,0,0
2560,5_planet,False,,360,0,0
2560,7_planet,False,,360,0,0
2561,4_planet,False,,360,0,0
2561,5_planet,False,,360,0,0
2561,7_planet,False,,360,0,0
2562,4_planet,False,,360,0,0
2562,5_planet,False,,360,0,0
2562,7_planet,False,,360,0,0
2563,4_planet,False,,360,0,0
2563,5_planet,False,,360,0,0
2563,7_planet,False,,360,0,0
2564,4_planet,False,,360,0,0
2564,5_planet,False,,360,0,0
2564,7_planet,False,,360,0,0
2565,4_planet,False,,360,0,0
2565,5_planet,False,,360,0,0
2565,7_planet,False,,360,0,0
2566,4_planet,False,,360,0,0
2566,5_planet,False,,360,0,0
2566,7_planet,False,,360,0,0
2567,4_planet,False,,360,0,0
2567,5_planet,False,,360,0,0
2567,7_planet,False,,360,0,0
2568,4_planet,False,,360,0,0
2568,5_planet,False,,360,0,0
2568,7_planet,False,,360,0,0
2569,4_planet,False,,360,0,0
2569,5_planet,False,,360,0,0
2569,7_planet,False,,360,0,0
2570,4_planet,False,,360,0,0
2570,5_planet,False,,360,0,0
2570,7_planet,False,,360,0,0
2571,4_planet,False,,360,0,0
2571,5_planet,False,,360,0,0
2571,7_planet,False,,360,0,0
2572,4_planet,False,,360,0,0
2572,5_planet,False,,360,0,0
2572,7_planet,False,,360,0,0
2573,4_planet,False,,360,0,0
2573,5_planet,False,,360,0,0
2573,7_planet,False,,360,0,0
2574,4_planet,False,,360,0,0
2574,5_planet,False,,360,0,0
2574,7_planet,False,,360,0,0
2575,4_planet,False,,360,0,0
2575,5_planet,False,,360,0,0
2575,7_planet,False,,360,0,0
2576,4_planet,False,,360,0,0
2576,5_planet,False,,360,0,0
2576,7_planet,False,,360,0,0
2577,4_planet,False,,360,0,0
2577,5_planet,False,,360,0,0
2577,7_planet,False,,360,0,0
2578,4_planet,False,,360,0,0
2578,5_planet,False,,360,0,0
2578,7_planet,False,,360,0,0
2579,4_planet,False,,360,0,0
2579,5_planet,False,,360,0,0
2579,7_planet,False,,360,0,0
2580,4_planet,False,,360,0,0
2580,5_planet,False,,360,0,0
2580,7_planet,False,,360,0,0
2581,4_planet,False,,360,0,0
2581,5_planet,False,,360,0,0
2581,7_planet,False,,360,0,0
2582,4_planet,False,,360,0,0
2582,5_planet,False,,360,0,0
2582,7_planet,False,,360,0,0
2583,4_planet,False,,360,0,0
2583,5_planet,False,,360,0,0
2583,7_planet,False,,360,0,0
2584,4_planet,False,,360,0,0
2584,5_planet,False,,360,0,0
2584,7_planet,False,,360,0,0
2585,4_planet,False,,360,0,0
2585,5_planet,False,,360,0,0
2585,7_planet,False,,360,0,0
2586,4_planet,False,,360,0,0
2586,5_planet,False,,360,0,0
2586,7_planet,False,,360,0,0
2587,4_planet,False,,360,0,0
2587,5_planet,False,,360,0,0
2587,7_planet,False,,360,0,0
2588,4_planet,False,,360,0,0
2588,5_planet,False,,360,0,0
2588,7_planet,False,,360,0,0
2589,4_planet,False,,360,0,0
2589,5_planet,False,,360,0,0
2589,7_planet,False,,360,0,0
2590,4_planet,False,,360,0,0
2590,5_planet,False,,360,0,0
2590,7_planet,False,,360,0,0
2591,4_planet,False,,360,0,0
2591,5_planet,False,,360,0,0
2591,7_planet,False,,360,0,0
2592,4_planet,False,,360,0,0
2592,5_planet,False,,360,0,0
2592,7_planet,False,,360,0,0
2593,4_planet,False,,360,0,0
2593,5_planet,False,,360,0,0
2593,7_planet,False,,360,0,0
2594,4_planet,False,,360,0,0
2594,5_planet,False,,360,0,0
2594,7_planet,False,,360,0,0
2595,4_planet,False,,360,0,0
2595,5_planet,False,,360,0,0
2595,7_planet,False,,360,0,0
2596,4_planet,False,,360,0,0
2596,5_planet,False,,360,0,0
2596,7_planet,False,,360,0,0
2597,4_planet,False,,360,0,0
2597,5_planet,False,,360,0,0
2597,7_planet,False,,360,0,0
2598,4_planet,False,,360,0,0
2598,5_planet,False,,360,0,0
2598,7_planet,False,,360,0,0
2599,4_planet,False,,360,0,0
2599,5_planet,False,,360,0,0
2599,7_planet,False,,360,0,0
2600,4_planet,False,,360,0,0
2600,5_planet,False,,360,0,0
2600,7_planet,False,,360,0,0
2601,4_planet,False,,360,0,0
2601,5_planet,False,,360,0,0
2601,7_planet,False,,360,0,0
2602,4_planet,False,,360,0,0
2602,5_planet,False,,360,0,0
2602,7_planet,False,,360,0,0
2603,4_planet,False,,360,0,0
2603,5_planet,False,,360,0,0
2603,7_planet,False,,360,0,0
2604,4_planet,False,,360,0,0
2604,5_planet,False,,360,0,0
2604,7_planet,False,,360,0,0
2605,4_planet,False,,360,0,0
2605,5_planet,False,,360,0,0
2605,7_planet,False,,360,0,0
2606,4_planet,False,,360,0,0
2606,5_planet,False,,360,0,0
2606,7_planet,False,,360,0,0
2607,4_planet,False,,360,0,0
2607,5_planet,False,,360,0,0
2607,7_planet,False,,360,0,0
2608,4_planet,False,,360,0,0
2608,5_planet,False,,360,0,0
2608,7_planet,False,,360,0,0
2609,4_planet,False,,360,0,0
2609,5_planet,False,,360,0,0
2609,7_planet,False,,360,0,0
2610,4_planet,False,,360,0,0
2610,5_planet,False,,360,0,0
2610,7_planet,False,,360,0,0
2611,4_planet,False,,360,0,0
2611,5_planet,False,,360,0,0
2611,7_planet,False,,360,0,0
2612,4_planet,False,,360,0,0
2612,5_planet,False,,360,0,0
2612,7_planet,False,,360,0,0
2613,4_planet,False,,360,0,0
2613,5_planet,False,,360,0,0
2613,7_planet,False,,360,0,0
2614,4_planet,False,,360,0,0
2614,5_planet,False,,360,0,0
2614,7_planet,False,,360,0,0
2615,4_planet,False,,360,0,0
2615,5_planet,False,,360,0,0
2615,7_planet,False,,360,0,0
2616,4_planet,False,,360,0,0
2616,5_planet,False,,360,0,0
2616,7_planet,False,,360,0,0
2617,4_planet,False,,360,0,0
2617,5_planet,False,,360,0,0
2617,7_planet,False,,360,0,0
2618,4_planet,False,,360,0,0
2618,5_planet,False,,360,0,0
2618,7_planet,False,,360,0,0
2619,4_planet,False,,360,0,0
2619,5_planet,False,,360,0,0
2619,7_planet,False,,360,0,0
2620,4_planet,False,,360,0,0
2620,5_planet,False,,360,0,0
2620,7_planet,False,,360,0,0
2621,4_planet,False,,360,0,0
2621,5_planet,False,,360,0,0
2621,7_planet,False,,360,0,0
2622,4_planet,False,,360,0,0
2622,5_planet,False,,360,0,0
2622,7_planet,False,,360,0,0
2623,4_planet,False,,360,0,0
2623,5_planet,False,,360,0,0
2623,7_planet,False,,360,0,0
2624,4_planet,False,,360,0,0
2624,5_planet,False,,360,0,0
2624,7_planet,False,,360,0,0
2625,4_planet,False,,360,0,0
2625,5_planet,False,,360,0,0
2625,7_planet,False,,360,0,0
2626,4_planet,False,,360,0,0
2626,5_planet,False,,360,0,0
2626,7_planet,False,,360,0,0
2627,4_planet,False,,360,0,0
2627,5_planet,False,,360,0,0
2627,7_planet,False,,360,0,0
2628,4_planet,False,,360,0,0
2628,5_planet,False,,360,0,0
2628,7_planet,False,,360,0,0
2629,4_planet,False,,360,0,0
2629,5_planet,False,,360,0,0
2629,7_planet,False,,360,0,0
2630,4_planet,False,,360,0,0
2630,5_planet,False,,360,0,0
2630,7_planet,False,,360,0,0
2631,4_planet,False,,360,0,0
2631,5_planet,False,,360,0,0
2631,7_planet,False,,360,0,0
2632,4_planet,False,,360,0,0
2632,5_planet,False,,360,0,0
2632,7_planet,False,,360,0,0
2633,4_planet,False,,360,0,0
2633,5_planet,False,,360,0,0
2633,7_planet,False,,360,0,0
2634,4_planet,False,,360,0,0
2634,5_planet,False,,360,0,0
2634,7_planet,False,,360,0,0
2635,4_planet,False,,360,0,0
2635,5_planet,False,,360,0,0
2635,7_planet,False,,360,0,0
2636,4_planet,False,,360,0,0
2636,5_planet,False,,360,0,0
2636,7_planet,False,,360,0,0
2637,4_planet,False,,360,0,0
2637,5_planet,False,,360,0,0
2637,7_planet,False,,360,0,0
2638,4_planet,False,,360,0,0
2638,5_planet,False,,360,0,0
2638,7_planet,False,,360,0,0
2639,4_planet,False,,360,0,0
2639,5_planet,False,,360,0,0
2639,7_planet,False,,360,0,0
2640,4_planet,False,,360,0,0
2640,5_planet,False,,360,0,0
2640,7_planet,False,,360,0,0
2641,4_planet,False,,360,0,0
2641,5_planet,False,,360,0,0
2641,7_planet,False,,360,0,0
2642,4_planet,False,,360,0,0
2642,5_planet,False,,360,0,0
2642,7_planet,False,,360,0,0
2643,4_planet,False,,360,0,0
2643,5_planet,False,,360,0,0
2643,7_planet,False,,360,0,0
2644,4_planet,False,,360,0,0
2644,5_planet,False,,360,0,0
2644,7_planet,False,,360,0,0
2645,4_planet,False,,360,0,0
2645,5_planet,False,,360,0,0
2645,7_planet,False,,360,0,0
2646,4_planet,False,,360,0,0
2646,5_planet,False,,360,0,0
2646,7_planet,False,,360,0,0
2647,4_planet,False,,360,0,0
2647,5_planet,False,,360,0,0
2647,7_planet,False,,360,0,0
2648,4_planet,False,,360,0,0
2648,5_planet,False,,360,0,0
2648,7_planet,False,,360,0,0
2649,4_planet,False,,360,0,0
2649,5_planet,False,,360,0,0
2649,7_planet,False,,360,0,0
2650,4_planet,False,,360,0,0
2650,5_planet,False,,360,0,0
2650,7_planet,False,,360,0,0
2651,4_planet,False,,360,0,0
2651,5_planet,False,,360,0,0
2651,7_planet,False,,360,0,0
2652,4_planet,False,,360,0,0
2652,5_planet,False,,360,0,0
2652,7_planet,False,,360,0,0
2653,4_planet,False,,360,0,0
2653,5_planet,False,,360,0,0
2653,7_planet,False,,360,0,0
2654,4_planet,False,,360,0,0
2654,5_planet,False,,360,0,0
2654,7_planet,False,,360,0,0
2655,4_planet,False,,360,0,0
2655,5_planet,False,,360,0,0
2655,7_planet,False,,360,0,0
2656,4_planet,False,,360,0,0
2656,5_planet,False,,360,0,0
2656,7_planet,False,,360,0,0
2657,4_planet,False,,360,0,0
2657,5_planet,False,,360,0,0
2657,7_planet,False,,360,0,0
2658,4_planet,False,,360,0,0
2658,5_planet,False,,360,0,0
2658,7_planet,False,,360,0,0
2659,4_planet,False,,360,0,0
2659,5_planet,False,,360,0,0
2659,7_planet,False,,360,0,0
2660,4_planet,False,,360,0,0
2660,5_planet,False,,360,0,0
2660,7_planet,False,,360,0,0
2661,4_planet,False,,360,0,0
2661,5_planet,False,,360,0,0
2661,7_planet,False,,360,0,0
2662,4_planet,False,,360,0,0
2662,5_planet,False,,360,0,0
2662,7_planet,False,,360,0,0
2663,4_planet,False,,360,0,0
2663,5_planet,False,,360,0,0
2663,7_planet,False,,360,0,0
2664,4_planet,False,,360,0,0
2664,5_planet,False,,360,0,0
2664,7_planet,False,,360,0,0
2665,4_planet,False,,360,0,0
2665,5_planet,False,,360,0,0
2665,7_planet,False,,360,0,0
2666,4_planet,False,,360,0,0
2666,5_planet,False,,360,0,0
2666,7_planet,False,,360,0,0
2667,4_planet,False,,360,0,0
2667,5_planet,False,,360,0,0
2667,7_planet,False,,360,0,0
2668,4_planet,False,,360,0,0
2668,5_planet,False,,360,0,0
2668,7_planet,False,,360,0,0
2669,4_planet,False,,360,0,0
2669,5_planet,False,,360,0,0
2669,7_planet,False,,360,0,0
2670,4_planet,False,,360,0,0
2670,5_planet,False,,360,0,0
2670,7_planet,False,,360,0,0
2671,4_planet,False,,360,0,0
2671,5_planet,False,,360,0,0
2671,7_planet,False,,360,0,0
2672,4_planet,False,,360,0,0
2672,5_planet,False,,360,0,0
2672,7_planet,False,,360,0,0
2673,4_planet,False,,360,0,0
2673,5_planet,False,,360,0,0
2673,7_planet,False,,360,0,0
2674,4_planet,False,,360,0,0
2674,5_planet,False,,360,0,0
2674,7_planet,False,,360,0,0
2675,4_planet,False,,360,0,0
2675,5_planet,False,,360,0,0
2675,7_planet,False,,360,0,0
2676,4_planet,False,,360,0,0
2676,5_planet,False,,360,0,0
2676,7_planet,False,,360,0,0
2677,4_planet,False,,360,0,0
2677,5_planet,False,,360,0,0
2677,7_planet,False,,360,0,0
2678,4_planet,False,,360,0,0
2678,5_planet,False,,360,0,0
2678,7_planet,False,,360,0,0
2679,4_planet,False,,360,0,0
2679,5_planet,False,,360,0,0
2679,7_planet,False,,360,0,0
2680,4_planet,False,,360,0,0
2680,5_planet,False,,360,0,0
2680,7_planet,False,,360,0,0
2681,4_planet,False,,360,0,0
2681,5_planet,False,,360,0,0
2681,7_planet,False,,360,0,0
2682,4_planet,False,,360,0,0
2682,5_planet,False,,360,0,0
2682,7_planet,False,,360,0,0
2683,4_planet,False,,360,0,0
2683,5_planet,False,,360,0,0
2683,7_planet,False,,360,0,0
2684,4_planet,False,,360,0,0
2684,5_planet,False,,360,0,0
2684,7_planet,False,,360,0,0
2685,4_planet,False,,360,0,0
2685,5_planet,False,,360,0,0
2685,7_planet,False,,360,0,0
2686,4_planet,False,,360,0,0
2686,5_planet,False,,360,0,0
2686,7_planet,False,,360,0,0
2687,4_planet,False,,360,0,0
2687,5_planet,False,,360,0,0
2687,7_planet,False,,360,0,0
2688,4_planet,False,,360,0,0
2688,5_planet,False,,360,0,0
2688,7_planet,False,,360,0,0
2689,4_planet,False,,360,0,0
2689,5_planet,False,,360,0,0
2689,7_planet,False,,360,0,0
2690,4_planet,False,,360,0,0
2690,5_planet,False,,360,0,0
2690,7_planet,False,,360,0,0
2691,4_planet,False,,360,0,0
2691,5_planet,False,,360,0,0
2691,7_planet,False,,360,0,0
2692,4_planet,False,,360,0,0
2692,5_planet,False,,360,0,0
2692,7_planet,False,,360,0,0
2693,4_planet,False,,360,0,0
2693,5_planet,False,,360,0,0
2693,7_planet,False,,360,0,0
2694,4_planet,False,,360,0,0
2694,5_planet,False,,360,0,0
2694,7_planet,True,"Saturn, Jupiter, Mars, Sun, Venus, Mercury, Moon",58.22,2.97,21.43
2695,4_planet,False,,360,0,0
2695,5_planet,False,,360,0,0
2695,7_planet,False,,360,0,0
2696,4_planet,False,,360,0,0
2696,5_planet,False,,360,0,0
2696,7_planet,False,,360,0,0
2697,4_planet,False,,360,0,0
2697,5_planet,False,,360,0,0
2697,7_planet,False,,360,0,0
2698,4_planet,False,,360,0,0
2698,5_planet,False,,360,0,0
2698,7_planet,False,,360,0,0
2699,4_planet,False,,360,0,0
2699,5_planet,False,,360,0,0
2699,7_planet,False,,360,0,0
2700,4_planet,False,,360,0,0
2700,5_planet,False,,360,0,0
2700,7_planet,False,,360,0,0
2701,4_planet,False,,360,0,0
2701,5_planet,False,,360,0,0
2701,7_planet,False,,360,0,0
2702,4_planet,False,,360,0,0
2702,5_planet,False,,360,0,0
2702,7_planet,False,,360,0,0
2703,4_planet,False,,360,0,0
2703,5_planet,False,,360,0,0
2703,7_planet,False,,360,0,0
2704,4_planet,False,,360,0,0
2704,5_planet,False,,360,0,0
2704,7_planet,False,,360,0,0
2705,4_planet,False,,360,0,0
2705,5_planet,False,,360,0,0
2705,7_planet,False,,360,0,0
2706,4_planet,False,,360,0,0
2706,5_planet,False,,360,0,0
2706,7_planet,False,,360,0,0
2707,4_planet,False,,360,0,0
2707,5_planet,False,,360,0,0
2707,7_planet,False,,360,0,0
2708,4_planet,False,,360,0,0
2708,5_planet,False,,360,0,0
2708,7_planet,False,,360,0,0
2709,4_planet,False,,360,0,0
2709,5_planet,False,,360,0,0
2709,7_planet,False,,360,0,0
2710,4_planet,False,,360,0,0
2710,5_planet,False,,360,0,0
2710,7_planet,False,,360,0,0
2711,4_planet,False,,360,0,0
2711,5_planet,False,,360,0,0
2711,7_planet,False,,360,0,0
2712,4_planet,False,,360,0,0
2712,5_planet,False,,360,0,0
2712,7_planet,False,,360,0,0
2713,4_planet,False,,360,0,0
2713,5_planet,False,,360,0,0
2713,7_planet,False,,360,0,0
2714,4_planet,False,,360,0,0
2714,5_planet,False,,360,0,0
2714,7_planet,False,,360,0,0
2715,4_planet,False,,360,0,0
2715,5_planet,False,,360,0,0
2715,7_planet,False,,360,0,0
2716,4_planet,False,,360,0,0
2716,5_planet,False,,360,0,0
2716,7_planet,False,,360,0,0
2717,4_planet,False,,360,0,0
2717,5_planet,False,,360,0,0
2717,7_planet,False,,360,0,0
2718,4_planet,False,,360,0,0
2718,5_planet,False,,360,0,0
2718,7_planet,False,,360,0,0
2719,4_planet,False,,360,0,0
2719,5_planet,False,,360,0,0
2719,7_planet,False,,360,0,0
2720,4_planet,False,,360,0,0
2720,5_planet,False,,360,0,0
2720,7_planet,False,,360,0,0
2721,4_planet,False,,360,0,0
2721,5_planet,False,,360,0,0
2721,7_planet,False,,360,0,0
2722,4_planet,False,,360,0,0
2722,5_planet,False,,360,0,0
2722,7_planet,False,,360,0,0
2723,4_planet,False,,360,0,0
2723,5_planet,False,,360,0,0
2723,7_planet,False,,360,0,0
2724,4_planet,False,,360,0,0
2724,5_planet,False,,360,0,0
2724,7_planet,False,,360,0,0
2725,4_planet,False,,360,0,0
2725,5_planet,False,,360,0,0
2725,7_planet,False,,360,0,0
2726,4_planet,False,,360,0,0
2726,5_planet,False,,360,0,0
2726,7_planet,False,,360,0,0
2727,4_planet,False,,360,0,0
2727,5_planet,False,,360,0,0
2727,7_planet,False,,360,0,0
2728,4_planet,False,,360,0,0
2728,5_planet,False,,360,0,0
2728,7_planet,False,,360,0,0
2729,4_planet,False,,360,0,0
2729,5_planet,False,,360,0,0
2729,7_planet,False,,360,0,0
2730,4_planet,False,,360,0,0
2730,5_planet,False,,360,0,0
2730,7_planet,False,,360,0,0
2731,4_planet,False,,360,0,0
2731,5_planet,False,,360,0,0
2731,7_planet,False,,360,0,0
2732,4_planet,False,,360,0,0
2732,5_planet,False,,360,0,0
2732,7_planet,True,"Saturn, Jupiter, Mars, Sun, Venus, Mercury, Moon",57.73,3.78,35.71
2733,4_planet,False,,360,0,0
2733,5_planet,False,,360,0,0
2733,7_planet,False,,360,0,0
2734,4_planet,False,,360,0,0
2734,5_planet,False,,360,0,0
2734,7_planet,False,,360,0,0
2735,4_planet,False,,360,0,0
2735,5_planet,False,,360,0,0
2735,7_planet,False,,360,0,0
2736,4_planet,False,,360,0,0
2736,5_planet,False,,360,0,0
2736,7_planet,False,,360,0,0
2737,4_planet,False,,360,0,0
2737,5_planet,False,,360,0,0
2737,7_planet,False,,360,0,0
2738,4_planet,False,,360,0,0
2738,5_planet,False,,360,0,0
2738,7_planet,False,,360,0,0
2739,4_planet,False,,360,0,0
2739,5_planet,False,,360,0,0
2739,7_planet,False,,360,0,0
2740,4_planet,False,,360,0,0
2740,5_planet,False,,360,0,0
2740,7_planet,False,,360,0,0
2741,4_planet,False,,360,0,0
2741,5_planet,False,,360,0,0
2741,7_planet,False,,360,0,0
2742,4_planet,False,,360,0,0
2742,5_planet,False,,360,0,0
2742,7_planet,False,,360,0,0
2743,4_planet,False,,360,0,0
2743,5_planet,False,,360,0,0
2743,7_planet,False,,360,0,0
2744,4_planet,False,,360,0,0
2744,5_planet,False,,360,0,0
2744,7_planet,False,,360,0,0
2745,4_planet,False,,360,0,0
2745,5_planet,False,,360,0,0
2745,7_planet,False,,360,0,0
2746,4_planet,False,,360,0,0
2746,5_planet,False,,360,0,0
2746,7_planet,False,,360,0,0
2747,4_planet,False,,360,0,0
2747,5_planet,False,,360,0,0
2747,7_planet,False,,360,0,0
2748,4_planet,False,,360,0,0
2748,5_planet,False,,360,0,0
2748,7_planet,False,,360,0,0
2749,4_planet,False,,360,0,0
2749,5_planet,False,,360,0,0
2749,7_planet,False,,360,0,0
2750,4_planet,False,,360,0,0
2750,5_planet,False,,360,0,0
2750,7_planet,False,,360,0,0
2751,4_planet,False,,360,0,0
2751,5_planet,False,,360,0,0
2751,7_planet,False,,360,0,0
2752,4_planet,False,,360,0,0
2752,5_planet,False,,360,0,0
2752,7_planet,False,,360,0,0
2753,4_planet,False,,360,0,0
2753,5_planet,False,,360,0,0
2753,7_planet,False,,360,0,0
2754,4_planet,False,,360,0,0
2754,5_planet,False,,360,0,0
2754,7_planet,False,,360,0,0
2755,4_planet,False,,360,0,0
2755,5_planet,False,,360,0,0
2755,7_planet,False,,360,0,0
2756,4_planet,False,,360,0,0
2756,5_planet,False,,360,0,0
2756,7_planet,False,,360,0,0
2757,4_planet,False,,360,0,0
2757,5_planet,False,,360,0,0
2757,7_planet,False,,360,0,0
2758,4_planet,False,,360,0,0
2758,5_planet,False,,360,0,0
2758,7_planet,False,,360,0,0
2759,4_planet,False,,360,0,0
2759,5_planet,False,,360,0,0
2759,7_planet,False,,360,0,0
2760,4_planet,False,,360,0,0
2760,5_planet,False,,360,0,0
2760,7_planet,False,,360,0,0
2761,4_planet,False,,360,0,0
2761,5_planet,False,,360,0,0
2761,7_planet,False,,360,0,0
2762,4_planet,False,,360,0,0
2762,5_planet,False,,360,0,0
2762,7_planet,False,,360,0,0
2763,4_planet,False,,360,0,0
2763,5_planet,False,,360,0,0
2763,7_planet,False,,360,0,0
2764,4_planet,False,,360,0,0
2764,5_planet,False,,360,0,0
2764,7_planet,False,,360,0,0
2765,4_planet,False,,360,0,0
2765,5_planet,False,,360,0,0
2765,7_planet,False,,360,0,0
2766,4_planet,False,,360,0,0
2766,5_planet,False,,360,0,0
2766,7_planet,False,,360,0,0
2767,4_planet,False,,360,0,0
2767,5_planet,False,,360,0,0
2767,7_planet,False,,360,0,0
2768,4_planet,False,,360,0,0
2768,5_planet,False,,360,0,0
2768,7_planet,False,,360,0,0
2769,4_planet,False,,360,0,0
2769,5_planet,False,,360,0,0
2769,7_planet,False,,360,0,0
2770,4_planet,False,,360,0,0
2770,5_planet,False,,360,0,0
2770,7_planet,False,,360,0,0
2771,4_planet,False,,360,0,0
2771,5_planet,False,,360,0,0
2771,7_planet,False,,360,0,0
2772,4_planet,False,,360,0,0
2772,5_planet,False,,360,0,0
2772,7_planet,False,,360,0,0
2773,4_planet,False,,360,0,0
2773,5_planet,False,,360,0,0
2773,7_planet,False,,360,0,0
2774,4_planet,False,,360,0,0
2774,5_planet,False,,360,0,0
2774,7_planet,False,,360,0,0
2775,4_planet,False,,360,0,0
2775,5_planet,False,,360,0,0
2775,7_planet,False,,360,0,0
2776,4_planet,False,,360,0,0
2776,5_planet,False,,360,0,0
2776,7_planet,False,,360,0,0
2777,4_planet,False,,360,0,0
2777,5_planet,False,,360,0,0
2777,7_planet,False,,360,0,0
2778,4_planet,False,,360,0,0
2778,5_planet,False,,360,0,0
2778,7_planet,False,,360,0,0
2779,4_planet,False,,360,0,0
2779,5_planet,False,,360,0,0
2779,7_planet,False,,360,0,0
2780,4_planet,False,,360,0,0
2780,5_planet,False,,360,0,0
2780,7_planet,False,,360,0,0
2781,4_planet,False,,360,0,0
2781,5_planet,False,,360,0,0
2781,7_planet,False,,360,0,0
2782,4_planet,False,,360,0,0
2782,5_planet,False,,360,0,0
2782,7_planet,False,,360,0,0
2783,4_planet,False,,360,0,0
2783,5_planet,False,,360,0,0
2783,7_planet,False,,360,0,0
2784,4_planet,False,,360,0,0
2784,5_planet,False,,360,0,0
2784,7_planet,False,,360,0,0
2785,4_planet,False,,360,0,0
2785,5_planet,False,,360,0,0
2785,7_planet,False,,360,0,0
2786,4_planet,False,,360,0,0
2786,5_planet,False,,360,0,0
2786,7_planet,False,,360,0,0
2787,4_planet,False,,360,0,0
2787,5_planet,False,,360,0,0
2787,7_planet,False,,360,0,0
2788,4_planet,False,,360,0,0
2788,5_planet,False,,360,0,0
2788,7_planet,False,,360,0,0
2789,4_planet,False,,360,0,0
2789,5_planet,False,,360,0,0
2789,7_planet,False,,360,0,0
2790,4_planet,False,,360,0,0
2790,5_planet,False,,360,0,0
2790,7_planet,False,,360,0,0
2791,4_planet,False,,360,0,0
2791,5_planet,False,,360,0,0
2791,7_planet,False,,360,0,0
2792,4_planet,False,,360,0,0
2792,5_planet,False,,360,0,0
2792,7_planet,False,,360,0,0
2793,4_planet,False,,360,0,0
2793,5_planet,False,,360,0,0
2793,7_planet,False,,360,0,0
2794,4_planet,False,,360,0,0
2794,5_planet,False,,360,0,0
2794,7_planet,False,,360,0,0
2795,4_planet,False,,360,0,0
2795,5_planet,False,,360,0,0
2795,7_planet,False,,360,0,0
2796,4_planet,False,,360,0,0
2796,5_planet,False,,360,0,0
2796,7_planet,False,,360,0,0
2797,4_planet,False,,360,0,0
2797,5_planet,False,,360,0,0
2797,7_planet,False,,360,0,0
2798,4_planet,False,,360,0,0
2798,5_planet,False,,360,0,0
2798,7_planet,False,,360,0,0
2799,4_planet,False,,360,0,0
2799,5_planet,False,,360,0,0
2799,7_planet,False,,360,0,0
2800,4_planet,False,,360,0,0
2800,5_planet,False,,360,0,0
2800,7_planet,False,,360,0,0
2801,4_planet,False,,360,0,0
2801,5_planet,False,,360,0,0
2801,7_planet,False,,360,0,0
2802,4_planet,False,,360,0,0
2802,5_planet,False,,360,0,0
2802,7_planet,False,,360,0,0
2803,4_planet,False,,360,0,0
2803,5_planet,False,,360,0,0
2803,7_planet,False,,360,0,0
2804,4_planet,False,,360,0,0
2804,5_planet,False,,360,0,0
2804,7_planet,False,,360,0,0
2805,4_planet,False,,360,0,0
2805,5_planet,False,,360,0,0
2805,7_planet,False,,360,0,0
2806,4_planet,False,,360,0,0
2806,5_planet,False,,360,0,0
2806,7_planet,False,,360,0,0
2807,4_planet,False,,360,0,0
2807,5_planet,False,,360,0,0
2807,7_planet,False,,360,0,0
2808,4_planet,False,,360,0,0
2808,5_planet,False,,360,0,0
2808,7_planet,False,,360,0,0
2809,4_planet,False,,360,0,0
2809,5_planet,False,,360,0,0
2809,7_planet,False,,360,0,0
2810,4_planet,False,,360,0,0
2810,5_planet,False,,360,0,0
2810,7_planet,False,,360,0,0
2811,4_planet,False,,360,0,0
2811,5_planet,False,,360,0,0
2811,7_planet,False,,360,0,0
2812,4_planet,False,,360,0,0
2812,5_planet,False,,360,0,0
2812,7_planet,False,,360,0,0
2813,4_planet,False,,360,0,0
2813,5_planet,False,,360,0,0
2813,7_planet,False,,360,0,0
2814,4_planet,False,,360,0,0
2814,5_planet,False,,360,0,0
2814,7_planet,False,,360,0,0
2815,4_planet,False,,360,0,0
2815,5_planet,False,,360,0,0
2815,7_planet,False,,360,0,0
2816,4_planet,False,,360,0,0
2816,5_planet,False,,360,0,0
2816,7_planet,False,,360,0,0
2817,4_planet,False,,360,0,0
2817,5_planet,False,,360,0,0
2817,7_planet,False,,360,0,0
2818,4_planet,False,,360,0,0
2818,5_planet,False,,360,0,0
2818,7_planet,False,,360,0,0
2819,4_planet,False,,360,0,0
2819,5_planet,False,,360,0,0
2819,7_planet,False,,360,0,0
2820,4_planet,False,,360,0,0
2820,5_planet,False,,360,0,0
2820,7_planet,False,,360,0,0
2821,4_planet,False,,360,0,0
2821,5_planet,False,,360,0,0
2821,7_planet,False,,360,0,0
2822,4_planet,False,,360,0,0
2822,5_planet,False,,360,0,0
2822,7_planet,False,,360,0,0
2823,4_planet,False,,360,0,0
2823,5_planet,False,,360,0,0
2823,7_planet,False,,360,0,0
2824,4_planet,False,,360,0,0
2824,5_planet,False,,360,0,0
2824,7_planet,False,,360,0,0
2825,4_planet,False,,360,0,0
2825,5_planet,False,,360,0,0
2825,7_planet,False,,360,0,0
2826,4_planet,False,,360,0,0
2826,5_planet,False,,360,0,0
2826,7_planet,False,,360,0,0
2827,4_planet,False,,360,0,0
2827,5_planet,False,,360,0,0
2827,7_planet,False,,360,0,0
2828,4_planet,False,,360,0,0
2828,5_planet,False,,360,0,0
2828,7_planet,False,,360,0,0
2829,4_planet,False,,360,0,0
2829,5_planet,False,,360,0,0
2829,7_planet,False,,360,0,0
2830,4_planet,False,,360,0,0
2830,5_planet,False,,360,0,0
2830,7_planet,False,,360,0,0
2831,4_planet,False,,360,0,0
2831,5_planet,False,,360,0,0
2831,7_planet,False,,360,0,0
2832,4_planet,False,,360,0,0
2832,5_planet,False,,360,0,0
2832,7_planet,False,,360,0,0
2833,4_planet,False,,360,0,0
2833,5_planet,False,,360,0,0
2833,7_planet,False,,360,0,0
2834,4_planet,False,,360,0,0
2834,5_planet,False,,360,0,0
2834,7_planet,False,,360,0,0
2835,4_planet,False,,360,0,0
2835,5_planet,False,,360,0,0
2835,7_planet,False,,360,0,0
2836,4_planet,False,,360,0,0
2836,5_planet,False,,360,0,0
2836,7_planet,False,,360,0,0
2837,4_planet,False,,360,0,0
2837,5_planet,False,,360,0,0
2837,7_planet,False,,360,0,0
2838,4_planet,False,,360,0,0
2838,5_planet,False,,360,0,0
2838,7_planet,False,,360,0,0
2839,4_planet,False,,360,0,0
2839,5_planet,False,,360,0,0
2839,7_planet,False,,360,0,0
2840,4_planet,False,,360,0,0
2840,5_planet,False,,360,0,0
2840,7_planet,False,,360,0,0
2841,4_planet,False,,360,0,0
2841,5_planet,False,,360,0,0
2841,7_planet,False,,360,0,0
2842,4_planet,False,,360,0,0
2842,5_planet,False,,360,0,0
2842,7_planet,False,,360,0,0
2843,4_planet,False,,360,0,0
2843,5_planet,False,,360,0,0
2843,7_planet,False,,360,0,0
2844,4_planet,False,,360,0,0
2844,5_planet,False,,360,0,0
2844,7_planet,False,,360,0,0
2845,4_planet,False,,360,0,0
2845,5_planet,False,,360,0,0
2845,7_planet,False,,360,0,0
2846,4_planet,False,,360,0,0
2846,5_planet,False,,360,0,0
2846,7_planet,False,,360,0,0
2847,4_planet,False,,360,0,0
2847,5_planet,False,,360,0,0
2847,7_planet,False,,360,0,0
2848,4_planet,False,,360,0,0
2848,5_planet,False,,360,0,0
2848,7_planet,False,,360,0,0
2849,4_planet,False,,360,0,0
2849,5_planet,False,,360,0,0
2849,7_planet,False,,360,0,0
2850,4_planet,False,,360,0,0
2850,5_planet,False,,360,0,0
2850,7_planet,False,,360,0,0
2851,4_planet,False,,360,0,0
2851,5_planet,False,,360,0,0
2851,7_planet,False,,360,0,0
2852,4_planet,False,,360,0,0
2852,5_planet,False,,360,0,0
2852,7_planet,False,,360,0,0
2853,4_planet,False,,360,0,0
2853,5_planet,False,,360,0,0
2853,7_planet,False,,360,0,0
2854,4_planet,False,,360,0,0
2854,5_planet,False,,360,0,0
2854,7_planet,False,,360,0,0
2855,4_planet,False,,360,0,0
2855,5_planet,False,,360,0,0
2855,7_planet,False,,360,0,0
2856,4_planet,False,,360,0,0
2856,5_planet,False,,360,0,0
2856,7_planet,False,,360,0,0
2857,4_planet,False,,360,0,0
2857,5_planet,False,,360,0,0
2857,7_planet,False,,360,0,0
2858,4_planet,False,,360,0,0
2858,5_planet,False,,360,0,0
2858,7_planet,False,,360,0,0
2859,4_planet,False,,360,0,0
2859,5_planet,False,,360,0,0
2859,7_planet,False,,360,0,0
2860,4_planet,False,,360,0,0
2860,5_planet,False,,360,0,0
2860,7_planet,False,,360,0,0
2861,4_planet,False,,360,0,0
2861,5_planet,False,,360,0,0
2861,7_planet,False,,360,0,0
2862,4_planet,False,,360,0,0
2862,5_planet,False,,360,0,0
2862,7_planet,False,,360,0,0
2863,4_planet,False,,360,0,0
2863,5_planet,False,,360,0,0
2863,7_planet,False,,360,0,0
2864,4_planet,False,,360,0,0
2864,5_planet,False,,360,0,0
2864,7_planet,False,,360,0,0
2865,4_planet,False,,360,0,0
2865,5_planet,False,,360,0,0
2865,7_planet,False,,360,0,0
2866,4_planet,False,,360,0,0
2866,5_planet,False,,360,0,0
2866,7_planet,False,,360,0,0
2867,4_planet,False,,360,0,0
2867,5_planet,False,,360,0,0
2867,7_planet,False,,360,0,0
2868,4_planet,False,,360,0,0
2868,5_planet,False,,360,0,0
2868,7_planet,False,,360,0,0
2869,4_planet,False,,360,0,0
2869,5_planet,False,,360,0,0
2869,7_planet,False,,360,0,0
2870,4_planet,False,,360,0,0
2870,5_planet,False,,360,0,0
2870,7_planet,False,,360,0,0
2871,4_planet,False,,360,0,0
2871,5_planet,False,,360,0,0
2871,7_planet,False,,360,0,0
2872,4_planet,False,,360,0,0
2872,5_planet,False,,360,0,0
2872,7_planet,False,,360,0,0
2873,4_planet,False,,360,0,0
2873,5_planet,False,,360,0,0
2873,7_planet,False,,360,0,0
2874,4_planet,False,,360,0,0
2874,5_planet,False,,360,0,0
2874,7_planet,False,,360,0,0
2875,4_planet,False,,360,0,0
2875,5_planet,False,,360,0,0
2875,7_planet,False,,360,0,0
2876,4_planet,False,,360,0,0
2876,5_planet,False,,360,0,0
2876,7_planet,False,,360,0,0
2877,4_planet,False,,360,0,0
2877,5_planet,False,,360,0,0
2877,7_planet,False,,360,0,0
2878,4_planet,False,,360,0,0
2878,5_planet,False,,360,0,0
2878,7_planet,False,,360,0,0
2879,4_planet,False,,360,0,0
2879,5_planet,False,,360,0,0
2879,7_planet,False,,360,0,0
2880,4_planet,False,,360,0,0
2880,5_planet,False,,360,0,0
2880,7_planet,False,,360,0,0
2881,4_planet,False,,360,0,0
2881,5_planet,False,,360,0,0
2881,7_planet,False,,360,0,0
2882,4_planet,False,,360,0,0
2882,5_planet,False,,360,0,0
2882,7_planet,False,,360,0,0
2883,4_planet,False,,360,0,0
2883,5_planet,False,,360,0,0
2883,7_planet,False,,360,0,0
2884,4_planet,False,,360,0,0
2884,5_planet,False,,360,0,0
2884,7_planet,False,,360,0,0
2885,4_planet,False,,360,0,0
2885,5_planet,False,,360,0,0
2885,7_planet,False,,360,0,0
2886,4_planet,False,,360,0,0
2886,5_planet,False,,360,0,0
2886,7_planet,False,,360,0,0
2887,4_planet,False,,360,0,0
2887,5_planet,False,,360,0,0
2887,7_planet,False,,360,0,0
2888,4_planet,False,,360,0,0
2888,5_planet,False,,360,0,0
2888,7_planet,False,,360,0,0
2889,4_planet,False,,360,0,0
2889,5_planet,False,,360,0,0
2889,7_planet,False,,360,0,0
2890,4_planet,False,,360,0,0
2890,5_planet,False,,360,0,0
2890,7_planet,False,,360,0,0
2891,4_planet,False,,360,0,0
2891,5_planet,False,,360,0,0
2891,7_planet,False,,360,0,0
2892,4_planet,False,,360,0,0
2892,5_planet,False,,360,0,0
2892,7_planet,False,,360,0,0
2893,4_planet,False,,360,0,0
2893,5_planet,False,,360,0,0
2893,7_planet,False,,360,0,0
2894,4_planet,False,,360,0,0
2894,5_planet,False,,360,0,0
2894,7_planet,False,,360,0,0
2895,4_planet,False,,360,0,0
2895,5_planet,False,,360,0,0
2895,7_planet,False,,360,0,0
2896,4_planet,False,,360,0,0
2896,5_planet,False,,360,0,0
2896,7_planet,False,,360,0,0
2897,4_planet,False,,360,0,0
2897,5_planet,False,,360,0,0
2897,7_planet,False,,360,0,0
2898,4_planet,False,,360,0,0
2898,5_planet,False,,360,0,0
2898,7_planet,False,,360,0,0
2899,4_planet,False,,360,0,0
2899,5_planet,False,,360,0,0
2899,7_planet,False,,360,0,0
2900,4_planet,False,,360,0,0
2900,5_planet,False,,360,0,0
2900,7_planet,False,,360,0,0
2901,4_planet,False,,360,0,0
2901,5_planet,False,,360,0,0
2901,7_planet,False,,360,0,0
2902,4_planet,False,,360,0,0
2902,5_planet,False,,360,0,0
2902,7_planet,False,,360,0,0
2903,4_planet,False,,360,0,0
2903,5_planet,False,,360,0,0
2903,7_planet,False,,360,0,0
2904,4_planet,False,,360,0,0
2904,5_planet,False,,360,0,0
2904,7_planet,False,,360,0,0
2905,4_planet,False,,360,0,0
2905,5_planet,False,,360,0,0
2905,7_planet,False,,360,0,0
2906,4_planet,False,,360,0,0
2906,5_planet,False,,360,0,0
2906,7_planet,False,,360,0,0
2907,4_planet,False,,360,0,0
2907,5_planet,False,,360,0,0
2907,7_planet,False,,360,0,0
2908,4_planet,False,,360,0,0
2908,5_planet,False,,360,0,0
2908,7_planet,False,,360,0,0
2909,4_planet,False,,360,0,0
2909,5_planet,False,,360,0,0
2909,7_planet,False,,360,0,0
2910,4_planet,False,,360,0,0
2910,5_planet,False,,360,0,0
2910,7_planet,False,,360,0,0
2911,4_planet,False,,360,0,0
2911,5_planet,False,,360,0,0
2911,7_planet,False,,360,0,0
2912,4_planet,False,,360,0,0
2912,5_planet,False,,360,0,0
2912,7_planet,False,,360,0,0
2913,4_planet,False,,360,0,0
2913,5_planet,False,,360,0,0
2913,7_planet,False,,360,0,0
2914,4_planet,False,,360,0,0
2914,5_planet,False,,360,0,0
2914,7_planet,False,,360,0,0
2915,4_planet,False,,360,0,0
2915,5_planet,False,,360,0,0
2915,7_planet,False,,360,0,0
2916,4_planet,False,,360,0,0
2916,5_planet,False,,360,0,0
2916,7_planet,False,,360,0,0
2917,4_planet,False,,360,0,0
2917,5_planet,False,,360,0,0
2917,7_planet,False,,360,0,0
2918,4_planet,False,,360,0,0
2918,5_planet,False,,360,0,0
2918,7_planet,False,,360,0,0
2919,4_planet,False,,360,0,0
2919,5_planet,False,,360,0,0
2919,7_planet,False,,360,0,0
2920,4_planet,False,,360,0,0
2920,5_planet,False,,360,0,0
2920,7_planet,False,,360,0,0
2921,4_planet,False,,360,0,0
2921,5_planet,False,,360,0,0
2921,7_planet,False,,360,0,0
2922,4_planet,False,,360,0,0
2922,5_planet,False,,360,0,0
2922,7_planet,False,,360,0,0
2923,4_planet,False,,360,0,0
2923,5_planet,False,,360,0,0
2923,7_planet,False,,360,0,0
2924,4_planet,False,,360,0,0
2924,5_planet,False,,360,0,0
2924,7_planet,False,,360,0,0
2925,4_planet,False,,360,0,0
2925,5_planet,False,,360,0,0
2925,7_planet,False,,360,0,0
2926,4_planet,False,,360,0,0
2926,5_planet,False,,360,0,0
2926,7_planet,False,,360,0,0
2927,4_planet,False,,360,0,0
2927,5_planet,False,,360,0,0
2927,7_planet,False,,360,0,0
2928,4_planet,False,,360,0,0
2928,5_planet,False,,360,0,0
2928,7_planet,False,,360,0,0
2929,4_planet,False,,360,0,0
2929,5_planet,False,,360,0,0
2929,7_planet,False,,360,0,0
2930,4_planet,False,,360,0,0
2930,5_planet,False,,360,0,0
2930,7_planet,False,,360,0,0
2931,4_planet,False,,360,0,0
2931,5_planet,False,,360,0,0
2931,7_planet,False,,360,0,0
2932,4_planet,False,,360,0,0
2932,5_planet,False,,360,0,0
2932,7_planet,False,,360,0,0
2933,4_planet,False,,360,0,0
2933,5_planet,False,,360,0,0
2933,7_planet,False,,360,0,0
2934,4_planet,False,,360,0,0
2934,5_planet,False,,360,0,0
2934,7_planet,False,,360,0,0
2935,4_planet,False,,360,0,0
2935,5_planet,False,,360,0,0
2935,7_planet,False,,360,0,0
2936,4_planet,False,,360,0,0
2936,5_planet,False,,360,0,0
2936,7_planet,False,,360,0,0
2937,4_planet,False,,360,0,0
2937,5_planet,False,,360,0,0
2937,7_planet,False,,360,0,0
2938,4_planet,False,,360,0,0
2938,5_planet,False,,360,0,0
2938,7_planet,False,,360,0,0
2939,4_planet,False,,360,0,0
2939,5_planet,False,,360,0,0
2939,7_planet,False,,360,0,0
2940,4_planet,False,,360,0,0
2940,5_planet,False,,360,0,0
2940,7_planet,False,,360,0,0
2941,4_planet,False,,360,0,0
2941,5_planet,False,,360,0,0
2941,7_planet,False,,360,0,0
2942,4_planet,False,,360,0,0
2942,5_planet,False,,360,0,0
2942,7_planet,False,,360,0,0
2943,4_planet,False,,360,0,0
2943,5_planet,False,,360,0,0
2943,7_planet,False,,360,0,0
2944,4_planet,False,,360,0,0
2944,5_planet,False,,360,0,0
2944,7_planet,False,,360,0,0
2945,4_planet,False,,360,0,0
2945,5_planet,False,,360,0,0
2945,7_planet,False,,360,0,0
2946,4_planet,False,,360,0,0
2946,5_planet,False,,360,0,0
2946,7_planet,False,,360,0,0
2947,4_planet,False,,360,0,0
2947,5_planet,False,,360,0,0
2947,7_planet,False,,360,0,0
2948,4_planet,False,,360,0,0
2948,5_planet,False,,360,0,0
2948,7_planet,False,,360,0,0
2949,4_planet,False,,360,0,0
2949,5_planet,False,,360,0,0
2949,7_planet,False,,360,0,0
2950,4_planet,False,,360,0,0
2950,5_planet,False,,360,0,0
2950,7_planet,False,,360,0,0
2951,4_planet,False,,360,0,0
2951,5_planet,False,,360,0,0
2951,7_planet,False,,360,0,0
2952,4_planet,False,,360,0,0
2952,5_planet,False,,360,0,0
2952,7_planet,False,,360,0,0
2953,4_planet,False,,360,0,0
2953,5_planet,False,,360,0,0
2953,7_planet,False,,360,0,0
2954,4_planet,False,,360,0,0
2954,5_planet,False,,360,0,0
2954,7_planet,False,,360,0,0
2955,4_planet,False,,360,0,0
2955,5_planet,False,,360,0,0
2955,7_planet,False,,360,0,0
2956,4_planet,False,,360,0,0
2956,5_planet,False,,360,0,0
2956,7_planet,False,,360,0,0
2957,4_planet,False,,360,0,0
2957,5_planet,False,,360,0,0
2957,7_planet,False,,360,0,0
2958,4_planet,False,,360,0,0
2958,5_planet,False,,360,0,0
2958,7_planet,False,,360,0,0
2959,4_planet,False,,360,0,0
2959,5_planet,False,,360,0,0
2959,7_planet,False,,360,0,0
2960,4_planet,False,,360,0,0
2960,5_planet,False,,360,0,0
2960,7_planet,False,,360,0,0
2961,4_planet,False,,360,0,0
2961,5_planet,False,,360,0,0
2961,7_planet,False,,360,0,0
2962,4_planet,False,,360,0,0
2962,5_planet,False,,360,0,0
2962,7_planet,False,,360,0,0
2963,4_planet,False,,360,0,0
2963,5_planet,False,,360,0,0
2963,7_planet,False,,360,0,0
2964,4_planet,False,,360,0,0
2964,5_planet,False,,360,0,0
2964,7_planet,False,,360,0,0
2965,4_planet,False,,360,0,0
2965,5_planet,False,,360,0,0
2965,7_planet,False,,360,0,0
2966,4_planet,False,,360,0,0
2966,5_planet,False,,360,0,0
2966,7_planet,False,,360,0,0
2967,4_planet,False,,360,0,0
2967,5_planet,False,,360,0,0
2967,7_planet,False,,360,0,0
2968,4_planet,False,,360,0,0
2968,5_planet,False,,360,0,0
2968,7_planet,False,,360,0,0
2969,4_planet,False,,360,0,0
2969,5_planet,False,,360,0,0
2969,7_planet,False,,360,0,0
2970,4_planet,False,,360,0,0
2970,5_planet,False,,360,0,0
2970,7_planet,False,,360,0,0
2971,4_planet,False,,360,0,0
2971,5_planet,False,,360,0,0
2971,7_planet,False,,360,0,0
2972,4_planet,False,,360,0,0
2972,5_planet,False,,360,0,0
2972,7_planet,False,,360,0,0
2973,4_planet,False,,360,0,0
2973,5_planet,False,,360,0,0
2973,7_planet,False,,360,0,0
2974,4_planet,False,,360,0,0
2974,5_planet,False,,360,0,0
2974,7_planet,False,,360,0,0
2975,4_planet,False,,360,0,0
2975,5_planet,False,,360,0,0
2975,7_planet,False,,360,0,0
2976,4_planet,False,,360,0,0
2976,5_planet,False,,360,0,0
2976,7_planet,False,,360,0,0
2977,4_planet,False,,360,0,0
2977,5_planet,False,,360,0,0
2977,7_planet,False,,360,0,0
2978,4_planet,False,,360,0,0
2978,5_planet,False,,360,0,0
2978,7_planet,False,,360,0,0
2979,4_planet,False,,360,0,0
2979,5_planet,False,,360,0,0
2979,7_planet,False,,360,0,0
2980,4_planet,False,,360,0,0
2980,5_planet,False,,360,0,0
2980,7_planet,False,,360,0,0
2981,4_planet,False,,360,0,0
2981,5_planet,False,,360,0,0
2981,7_planet,False,,360,0,0
2982,4_planet,False,,360,0,0
2982,5_planet,False,,360,0,0
2982,7_planet,False,,360,0,0
2983,4_planet,False,,360,0,0
2983,5_planet,False,,360,0,0
2983,7_planet,False,,360,0,0
2984,4_planet,False,,360,0,0
2984,5_planet,False,,360,0,0
2984,7_planet,False,,360,0,0
2985,4_planet,False,,360,0,0
2985,5_planet,False,,360,0,0
2985,7_planet,False,,360,0,0
2986,4_planet,False,,360,0,0
2986,5_planet,False,,360,0,0
2986,7_planet,False,,360,0,0
2987,4_planet,False,,360,0,0
2987,5_planet,False,,360,0,0
2987,7_planet,False,,360,0,0
2988,4_planet,False,,360,0,0
2988,5_planet,False,,360,0,0
2988,7_planet,False,,360,0,0
2989,4_planet,False,,360,0,0
2989,5_planet,False,,360,0,0
2989,7_planet,False,,360,0,0
2990,4_planet,False,,360,0,0
2990,5_planet,False,,360,0,0
2990,7_planet,False,,360,0,0
2991,4_planet,False,,360,0,0
2991,5_planet,False,,360,0,0
2991,7_planet,False,,360,0,0
2992,4_planet,False,,360,0,0
2992,5_planet,False,,360,0,0
2992,7_planet,False,,360,0,0
2993,4_planet,False,,360,0,0
2993,5_planet,False,,360,0,0
2993,7_planet,False,,360,0,0
2994,4_planet,False,,360,0,0
2994,5_planet,False,,360,0,0
2994,7_planet,False,,360,0,0
2995,4_planet,False,,360,0,0
2995,5_planet,False,,360,0,0
2995,7_planet,False,,360,0,0
2996,4_planet,False,,360,0,0
2996,5_planet,False,,360,0,0
2996,7_planet,False,,360,0,0
2997,4_planet,False,,360,0,0
2997,5_planet,False,,360,0,0
2997,7_planet,False,,360,0,0
2998,4_planet,False,,360,0,0
2998,5_planet,False,,360,0,0
2998,7_planet,False,,360,0,0
2999,4_planet,False,,360,0,0
2999,5_planet,False,,360,0,0
2999,7_planet,False,,360,0,0
3000,4_planet,False,,360,0,0
3000,5_planet,False,,360,0,0
3000,7_planet,False,,360,0,0
3001,4_planet,False,,360,0,0
3001,5_planet,False,,360,0,0
3001,7_planet,False,,360,0,0
3002,4_planet,False,,360,0,0
3002,5_planet,False,,360,0,0
3002,7_planet,False,,360,0,0
3003,4_planet,False,,360,0,0
3003,5_planet,False,,360,0,0
3003,7_planet,False,,360,0,0
3004,4_planet,False,,360,0,0
3004,5_planet,False,,360,0,0
3004,7_planet,False,,360,0,0
3005,4_planet,False,,360,0,0
3005,5_planet,False,,360,0,0
3005,7_planet,False,,360,0,0
3006,4_planet,False,,360,0,0
3006,5_planet,False,,360,0,0
3006,7_planet,False,,360,0,0
3007,4_planet,False,,360,0,0
3007,5_planet,False,,360,0,0
3007,7_planet,False,,360,0,0
3008,4_planet,False,,360,0,0
3008,5_planet,False,,360,0,0
3008,7_planet,False,,360,0,0
3009,4_planet,False,,360,0,0
3009,5_planet,False,,360,0,0
3009,7_planet,False,,360,0,0
3010,4_planet,False,,360,0,0
3010,5_planet,False,,360,0,0
3010,7_planet,False,,360,0,0
3011,4_planet,False,,360,0,0
3011,5_planet,False,,360,0,0
3011,7_planet,False,,360,0,0
3012,4_planet,False,,360,0,0
3012,5_planet,False,,360,0,0
3012,7_planet,False,,360,0,0
3013,4_planet,False,,360,0,0
3013,5_planet,False,,360,0,0
3013,7_planet,False,,360,0,0
3014,4_planet,False,,360,0,0
3014,5_planet,False,,360,0,0
3014,7_planet,False,,360,0,0
3015,4_planet,False,,360,0,0
3015,5_planet,False,,360,0,0
3015,7_planet,False,,360,0,0
3016,4_planet,False,,360,0,0
3016,5_planet,False,,360,0,0
3016,7_planet,False,,360,0,0
3017,4_planet,False,,360,0,0
3017,5_planet,False,,360,0,0
3017,7_planet,False,,360,0,0
3018,4_planet,False,,360,0,0
3018,5_planet,False,,360,0,0
3018,7_planet,False,,360,0,0
3019,4_planet,False,,360,0,0
3019,5_planet,False,,360,0,0
3019,7_planet,False,,360,0,0
3020,4_planet,False,,360,0,0
3020,5_planet,False,,360,0,0
3020,7_planet,False,,360,0,0
3021,4_planet,False,,360,0,0
3021,5_planet,False,,360,0,0
3021,7_planet,False,,360,0,0
3022,4_planet,False,,360,0,0
3022,5_planet,False,,360,0,0
3022,7_planet,False,,360,0,0
3023,4_planet,False,,360,0,0
3023,5_planet,False,,360,0,0
3023,7_planet,False,,360,0,0
3024,4_planet,False,,360,0,0
3024,5_planet,False,,360,0,0
3024,7_planet,False,,360,0,0
3025,4_planet,False,,360,0,0
3025,5_planet,False,,360,0,0
3025,7_planet,False,,360,0,0
3026,4_planet,False,,360,0,0
3026,5_planet,False,,360,0,0
3026,7_planet,False,,360,0,0
3027,4_planet,False,,360,0,0
3027,5_planet,False,,360,0,0
3027,7_planet,False,,360,0,0
3028,4_planet,False,,360,0,0
3028,5_planet,False,,360,0,0
3028,7_planet,False,,360,0,0
3029,4_planet,False,,360,0,0
3029,5_planet,False,,360,0,0
3029,7_planet,False,,360,0,0
3030,4_planet,False,,360,0,0
3030,5_planet,False,,360,0,0
3030,7_planet,False,,360,0,0
3031,4_planet,False,,360,0,0
3031,5_planet,False,,360,0,0
3031,7_planet,False,,360,0,0
3032,4_planet,False,,360,0,0
3032,5_planet,False,,360,0,0
3032,7_planet,False,,360,0,0
3033,4_planet,False,,360,0,0
3033,5_planet,False,,360,0,0
3033,7_planet,False,,360,0,0
3034,4_planet,False,,360,0,0
3034,5_planet,False,,360,0,0
3034,7_planet,False,,360,0,0
3035,4_planet,False,,360,0,0
3035,5_planet,False,,360,0,0
3035,7_planet,False,,360,0,0
3036,4_planet,False,,360,0,0
3036,5_planet,False,,360,0,0
3036,7_planet,False,,360,0,0
3037,4_planet,False,,360,0,0
3037,5_planet,False,,360,0,0
3037,7_planet,False,,360,0,0
3038,4_planet,False,,360,0,0
3038,5_planet,False,,360,0,0
3038,7_planet,True,"Moon, Mercury, Venus, Sun, Mars, Jupiter, Saturn",57.78,3.7,21.43
3039,4_planet,False,,360,0,0
3039,5_planet,False,,360,0,0
3039,7_planet,False,,360,0,0
3040,4_planet,False,,360,0,0
3040,5_planet,False,,360,0,0
3040,7_planet,False,,360,0,0
3041,4_planet,False,,360,0,0
3041,5_planet,False,,360,0,0
3041,7_planet,False,,360,0,0
3042,4_planet,False,,360,0,0
3042,5_planet,False,,360,0,0
3042,7_planet,False,,360,0,0
3043,4_planet,False,,360,0,0
3043,5_planet,False,,360,0,0
3043,7_planet,False,,360,0,0
3044,4_planet,False,,360,0,0
3044,5_planet,False,,360,0,0
3044,7_planet,False,,360,0,0
3045,4_planet,False,,360,0,0
3045,5_planet,False,,360,0,0
3045,7_planet,False,,360,0,0
3046,4_planet,False,,360,0,0
3046,5_planet,False,,360,0,0
3046,7_planet,False,,360,0,0
3047,4_planet,False,,360,0,0
3047,5_planet,False,,360,0,0
3047,7_planet,False,,360,0,0
3048,4_planet,False,,360,0,0
3048,5_planet,False,,360,0,0
3048,7_planet,False,,360,0,0
3049,4_planet,False,,360,0,0
3049,5_planet,False,,360,0,0
3049,7_planet,False,,360,0,0
3050,4_planet,False,,360,0,0
3050,5_planet,False,,360,0,0
3050,7_planet,False,,360,0,0
3051,4_planet,False,,360,0,0
3051,5_planet,False,,360,0,0
3051,7_planet,False,,360,0,0
3052,4_planet,False,,360,0,0
3052,5_planet,False,,360,0,0
3052,7_planet,False,,360,0,0
3053,4_planet,False,,360,0,0
3053,5_planet,False,,360,0,0
3053,7_planet,False,,360,0,0
3054,4_planet,False,,360,0,0
3054,5_planet,False,,360,0,0
3054,7_planet,False,,360,0,0
3055,4_planet,False,,360,0,0
3055,5_planet,False,,360,0,0
3055,7_planet,False,,360,0,0
3056,4_planet,False,,360,0,0
3056,5_planet,False,,360,0,0
3056,7_planet,False,,360,0,0
3057,4_planet,False,,360,0,0
3057,5_planet,False,,360,0,0
3057,7_planet,False,,360,0,0
3058,4_planet,False,,360,0,0
3058,5_planet,False,,360,0,0
3058,7_planet,False,,360,0,0
3059,4_planet,False,,360,0,0
3059,5_planet,False,,360,0,0
3059,7_planet,False,,360,0,0
3060,4_planet,False,,360,0,0
3060,5_planet,False,,360,0,0
3060,7_planet,False,,360,0,0
3061,4_planet,False,,360,0,0
3061,5_planet,False,,360,0,0
3061,7_planet,False,,360,0,0
3062,4_planet,False,,360,0,0
3062,5_planet,False,,360,0,0
3062,7_planet,False,,360,0,0
3063,4_planet,False,,360,0,0
3063,5_planet,False,,360,0,0
3063,7_planet,False,,360,0,0
3064,4_planet,False,,360,0,0
3064,5_planet,False,,360,0,0
3064,7_planet,False,,360,0,0
3065,4_planet,False,,360,0,0
3065,5_planet,False,,360,0,0
3065,7_planet,False,,360,0,0
3066,4_planet,False,,360,0,0
3066,5_planet,False,,360,0,0
3066,7_planet,False,,360,0,0
3067,4_planet,False,,360,0,0
3067,5_planet,False,,360,0,0
3067,7_planet,False,,360,0,0
3068,4_planet,False,,360,0,0
3068,5_planet,False,,360,0,0
3068,7_planet,False,,360,0,0
3069,4_planet,False,,360,0,0
3069,5_planet,False,,360,0,0
3069,7_planet,False,,360,0,0
3070,4_planet,False,,360,0,0
3070,5_planet,False,,360,0,0
3070,7_planet,False,,360,0,0
3071,4_planet,False,,360,0,0
3071,5_planet,False,,360,0,0
3071,7_planet,False,,360,0,0
3072,4_planet,False,,360,0,0
3072,5_planet,False,,360,0,0
3072,7_planet,False,,360,0,0
3073,4_planet,False,,360,0,0
3073,5_planet,False,,360,0,0
3073,7_planet,False,,360,0,0
3074,4_planet,False,,360,0,0
3074,5_planet,False,,360,0,0
3074,7_planet,False,,360,0,0
3075,4_planet,False,,360,0,0
3075,5_planet,False,,360,0,0
3075,7_planet,False,,360,0,0
3076,4_planet,False,,360,0,0
3076,5_planet,False,,360,0,0
3076,7_planet,False,,360,0,0
3077,4_planet,False,,360,0,0
3077,5_planet,False,,360,0,0
3077,7_planet,False,,360,0,0
3078,4_planet,False,,360,0,0
3078,5_planet,False,,360,0,0
3078,7_planet,False,,360,0,0
3079,4_planet,False,,360,0,0
3079,5_planet,False,,360,0,0
3079,7_planet,False,,360,0,0
3080,4_planet,False,,360,0,0
3080,5_planet,False,,360,0,0
3080,7_planet,False,,360,0,0
3081,4_planet,False,,360,0,0
3081,5_planet,False,,360,0,0
3081,7_planet,False,,360,0,0
3082,4_planet,False,,360,0,0
3082,5_planet,False,,360,0,0
3082,7_planet,False,,360,0,0
3083,4_planet,False,,360,0,0
3083,5_planet,False,,360,0,0
3083,7_planet,False,,360,0,0
3084,4_planet,False,,360,0,0
3084,5_planet,False,,360,0,0
3084,7_planet,False,,360,0,0
3085,4_planet,False,,360,0,0
3085,5_planet,False,,360,0,0
3085,7_planet,False,,360,0,0
3086,4_planet,False,,360,0,0
3086,5_planet,False,,360,0,0
3086,7_planet,False,,360,0,0
3087,4_planet,False,,360,0,0
3087,5_planet,False,,360,0,0
3087,7_planet,False,,360,0,0
3088,4_planet,False,,360,0,0
3088,5_planet,False,,360,0,0
3088,7_planet,False,,360,0,0
3089,4_planet,False,,360,0,0
3089,5_planet,False,,360,0,0
3089,7_planet,False,,360,0,0
3090,4_planet,False,,360,0,0
3090,5_planet,False,,360,0,0
3090,7_planet,False,,360,0,0
3091,4_planet,False,,360,0,0
3091,5_planet,False,,360,0,0
3091,7_planet,False,,360,0,0
3092,4_planet,False,,360,0,0
3092,5_planet,False,,360,0,0
3092,7_planet,False,,360,0,0
3093,4_planet,False,,360,0,0
3093,5_planet,False,,360,0,0
3093,7_planet,False,,360,0,0
3094,4_planet,False,,360,0,0
3094,5_planet,False,,360,0,0
3094,7_planet,False,,360,0,0
3095,4_planet,False,,360,0,0
3095,5_planet,False,,360,0,0
3095,7_planet,False,,360,0,0
3096,4_planet,False,,360,0,0
3096,5_planet,False,,360,0,0
3096,7_planet,False,,360,0,0
3097,4_planet,False,,360,0,0
3097,5_planet,False,,360,0,0
3097,7_planet,False,,360,0,0
3098,4_planet,False,,360,0,0
3098,5_planet,False,,360,0,0
3098,7_planet,False,,360,0,0
3099,4_planet,False,,360,0,0
3099,5_planet,False,,360,0,0
3099,7_planet,False,,360,0,0
3100,4_planet,False,,360,0,0
3100,5_planet,False,,360,0,0
3100,7_planet,False,,360,0,0
3101,4_planet,False,,360,0,0
3101,5_planet,False,,360,0,0
3101,7_planet,False,,360,0,0
3102,4_planet,False,,360,0,0
3102,5_planet,False,,360,0,0
3102,7_planet,False,,360,0,0
3103,4_planet,False,,360,0,0
3103,5_planet,False,,360,0,0
3103,7_planet,False,,360,0,0
3104,4_planet,False,,360,0,0
3104,5_planet,False,,360,0,0
3104,7_planet,False,,360,0,0
3105,4_planet,False,,360,0,0
3105,5_planet,False,,360,0,0
3105,7_planet,False,,360,0,0
3106,4_planet,False,,360,0,0
3106,5_planet,False,,360,0,0
3106,7_planet,False,,360,0,0
3107,4_planet,False,,360,0,0
3107,5_planet,False,,360,0,0
3107,7_planet,False,,360,0,0
3108,4_planet,False,,360,0,0
3108,5_planet,False,,360,0,0
3108,7_planet,False,,360,0,0
3109,4_planet,False,,360,0,0
3109,5_planet,False,,360,0,0
3109,7_planet,False,,360,0,0
3110,4_planet,False,,360,0,0
3110,5_planet,False,,360,0,0
3110,7_planet,False,,360,0,0
3111,4_planet,False,,360,0,0
3111,5_planet,False,,360,0,0
3111,7_planet,False,,360,0,0
3112,4_planet,False,,360,0,0
3112,5_planet,False,,360,0,0
3112,7_planet,False,,360,0,0
3113,4_planet,False,,360,0,0
3113,5_planet,False,,360,0,0
3113,7_planet,False,,360,0,0
3114,4_planet,False,,360,0,0
3114,5_planet,False,,360,0,0
3114,7_planet,False,,360,0,0
3115,4_planet,False,,360,0,0
3115,5_planet,False,,360,0,0
3115,7_planet,False,,360,0,0
3116,4_planet,False,,360,0,0
3116,5_planet,False,,360,0,0
3116,7_planet,False,,360,0,0
3117,4_planet,False,,360,0,0
3117,5_planet,False,,360,0,0
3117,7_planet,False,,360,0,0
3118,4_planet,False,,360,0,0
3118,5_planet,False,,360,0,0
3118,7_planet,False,,360,0,0
3119,4_planet,False,,360,0,0
3119,5_planet,False,,360,0,0
3119,7_planet,False,,360,0,0
3120,4_planet,False,,360,0,0
3120,5_planet,False,,360,0,0
3120,7_planet,False,,360,0,0
3121,4_planet,False,,360,0,0
3121,5_planet,False,,360,0,0
3121,7_planet,False,,360,0,0
3122,4_planet,False,,360,0,0
3122,5_planet,False,,360,0,0
3122,7_planet,False,,360,0,0
3123,4_planet,False,,360,0,0
3123,5_planet,False,,360,0,0
3123,7_planet,False,,360,0,0
3124,4_planet,False,,360,0,0
3124,5_planet,False,,360,0,0
3124,7_planet,False,,360,0,0
3125,4_planet,False,,360,0,0
3125,5_planet,False,,360,0,0
3125,7_planet,False,,360,0,0
3126,4_planet,False,,360,0,0
3126,5_planet,False,,360,0,0
3126,7_planet,False,,360,0,0
3127,4_planet,False,,360,0,0
3127,5_planet,False,,360,0,0
3127,7_planet,False,,360,0,0
3128,4_planet,False,,360,0,0
3128,5_planet,False,,360,0,0
3128,7_planet,False,,360,0,0
3129,4_planet,False,,360,0,0
3129,5_planet,False,,360,0,0
3129,7_planet,False,,360,0,0
3130,4_planet,False,,360,0,0
3130,5_planet,False,,360,0,0
3130,7_planet,False,,360,0,0
3131,4_planet,False,,360,0,0
3131,5_planet,False,,360,0,0
3131,7_planet,False,,360,0,0
3132,4_planet,False,,360,0,0
3132,5_planet,False,,360,0,0
3132,7_planet,False,,360,0,0
3133,4_planet,False,,360,0,0
3133,5_planet,False,,360,0,0
3133,7_planet,False,,360,0,0
3134,4_planet,False,,360,0,0
3134,5_planet,False,,360,0,0
3134,7_planet,False,,360,0,0
3135,4_planet,False,,360,0,0
3135,5_planet,False,,360,0,0
3135,7_planet,False,,360,0,0
3136,4_planet,False,,360,0,0
3136,5_planet,False,,360,0,0
3136,7_planet,False,,360,0,0
3137,4_planet,False,,360,0,0
3137,5_planet,False,,360,0,0
3137,7_planet,False,,360,0,0
3138,4_planet,False,,360,0,0
3138,5_planet,False,,360,0,0
3138,7_planet,False,,360,0,0
3139,4_planet,False,,360,0,0
3139,5_planet,False,,360,0,0
3139,7_planet,False,,360,0,0
3140,4_planet,False,,360,0,0
3140,5_planet,False,,360,0,0
3140,7_planet,False,,360,0,0
3141,4_planet,False,,360,0,0
3141,5_planet,False,,360,0,0
3141,7_planet,False,,360,0,0
3142,4_planet,False,,360,0,0
3142,5_planet,False,,360,0,0
3142,7_planet,False,,360,0,0
3143,4_planet,False,,360,0,0
3143,5_planet,False,,360,0,0
3143,7_planet,False,,360,0,0
3144,4_planet,False,,360,0,0
3144,5_planet,False,,360,0,0
3144,7_planet,False,,360,0,0
3145,4_planet,False,,360,0,0
3145,5_planet,False,,360,0,0
3145,7_planet,False,,360,0,0
3146,4_planet,False,,360,0,0
3146,5_planet,False,,360,0,0
3146,7_planet,False,,360,0,0
3147,4_planet,False,,360,0,0
3147,5_planet,False,,360,0,0
3147,7_planet,False,,360,0,0
3148,4_planet,False,,360,0,0
3148,5_planet,False,,360,0,0
3148,7_planet,False,,360,0,0
3149,4_planet,False,,360,0,0
3149,5_planet,False,,360,0,0
3149,7_planet,False,,360,0,0
3150,4_planet,False,,360,0,0
3150,5_planet,False,,360,0,0
3150,7_planet,False,,360,0,0
3151,4_planet,False,,360,0,0
3151,5_planet,False,,360,0,0
3151,7_planet,False,,360,0,0
3152,4_planet,False,,360,0,0
3152,5_planet,False,,360,0,0
3152,7_planet,False,,360,0,0
3153,4_planet,False,,360,0,0
3153,5_planet,False,,360,0,0
3153,7_planet,False,,360,0,0
3154,4_planet,False,,360,0,0
3154,5_planet,False,,360,0,0
3154,7_planet,False,,360,0,0
3155,4_planet,False,,360,0,0
3155,5_planet,False,,360,0,0
3155,7_planet,False,,360,0,0
3156,4_planet,False,,360,0,0
3156,5_planet,False,,360,0,0
3156,7_planet,False,,360,0,0
3157,4_planet,False,,360,0,0
3157,5_planet,False,,360,0,0
3157,7_planet,False,,360,0,0
3158,4_planet,False,,360,0,0
3158,5_planet,False,,360,0,0
3158,7_planet,False,,360,0,0
3159,4_planet,False,,360,0,0
3159,5_planet,False,,360,0,0
3159,7_planet,False,,360,0,0
3160,4_planet,False,,360,0,0
3160,5_planet,False,,360,0,0
3160,7_planet,False,,360,0,0
3161,4_planet,False,,360,0,0
3161,5_planet,False,,360,0,0
3161,7_planet,False,,360,0,0
3162,4_planet,False,,360,0,0
3162,5_planet,False,,360,0,0
3162,7_planet,False,,360,0,0
3163,4_planet,False,,360,0,0
3163,5_planet,False,,360,0,0
3163,7_planet,False,,360,0,0
3164,4_planet,False,,360,0,0
3164,5_planet,False,,360,0,0
3164,7_planet,False,,360,0,0
3165,4_planet,False,,360,0,0
3165,5_planet,False,,360,0,0
3165,7_planet,False,,360,0,0
3166,4_planet,False,,360,0,0
3166,5_planet,False,,360,0,0
3166,7_planet,False,,360,0,0
3167,4_planet,False,,360,0,0
3167,5_planet,False,,360,0,0
3167,7_planet,False,,360,0,0
3168,4_planet,False,,360,0,0
3168,5_planet,False,,360,0,0
3168,7_planet,False,,360,0,0
3169,4_planet,False,,360,0,0
3169,5_planet,False,,360,0,0
3169,7_planet,False,,360,0,0
3170,4_planet,False,,360,0,0
3170,5_planet,False,,360,0,0
3170,7_planet,False,,360,0,0
3171,4_planet,False,,360,0,0
3171,5_planet,False,,360,0,0
3171,7_planet,False,,360,0,0
3172,4_planet,False,,360,0,0
3172,5_planet,False,,360,0,0
3172,7_planet,False,,360,0,0
3173,4_planet,False,,360,0,0
3173,5_planet,False,,360,0,0
3173,7_planet,False,,360,0,0
3174,4_planet,False,,360,0,0
3174,5_planet,False,,360,0,0
3174,7_planet,False,,360,0,0
3175,4_planet,False,,360,0,0
3175,5_planet,False,,360,0,0
3175,7_planet,False,,360,0,0
3176,4_planet,False,,360,0,0
3176,5_planet,False,,360,0,0
3176,7_planet,False,,360,0,0
3177,4_planet,False,,360,0,0
3177,5_planet,False,,360,0,0
3177,7_planet,False,,360,0,0
3178,4_planet,False,,360,0,0
3178,5_planet,False,,360,0,0
3178,7_planet,False,,360,0,0
3179,4_planet,False,,360,0,0
3179,5_planet,False,,360,0,0
3179,7_planet,False,,360,0,0
3180,4_planet,False,,360,0,0
3180,5_planet,False,,360,0,0
3180,7_planet,False,,360,0,0
3181,4_planet,False,,360,0,0
3181,5_planet,False,,360,0,0
3181,7_planet,False,,360,0,0
3182,4_planet,False,,360,0,0
3182,5_planet,False,,360,0,0
3182,7_planet,False,,360,0,0
3183,4_planet,False,,360,0,0
3183,5_planet,False,,360,0,0
3183,7_planet,False,,360,0,0
3184,4_planet,False,,360,0,0
3184,5_planet,False,,360,0,0
3184,7_planet,False,,360,0,0
3185,4_planet,False,,360,0,0
3185,5_planet,False,,360,0,0
3185,7_planet,False,,360,0,0
3186,4_planet,False,,360,0,0
3186,5_planet,False,,360,0,0
3186,7_planet,False,,360,0,0
3187,4_planet,False,,360,0,0
3187,5_planet,False,,360,0,0
3187,7_planet,False,,360,0,0
3188,4_planet,False,,360,0,0
3188,5_planet,False,,360,0,0
3188,7_planet,False,,360,0,0
3189,4_planet,False,,360,0,0
3189,5_planet,False,,360,0,0
3189,7_planet,False,,360,0,0
3190,4_planet,False,,360,0,0
3190,5_planet,False,,360,0,0
3190,7_planet,False,,360,0,0
3191,4_planet,False,,360,0,0
3191,5_planet,False,,360,0,0
3191,7_planet,False,,360,0,0
3192,4_planet,False,,360,0,0
3192,5_planet,False,,360,0,0
3192,7_planet,False,,360,0,0
3193,4_planet,False,,360,0,0
3193,5_planet,False,,360,0,0
3193,7_planet,False,,360,0,0
3194,4_planet,False,,360,0,0
3194,5_planet,False,,360,0,0
3194,7_planet,False,,360,0,0
3195,4_planet,False,,360,0,0
3195,5_planet,False,,360,0,0
3195,7_planet,False,,360,0,0
3196,4_planet,False,,360,0,0
3196,5_planet,False,,360,0,0
3196,7_planet,False,,360,0,0
3197,4_planet,False,,360,0,0
3197,5_planet,False,,360,0,0
3197,7_planet,False,,360,0,0
3198,4_planet,False,,360,0,0
3198,5_planet,False,,360,0,0
3198,7_planet,False,,360,0,0
3199,4_planet,False,,360,0,0
3199,5_planet,False,,360,0,0
3199,7_planet,False,,360,0,0
3200,4_planet,False,,360,0,0
3200,5_planet,False,,360,0,0
3200,7_planet,False,,360,0,0
3201,4_planet,False,,360,0,0
3201,5_planet,False,,360,0,0
3201,7_planet,False,,360,0,0
3202,4_planet,False,,360,0,0
3202,5_planet,False,,360,0,0
3202,7_planet,False,,360,0,0
3203,4_planet,False,,360,0,0
3203,5_planet,False,,360,0,0
3203,7_planet,False,,360,0,0
3204,4_planet,False,,360,0,0
3204,5_planet,False,,360,0,0
3204,7_planet,False,,360,0,0
3205,4_planet,False,,360,0,0
3205,5_planet,False,,360,0,0
3205,7_planet,False,,360,0,0
3206,4_planet,False,,360,0,0
3206,5_planet,False,,360,0,0
3206,7_planet,False,,360,0,0
3207,4_planet,False,,360,0,0
3207,5_planet,False,,360,0,0
3207,7_planet,False,,360,0,0
3208,4_planet,False,,360,0,0
3208,5_planet,False,,360,0,0
3208,7_planet,False,,360,0,0
3209,4_planet,False,,360,0,0
3209,5_planet,False,,360,0,0
3209,7_planet,False,,360,0,0
3210,4_planet,False,,360,0,0
3210,5_planet,False,,360,0,0
3210,7_planet,False,,360,0,0
3211,4_planet,False,,360,0,0
3211,5_planet,False,,360,0,0
3211,7_planet,False,,360,0,0
3212,4_planet,False,,360,0,0
3212,5_planet,False,,360,0,0
3212,7_planet,False,,360,0,0
3213,4_planet,False,,360,0,0
3213,5_planet,False,,360,0,0
3213,7_planet,False,,360,0,0
3214,4_planet,False,,360,0,0
3214,5_planet,False,,360,0,0
3214,7_planet,False,,360,0,0
3215,4_planet,False,,360,0,0
3215,5_planet,False,,360,0,0
3215,7_planet,False,,360,0,0
3216,4_planet,False,,360,0,0
3216,5_planet,False,,360,0,0
3216,7_planet,False,,360,0,0
3217,4_planet,False,,360,0,0
3217,5_planet,False,,360,0,0
3217,7_planet,False,,360,0,0
3218,4_planet,False,,360,0,0
3218,5_planet,False,,360,0,0
3218,7_planet,False,,360,0,0
3219,4_planet,False,,360,0,0
3219,5_planet,False,,360,0,0
3219,7_planet,False,,360,0,0
3220,4_planet,False,,360,0,0
3220,5_planet,False,,360,0,0
3220,7_planet,False,,360,0,0
3221,4_planet,False,,360,0,0
3221,5_planet,False,,360,0,0
3221,7_planet,False,,360,0,0
3222,4_planet,False,,360,0,0
3222,5_planet,False,,360,0,0
3222,7_planet,False,,360,0,0
3223,4_planet,False,,360,0,0
3223,5_planet,False,,360,0,0
3223,7_planet,False,,360,0,0
3224,4_planet,False,,360,0,0
3224,5_planet,False,,360,0,0
3224,7_planet,False,,360,0,0
3225,4_planet,False,,360,0,0
3225,5_planet,False,,360,0,0
3225,7_planet,False,,360,0,0
3226,4_planet,False,,360,0,0
3226,5_planet,False,,360,0,0
3226,7_planet,False,,360,0,0
3227,4_planet,False,,360,0,0
3227,5_planet,False,,360,0,0
3227,7_planet,False,,360,0,0
3228,4_planet,False,,360,0,0
3228,5_planet,False,,360,0,0
3228,7_planet,False,,360,0,0
3229,4_planet,False,,360,0,0
3229,5_planet,False,,360,0,0
3229,7_planet,False,,360,0,0
3230,4_planet,False,,360,0,0
3230,5_planet,False,,360,0,0
3230,7_planet,False,,360,0,0
3231,4_planet,False,,360,0,0
3231,5_planet,False,,360,0,0
3231,7_planet,False,,360,0,0
3232,4_planet,False,,360,0,0
3232,5_planet,False,,360,0,0
3232,7_planet,False,,360,0,0
3233,4_planet,False,,360,0,0
3233,5_planet,False,,360,0,0
3233,7_planet,False,,360,0,0
3234,4_planet,False,,360,0,0
3234,5_planet,False,,360,0,0
3234,7_planet,False,,360,0,0
3235,4_planet,False,,360,0,0
3235,5_planet,False,,360,0,0
3235,7_planet,False,,360,0,0
3236,4_planet,False,,360,0,0
3236,5_planet,False,,360,0,0
3236,7_planet,False,,360,0,0
3237,4_planet,False,,360,0,0
3237,5_planet,False,,360,0,0
3237,7_planet,False,,360,0,0
3238,4_planet,False,,360,0,0
3238,5_planet,False,,360,0,0
3238,7_planet,False,,360,0,0
3239,4_planet,False,,360,0,0
3239,5_planet,False,,360,0,0
3239,7_planet,False,,360,0,0
3240,4_planet,False,,360,0,0
3240,5_planet,False,,360,0,0
3240,7_planet,False,,360,0,0
3241,4_planet,False,,360,0,0
3241,5_planet,False,,360,0,0
3241,7_planet,False,,360,0,0
3242,4_planet,False,,360,0,0
3242,5_planet,False,,360,0,0
3242,7_planet,False,,360,0,0
3243,4_planet,False,,360,0,0
3243,5_planet,False,,360,0,0
3243,7_planet,False,,360,0,0
3244,4_planet,False,,360,0,0
3244,5_planet,False,,360,0,0
3244,7_planet,False,,360,0,0
3245,4_planet,False,,360,0,0
3245,5_planet,False,,360,0,0
3245,7_planet,False,,360,0,0
3246,4_planet,False,,360,0,0
3246,5_planet,False,,360,0,0
3246,7_planet,False,,360,0,0
3247,4_planet,False,,360,0,0
3247,5_planet,False,,360,0,0
3247,7_planet,False,,360,0,0
3248,4_planet,False,,360,0,0
3248,5_planet,False,,360,0,0
3248,7_planet,False,,360,0,0
3249,4_planet,False,,360,0,0
3249,5_planet,False,,360,0,0
3249,7_planet,False,,360,0,0
3250,4_planet,False,,360,0,0
3250,5_planet,False,,360,0,0
3250,7_planet,False,,360,0,0
3251,4_planet,False,,360,0,0
3251,5_planet,False,,360,0,0
3251,7_planet,False,,360,0,0
3252,4_planet,False,,360,0,0
3252,5_planet,False,,360,0,0
3252,7_planet,False,,360,0,0
3253,4_planet,False,,360,0,0
3253,5_planet,False,,360,0,0
3253,7_planet,False,,360,0,0
3254,4_planet,False,,360,0,0
3254,5_planet,False,,360,0,0
3254,7_planet,False,,360,0,0
3255,4_planet,False,,360,0,0
3255,5_planet,False,,360,0,0
3255,7_planet,False,,360,0,0
3256,4_planet,False,,360,0,0
3256,5_planet,False,,360,0,0
3256,7_planet,False,,360,0,0
3257,4_planet,False,,360,0,0
3257,5_planet,False,,360,0,0
3257,7_planet,False,,360,0,0
3258,4_planet,False,,360,0,0
3258,5_planet,False,,360,0,0
3258,7_planet,False,,360,0,0
3259,4_planet,False,,360,0,0
3259,5_planet,False,,360,0,0
3259,7_planet,False,,360,0,0
3260,4_planet,False,,360,0,0
3260,5_planet,False,,360,0,0
3260,7_planet,False,,360,0,0
3261,4_planet,False,,360,0,0
3261,5_planet,False,,360,0,0
3261,7_planet,False,,360,0,0
3262,4_planet,False,,360,0,0
3262,5_planet,False,,360,0,0
3262,7_planet,False,,360,0,0
3263,4_planet,False,,360,0,0
3263,5_planet,False,,360,0,0
3263,7_planet,False,,360,0,0
3264,4_planet,False,,360,0,0
3264,5_planet,False,,360,0,0
3264,7_planet,False,,360,0,0
3265,4_planet,False,,360,0,0
3265,5_planet,False,,360,0,0
3265,7_planet,False,,360,0,0
3266,4_planet,False,,360,0,0
3266,5_planet,False,,360,0,0
3266,7_planet,False,,360,0,0
3267,4_planet,False,,360,0,0
3267,5_planet,False,,360,0,0
3267,7_planet,False,,360,0,0
3268,4_planet,False,,360,0,0
3268,5_planet,False,,360,0,0
3268,7_planet,False,,360,0,0
3269,4_planet,False,,360,0,0
3269,5_planet,False,,360,0,0
3269,7_planet,False,,360,0,0
3270,4_planet,False,,360,0,0
3270,5_planet,False,,360,0,0
3270,7_planet,False,,360,0,0
3271,4_planet,False,,360,0,0
3271,5_planet,False,,360,0,0
3271,7_planet,False,,360,0,0
3272,4_planet,False,,360,0,0
3272,5_planet,False,,360,0,0
3272,7_planet,False,,360,0,0
3273,4_planet,False,,360,0,0
3273,5_planet,False,,360,0,0
3273,7_planet,False,,360,0,0
3274,4_planet,False,,360,0,0
3274,5_planet,False,,360,0,0
3274,7_planet,False,,360,0,0
3275,4_planet,False,,360,0,0
3275,5_planet,False,,360,0,0
3275,7_planet,False,,360,0,0
3276,4_planet,False,,360,0,0
3276,5_planet,False,,360,0,0
3276,7_planet,False,,360,0,0
3277,4_planet,False,,360,0,0
3277,5_planet,False,,360,0,0
3277,7_planet,False,,360,0,0
3278,4_planet,False,,360,0,0
3278,5_planet,False,,360,0,0
3278,7_planet,False,,360,0,0
3279,4_planet,False,,360,0,0
3279,5_planet,False,,360,0,0
3279,7_planet,False,,360,0,0
3280,4_planet,False,,360,0,0
3280,5_planet,False,,360,0,0
3280,7_planet,False,,360,0,0
3281,4_planet,False,,360,0,0
3281,5_planet,False,,360,0,0
3281,7_planet,False,,360,0,0
3282,4_planet,False,,360,0,0
3282,5_planet,False,,360,0,0
3282,7_planet,False,,360,0,0
3283,4_planet,False,,360,0,0
3283,5_planet,False,,360,0,0
3283,7_planet,False,,360,0,0
3284,4_planet,False,,360,0,0
3284,5_planet,False,,360,0,0
3284,7_planet,False,,360,0,0
3285,4_planet,False,,360,0,0
3285,5_planet,False,,360,0,0
3285,7_planet,False,,360,0,0
3286,4_planet,False,,360,0,0
3286,5_planet,False,,360,0,0
3286,7_planet,False,,360,0,0
3287,4_planet,False,,360,0,0
3287,5_planet,False,,360,0,0
3287,7_planet,False,,360,0,0
3288,4_planet,False,,360,0,0
3288,5_planet,False,,360,0,0
3288,7_planet,False,,360,0,0
3289,4_planet,False,,360,0,0
3289,5_planet,False,,360,0,0
3289,7_planet,False,,360,0,0
3290,4_planet,False,,360,0,0
3290,5_planet,False,,360,0,0
3290,7_planet,False,,360,0,0
3291,4_planet,False,,360,0,0
3291,5_planet,False,,360,0,0
3291,7_planet,False,,360,0,0
3292,4_planet,False,,360,0,0
3292,5_planet,False,,360,0,0
3292,7_planet,False,,360,0,0
3293,4_planet,False,,360,0,0
3293,5_planet,False,,360,0,0
3293,7_planet,False,,360,0,0
3294,4_planet,False,,360,0,0
3294,5_planet,False,,360,0,0
3294,7_planet,False,,360,0,0
3295,4_planet,False,,360,0,0
3295,5_planet,False,,360,0,0
3295,7_planet,False,,360,0,0
3296,4_planet,False,,360,0,0
3296,5_planet,False,,360,0,0
3296,7_planet,False,,360,0,0
3297,4_planet,False,,360,0,0
3297,5_planet,False,,360,0,0
3297,7_planet,False,,360,0,0
3298,4_planet,False,,360,0,0
3298,5_planet,False,,360,0,0
3298,7_planet,False,,360,0,0
3299,4_planet,False,,360,0,0
3299,5_planet,False,,360,0,0
3299,7_planet,False,,360,0,0
3300,4_planet,False,,360,0,0
3300,5_planet,False,,360,0,0
3300,7_planet,False,,360,0,0
3301,4_planet,False,,360,0,0
3301,5_planet,False,,360,0,0
3301,7_planet,False,,360,0,0
3302,4_planet,False,,360,0,0
3302,5_planet,False,,360,0,0
3302,7_planet,False,,360,0,0
3303,4_planet,False,,360,0,0
3303,5_planet,False,,360,0,0
3303,7_planet,False,,360,0,0
3304,4_planet,False,,360,0,0
3304,5_planet,False,,360,0,0
3304,7_planet,False,,360,0,0
3305,4_planet,False,,360,0,0
3305,5_planet,False,,360,0,0
3305,7_planet,False,,360,0,0
3306,4_planet,False,,360,0,0
3306,5_planet,False,,360,0,0
3306,7_planet,False,,360,0,0
3307,4_planet,False,,360,0,0
3307,5_planet,False,,360,0,0
3307,7_planet,False,,360,0,0
3308,4_planet,False,,360,0,0
3308,5_planet,False,,360,0,0
3308,7_planet,False,,360,0,0
3309,4_planet,False,,360,0,0
3309,5_planet,False,,360,0,0
3309,7_planet,False,,360,0,0
3310,4_planet,False,,360,0,0
3310,5_planet,False,,360,0,0
3310,7_planet,False,,360,0,0
3311,4_planet,False,,360,0,0
3311,5_planet,False,,360,0,0
3311,7_planet,False,,360,0,0
3312,4_planet,False,,360,0,0
3312,5_planet,False,,360,0,0
3312,7_planet,False,,360,0,0
3313,4_planet,False,,360,0,0
3313,5_planet,False,,360,0,0
3313,7_planet,False,,360,0,0
3314,4_planet,False,,360,0,0
3314,5_planet,False,,360,0,0
3314,7_planet,False,,360,0,0
3315,4_planet,False,,360,0,0
3315,5_planet,False,,360,0,0
3315,7_planet,False,,360,0,0
3316,4_planet,False,,360,0,0
3316,5_planet,False,,360,0,0
3316,7_planet,False,,360,0,0
3317,4_planet,False,,360,0,0
3317,5_planet,False,,360,0,0
3317,7_planet,False,,360,0,0
3318,4_planet,False,,360,0,0
3318,5_planet,False,,360,0,0
3318,7_planet,False,,360,0,0
3319,4_planet,False,,360,0,0
3319,5_planet,False,,360,0,0
3319,7_planet,False,,360,0,0
3320,4_planet,False,,360,0,0
3320,5_planet,False,,360,0,0
3320,7_planet,False,,360,0,0
3321,4_planet,False,,360,0,0
3321,5_planet,False,,360,0,0
3321,7_planet,False,,360,0,0
3322,4_planet,False,,360,0,0
3322,5_planet,False,,360,0,0
3322,7_planet,False,,360,0,0
3323,4_planet,False,,360,0,0
3323,5_planet,False,,360,0,0
3323,7_planet,False,,360,0,0
3324,4_planet,False,,360,0,0
3324,5_planet,False,,360,0,0
3324,7_planet,False,,360,0,0
3325,4_planet,False,,360,0,0
3325,5_planet,False,,360,0,0
3325,7_planet,False,,360,0,0
3326,4_planet,False,,360,0,0
3326,5_planet,False,,360,0,0
3326,7_planet,False,,360,0,0
3327,4_planet,False,,360,0,0
3327,5_planet,False,,360,0,0
3327,7_planet,False,,360,0,0
3328,4_planet,False,,360,0,0
3328,5_planet,False,,360,0,0
3328,7_planet,False,,360,0,0
3329,4_planet,False,,360,0,0
3329,5_planet,False,,360,0,0
3329,7_planet,False,,360,0,0
3330,4_planet,False,,360,0,0
3330,5_planet,False,,360,0,0
3330,7_planet,False,,360,0,0
3331,4_planet,False,,360,0,0
3331,5_planet,False,,360,0,0
3331,7_planet,False,,360,0,0
3332,4_planet,False,,360,0,0
3332,5_planet,False,,360,0,0
3332,7_planet,False,,360,0,0
3333,4_planet,False,,360,0,0
3333,5_planet,False,,360,0,0
3333,7_planet,False,,360,0,0
3334,4_planet,False,,360,0,0
3334,5_planet,False,,360,0,0
3334,7_planet,False,,360,0,0
3335,4_planet,False,,360,0,0
3335,5_planet,False,,360,0,0
3335,7_planet,False,,360,0,0
3336,4_planet,False,,360,0,0
3336,5_planet,False,,360,0,0
3336,7_planet,False,,360,0,0
3337,4_planet,False,,360,0,0
3337,5_planet,False,,360,0,0
3337,7_planet,False,,360,0,0
3338,4_planet,False,,360,0,0
3338,5_planet,False,,360,0,0
3338,7_planet,False,,360,0,0
3339,4_planet,False,,360,0,0
3339,5_planet,False,,360,0,0
3339,7_planet,False,,360,0,0
3340,4_planet,False,,360,0,0
3340,5_planet,False,,360,0,0
3340,7_planet,False,,360,0,0
3341,4_planet,False,,360,0,0
3341,5_planet,False,,360,0,0
3341,7_planet,False,,360,0,0
3342,4_planet,False,,360,0,0
3342,5_planet,False,,360,0,0
3342,7_planet,False,,360,0,0
3343,4_planet,False,,360,0,0
3343,5_planet,False,,360,0,0
3343,7_planet,False,,360,0,0
3344,4_planet,False,,360,0,0
3344,5_planet,False,,360,0,0
3344,7_planet,False,,360,0,0
3345,4_planet,False,,360,0,0
3345,5_planet,False,,360,0,0
3345,7_planet,False,,360,0,0
3346,4_planet,False,,360,0,0
3346,5_planet,False,,360,0,0
3346,7_planet,False,,360,0,0
3347,4_planet,False,,360,0,0
3347,5_planet,False,,360,0,0
3347,7_planet,False,,360,0,0
3348,4_planet,False,,360,0,0
3348,5_planet,False,,360,0,0
3348,7_planet,False,,360,0,0
3349,4_planet,False,,360,0,0
3349,5_planet,False,,360,0,0
3349,7_planet,False,,360,0,0
3350,4_planet,False,,360,0,0
3350,5_planet,False,,360,0,0
3350,7_planet,False,,360,0,0
3351,4_planet,False,,360,0,0
3351,5_planet,False,,360,0,0
3351,7_planet,False,,360,0,0
3352,4_planet,False,,360,0,0
3352,5_planet,False,,360,0,0
3352,7_planet,False,,360,0,0
3353,4_planet,False,,360,0,0
3353,5_planet,False,,360,0,0
3353,7_planet,False,,360,0,0
3354,4_planet,False,,360,0,0
3354,5_planet,False,,360,0,0
3354,7_planet,False,,360,0,0
3355,4_planet,False,,360,0,0
3355,5_planet,False,,360,0,0
3355,7_planet,False,,360,0,0
3356,4_planet,False,,360,0,0
3356,5_planet,False,,360,0,0
3356,7_planet,False,,360,0,0
3357,4_planet,False,,360,0,0
3357,5_planet,False,,360,0,0
3357,7_planet,False,,360,0,0
3358,4_planet,False,,360,0,0
3358,5_planet,False,,360,0,0
3358,7_planet,False,,360,0,0
3359,4_planet,False,,360,0,0
3359,5_planet,False,,360,0,0
3359,7_planet,False,,360,0,0
3360,4_planet,False,,360,0,0
3360,5_planet,False,,360,0,0
3360,7_planet,False,,360,0,0
3361,4_planet,False,,360,0,0
3361,5_planet,False,,360,0,0
3361,7_planet,False,,360,0,0
3362,4_planet,False,,360,0,0
3362,5_planet,False,,360,0,0
3362,7_planet,False,,360,0,0
3363,4_planet,False,,360,0,0
3363,5_planet,False,,360,0,0
3363,7_planet,False,,360,0,0
3364,4_planet,False,,360,0,0
3364,5_planet,False,,360,0,0
3364,7_planet,False,,360,0,0
3365,4_planet,False,,360,0,0
3365,5_planet,False,,360,0,0
3365,7_planet,False,,360,0,0
3366,4_planet,False,,360,0,0
3366,5_planet,False,,360,0,0
3366,7_planet,False,,360,0,0
3367,4_planet,False,,360,0,0
3367,5_planet,False,,360,0,0
3367,7_planet,False,,360,0,0
3368,4_planet,False,,360,0,0
3368,5_planet,False,,360,0,0
3368,7_planet,False,,360,0,0
3369,4_planet,False,,360,0,0
3369,5_planet,False,,360,0,0
3369,7_planet,False,,360,0,0
3370,4_planet,False,,360,0,0
3370,5_planet,False,,360,0,0
3370,7_planet,False,,360,0,0
3371,4_planet,False,,360,0,0
3371,5_planet,False,,360,0,0
3371,7_planet,False,,360,0,0
3372,4_planet,False,,360,0,0
3372,5_planet,False,,360,0,0
3372,7_planet,False,,360,0,0
3373,4_planet,False,,360,0,0
3373,5_planet,False,,360,0,0
3373,7_planet,False,,360,0,0
3374,4_planet,False,,360,0,0
3374,5_planet,False,,360,0,0
3374,7_planet,False,,360,0,0
3375,4_planet,False,,360,0,0
3375,5_planet,False,,360,0,0
3375,7_planet,False,,360,0,0
3376,4_planet,False,,360,0,0
3376,5_planet,False,,360,0,0
3376,7_planet,False,,360,0,0
3377,4_planet,False,,360,0,0
3377,5_planet,False,,360,0,0
3377,7_planet,False,,360,0,0
3378,4_planet,False,,360,0,0
3378,5_planet,False,,360,0,0
3378,7_planet,False,,360,0,0
3379,4_planet,False,,360,0,0
3379,5_planet,False,,360,0,0
3379,7_planet,False,,360,0,0
3380,4_planet,False,,360,0,0
3380,5_planet,False,,360,0,0
3380,7_planet,False,,360,0,0
3381,4_planet,False,,360,0,0
3381,5_planet,False,,360,0,0
3381,7_planet,False,,360,0,0
3382,4_planet,False,,360,0,0
3382,5_planet,False,,360,0,0
3382,7_planet,False,,360,0,0
3383,4_planet,False,,360,0,0
3383,5_planet,False,,360,0,0
3383,7_planet,False,,360,0,0
3384,4_planet,False,,360,0,0
3384,5_planet,False,,360,0,0
3384,7_planet,False,,360,0,0
3385,4_planet,False,,360,0,0
3385,5_planet,False,,360,0,0
3385,7_planet,False,,360,0,0
3386,4_planet,False,,360,0,0
3386,5_planet,False,,360,0,0
3386,7_planet,False,,360,0,0
3387,4_planet,False,,360,0,0
3387,5_planet,False,,360,0,0
3387,7_planet,False,,360,0,0
3388,4_planet,False,,360,0,0
3388,5_planet,False,,360,0,0
3388,7_planet,False,,360,0,0
3389,4_planet,False,,360,0,0
3389,5_planet,False,,360,0,0
3389,7_planet,False,,360,0,0
3390,4_planet,False,,360,0,0
3390,5_planet,False,,360,0,0
3390,7_planet,False,,360,0,0
3391,4_planet,False,,360,0,0
3391,5_planet,False,,360,0,0
3391,7_planet,False,,360,0,0
3392,4_planet,False,,360,0,0
3392,5_planet,False,,360,0,0
3392,7_planet,False,,360,0,0
3393,4_planet,False,,360,0,0
3393,5_planet,False,,360,0,0
3393,7_planet,False,,360,0,0
3394,4_planet,False,,360,0,0
3394,5_planet,False,,360,0,0
3394,7_planet,False,,360,0,0
3395,4_planet,False,,360,0,0
3395,5_planet,False,,360,0,0
3395,7_planet,False,,360,0,0
3396,4_planet,False,,360,0,0
3396,5_planet,False,,360,0,0
3396,7_planet,False,,360,0,0
3397,4_planet,False,,360,0,0
3397,5_planet,False,,360,0,0
3397,7_planet,False,,360,0,0
3398,4_planet,False,,360,0,0
3398,5_planet,False,,360,0,0
3398,7_planet,False,,360,0,0
3399,4_planet,False,,360,0,0
3399,5_planet,False,,360,0,0
3399,7_planet,False,,360,0,0
3400,4_planet,False,,360,0,0
3400,5_planet,False,,360,0,0
3400,7_planet,False,,360,0,0
3401,4_planet,False,,360,0,0
3401,5_planet,False,,360,0,0
3401,7_planet,False,,360,0,0
3402,4_planet,False,,360,0,0
3402,5_planet,False,,360,0,0
3402,7_planet,False,,360,0,0
3403,4_planet,False,,360,0,0
3403,5_planet,False,,360,0,0
3403,7_planet,False,,360,0,0
3404,4_planet,False,,360,0,0
3404,5_planet,False,,360,0,0
3404,7_planet,False,,360,0,0
3405,4_planet,False,,360,0,0
3405,5_planet,False,,360,0,0
3405,7_planet,False,,360,0,0
3406,4_planet,False,,360,0,0
3406,5_planet,False,,360,0,0
3406,7_planet,False,,360,0,0
3407,4_planet,False,,360,0,0
3407,5_planet,False,,360,0,0
3407,7_planet,False,,360,0,0
3408,4_planet,False,,360,0,0
3408,5_planet,False,,360,0,0
3408,7_planet,False,,360,0,0
3409,4_planet,False,,360,0,0
3409,5_planet,False,,360,0,0
3409,7_planet,False,,360,0,0
3410,4_planet,False,,360,0,0
3410,5_planet,False,,360,0,0
3410,7_planet,False,,360,0,0
3411,4_planet,False,,360,0,0
3411,5_planet,False,,360,0,0
3411,7_planet,False,,360,0,0
3412,4_planet,False,,360,0,0
3412,5_planet,False,,360,0,0
3412,7_planet,False,,360,0,0
3413,4_planet,False,,360,0,0
3413,5_planet,False,,360,0,0
3413,7_planet,False,,360,0,0
3414,4_planet,False,,360,0,0
3414,5_planet,False,,360,0,0
3414,7_planet,False,,360,0,0
3415,4_planet,False,,360,0,0
3415,5_planet,False,,360,0,0
3415,7_planet,False,,360,0,0
3416,4_planet,False,,360,0,0
3416,5_planet,False,,360,0,0
3416,7_planet,False,,360,0,0
3417,4_planet,False,,360,0,0
3417,5_planet,False,,360,0,0
3417,7_planet,False,,360,0,0
3418,4_planet,False,,360,0,0
3418,5_planet,False,,360,0,0
3418,7_planet,False,,360,0,0
3419,4_planet,False,,360,0,0
3419,5_planet,False,,360,0,0
3419,7_planet,False,,360,0,0
3420,4_planet,False,,360,0,0
3420,5_planet,False,,360,0,0
3420,7_planet,False,,360,0,0
3421,4_planet,False,,360,0,0
3421,5_planet,False,,360,0,0
3421,7_planet,False,,360,0,0
3422,4_planet,False,,360,0,0
3422,5_planet,False,,360,0,0
3422,7_planet,False,,360,0,0
3423,4_planet,False,,360,0,0
3423,5_planet,False,,360,0,0
3423,7_planet,False,,360,0,0
3424,4_planet,False,,360,0,0
3424,5_planet,False,,360,0,0
3424,7_planet,False,,360,0,0
3425,4_planet,False,,360,0,0
3425,5_planet,False,,360,0,0
3425,7_planet,False,,360,0,0
3426,4_planet,False,,360,0,0
3426,5_planet,False,,360,0,0
3426,7_planet,False,,360,0,0
3427,4_planet,False,,360,0,0
3427,5_planet,False,,360,0,0
3427,7_planet,False,,360,0,0
3428,4_planet,False,,360,0,0
3428,5_planet,False,,360,0,0
3428,7_planet,False,,360,0,0
3429,4_planet,False,,360,0,0
3429,5_planet,False,,360,0,0
3429,7_planet,False,,360,0,0
3430,4_planet,False,,360,0,0
3430,5_planet,False,,360,0,0
3430,7_planet,False,,360,0,0
3431,4_planet,False,,360,0,0
3431,5_planet,False,,360,0,0
3431,7_planet,False,,360,0,0
3432,4_planet,False,,360,0,0
3432,5_planet,False,,360,0,0
3432,7_planet,False,,360,0,0
3433,4_planet,False,,360,0,0
3433,5_planet,False,,360,0,0
3433,7_planet,False,,360,0,0
3434,4_planet,False,,360,0,0
3434,5_planet,False,,360,0,0
3434,7_planet,False,,360,0,0
3435,4_planet,False,,360,0,0
3435,5_planet,False,,360,0,0
3435,7_planet,False,,360,0,0
3436,4_planet,False,,360,0,0
3436,5_planet,False,,360,0,0
3436,7_planet,False,,360,0,0
3437,4_planet,False,,360,0,0
3437,5_planet,False,,360,0,0
3437,7_planet,False,,360,0,0
3438,4_planet,False,,360,0,0
3438,5_planet,False,,360,0,0
3438,7_planet,False,,360,0,0
3439,4_planet,False,,360,0,0
3439,5_planet,False,,360,0,0
3439,7_planet,False,,360,0,0
3440,4_planet,False,,360,0,0
3440,5_planet,False,,360,0,0
3440,7_planet,False,,360,0,0
3441,4_planet,False,,360,0,0
3441,5_planet,False,,360,0,0
3441,7_planet,False,,360,0,0
3442,4_planet,False,,360,0,0
3442,5_planet,False,,360,0,0
3442,7_planet,False,,360,0,0
3443,4_planet,False,,360,0,0
3443,5_planet,False,,360,0,0
3443,7_planet,False,,360,0,0
3444,4_planet,False,,360,0,0
3444,5_planet,False,,360,0,0
3444,7_planet,False,,360,0,0
3445,4_planet,False,,360,0,0
3445,5_planet,False,,360,0,0
3445,7_planet,False,,360,0,0
3446,4_planet,False,,360,0,0
3446,5_planet,False,,360,0,0
3446,7_planet,False,,360,0,0
3447,4_planet,False,,360,0,0
3447,5_planet,False,,360,0,0
3447,7_planet,False,,360,0,0
3448,4_planet,False,,360,0,0
3448,5_planet,False,,360,0,0
3448,7_planet,False,,360,0,0
3449,4_planet,False,,360,0,0
3449,5_planet,False,,360,0,0
3449,7_planet,False,,360,0,0
3450,4_planet,False,,360,0,0
3450,5_planet,False,,360,0,0
3450,7_planet,False,,360,0,0
3451,4_planet,False,,360,0,0
3451,5_planet,False,,360,0,0
3451,7_planet,False,,360,0,0
3452,4_planet,False,,360,0,0
3452,5_planet,False,,360,0,0
3452,7_planet,False,,360,0,0
3453,4_planet,False,,360,0,0
3453,5_planet,False,,360,0,0
3453,7_planet,False,,360,0,0
3454,4_planet,False,,360,0,0
3454,5_planet,False,,360,0,0
3454,7_planet,False,,360,0,0
3455,4_planet,False,,360,0,0
3455,5_planet,False,,360,0,0
3455,7_planet,False,,360,0,0
3456,4_planet,False,,360,0,0
3456,5_planet,False,,360,0,0
3456,7_planet,False,,360,0,0
3457,4_planet,False,,360,0,0
3457,5_planet,False,,360,0,0
3457,7_planet,False,,360,0,0
3458,4_planet,False,,360,0,0
3458,5_planet,False,,360,0,0
3458,7_planet,False,,360,0,0
3459,4_planet,False,,360,0,0
3459,5_planet,False,,360,0,0
3459,7_planet,False,,360,0,0
3460,4_planet,False,,360,0,0
3460,5_planet,False,,360,0,0
3460,7_planet,False,,360,0,0
3461,4_planet,False,,360,0,0
3461,5_planet,False,,360,0,0
3461,7_planet,False,,360,0,0
3462,4_planet,False,,360,0,0
3462,5_planet,False,,360,0,0
3462,7_planet,False,,360,0,0
3463,4_planet,False,,360,0,0
3463,5_planet,False,,360,0,0
3463,7_planet,False,,360,0,0
3464,4_planet,False,,360,0,0
3464,5_planet,False,,360,0,0
3464,7_planet,False,,360,0,0
3465,4_planet,False,,360,0,0
3465,5_planet,False,,360,0,0
3465,7_planet,False,,360,0,0
3466,4_planet,False,,360,0,0
3466,5_planet,False,,360,0,0
3466,7_planet,False,,360,0,0
3467,4_planet,False,,360,0,0
3467,5_planet,False,,360,0,0
3467,7_planet,False,,360,0,0
3468,4_planet,False,,360,0,0
3468,5_planet,False,,360,0,0
3468,7_planet,False,,360,0,0
3469,4_planet,False,,360,0,0
3469,5_planet,False,,360,0,0
3469,7_planet,False,,360,0,0
3470,4_planet,False,,360,0,0
3470,5_planet,False,,360,0,0
3470,7_planet,False,,360,0,0
3471,4_planet,False,,360,0,0
3471,5_planet,False,,360,0,0
3471,7_planet,False,,360,0,0
3472,4_planet,False,,360,0,0
3472,5_planet,False,,360,0,0
3472,7_planet,False,,360,0,0
3473,4_planet,False,,360,0,0
3473,5_planet,False,,360,0,0
3473,7_planet,False,,360,0,0
3474,4_planet,False,,360,0,0
3474,5_planet,False,,360,0,0
3474,7_planet,False,,360,0,0
3475,4_planet,False,,360,0,0
3475,5_planet,False,,360,0,0
3475,7_planet,False,,360,0,0
3476,4_planet,False,,360,0,0
3476,5_planet,False,,360,0,0
3476,7_planet,False,,360,0,0
3477,4_planet,False,,360,0,0
3477,5_planet,False,,360,0,0
3477,7_planet,False,,360,0,0
3478,4_planet,False,,360,0,0
3478,5_planet,False,,360,0,0
3478,7_planet,False,,360,0,0
3479,4_planet,False,,360,0,0
3479,5_planet,False,,360,0,0
3479,7_planet,False,,360,0,0
3480,4_planet,False,,360,0,0
3480,5_planet,False,,360,0,0
3480,7_planet,False,,360,0,0
3481,4_planet,False,,360,0,0
3481,5_planet,False,,360,0,0
3481,7_planet,False,,360,0,0
3482,4_planet,False,,360,0,0
3482,5_planet,False,,360,0,0
3482,7_planet,False,,360,0,0
3483,4_planet,False,,360,0,0
3483,5_planet,False,,360,0,0
3483,7_planet,False,,360,0,0
3484,4_planet,False,,360,0,0
3484,5_planet,False,,360,0,0
3484,7_planet,False,,360,0,0
3485,4_planet,False,,360,0,0
3485,5_planet,False,,360,0,0
3485,7_planet,False,,360,0,0
3486,4_planet,False,,360,0,0
3486,5_planet,False,,360,0,0
3486,7_planet,False,,360,0,0
3487,4_planet,False,,360,0,0
3487,5_planet,False,,360,0,0
3487,7_planet,False,,360,0,0
3488,4_planet,False,,360,0,0
3488,5_planet,False,,360,0,0
3488,7_planet,False,,360,0,0
3489,4_planet,False,,360,0,0
3489,5_planet,False,,360,0,0
3489,7_planet,False,,360,0,0
3490,4_planet,False,,360,0,0
3490,5_planet,False,,360,0,0
3490,7_planet,False,,360,0,0
3491,4_planet,False,,360,0,0
3491,5_planet,False,,360,0,0
3491,7_planet,False,,360,0,0
3492,4_planet,False,,360,0,0
3492,5_planet,False,,360,0,0
3492,7_planet,False,,360,0,0
3493,4_planet,False,,360,0,0
3493,5_planet,False,,360,0,0
3493,7_planet,False,,360,0,0
3494,4_planet,False,,360,0,0
3494,5_planet,False,,360,0,0
3494,7_planet,False,,360,0,0
3495,4_planet,False,,360,0,0
3495,5_planet,False,,360,0,0
3495,7_planet,False,,360,0,0
3496,4_planet,False,,360,0,0
3496,5_planet,False,,360,0,0
3496,7_planet,False,,360,0,0
3497,4_planet,False,,360,0,0
3497,5_planet,False,,360,0,0
3497,7_planet,False,,360,0,0
3498,4_planet,False,,360,0,0
3498,5_planet,False,,360,0,0
3498,7_planet,False,,360,0,0
3499,4_planet,False,,360,0,0
3499,5_planet,False,,360,0,0
3499,7_planet,False,,360,0,0
3500,4_planet,False,,360,0,0
3500,5_planet,False,,360,0,0
3500,7_planet,False,,360,0,0
3501,4_planet,False,,360,0,0
3501,5_planet,False,,360,0,0
3501,7_planet,False,,360,0,0
3502,4_planet,False,,360,0,0
3502,5_planet,False,,360,0,0
3502,7_planet,False,,360,0,0
3503,4_planet,False,,360,0,0
3503,5_planet,False,,360,0,0
3503,7_planet,False,,360,0,0
3504,4_planet,False,,360,0,0
3504,5_planet,False,,360,0,0
3504,7_planet,False,,360,0,0
3505,4_planet,False,,360,0,0
3505,5_planet,False,,360,0,0
3505,7_planet,False,,360,0,0
3506,4_planet,False,,360,0,0
3506,5_planet,False,,360,0,0
3506,7_planet,False,,360,0,0
3507,4_planet,False,,360,0,0
3507,5_planet,False,,360,0,0
3507,7_planet,False,,360,0,0
3508,4_planet,False,,360,0,0
3508,5_planet,False,,360,0,0
3508,7_planet,False,,360,0,0
3509,4_planet,False,,360,0,0
3509,5_planet,False,,360,0,0
3509,7_planet,False,,360,0,0
3510,4_planet,False,,360,0,0
3510,5_planet,False,,360,0,0
3510,7_planet,False,,360,0,0
3511,4_planet,False,,360,0,0
3511,5_planet,False,,360,0,0
3511,7_planet,False,,360,0,0
3512,4_planet,False,,360,0,0
3512,5_planet,False,,360,0,0
3512,7_planet,False,,360,0,0
3513,4_planet,False,,360,0,0
3513,5_planet,False,,360,0,0
3513,7_planet,False,,360,0,0
3514,4_planet,False,,360,0,0
3514,5_planet,False,,360,0,0
3514,7_planet,False,,360,0,0
3515,4_planet,False,,360,0,0
3515,5_planet,False,,360,0,0
3515,7_planet,False,,360,0,0
3516,4_planet,False,,360,0,0
3516,5_planet,False,,360,0,0
3516,7_planet,False,,360,0,0
3517,4_planet,False,,360,0,0
3517,5_planet,False,,360,0,0
3517,7_planet,False,,360,0,0
3518,4_planet,False,,360,0,0
3518,5_planet,False,,360,0,0
3518,7_planet,False,,360,0,0
3519,4_planet,False,,360,0,0
3519,5_planet,False,,360,0,0
3519,7_planet,False,,360,0,0
3520,4_planet,False,,360,0,0
3520,5_planet,False,,360,0,0
3520,7_planet,False,,360,0,0
3521,4_planet,False,,360,0,0
3521,5_planet,False,,360,0,0
3521,7_planet,False,,360,0,0
3522,4_planet,False,,360,0,0
3522,5_planet,False,,360,0,0
3522,7_planet,False,,360,0,0
3523,4_planet,False,,360,0,0
3523,5_planet,False,,360,0,0
3523,7_planet,False,,360,0,0
3524,4_planet,False,,360,0,0
3524,5_planet,False,,360,0,0
3524,7_planet,False,,360,0,0
3525,4_planet,False,,360,0,0
3525,5_planet,False,,360,0,0
3525,7_planet,False,,360,0,0
3526,4_planet,False,,360,0,0
3526,5_planet,False,,360,0,0
3526,7_planet,False,,360,0,0
3527,4_planet,False,,360,0,0
3527,5_planet,False,,360,0,0
3527,7_planet,False,,360,0,0
3528,4_planet,False,,360,0,0
3528,5_planet,False,,360,0,0
3528,7_planet,False,,360,0,0
3529,4_planet,False,,360,0,0
3529,5_planet,False,,360,0,0
3529,7_planet,False,,360,0,0
3530,4_planet,False,,360,0,0
3530,5_planet,False,,360,0,0
3530,7_planet,False,,360,0,0
3531,4_planet,False,,360,0,0
3531,5_planet,False,,360,0,0
3531,7_planet,False,,360,0,0
3532,4_planet,False,,360,0,0
3532,5_planet,False,,360,0,0
3532,7_planet,False,,360,0,0
3533,4_planet,False,,360,0,0
3533,5_planet,False,,360,0,0
3533,7_planet,False,,360,0,0
3534,4_planet,False,,360,0,0
3534,5_planet,False,,360,0,0
3534,7_planet,False,,360,0,0
3535,4_planet,False,,360,0,0
3535,5_planet,False,,360,0,0
3535,7_planet,False,,360,0,0
3536,4_planet,False,,360,0,0
3536,5_planet,False,,360,0,0
3536,7_planet,False,,360,0,0
3537,4_planet,False,,360,0,0
3537,5_planet,False,,360,0,0
3537,7_planet,False,,360,0,0
3538,4_planet,False,,360,0,0
3538,5_planet,False,,360,0,0
3538,7_planet,False,,360,0,0
3539,4_planet,False,,360,0,0
3539,5_planet,False,,360,0,0
3539,7_planet,False,,360,0,0
3540,4_planet,False,,360,0,0
3540,5_planet,False,,360,0,0
3540,7_planet,False,,360,0,0
3541,4_planet,False,,360,0,0
3541,5_planet,False,,360,0,0
3541,7_planet,False,,360,0,0
3542,4_planet,False,,360,0,0
3542,5_planet,False,,360,0,0
3542,7_planet,False,,360,0,0
3543,4_planet,False,,360,0,0
3543,5_planet,False,,360,0,0
3543,7_planet,False,,360,0,0
3544,4_planet,False,,360,0,0
3544,5_planet,False,,360,0,0
3544,7_planet,False,,360,0,0
3545,4_planet,False,,360,0,0
3545,5_planet,False,,360,0,0
3545,7_planet,False,,360,0,0
3546,4_planet,False,,360,0,0
3546,5_planet,False,,360,0,0
3546,7_planet,False,,360,0,0
3547,4_planet,False,,360,0,0
3547,5_planet,False,,360,0,0
3547,7_planet,False,,360,0,0
3548,4_planet,False,,360,0,0
3548,5_planet,False,,360,0,0
3548,7_planet,False,,360,0,0
3549,4_planet,False,,360,0,0
3549,5_planet,False,,360,0,0
3549,7_planet,False,,360,0,0
3550,4_planet,False,,360,0,0
3550,5_planet,False,,360,0,0
3550,7_planet,False,,360,0,0
3551,4_planet,False,,360,0,0
3551,5_planet,False,,360,0,0
3551,7_planet,False,,360,0,0
3552,4_planet,False,,360,0,0
3552,5_planet,False,,360,0,0
3552,7_planet,False,,360,0,0
3553,4_planet,False,,360,0,0
3553,5_planet,False,,360,0,0
3553,7_planet,False,,360,0,0
3554,4_planet,False,,360,0,0
3554,5_planet,False,,360,0,0
3554,7_planet,False,,360,0,0
3555,4_planet,False,,360,0,0
3555,5_planet,False,,360,0,0
3555,7_planet,False,,360,0,0
3556,4_planet,False,,360,0,0
3556,5_planet,False,,360,0,0
3556,7_planet,False,,360,0,0
3557,4_planet,False,,360,0,0
3557,5_planet,False,,360,0,0
3557,7_planet,False,,360,0,0
3558,4_planet,False,,360,0,0
3558,5_planet,False,,360,0,0
3558,7_planet,False,,360,0,0
3559,4_planet,False,,360,0,0
3559,5_planet,False,,360,0,0
3559,7_planet,False,,360,0,0
3560,4_planet,False,,360,0,0
3560,5_planet,False,,360,0,0
3560,7_planet,False,,360,0,0
3561,4_planet,False,,360,0,0
3561,5_planet,False,,360,0,0
3561,7_planet,False,,360,0,0
3562,4_planet,False,,360,0,0
3562,5_planet,False,,360,0,0
3562,7_planet,False,,360,0,0
3563,4_planet,False,,360,0,0
3563,5_planet,False,,360,0,0
3563,7_planet,False,,360,0,0
3564,4_planet,False,,360,0,0
3564,5_planet,False,,360,0,0
3564,7_planet,False,,360,0,0
3565,4_planet,False,,360,0,0
3565,5_planet,False,,360,0,0
3565,7_planet,False,,360,0,0
3566,4_planet,False,,360,0,0
3566,5_planet,False,,360,0,0
3566,7_planet,False,,360,0,0
3567,4_planet,False,,360,0,0
3567,5_planet,False,,360,0,0
3567,7_planet,False,,360,0,0
3568,4_planet,False,,360,0,0
3568,5_planet,False,,360,0,0
3568,7_planet,False,,360,0,0
3569,4_planet,False,,360,0,0
3569,5_planet,False,,360,0,0
3569,7_planet,False,,360,0,0
3570,4_planet,False,,360,0,0
3570,5_planet,False,,360,0,0
3570,7_planet,False,,360,0,0
3571,4_planet,False,,360,0,0
3571,5_planet,False,,360,0,0
3571,7_planet,False,,360,0,0
3572,4_planet,False,,360,0,0
3572,5_planet,False,,360,0,0
3572,7_planet,False,,360,0,0
3573,4_planet,False,,360,0,0
3573,5_planet,False,,360,0,0
3573,7_planet,False,,360,0,0
3574,4_planet,False,,360,0,0
3574,5_planet,False,,360,0,0
3574,7_planet,False,,360,0,0
3575,4_planet,False,,360,0,0
3575,5_planet,False,,360,0,0
3575,7_planet,False,,360,0,0
3576,4_planet,False,,360,0,0
3576,5_planet,False,,360,0,0
3576,7_planet,False,,360,0,0
3577,4_planet,False,,360,0,0
3577,5_planet,False,,360,0,0
3577,7_planet,False,,360,0,0
3578,4_planet,False,,360,0,0
3578,5_planet,False,,360,0,0
3578,7_planet,False,,360,0,0
3579,4_planet,False,,360,0,0
3579,5_planet,False,,360,0,0
3579,7_planet,False,,360,0,0
3580,4_planet,False,,360,0,0
3580,5_planet,False,,360,0,0
3580,7_planet,False,,360,0,0
3581,4_planet,False,,360,0,0
3581,5_planet,False,,360,0,0
3581,7_planet,False,,360,0,0
3582,4_planet,False,,360,0,0
3582,5_planet,False,,360,0,0
3582,7_planet,False,,360,0,0
3583,4_planet,False,,360,0,0
3583,5_planet,False,,360,0,0
3583,7_planet,False,,360,0,0
3584,4_planet,False,,360,0,0
3584,5_planet,False,,360,0,0
3584,7_planet,False,,360,0,0
3585,4_planet,False,,360,0,0
3585,5_planet,False,,360,0,0
3585,7_planet,False,,360,0,0
3586,4_planet,False,,360,0,0
3586,5_planet,False,,360,0,0
3586,7_planet,False,,360,0,0
3587,4_planet,False,,360,0,0
3587,5_planet,False,,360,0,0
3587,7_planet,False,,360,0,0
3588,4_planet,False,,360,0,0
3588,5_planet,False,,360,0,0
3588,7_planet,False,,360,0,0
3589,4_planet,False,,360,0,0
3589,5_planet,False,,360,0,0
3589,7_planet,False,,360,0,0
3590,4_planet,False,,360,0,0
3590,5_planet,False,,360,0,0
3590,7_planet,False,,360,0,0
3591,4_planet,False,,360,0,0
3591,5_planet,False,,360,0,0
3591,7_planet,False,,360,0,0
3592,4_planet,False,,360,0,0
3592,5_planet,False,,360,0,0
3592,7_planet,False,,360,0,0
3593,4_planet,False,,360,0,0
3593,5_planet,False,,360,0,0
3593,7_planet,False,,360,0,0
3594,4_planet,False,,360,0,0
3594,5_planet,False,,360,0,0
3594,7_planet,False,,360,0,0
3595,4_planet,False,,360,0,0
3595,5_planet,False,,360,0,0
3595,7_planet,False,,360,0,0
3596,4_planet,False,,360,0,0
3596,5_planet,False,,360,0,0
3596,7_planet,False,,360,0,0
3597,4_planet,False,,360,0,0
3597,5_planet,False,,360,0,0
3597,7_planet,False,,360,0,0
3598,4_planet,False,,360,0,0
3598,5_planet,False,,360,0,0
3598,7_planet,False,,360,0,0
3599,4_planet,False,,360,0,0
3599,5_planet,False,,360,0,0
3599,7_planet,False,,360,0,0
3600,4_planet,False,,360,0,0
3600,5_planet,False,,360,0,0
3600,7_planet,False,,360,0,0
3601,4_planet,False,,360,0,0
3601,5_planet,False,,360,0,0
3601,7_planet,False,,360,0,0
3602,4_planet,False,,360,0,0
3602,5_planet,False,,360,0,0
3602,7_planet,False,,360,0,0
3603,4_planet,False,,360,0,0
3603,5_planet,False,,360,0,0
3603,7_planet,False,,360,0,0
3604,4_planet,False,,360,0,0
3604,5_planet,False,,360,0,0
3604,7_planet,False,,360,0,0
3605,4_planet,False,,360,0,0
3605,5_planet,False,,360,0,0
3605,7_planet,False,,360,0,0
3606,4_planet,False,,360,0,0
3606,5_planet,False,,360,0,0
3606,7_planet,False,,360,0,0
3607,4_planet,False,,360,0,0
3607,5_planet,False,,360,0,0
3607,7_planet,False,,360,0,0
3608,4_planet,False,,360,0,0
3608,5_planet,False,,360,0,0
3608,7_planet,False,,360,0,0
3609,4_planet,False,,360,0,0
3609,5_planet,False,,360,0,0
3609,7_planet,False,,360,0,0
3610,4_planet,False,,360,0,0
3610,5_planet,False,,360,0,0
3610,7_planet,False,,360,0,0
3611,4_planet,False,,360,0,0
3611,5_planet,False,,360,0,0
3611,7_planet,False,,360,0,0
3612,4_planet,False,,360,0,0
3612,5_planet,False,,360,0,0
3612,7_planet,False,,360,0,0
3613,4_planet,False,,360,0,0
3613,5_planet,False,,360,0,0
3613,7_planet,False,,360,0,0
3614,4_planet,False,,360,0,0
3614,5_planet,False,,360,0,0
3614,7_planet,False,,360,0,0
3615,4_planet,False,,360,0,0
3615,5_planet,False,,360,0,0
3615,7_planet,False,,360,0,0
3616,4_planet,False,,360,0,0
3616,5_planet,False,,360,0,0
3616,7_planet,False,,360,0,0
3617,4_planet,False,,360,0,0
3617,5_planet,False,,360,0,0
3617,7_planet,False,,360,0,0
3618,4_planet,False,,360,0,0
3618,5_planet,False,,360,0,0
3618,7_planet,False,,360,0,0
3619,4_planet,False,,360,0,0
3619,5_planet,False,,360,0,0
3619,7_planet,True,"Saturn, Jupiter, Mars, Sun, Venus, Mercury, Moon",59.71,0.48,46.43
3620,4_planet,False,,360,0,0
3620,5_planet,False,,360,0,0
3620,7_planet,False,,360,0,0
3621,4_planet,False,,360,0,0
3621,5_planet,False,,360,0,0
3621,7_planet,False,,360,0,0
3622,4_planet,False,,360,0,0
3622,5_planet,False,,360,0,0
3622,7_planet,False,,360,0,0
3623,4_planet,False,,360,0,0
3623,5_planet,False,,360,0,0
3623,7_planet,False,,360,0,0
3624,4_planet,False,,360,0,0
3624,5_planet,False,,360,0,0
3624,7_planet,False,,360,0,0
3625,4_planet,False,,360,0,0
3625,5_planet,False,,360,0,0
3625,7_planet,False,,360,0,0
3626,4_planet,False,,360,0,0
3626,5_planet,False,,360,0,0
3626,7_planet,False,,360,0,0
3627,4_planet,False,,360,0,0
3627,5_planet,False,,360,0,0
3627,7_planet,False,,360,0,0
3628,4_planet,False,,360,0,0
3628,5_planet,False,,360,0,0
3628,7_planet,False,,360,0,0
3629,4_planet,False,,360,0,0
3629,5_planet,False,,360,0,0
3629,7_planet,False,,360,0,0
3630,4_planet,False,,360,0,0
3630,5_planet,False,,360,0,0
3630,7_planet,False,,360,0,0
3631,4_planet,False,,360,0,0
3631,5_planet,False,,360,0,0
3631,7_planet,False,,360,0,0
3632,4_planet,False,,360,0,0
3632,5_planet,False,,360,0,0
3632,7_planet,False,,360,0,0
3633,4_planet,False,,360,0,0
3633,5_planet,False,,360,0,0
3633,7_planet,False,,360,0,0
3634,4_planet,False,,360,0,0
3634,5_planet,False,,360,0,0
3634,7_planet,False,,360,0,0
3635,4_planet,False,,360,0,0
3635,5_planet,False,,360,0,0
3635,7_planet,False,,360,0,0
3636,4_planet,False,,360,0,0
3636,5_planet,False,,360,0,0
3636,7_planet,False,,360,0,0
3637,4_planet,False,,360,0,0
3637,5_planet,False,,360,0,0
3637,7_planet,False,,360,0,0
3638,4_planet,False,,360,0,0
3638,5_planet,False,,360,0,0
3638,7_planet,False,,360,0,0
3639,4_planet,False,,360,0,0
3639,5_planet,False,,360,0,0
3639,7_planet,False,,360,0,0
3640,4_planet,False,,360,0,0
3640,5_planet,False,,360,0,0
3640,7_planet,False,,360,0,0
3641,4_planet,False,,360,0,0
3641,5_planet,False,,360,0,0
3641,7_planet,False,,360,0,0
3642,4_planet,False,,360,0,0
3642,5_planet,False,,360,0,0
3642,7_planet,False,,360,0,0
3643,4_planet,False,,360,0,0
3643,5_planet,False,,360,0,0
3643,7_planet,False,,360,0,0
3644,4_planet,False,,360,0,0
3644,5_planet,False,,360,0,0
3644,7_planet,False,,360,0,0
3645,4_planet,False,,360,0,0
3645,5_planet,False,,360,0,0
3645,7_planet,False,,360,0,0
3646,4_planet,False,,360,0,0
3646,5_planet,False,,360,0,0
3646,7_planet,False,,360,0,0
3647,4_planet,False,,360,0,0
3647,5_planet,False,,360,0,0
3647,7_planet,False,,360,0,0
3648,4_planet,False,,360,0,0
3648,5_planet,False,,360,0,0
3648,7_planet,False,,360,0,0
3649,4_planet,False,,360,0,0
3649,5_planet,False,,360,0,0
3649,7_planet,False,,360,0,0
3650,4_planet,False,,360,0,0
3650,5_planet,False,,360,0,0
3650,7_planet,False,,360,0,0
3651,4_planet,False,,360,0,0
3651,5_planet,False,,360,0,0
3651,7_planet,False,,360,0,0
3652,4_planet,False,,360,0,0
3652,5_planet,False,,360,0,0
3652,7_planet,False,,360,0,0
3653,4_planet,False,,360,0,0
3653,5_planet,False,,360,0,0
3653,7_planet,False,,360,0,0
3654,4_planet,False,,360,0,0
3654,5_planet,False,,360,0,0
3654,7_planet,False,,360,0,0
3655,4_planet,False,,360,0,0
3655,5_planet,False,,360,0,0
3655,7_planet,False,,360,0,0
3656,4_planet,False,,360,0,0
3656,5_planet,False,,360,0,0
3656,7_planet,False,,360,0,0
3657,4_planet,False,,360,0,0
3657,5_planet,False,,360,0,0
3657,7_planet,False,,360,0,0
3658,4_planet,False,,360,0,0
3658,5_planet,False,,360,0,0
3658,7_planet,False,,360,0,0
3659,4_planet,False,,360,0,0
3659,5_planet,False,,360,0,0
3659,7_planet,False,,360,0,0
3660,4_planet,False,,360,0,0
3660,5_planet,False,,360,0,0
3660,7_planet,False,,360,0,0
3661,4_planet,False,,360,0,0
3661,5_planet,False,,360,0,0
3661,7_planet,False,,360,0,0
3662,4_planet,False,,360,0,0
3662,5_planet,False,,360,0,0
3662,7_planet,False,,360,0,0
3663,4_planet,False,,360,0,0
3663,5_planet,False,,360,0,0
3663,7_planet,False,,360,0,0
3664,4_planet,False,,360,0,0
3664,5_planet,False,,360,0,0
3664,7_planet,False,,360,0,0
3665,4_planet,False,,360,0,0
3665,5_planet,False,,360,0,0
3665,7_planet,False,,360,0,0
3666,4_planet,False,,360,0,0
3666,5_planet,False,,360,0,0
3666,7_planet,False,,360,0,0
3667,4_planet,False,,360,0,0
3667,5_planet,False,,360,0,0
3667,7_planet,False,,360,0,0
3668,4_planet,False,,360,0,0
3668,5_planet,False,,360,0,0
3668,7_planet,False,,360,0,0
3669,4_planet,False,,360,0,0
3669,5_planet,False,,360,0,0
3669,7_planet,False,,360,0,0
3670,4_planet,False,,360,0,0
3670,5_planet,False,,360,0,0
3670,7_planet,False,,360,0,0
3671,4_planet,False,,360,0,0
3671,5_planet,False,,360,0,0
3671,7_planet,False,,360,0,0
3672,4_planet,False,,360,0,0
3672,5_planet,False,,360,0,0
3672,7_planet,False,,360,0,0
3673,4_planet,False,,360,0,0
3673,5_planet,False,,360,0,0
3673,7_planet,False,,360,0,0
3674,4_planet,False,,360,0,0
3674,5_planet,False,,360,0,0
3674,7_planet,False,,360,0,0
3675,4_planet,False,,360,0,0
3675,5_planet,False,,360,0,0
3675,7_planet,False,,360,0,0
3676,4_planet,False,,360,0,0
3676,5_planet,False,,360,0,0
3676,7_planet,False,,360,0,0
3677,4_planet,False,,360,0,0
3677,5_planet,False,,360,0,0
3677,7_planet,False,,360,0,0
3678,4_planet,False,,360,0,0
3678,5_planet,False,,360,0,0
3678,7_planet,False,,360,0,0
3679,4_planet,False,,360,0,0
3679,5_planet,False,,360,0,0
3679,7_planet,False,,360,0,0
3680,4_planet,False,,360,0,0
3680,5_planet,False,,360,0,0
3680,7_planet,False,,360,0,0
3681,4_planet,False,,360,0,0
3681,5_planet,False,,360,0,0
3681,7_planet,False,,360,0,0
3682,4_planet,False,,360,0,0
3682,5_planet,False,,360,0,0
3682,7_planet,False,,360,0,0
3683,4_planet,False,,360,0,0
3683,5_planet,False,,360,0,0
3683,7_planet,False,,360,0,0
3684,4_planet,False,,360,0,0
3684,5_planet,False,,360,0,0
3684,7_planet,False,,360,0,0
3685,4_planet,False,,360,0,0
3685,5_planet,False,,360,0,0
3685,7_planet,False,,360,0,0
3686,4_planet,False,,360,0,0
3686,5_planet,False,,360,0,0
3686,7_planet,False,,360,0,0
3687,4_planet,False,,360,0,0
3687,5_planet,False,,360,0,0
3687,7_planet,False,,360,0,0
3688,4_planet,False,,360,0,0
3688,5_planet,False,,360,0,0
3688,7_planet,False,,360,0,0
3689,4_planet,False,,360,0,0
3689,5_planet,False,,360,0,0
3689,7_planet,False,,360,0,0
3690,4_planet,False,,360,0,0
3690,5_planet,False,,360,0,0
3690,7_planet,False,,360,0,0
3691,4_planet,False,,360,0,0
3691,5_planet,False,,360,0,0
3691,7_planet,False,,360,0,0
3692,4_planet,False,,360,0,0
3692,5_planet,False,,360,0,0
3692,7_planet,False,,360,0,0
3693,4_planet,False,,360,0,0
3693,5_planet,False,,360,0,0
3693,7_planet,False,,360,0,0
3694,4_planet,False,,360,0,0
3694,5_planet,False,,360,0,0
3694,7_planet,False,,360,0,0
3695,4_planet,False,,360,0,0
3695,5_planet,False,,360,0,0
3695,7_planet,False,,360,0,0
3696,4_planet,False,,360,0,0
3696,5_planet,False,,360,0,0
3696,7_planet,False,,360,0,0
3697,4_planet,False,,360,0,0
3697,5_planet,False,,360,0,0
3697,7_planet,False,,360,0,0
3698,4_planet,False,,360,0,0
3698,5_planet,False,,360,0,0
3698,7_planet,False,,360,0,0
3699,4_planet,False,,360,0,0
3699,5_planet,False,,360,0,0
3699,7_planet,False,,360,0,0
3700,4_planet,False,,360,0,0
3700,5_planet,False,,360,0,0
3700,7_planet,False,,360,0,0
3701,4_planet,False,,360,0,0
3701,5_planet,False,,360,0,0
3701,7_planet,False,,360,0,0
3702,4_planet,False,,360,0,0
3702,5_planet,False,,360,0,0
3702,7_planet,False,,360,0,0
3703,4_planet,False,,360,0,0
3703,5_planet,False,,360,0,0
3703,7_planet,False,,360,0,0
3704,4_planet,False,,360,0,0
3704,5_planet,False,,360,0,0
3704,7_planet,False,,360,0,0
3705,4_planet,False,,360,0,0
3705,5_planet,False,,360,0,0
3705,7_planet,False,,360,0,0
3706,4_planet,False,,360,0,0
3706,5_planet,False,,360,0,0
3706,7_planet,False,,360,0,0
3707,4_planet,False,,360,0,0
3707,5_planet,False,,360,0,0
3707,7_planet,False,,360,0,0
3708,4_planet,False,,360,0,0
3708,5_planet,False,,360,0,0
3708,7_planet,False,,360,0,0
3709,4_planet,False,,360,0,0
3709,5_planet,False,,360,0,0
3709,7_planet,False,,360,0,0
3710,4_planet,False,,360,0,0
3710,5_planet,False,,360,0,0
3710,7_planet,False,,360,0,0
3711,4_planet,False,,360,0,0
3711,5_planet,False,,360,0,0
3711,7_planet,False,,360,0,0
3712,4_planet,False,,360,0,0
3712,5_planet,False,,360,0,0
3712,7_planet,False,,360,0,0
3713,4_planet,False,,360,0,0
3713,5_planet,False,,360,0,0
3713,7_planet,False,,360,0,0
3714,4_planet,False,,360,0,0
3714,5_planet,False,,360,0,0
3714,7_planet,False,,360,0,0
3715,4_planet,False,,360,0,0
3715,5_planet,False,,360,0,0
3715,7_planet,False,,360,0,0
3716,4_planet,False,,360,0,0
3716,5_planet,False,,360,0,0
3716,7_planet,False,,360,0,0
3717,4_planet,False,,360,0,0
3717,5_planet,False,,360,0,0
3717,7_planet,False,,360,0,0
3718,4_planet,False,,360,0,0
3718,5_planet,False,,360,0,0
3718,7_planet,False,,360,0,0
3719,4_planet,False,,360,0,0
3719,5_planet,False,,360,0,0
3719,7_planet,False,,360,0,0
3720,4_planet,False,,360,0,0
3720,5_planet,False,,360,0,0
3720,7_planet,False,,360,0,0
3721,4_planet,False,,360,0,0
3721,5_planet,False,,360,0,0
3721,7_planet,False,,360,0,0
3722,4_planet,False,,360,0,0
3722,5_planet,False,,360,0,0
3722,7_planet,False,,360,0,0
3723,4_planet,False,,360,0,0
3723,5_planet,False,,360,0,0
3723,7_planet,False,,360,0,0
3724,4_planet,False,,360,0,0
3724,5_planet,False,,360,0,0
3724,7_planet,False,,360,0,0
3725,4_planet,False,,360,0,0
3725,5_planet,False,,360,0,0
3725,7_planet,False,,360,0,0
3726,4_planet,False,,360,0,0
3726,5_planet,False,,360,0,0
3726,7_planet,False,,360,0,0
3727,4_planet,False,,360,0,0
3727,5_planet,False,,360,0,0
3727,7_planet,False,,360,0,0
3728,4_planet,False,,360,0,0
3728,5_planet,False,,360,0,0
3728,7_planet,False,,360,0,0
3729,4_planet,False,,360,0,0
3729,5_planet,False,,360,0,0
3729,7_planet,False,,360,0,0
3730,4_planet,False,,360,0,0
3730,5_planet,False,,360,0,0
3730,7_planet,False,,360,0,0
3731,4_planet,False,,360,0,0
3731,5_planet,False,,360,0,0
3731,7_planet,False,,360,0,0
3732,4_planet,False,,360,0,0
3732,5_planet,False,,360,0,0
3732,7_planet,False,,360,0,0
3733,4_planet,False,,360,0,0
3733,5_planet,False,,360,0,0
3733,7_planet,False,,360,0,0
3734,4_planet,False,,360,0,0
3734,5_planet,False,,360,0,0
3734,7_planet,False,,360,0,0
3735,4_planet,False,,360,0,0
3735,5_planet,False,,360,0,0
3735,7_planet,False,,360,0,0
3736,4_planet,False,,360,0,0
3736,5_planet,False,,360,0,0
3736,7_planet,False,,360,0,0
3737,4_planet,False,,360,0,0
3737,5_planet,False,,360,0,0
3737,7_planet,False,,360,0,0
3738,4_planet,False,,360,0,0
3738,5_planet,False,,360,0,0
3738,7_planet,False,,360,0,0
3739,4_planet,False,,360,0,0
3739,5_planet,False,,360,0,0
3739,7_planet,False,,360,0,0
3740,4_planet,False,,360,0,0
3740,5_planet,False,,360,0,0
3740,7_planet,False,,360,0,0
3741,4_planet,False,,360,0,0
3741,5_planet,False,,360,0,0
3741,7_planet,False,,360,0,0
3742,4_planet,False,,360,0,0
3742,5_planet,False,,360,0,0
3742,7_planet,False,,360,0,0
3743,4_planet,False,,360,0,0
3743,5_planet,False,,360,0,0
3743,7_planet,False,,360,0,0
3744,4_planet,False,,360,0,0
3744,5_planet,False,,360,0,0
3744,7_planet,False,,360,0,0
3745,4_planet,False,,360,0,0
3745,5_planet,False,,360,0,0
3745,7_planet,False,,360,0,0
3746,4_planet,False,,360,0,0
3746,5_planet,False,,360,0,0
3746,7_planet,False,,360,0,0
3747,4_planet,False,,360,0,0
3747,5_planet,False,,360,0,0
3747,7_planet,False,,360,0,0
3748,4_planet,False,,360,0,0
3748,5_planet,False,,360,0,0
3748,7_planet,False,,360,0,0
3749,4_planet,False,,360,0,0
3749,5_planet,False,,360,0,0
3749,7_planet,False,,360,0,0
3750,4_planet,False,,360,0,0
3750,5_planet,False,,360,0,0
3750,7_planet,False,,360,0,0
3751,4_planet,False,,360,0,0
3751,5_planet,False,,360,0,0
3751,7_planet,False,,360,0,0
3752,4_planet,False,,360,0,0
3752,5_planet,False,,360,0,0
3752,7_planet,False,,360,0,0
3753,4_planet,False,,360,0,0
3753,5_planet,False,,360,0,0
3753,7_planet,False,,360,0,0
3754,4_planet,False,,360,0,0
3754,5_planet,False,,360,0,0
3754,7_planet,False,,360,0,0
3755,4_planet,False,,360,0,0
3755,5_planet,False,,360,0,0
3755,7_planet,False,,360,0,0
3756,4_planet,False,,360,0,0
3756,5_planet,False,,360,0,0
3756,7_planet,False,,360,0,0
3757,4_planet,False,,360,0,0
3757,5_planet,False,,360,0,0
3757,7_planet,False,,360,0,0
3758,4_planet,False,,360,0,0
3758,5_planet,False,,360,0,0
3758,7_planet,False,,360,0,0
3759,4_planet,False,,360,0,0
3759,5_planet,False,,360,0,0
3759,7_planet,False,,360,0,0
3760,4_planet,False,,360,0,0
3760,5_planet,False,,360,0,0
3760,7_planet,False,,360,0,0
3761,4_planet,False,,360,0,0
3761,5_planet,False,,360,0,0
3761,7_planet,False,,360,0,0
3762,4_planet,False,,360,0,0
3762,5_planet,False,,360,0,0
3762,7_planet,False,,360,0,0
3763,4_planet,False,,360,0,0
3763,5_planet,False,,360,0,0
3763,7_planet,False,,360,0,0
3764,4_planet,False,,360,0,0
3764,5_planet,False,,360,0,0
3764,7_planet,False,,360,0,0
3765,4_planet,False,,360,0,0
3765,5_planet,False,,360,0,0
3765,7_planet,False,,360,0,0
3766,4_planet,False,,360,0,0
3766,5_planet,False,,360,0,0
3766,7_planet,False,,360,0,0
3767,4_planet,False,,360,0,0
3767,5_planet,False,,360,0,0
3767,7_planet,False,,360,0,0
3768,4_planet,False,,360,0,0
3768,5_planet,False,,360,0,0
3768,7_planet,False,,360,0,0
3769,4_planet,False,,360,0,0
3769,5_planet,False,,360,0,0
3769,7_planet,False,,360,0,0
3770,4_planet,False,,360,0,0
3770,5_planet,False,,360,0,0
3770,7_planet,False,,360,0,0
3771,4_planet,False,,360,0,0
3771,5_planet,False,,360,0,0
3771,7_planet,False,,360,0,0
3772,4_planet,False,,360,0,0
3772,5_planet,False,,360,0,0
3772,7_planet,False,,360,0,0
3773,4_planet,False,,360,0,0
3773,5_planet,False,,360,0,0
3773,7_planet,False,,360,0,0
3774,4_planet,False,,360,0,0
3774,5_planet,False,,360,0,0
3774,7_planet,False,,360,0,0
3775,4_planet,False,,360,0,0
3775,5_planet,False,,360,0,0
3775,7_planet,False,,360,0,0
3776,4_planet,False,,360,0,0
3776,5_planet,False,,360,0,0
3776,7_planet,False,,360,0,0
3777,4_planet,False,,360,0,0
3777,5_planet,False,,360,0,0
3777,7_planet,False,,360,0,0
3778,4_planet,False,,360,0,0
3778,5_planet,False,,360,0,0
3778,7_planet,False,,360,0,0
3779,4_planet,False,,360,0,0
3779,5_planet,False,,360,0,0
3779,7_planet,False,,360,0,0
3780,4_planet,False,,360,0,0
3780,5_planet,False,,360,0,0
3780,7_planet,False,,360,0,0
3781,4_planet,False,,360,0,0
3781,5_planet,False,,360,0,0
3781,7_planet,False,,360,0,0
3782,4_planet,False,,360,0,0
3782,5_planet,False,,360,0,0
3782,7_planet,False,,360,0,0
3783,4_planet,False,,360,0,0
3783,5_planet,False,,360,0,0
3783,7_planet,False,,360,0,0
3784,4_planet,False,,360,0,0
3784,5_planet,False,,360,0,0
3784,7_planet,False,,360,0,0
3785,4_planet,False,,360,0,0
3785,5_planet,False,,360,0,0
3785,7_planet,False,,360,0,0
3786,4_planet,False,,360,0,0
3786,5_planet,False,,360,0,0
3786,7_planet,False,,360,0,0
3787,4_planet,False,,360,0,0
3787,5_planet,False,,360,0,0
3787,7_planet,False,,360,0,0
3788,4_planet,False,,360,0,0
3788,5_planet,False,,360,0,0
3788,7_planet,False,,360,0,0
3789,4_planet,False,,360,0,0
3789,5_planet,False,,360,0,0
3789,7_planet,False,,360,0,0
3790,4_planet,False,,360,0,0
3790,5_planet,False,,360,0,0
3790,7_planet,False,,360,0,0
3791,4_planet,False,,360,0,0
3791,5_planet,False,,360,0,0
3791,7_planet,False,,360,0,0
3792,4_planet,False,,360,0,0
3792,5_planet,False,,360,0,0
3792,7_planet,False,,360,0,0
3793,4_planet,False,,360,0,0
3793,5_planet,False,,360,0,0
3793,7_planet,False,,360,0,0
3794,4_planet,False,,360,0,0
3794,5_planet,False,,360,0,0
3794,7_planet,False,,360,0,0
3795,4_planet,False,,360,0,0
3795,5_planet,False,,360,0,0
3795,7_planet,False,,360,0,0
3796,4_planet,False,,360,0,0
3796,5_planet,False,,360,0,0
3796,7_planet,False,,360,0,0
3797,4_planet,False,,360,0,0
3797,5_planet,False,,360,0,0
3797,7_planet,False,,360,0,0
3798,4_planet,False,,360,0,0
3798,5_planet,False,,360,0,0
3798,7_planet,False,,360,0,0
3799,4_planet,False,,360,0,0
3799,5_planet,False,,360,0,0
3799,7_planet,False,,360,0,0
3800,4_planet,False,,360,0,0
3800,5_planet,False,,360,0,0
3800,7_planet,False,,360,0,0
3801,4_planet,False,,360,0,0
3801,5_planet,False,,360,0,0
3801,7_planet,False,,360,0,0
3802,4_planet,False,,360,0,0
3802,5_planet,False,,360,0,0
3802,7_planet,False,,360,0,0
3803,4_planet,False,,360,0,0
3803,5_planet,False,,360,0,0
3803,7_planet,False,,360,0,0
3804,4_planet,False,,360,0,0
3804,5_planet,False,,360,0,0
3804,7_planet,False,,360,0,0
3805,4_planet,False,,360,0,0
3805,5_planet,False,,360,0,0
3805,7_planet,False,,360,0,0
3806,4_planet,False,,360,0,0
3806,5_planet,False,,360,0,0
3806,7_planet,False,,360,0,0
3807,4_planet,False,,360,0,0
3807,5_planet,False,,360,0,0
3807,7_planet,False,,360,0,0
3808,4_planet,False,,360,0,0
3808,5_planet,False,,360,0,0
3808,7_planet,False,,360,0,0
3809,4_planet,False,,360,0,0
3809,5_planet,False,,360,0,0
3809,7_planet,False,,360,0,0
3810,4_planet,False,,360,0,0
3810,5_planet,False,,360,0,0
3810,7_planet,False,,360,0,0
3811,4_planet,False,,360,0,0
3811,5_planet,False,,360,0,0
3811,7_planet,False,,360,0,0
3812,4_planet,False,,360,0,0
3812,5_planet,False,,360,0,0
3812,7_planet,False,,360,0,0
3813,4_planet,False,,360,0,0
3813,5_planet,False,,360,0,0
3813,7_planet,False,,360,0,0
3814,4_planet,False,,360,0,0
3814,5_planet,False,,360,0,0
3814,7_planet,False,,360,0,0
3815,4_planet,False,,360,0,0
3815,5_planet,False,,360,0,0
3815,7_planet,False,,360,0,0
3816,4_planet,False,,360,0,0
3816,5_planet,False,,360,0,0
3816,7_planet,False,,360,0,0
3817,4_planet,False,,360,0,0
3817,5_planet,False,,360,0,0
3817,7_planet,False,,360,0,0
3818,4_planet,False,,360,0,0
3818,5_planet,False,,360,0,0
3818,7_planet,False,,360,0,0
3819,4_planet,False,,360,0,0
3819,5_planet,False,,360,0,0
3819,7_planet,False,,360,0,0
3820,4_planet,False,,360,0,0
3820,5_planet,False,,360,0,0
3820,7_planet,False,,360,0,0
3821,4_planet,False,,360,0,0
3821,5_planet,False,,360,0,0
3821,7_planet,False,,360,0,0
3822,4_planet,False,,360,0,0
3822,5_planet,False,,360,0,0
3822,7_planet,False,,360,0,0
3823,4_planet,False,,360,0,0
3823,5_planet,False,,360,0,0
3823,7_planet,False,,360,0,0
3824,4_planet,False,,360,0,0
3824,5_planet,False,,360,0,0
3824,7_planet,False,,360,0,0
3825,4_planet,False,,360,0,0
3825,5_planet,False,,360,0,0
3825,7_planet,False,,360,0,0
3826,4_planet,False,,360,0,0
3826,5_planet,False,,360,0,0
3826,7_planet,False,,360,0,0
3827,4_planet,False,,360,0,0
3827,5_planet,False,,360,0,0
3827,7_planet,False,,360,0,0
3828,4_planet,False,,360,0,0
3828,5_planet,False,,360,0,0
3828,7_planet,False,,360,0,0
3829,4_planet,False,,360,0,0
3829,5_planet,False,,360,0,0
3829,7_planet,False,,360,0,0
3830,4_planet,False,,360,0,0
3830,5_planet,False,,360,0,0
3830,7_planet,False,,360,0,0
3831,4_planet,False,,360,0,0
3831,5_planet,False,,360,0,0
3831,7_planet,False,,360,0,0
3832,4_planet,False,,360,0,0
3832,5_planet,False,,360,0,0
3832,7_planet,False,,360,0,0
3833,4_planet,False,,360,0,0
3833,5_planet,False,,360,0,0
3833,7_planet,False,,360,0,0
3834,4_planet,False,,360,0,0
3834,5_planet,False,,360,0,0
3834,7_planet,False,,360,0,0
3835,4_planet,False,,360,0,0
3835,5_planet,False,,360,0,0
3835,7_planet,False,,360,0,0
3836,4_planet,False,,360,0,0
3836,5_planet,False,,360,0,0
3836,7_planet,False,,360,0,0
3837,4_planet,False,,360,0,0
3837,5_planet,False,,360,0,0
3837,7_planet,False,,360,0,0
3838,4_planet,False,,360,0,0
3838,5_planet,False,,360,0,0
3838,7_planet,False,,360,0,0
3839,4_planet,False,,360,0,0
3839,5_planet,False,,360,0,0
3839,7_planet,False,,360,0,0
3840,4_planet,False,,360,0,0
3840,5_planet,False,,360,0,0
3840,7_planet,False,,360,0,0
3841,4_planet,False,,360,0,0
3841,5_planet,False,,360,0,0
3841,7_planet,False,,360,0,0
3842,4_planet,False,,360,0,0
3842,5_planet,False,,360,0,0
3842,7_planet,False,,360,0,0
3843,4_planet,False,,360,0,0
3843,5_planet,False,,360,0,0
3843,7_planet,False,,360,0,0
3844,4_planet,False,,360,0,0
3844,5_planet,False,,360,0,0
3844,7_planet,False,,360,0,0
3845,4_planet,False,,360,0,0
3845,5_planet,False,,360,0,0
3845,7_planet,False,,360,0,0
3846,4_planet,False,,360,0,0
3846,5_planet,False,,360,0,0
3846,7_planet,False,,360,0,0
3847,4_planet,False,,360,0,0
3847,5_planet,False,,360,0,0
3847,7_planet,False,,360,0,0
3848,4_planet,False,,360,0,0
3848,5_planet,False,,360,0,0
3848,7_planet,False,,360,0,0
3849,4_planet,False,,360,0,0
3849,5_planet,False,,360,0,0
3849,7_planet,False,,360,0,0
3850,4_planet,False,,360,0,0
3850,5_planet,False,,360,0,0
3850,7_planet,False,,360,0,0
3851,4_planet,False,,360,0,0
3851,5_planet,False,,360,0,0
3851,7_planet,False,,360,0,0
3852,4_planet,False,,360,0,0
3852,5_planet,False,,360,0,0
3852,7_planet,False,,360,0,0
3853,4_planet,False,,360,0,0
3853,5_planet,False,,360,0,0
3853,7_planet,False,,360,0,0
3854,4_planet,False,,360,0,0
3854,5_planet,False,,360,0,0
3854,7_planet,False,,360,0,0
3855,4_planet,False,,360,0,0
3855,5_planet,False,,360,0,0
3855,7_planet,False,,360,0,0
3856,4_planet,False,,360,0,0
3856,5_planet,False,,360,0,0
3856,7_planet,False,,360,0,0
3857,4_planet,False,,360,0,0
3857,5_planet,False,,360,0,0
3857,7_planet,False,,360,0,0
3858,4_planet,False,,360,0,0
3858,5_planet,False,,360,0,0
3858,7_planet,False,,360,0,0
3859,4_planet,False,,360,0,0
3859,5_planet,False,,360,0,0
3859,7_planet,False,,360,0,0
3860,4_planet,False,,360,0,0
3860,5_planet,False,,360,0,0
3860,7_planet,False,,360,0,0
3861,4_planet,False,,360,0,0
3861,5_planet,False,,360,0,0
3861,7_planet,False,,360,0,0
3862,4_planet,False,,360,0,0
3862,5_planet,False,,360,0,0
3862,7_planet,False,,360,0,0
3863,4_planet,False,,360,0,0
3863,5_planet,False,,360,0,0
3863,7_planet,False,,360,0,0
3864,4_planet,False,,360,0,0
3864,5_planet,False,,360,0,0
3864,7_planet,False,,360,0,0
3865,4_planet,False,,360,0,0
3865,5_planet,False,,360,0,0
3865,7_planet,False,,360,0,0
3866,4_planet,False,,360,0,0
3866,5_planet,False,,360,0,0
3866,7_planet,False,,360,0,0
3867,4_planet,False,,360,0,0
3867,5_planet,False,,360,0,0
3867,7_planet,False,,360,0,0
3868,4_planet,False,,360,0,0
3868,5_planet,False,,360,0,0
3868,7_planet,False,,360,0,0
3869,4_planet,False,,360,0,0
3869,5_planet,False,,360,0,0
3869,7_planet,False,,360,0,0
3870,4_planet,False,,360,0,0
3870,5_planet,False,,360,0,0
3870,7_planet,False,,360,0,0
3871,4_planet,False,,360,0,0
3871,5_planet,False,,360,0,0
3871,7_planet,False,,360,0,0
3872,4_planet,False,,360,0,0
3872,5_planet,False,,360,0,0
3872,7_planet,False,,360,0,0
3873,4_planet,False,,360,0,0
3873,5_planet,False,,360,0,0
3873,7_planet,False,,360,0,0
3874,4_planet,False,,360,0,0
3874,5_planet,False,,360,0,0
3874,7_planet,False,,360,0,0
3875,4_planet,False,,360,0,0
3875,5_planet,False,,360,0,0
3875,7_planet,False,,360,0,0
3876,4_planet,False,,360,0,0
3876,5_planet,False,,360,0,0
3876,7_planet,False,,360,0,0
3877,4_planet,False,,360,0,0
3877,5_planet,False,,360,0,0
3877,7_planet,False,,360,0,0
3878,4_planet,False,,360,0,0
3878,5_planet,False,,360,0,0
3878,7_planet,False,,360,0,0
3879,4_planet,False,,360,0,0
3879,5_planet,False,,360,0,0
3879,7_planet,False,,360,0,0
3880,4_planet,False,,360,0,0
3880,5_planet,False,,360,0,0
3880,7_planet,False,,360,0,0
3881,4_planet,False,,360,0,0
3881,5_planet,False,,360,0,0
3881,7_planet,False,,360,0,0
3882,4_planet,False,,360,0,0
3882,5_planet,False,,360,0,0
3882,7_planet,False,,360,0,0
3883,4_planet,False,,360,0,0
3883,5_planet,False,,360,0,0
3883,7_planet,False,,360,0,0
3884,4_planet,False,,360,0,0
3884,5_planet,False,,360,0,0
3884,7_planet,False,,360,0,0
3885,4_planet,False,,360,0,0
3885,5_planet,False,,360,0,0
3885,7_planet,False,,360,0,0
3886,4_planet,False,,360,0,0
3886,5_planet,False,,360,0,0
3886,7_planet,False,,360,0,0
3887,4_planet,False,,360,0,0
3887,5_planet,False,,360,0,0
3887,7_planet,False,,360,0,0
3888,4_planet,False,,360,0,0
3888,5_planet,False,,360,0,0
3888,7_planet,False,,360,0,0
3889,4_planet,False,,360,0,0
3889,5_planet,False,,360,0,0
3889,7_planet,False,,360,0,0
3890,4_planet,False,,360,0,0
3890,5_planet,False,,360,0,0
3890,7_planet,False,,360,0,0
3891,4_planet,False,,360,0,0
3891,5_planet,False,,360,0,0
3891,7_planet,False,,360,0,0
3892,4_planet,False,,360,0,0
3892,5_planet,False,,360,0,0
3892,7_planet,False,,360,0,0
3893,4_planet,False,,360,0,0
3893,5_planet,False,,360,0,0
3893,7_planet,False,,360,0,0
3894,4_planet,False,,360,0,0
3894,5_planet,False,,360,0,0
3894,7_planet,False,,360,0,0
3895,4_planet,False,,360,0,0
3895,5_planet,False,,360,0,0
3895,7_planet,False,,360,0,0
3896,4_planet,False,,360,0,0
3896,5_planet,False,,360,0,0
3896,7_planet,False,,360,0,0
3897,4_planet,False,,360,0,0
3897,5_planet,False,,360,0,0
3897,7_planet,False,,360,0,0
3898,4_planet,False,,360,0,0
3898,5_planet,False,,360,0,0
3898,7_planet,False,,360,0,0
3899,4_planet,False,,360,0,0
3899,5_planet,False,,360,0,0
3899,7_planet,False,,360,0,0
3900,4_planet,False,,360,0,0
3900,5_planet,False,,360,0,0
3900,7_planet,False,,360,0,0
3901,4_planet,False,,360,0,0
3901,5_planet,False,,360,0,0
3901,7_planet,False,,360,0,0
3902,4_planet,False,,360,0,0
3902,5_planet,False,,360,0,0
3902,7_planet,False,,360,0,0
3903,4_planet,False,,360,0,0
3903,5_planet,False,,360,0,0
3903,7_planet,False,,360,0,0
3904,4_planet,False,,360,0,0
3904,5_planet,False,,360,0,0
3904,7_planet,False,,360,0,0
3905,4_planet,False,,360,0,0
3905,5_planet,False,,360,0,0
3905,7_planet,False,,360,0,0
3906,4_planet,False,,360,0,0
3906,5_planet,False,,360,0,0
3906,7_planet,False,,360,0,0
3907,4_planet,False,,360,0,0
3907,5_planet,False,,360,0,0
3907,7_planet,False,,360,0,0
3908,4_planet,False,,360,0,0
3908,5_planet,False,,360,0,0
3908,7_planet,False,,360,0,0
3909,4_planet,False,,360,0,0
3909,5_planet,False,,360,0,0
3909,7_planet,False,,360,0,0
3910,4_planet,False,,360,0,0
3910,5_planet,False,,360,0,0
3910,7_planet,False,,360,0,0
3911,4_planet,False,,360,0,0
3911,5_planet,False,,360,0,0
3911,7_planet,False,,360,0,0
3912,4_planet,False,,360,0,0
3912,5_planet,False,,360,0,0
3912,7_planet,False,,360,0,0
3913,4_planet,False,,360,0,0
3913,5_planet,False,,360,0,0
3913,7_planet,False,,360,0,0
3914,4_planet,False,,360,0,0
3914,5_planet,False,,360,0,0
3914,7_planet,False,,360,0,0
3915,4_planet,False,,360,0,0
3915,5_planet,False,,360,0,0
3915,7_planet,False,,360,0,0
3916,4_planet,False,,360,0,0
3916,5_planet,False,,360,0,0
3916,7_planet,False,,360,0,0
3917,4_planet,False,,360,0,0
3917,5_planet,False,,360,0,0
3917,7_planet,False,,360,0,0
3918,4_planet,False,,360,0,0
3918,5_planet,False,,360,0,0
3918,7_planet,False,,360,0,0
3919,4_planet,False,,360,0,0
3919,5_planet,False,,360,0,0
3919,7_planet,False,,360,0,0
3920,4_planet,False,,360,0,0
3920,5_planet,False,,360,0,0
3920,7_planet,False,,360,0,0
3921,4_planet,False,,360,0,0
3921,5_planet,False,,360,0,0
3921,7_planet,False,,360,0,0
3922,4_planet,False,,360,0,0
3922,5_planet,False,,360,0,0
3922,7_planet,False,,360,0,0
3923,4_planet,False,,360,0,0
3923,5_planet,False,,360,0,0
3923,7_planet,False,,360,0,0
3924,4_planet,False,,360,0,0
3924,5_planet,False,,360,0,0
3924,7_planet,False,,360,0,0
3925,4_planet,False,,360,0,0
3925,5_planet,False,,360,0,0
3925,7_planet,False,,360,0,0
3926,4_planet,False,,360,0,0
3926,5_planet,False,,360,0,0
3926,7_planet,False,,360,0,0
3927,4_planet,False,,360,0,0
3927,5_planet,False,,360,0,0
3927,7_planet,False,,360,0,0
3928,4_planet,False,,360,0,0
3928,5_planet,False,,360,0,0
3928,7_planet,False,,360,0,0
3929,4_planet,False,,360,0,0
3929,5_planet,False,,360,0,0
3929,7_planet,False,,360,0,0
3930,4_planet,False,,360,0,0
3930,5_planet,False,,360,0,0
3930,7_planet,False,,360,0,0
3931,4_planet,False,,360,0,0
3931,5_planet,False,,360,0,0
3931,7_planet,False,,360,0,0
3932,4_planet,False,,360,0,0
3932,5_planet,False,,360,0,0
3932,7_planet,False,,360,0,0
3933,4_planet,False,,360,0,0
3933,5_planet,False,,360,0,0
3933,7_planet,False,,360,0,0
3934,4_planet,False,,360,0,0
3934,5_planet,False,,360,0,0
3934,7_planet,False,,360,0,0
3935,4_planet,False,,360,0,0
3935,5_planet,False,,360,0,0
3935,7_planet,False,,360,0,0
3936,4_planet,False,,360,0,0
3936,5_planet,False,,360,0,0
3936,7_planet,False,,360,0,0
3937,4_planet,False,,360,0,0
3937,5_planet,False,,360,0,0
3937,7_planet,False,,360,0,0
3938,4_planet,False,,360,0,0
3938,5_planet,False,,360,0,0
3938,7_planet,False,,360,0,0
3939,4_planet,False,,360,0,0
3939,5_planet,False,,360,0,0
3939,7_planet,False,,360,0,0
3940,4_planet,False,,360,0,0
3940,5_planet,False,,360,0,0
3940,7_planet,False,,360,0,0
3941,4_planet,False,,360,0,0
3941,5_planet,False,,360,0,0
3941,7_planet,False,,360,0,0
3942,4_planet,False,,360,0,0
3942,5_planet,False,,360,0,0
3942,7_planet,False,,360,0,0
3943,4_planet,False,,360,0,0
3943,5_planet,False,,360,0,0
3943,7_planet,False,,360,0,0
3944,4_planet,False,,360,0,0
3944,5_planet,False,,360,0,0
3944,7_planet,False,,360,0,0
3945,4_planet,False,,360,0,0
3945,5_planet,False,,360,0,0
3945,7_planet,False,,360,0,0
3946,4_planet,False,,360,0,0
3946,5_planet,False,,360,0,0
3946,7_planet,False,,360,0,0
3947,4_planet,False,,360,0,0
3947,5_planet,False,,360,0,0
3947,7_planet,False,,360,0,0
3948,4_planet,False,,360,0,0
3948,5_planet,False,,360,0,0
3948,7_planet,False,,360,0,0
3949,4_planet,False,,360,0,0
3949,5_planet,False,,360,0,0
3949,7_planet,False,,360,0,0
3950,4_planet,False,,360,0,0
3950,5_planet,False,,360,0,0
3950,7_planet,False,,360,0,0
3951,4_planet,False,,360,0,0
3951,5_planet,False,,360,0,0
3951,7_planet,False,,360,0,0
3952,4_planet,False,,360,0,0
3952,5_planet,False,,360,0,0
3952,7_planet,False,,360,0,0
3953,4_planet,False,,360,0,0
3953,5_planet,False,,360,0,0
3953,7_planet,False,,360,0,0
3954,4_planet,False,,360,0,0
3954,5_planet,False,,360,0,0
3954,7_planet,False,,360,0,0
3955,4_planet,False,,360,0,0
3955,5_planet,False,,360,0,0
3955,7_planet,False,,360,0,0
3956,4_planet,False,,360,0,0
3956,5_planet,False,,360,0,0
3956,7_planet,False,,360,0,0
3957,4_planet,False,,360,0,0
3957,5_planet,False,,360,0,0
3957,7_planet,False,,360,0,0
3958,4_planet,False,,360,0,0
3958,5_planet,False,,360,0,0
3958,7_planet,False,,360,0,0
3959,4_planet,False,,360,0,0
3959,5_planet,False,,360,0,0
3959,7_planet,False,,360,0,0
3960,4_planet,False,,360,0,0
3960,5_planet,False,,360,0,0
3960,7_planet,False,,360,0,0
3961,4_planet,False,,360,0,0
3961,5_planet,False,,360,0,0
3961,7_planet,False,,360,0,0
3962,4_planet,False,,360,0,0
3962,5_planet,False,,360,0,0
3962,7_planet,False,,360,0,0
3963,4_planet,False,,360,0,0
3963,5_planet,False,,360,0,0
3963,7_planet,False,,360,0,0
3964,4_planet,False,,360,0,0
3964,5_planet,False,,360,0,0
3964,7_planet,False,,360,0,0
3965,4_planet,False,,360,0,0
3965,5_planet,False,,360,0,0
3965,7_planet,False,,360,0,0
3966,4_planet,False,,360,0,0
3966,5_planet,False,,360,0,0
3966,7_planet,False,,360,0,0
3967,4_planet,False,,360,0,0
3967,5_planet,False,,360,0,0
3967,7_planet,False,,360,0,0
3968,4_planet,False,,360,0,0
3968,5_planet,False,,360,0,0
3968,7_planet,False,,360,0,0
3969,4_planet,False,,360,0,0
3969,5_planet,False,,360,0,0
3969,7_planet,False,,360,0,0
3970,4_planet,False,,360,0,0
3970,5_planet,False,,360,0,0
3970,7_planet,False,,360,0,0
3971,4_planet,False,,360,0,0
3971,5_planet,False,,360,0,0
3971,7_planet,False,,360,0,0
3972,4_planet,False,,360,0,0
3972,5_planet,False,,360,0,0
3972,7_planet,False,,360,0,0
3973,4_planet,False,,360,0,0
3973,5_planet,False,,360,0,0
3973,7_planet,False,,360,0,0
3974,4_planet,False,,360,0,0
3974,5_planet,False,,360,0,0
3974,7_planet,False,,360,0,0
3975,4_planet,False,,360,0,0
3975,5_planet,False,,360,0,0
3975,7_planet,False,,360,0,0
3976,4_planet,False,,360,0,0
3976,5_planet,False,,360,0,0
3976,7_planet,False,,360,0,0
3977,4_planet,False,,360,0,0
3977,5_planet,False,,360,0,0
3977,7_planet,False,,360,0,0
3978,4_planet,False,,360,0,0
3978,5_planet,False,,360,0,0
3978,7_planet,False,,360,0,0
3979,4_planet,False,,360,0,0
3979,5_planet,False,,360,0,0
3979,7_planet,False,,360,0,0
3980,4_planet,False,,360,0,0
3980,5_planet,False,,360,0,0
3980,7_planet,False,,360,0,0
3981,4_planet,False,,360,0,0
3981,5_planet,False,,360,0,0
3981,7_planet,False,,360,0,0
3982,4_planet,False,,360,0,0
3982,5_planet,False,,360,0,0
3982,7_planet,False,,360,0,0
3983,4_planet,False,,360,0,0
3983,5_planet,False,,360,0,0
3983,7_planet,False,,360,0,0
3984,4_planet,False,,360,0,0
3984,5_planet,False,,360,0,0
3984,7_planet,False,,360,0,0
3985,4_planet,False,,360,0,0
3985,5_planet,False,,360,0,0
3985,7_planet,False,,360,0,0
3986,4_planet,False,,360,0,0
3986,5_planet,False,,360,0,0
3986,7_planet,False,,360,0,0
3987,4_planet,False,,360,0,0
3987,5_planet,False,,360,0,0
3987,7_planet,False,,360,0,0
3988,4_planet,False,,360,0,0
3988,5_planet,False,,360,0,0
3988,7_planet,False,,360,0,0
3989,4_planet,False,,360,0,0
3989,5_planet,False,,360,0,0
3989,7_planet,False,,360,0,0
3990,4_planet,False,,360,0,0
3990,5_planet,False,,360,0,0
3990,7_planet,False,,360,0,0
3991,4_planet,False,,360,0,0
3991,5_planet,False,,360,0,0
3991,7_planet,False,,360,0,0
3992,4_planet,False,,360,0,0
3992,5_planet,False,,360,0,0
3992,7_planet,False,,360,0,0
3993,4_planet,False,,360,0,0
3993,5_planet,False,,360,0,0
3993,7_planet,False,,360,0,0
3994,4_planet,False,,360,0,0
3994,5_planet,False,,360,0,0
3994,7_planet,False,,360,0,0
3995,4_planet,False,,360,0,0
3995,5_planet,False,,360,0,0
3995,7_planet,False,,360,0,0
3996,4_planet,False,,360,0,0
3996,5_planet,False,,360,0,0
3996,7_planet,False,,360,0,0
3997,4_planet,False,,360,0,0
3997,5_planet,False,,360,0,0
3997,7_planet,False,,360,0,0
3998,4_planet,False,,360,0,0
3998,5_planet,False,,360,0,0
3998,7_planet,False,,360,0,0
3999,4_planet,False,,360,0,0
3999,5_planet,False,,360,0,0
3999,7_planet,False,,360,0,0
4000,4_planet,False,,360,0,0
4000,5_planet,False,,360,0,0
4000,7_planet,False,,360,0,0
4001,4_planet,False,,360,0,0
4001,5_planet,False,,360,0,0
4001,7_planet,False,,360,0,0
4002,4_planet,False,,360,0,0
4002,5_planet,False,,360,0,0
4002,7_planet,False,,360,0,0
4003,4_planet,False,,360,0,0
4003,5_planet,False,,360,0,0
4003,7_planet,False,,360,0,0
4004,4_planet,False,,360,0,0
4004,5_planet,False,,360,0,0
4004,7_planet,False,,360,0,0
4005,4_planet,False,,360,0,0
4005,5_planet,False,,360,0,0
4005,7_planet,False,,360,0,0
4006,4_planet,False,,360,0,0
4006,5_planet,False,,360,0,0
4006,7_planet,False,,360,0,0
4007,4_planet,False,,360,0,0
4007,5_planet,False,,360,0,0
4007,7_planet,False,,360,0,0
4008,4_planet,False,,360,0,0
4008,5_planet,False,,360,0,0
4008,7_planet,False,,360,0,0
4009,4_planet,False,,360,0,0
4009,5_planet,False,,360,0,0
4009,7_planet,False,,360,0,0
4010,4_planet,False,,360,0,0
4010,5_planet,False,,360,0,0
4010,7_planet,False,,360,0,0
4011,4_planet,False,,360,0,0
4011,5_planet,False,,360,0,0
4011,7_planet,False,,360,0,0
4012,4_planet,False,,360,0,0
4012,5_planet,False,,360,0,0
4012,7_planet,False,,360,0,0
4013,4_planet,False,,360,0,0
4013,5_planet,False,,360,0,0
4013,7_planet,False,,360,0,0
4014,4_planet,False,,360,0,0
4014,5_planet,False,,360,0,0
4014,7_planet,False,,360,0,0
4015,4_planet,False,,360,0,0
4015,5_planet,False,,360,0,0
4015,7_planet,False,,360,0,0
4016,4_planet,False,,360,0,0
4016,5_planet,False,,360,0,0
4016,7_planet,False,,360,0,0
4017,4_planet,False,,360,0,0
4017,5_planet,False,,360,0,0
4017,7_planet,False,,360,0,0
4018,4_planet,False,,360,0,0
4018,5_planet,False,,360,0,0
4018,7_planet,False,,360,0,0
4019,4_planet,False,,360,0,0
4019,5_planet,False,,360,0,0
4019,7_planet,False,,360,0,0
4020,4_planet,False,,360,0,0
4020,5_planet,False,,360,0,0
4020,7_planet,False,,360,0,0
4021,4_planet,False,,360,0,0
4021,5_planet,False,,360,0,0
4021,7_planet,False,,360,0,0
4022,4_planet,False,,360,0,0
4022,5_planet,False,,360,0,0
4022,7_planet,False,,360,0,0
4023,4_planet,False,,360,0,0
4023,5_planet,False,,360,0,0
4023,7_planet,False,,360,0,0
4024,4_planet,False,,360,0,0
4024,5_planet,False,,360,0,0
4024,7_planet,False,,360,0,0
4025,4_planet,False,,360,0,0
4025,5_planet,False,,360,0,0
4025,7_planet,False,,360,0,0
4026,4_planet,False,,360,0,0
4026,5_planet,False,,360,0,0
4026,7_planet,False,,360,0,0
4027,4_planet,False,,360,0,0
4027,5_planet,False,,360,0,0
4027,7_planet,False,,360,0,0
4028,4_planet,False,,360,0,0
4028,5_planet,False,,360,0,0
4028,7_planet,False,,360,0,0
4029,4_planet,False,,360,0,0
4029,5_planet,False,,360,0,0
4029,7_planet,False,,360,0,0
4030,4_planet,False,,360,0,0
4030,5_planet,False,,360,0,0
4030,7_planet,False,,360,0,0
4031,4_planet,False,,360,0,0
4031,5_planet,False,,360,0,0
4031,7_planet,False,,360,0,0
4032,4_planet,False,,360,0,0
4032,5_planet,False,,360,0,0
4032,7_planet,False,,360,0,0
4033,4_planet,False,,360,0,0
4033,5_planet,False,,360,0,0
4033,7_planet,False,,360,0,0
4034,4_planet,False,,360,0,0
4034,5_planet,False,,360,0,0
4034,7_planet,False,,360,0,0
4035,4_planet,False,,360,0,0
4035,5_planet,False,,360,0,0
4035,7_planet,False,,360,0,0
4036,4_planet,False,,360,0,0
4036,5_planet,False,,360,0,0
4036,7_planet,False,,360,0,0
4037,4_planet,False,,360,0,0
4037,5_planet,False,,360,0,0
4037,7_planet,False,,360,0,0
4038,4_planet,False,,360,0,0
4038,5_planet,False,,360,0,0
4038,7_planet,False,,360,0,0
4039,4_planet,False,,360,0,0
4039,5_planet,False,,360,0,0
4039,7_planet,False,,360,0,0
4040,4_planet,False,,360,0,0
4040,5_planet,False,,360,0,0
4040,7_planet,False,,360,0,0
4041,4_planet,False,,360,0,0
4041,5_planet,False,,360,0,0
4041,7_planet,False,,360,0,0
4042,4_planet,False,,360,0,0
4042,5_planet,False,,360,0,0
4042,7_planet,False,,360,0,0
4043,4_planet,False,,360,0,0
4043,5_planet,False,,360,0,0
4043,7_planet,False,,360,0,0
4044,4_planet,False,,360,0,0
4044,5_planet,False,,360,0,0
4044,7_planet,False,,360,0,0
4045,4_planet,False,,360,0,0
4045,5_planet,False,,360,0,0
4045,7_planet,False,,360,0,0
4046,4_planet,False,,360,0,0
4046,5_planet,False,,360,0,0
4046,7_planet,False,,360,0,0
4047,4_planet,False,,360,0,0
4047,5_planet,False,,360,0,0
4047,7_planet,False,,360,0,0
4048,4_planet,False,,360,0,0
4048,5_planet,False,,360,0,0
4048,7_planet,False,,360,0,0
4049,4_planet,False,,360,0,0
4049,5_planet,False,,360,0,0
4049,7_planet,False,,360,0,0
4050,4_planet,False,,360,0,0
4050,5_planet,False,,360,0,0
4050,7_planet,False,,360,0,0
4051,4_planet,False,,360,0,0
4051,5_planet,False,,360,0,0
4051,7_planet,False,,360,0,0
4052,4_planet,False,,360,0,0
4052,5_planet,False,,360,0,0
4052,7_planet,False,,360,0,0
4053,4_planet,False,,360,0,0
4053,5_planet,False,,360,0,0
4053,7_planet,False,,360,0,0
4054,4_planet,False,,360,0,0
4054,5_planet,False,,360,0,0
4054,7_planet,False,,360,0,0
4055,4_planet,False,,360,0,0
4055,5_planet,False,,360,0,0
4055,7_planet,False,,360,0,0
4056,4_planet,False,,360,0,0
4056,5_planet,False,,360,0,0
4056,7_planet,False,,360,0,0
4057,4_planet,False,,360,0,0
4057,5_planet,False,,360,0,0
4057,7_planet,False,,360,0,0
4058,4_planet,False,,360,0,0
4058,5_planet,False,,360,0,0
4058,7_planet,False,,360,0,0
4059,4_planet,False,,360,0,0
4059,5_planet,False,,360,0,0
4059,7_planet,False,,360,0,0
4060,4_planet,False,,360,0,0
4060,5_planet,False,,360,0,0
4060,7_planet,False,,360,0,0
4061,4_planet,False,,360,0,0
4061,5_planet,False,,360,0,0
4061,7_planet,False,,360,0,0
4062,4_planet,False,,360,0,0
4062,5_planet,False,,360,0,0
4062,7_planet,False,,360,0,0
4063,4_planet,False,,360,0,0
4063,5_planet,False,,360,0,0
4063,7_planet,False,,360,0,0
4064,4_planet,False,,360,0,0
4064,5_planet,False,,360,0,0
4064,7_planet,False,,360,0,0
4065,4_planet,False,,360,0,0
4065,5_planet,False,,360,0,0
4065,7_planet,False,,360,0,0
4066,4_planet,False,,360,0,0
4066,5_planet,False,,360,0,0
4066,7_planet,False,,360,0,0
4067,4_planet,False,,360,0,0
4067,5_planet,False,,360,0,0
4067,7_planet,False,,360,0,0
4068,4_planet,False,,360,0,0
4068,5_planet,False,,360,0,0
4068,7_planet,False,,360,0,0
4069,4_planet,False,,360,0,0
4069,5_planet,False,,360,0,0
4069,7_planet,False,,360,0,0
4070,4_planet,False,,360,0,0
4070,5_planet,False,,360,0,0
4070,7_planet,False,,360,0,0
4071,4_planet,False,,360,0,0
4071,5_planet,False,,360,0,0
4071,7_planet,False,,360,0,0
4072,4_planet,False,,360,0,0
4072,5_planet,False,,360,0,0
4072,7_planet,False,,360,0,0
4073,4_planet,False,,360,0,0
4073,5_planet,False,,360,0,0
4073,7_planet,False,,360,0,0
4074,4_planet,False,,360,0,0
4074,5_planet,False,,360,0,0
4074,7_planet,False,,360,0,0
4075,4_planet,False,,360,0,0
4075,5_planet,False,,360,0,0
4075,7_planet,False,,360,0,0
4076,4_planet,False,,360,0,0
4076,5_planet,False,,360,0,0
4076,7_planet,False,,360,0,0
4077,4_planet,False,,360,0,0
4077,5_planet,False,,360,0,0
4077,7_planet,False,,360,0,0
4078,4_planet,False,,360,0,0
4078,5_planet,False,,360,0,0
4078,7_planet,False,,360,0,0
4079,4_planet,False,,360,0,0
4079,5_planet,False,,360,0,0
4079,7_planet,False,,360,0,0
4080,4_planet,False,,360,0,0
4080,5_planet,False,,360,0,0
4080,7_planet,False,,360,0,0
4081,4_planet,False,,360,0,0
4081,5_planet,False,,360,0,0
4081,7_planet,False,,360,0,0
4082,4_planet,False,,360,0,0
4082,5_planet,False,,360,0,0
4082,7_planet,False,,360,0,0
4083,4_planet,False,,360,0,0
4083,5_planet,False,,360,0,0
4083,7_planet,False,,360,0,0
4084,4_planet,False,,360,0,0
4084,5_planet,False,,360,0,0
4084,7_planet,False,,360,0,0
4085,4_planet,False,,360,0,0
4085,5_planet,False,,360,0,0
4085,7_planet,False,,360,0,0
4086,4_planet,False,,360,0,0
4086,5_planet,False,,360,0,0
4086,7_planet,False,,360,0,0
4087,4_planet,False,,360,0,0
4087,5_planet,False,,360,0,0
4087,7_planet,False,,360,0,0
4088,4_planet,False,,360,0,0
4088,5_planet,False,,360,0,0
4088,7_planet,False,,360,0,0
4089,4_planet,False,,360,0,0
4089,5_planet,False,,360,0,0
4089,7_planet,False,,360,0,0
4090,4_planet,False,,360,0,0
4090,5_planet,False,,360,0,0
4090,7_planet,False,,360,0,0
4091,4_planet,False,,360,0,0
4091,5_planet,False,,360,0,0
4091,7_planet,False,,360,0,0
4092,4_planet,False,,360,0,0
4092,5_planet,False,,360,0,0
4092,7_planet,False,,360,0,0
4093,4_planet,False,,360,0,0
4093,5_planet,False,,360,0,0
4093,7_planet,False,,360,0,0
4094,4_planet,False,,360,0,0
4094,5_planet,False,,360,0,0
4094,7_planet,False,,360,0,0
4095,4_planet,False,,360,0,0
4095,5_planet,False,,360,0,0
4095,7_planet,False,,360,0,0
4096,4_planet,False,,360,0,0
4096,5_planet,False,,360,0,0
4096,7_planet,False,,360,0,0
4097,4_planet,False,,360,0,0
4097,5_planet,False,,360,0,0
4097,7_planet,False,,360,0,0
4098,4_planet,False,,360,0,0
4098,5_planet,False,,360,0,0
4098,7_planet,False,,360,0,0
4099,4_planet,False,,360,0,0
4099,5_planet,False,,360,0,0
4099,7_planet,False,,360,0,0
4100,4_planet,False,,360,0,0
4100,5_planet,False,,360,0,0
4100,7_planet,False,,360,0,0
4101,4_planet,False,,360,0,0
4101,5_planet,False,,360,0,0
4101,7_planet,False,,360,0,0
4102,4_planet,False,,360,0,0
4102,5_planet,False,,360,0,0
4102,7_planet,False,,360,0,0
4103,4_planet,False,,360,0,0
4103,5_planet,False,,360,0,0
4103,7_planet,False,,360,0,0
4104,4_planet,False,,360,0,0
4104,5_planet,False,,360,0,0
4104,7_planet,False,,360,0,0
4105,4_planet,False,,360,0,0
4105,5_planet,False,,360,0,0
4105,7_planet,False,,360,0,0
4106,4_planet,False,,360,0,0
4106,5_planet,False,,360,0,0
4106,7_planet,False,,360,0,0
4107,4_planet,False,,360,0,0
4107,5_planet,False,,360,0,0
4107,7_planet,False,,360,0,0
4108,4_planet,False,,360,0,0
4108,5_planet,False,,360,0,0
4108,7_planet,False,,360,0,0
4109,4_planet,False,,360,0,0
4109,5_planet,False,,360,0,0
4109,7_planet,False,,360,0,0
4110,4_planet,False,,360,0,0
4110,5_planet,False,,360,0,0
4110,7_planet,False,,360,0,0
4111,4_planet,False,,360,0,0
4111,5_planet,False,,360,0,0
4111,7_planet,False,,360,0,0
4112,4_planet,False,,360,0,0
4112,5_planet,False,,360,0,0
4112,7_planet,False,,360,0,0
4113,4_planet,False,,360,0,0
4113,5_planet,False,,360,0,0
4113,7_planet,False,,360,0,0
4114,4_planet,False,,360,0,0
4114,5_planet,False,,360,0,0
4114,7_planet,False,,360,0,0
4115,4_planet,False,,360,0,0
4115,5_planet,False,,360,0,0
4115,7_planet,False,,360,0,0
4116,4_planet,False,,360,0,0
4116,5_planet,False,,360,0,0
4116,7_planet,False,,360,0,0
4117,4_planet,False,,360,0,0
4117,5_planet,False,,360,0,0
4117,7_planet,False,,360,0,0
4118,4_planet,False,,360,0,0
4118,5_planet,False,,360,0,0
4118,7_planet,False,,360,0,0
4119,4_planet,False,,360,0,0
4119,5_planet,False,,360,0,0
4119,7_planet,False,,360,0,0
4120,4_planet,False,,360,0,0
4120,5_planet,False,,360,0,0
4120,7_planet,False,,360,0,0
4121,4_planet,False,,360,0,0
4121,5_planet,False,,360,0,0
4121,7_planet,False,,360,0,0
4122,4_planet,False,,360,0,0
4122,5_planet,False,,360,0,0
4122,7_planet,False,,360,0,0
4123,4_planet,False,,360,0,0
4123,5_planet,False,,360,0,0
4123,7_planet,False,,360,0,0
4124,4_planet,False,,360,0,0
4124,5_planet,False,,360,0,0
4124,7_planet,False,,360,0,0
4125,4_planet,False,,360,0,0
4125,5_planet,False,,360,0,0
4125,7_planet,False,,360,0,0
4126,4_planet,False,,360,0,0
4126,5_planet,False,,360,0,0
4126,7_planet,False,,360,0,0
4127,4_planet,False,,360,0,0
4127,5_planet,False,,360,0,0
4127,7_planet,False,,360,0,0
4128,4_planet,False,,360,0,0
4128,5_planet,False,,360,0,0
4128,7_planet,False,,360,0,0
4129,4_planet,False,,360,0,0
4129,5_planet,False,,360,0,0
4129,7_planet,False,,360,0,0
4130,4_planet,False,,360,0,0
4130,5_planet,False,,360,0,0
4130,7_planet,False,,360,0,0
4131,4_planet,False,,360,0,0
4131,5_planet,False,,360,0,0
4131,7_planet,False,,360,0,0
4132,4_planet,False,,360,0,0
4132,5_planet,False,,360,0,0
4132,7_planet,False,,360,0,0
4133,4_planet,False,,360,0,0
4133,5_planet,False,,360,0,0
4133,7_planet,False,,360,0,0
4134,4_planet,False,,360,0,0
4134,5_planet,False,,360,0,0
4134,7_planet,False,,360,0,0
4135,4_planet,False,,360,0,0
4135,5_planet,False,,360,0,0
4135,7_planet,False,,360,0,0
4136,4_planet,False,,360,0,0
4136,5_planet,False,,360,0,0
4136,7_planet,False,,360,0,0
4137,4_planet,False,,360,0,0
4137,5_planet,False,,360,0,0
4137,7_planet,False,,360,0,0
4138,4_planet,False,,360,0,0
4138,5_planet,False,,360,0,0
4138,7_planet,False,,360,0,0
4139,4_planet,False,,360,0,0
4139,5_planet,False,,360,0,0
4139,7_planet,False,,360,0,0
4140,4_planet,False,,360,0,0
4140,5_planet,False,,360,0,0
4140,7_planet,False,,360,0,0
4141,4_planet,False,,360,0,0
4141,5_planet,False,,360,0,0
4141,7_planet,False,,360,0,0
4142,4_planet,False,,360,0,0
4142,5_planet,False,,360,0,0
4142,7_planet,False,,360,0,0
4143,4_planet,False,,360,0,0
4143,5_planet,False,,360,0,0
4143,7_planet,False,,360,0,0
4144,4_planet,False,,360,0,0
4144,5_planet,False,,360,0,0
4144,7_planet,False,,360,0,0
4145,4_planet,False,,360,0,0
4145,5_planet,False,,360,0,0
4145,7_planet,False,,360,0,0
4146,4_planet,False,,360,0,0
4146,5_planet,False,,360,0,0
4146,7_planet,False,,360,0,0
4147,4_planet,False,,360,0,0
4147,5_planet,False,,360,0,0
4147,7_planet,False,,360,0,0
4148,4_planet,False,,360,0,0
4148,5_planet,False,,360,0,0
4148,7_planet,False,,360,0,0
4149,4_planet,False,,360,0,0
4149,5_planet,False,,360,0,0
4149,7_planet,False,,360,0,0
4150,4_planet,False,,360,0,0
4150,5_planet,False,,360,0,0
4150,7_planet,False,,360,0,0
4151,4_planet,False,,360,0,0
4151,5_planet,False,,360,0,0
4151,7_planet,False,,360,0,0
4152,4_planet,False,,360,0,0
4152,5_planet,False,,360,0,0
4152,7_planet,False,,360,0,0
4153,4_planet,False,,360,0,0
4153,5_planet,False,,360,0,0
4153,7_planet,False,,360,0,0
4154,4_planet,False,,360,0,0
4154,5_planet,False,,360,0,0
4154,7_planet,False,,360,0,0
4155,4_planet,False,,360,0,0
4155,5_planet,False,,360,0,0
4155,7_planet,False,,360,0,0
4156,4_planet,False,,360,0,0
4156,5_planet,False,,360,0,0
4156,7_planet,True,"Saturn, Jupiter, Mars, Sun, Venus, Mercury, Moon",59.72,0.47,35.71
4157,4_planet,False,,360,0,0
4157,5_planet,False,,360,0,0
4157,7_planet,False,,360,0,0
4158,4_planet,False,,360,0,0
4158,5_planet,False,,360,0,0
4158,7_planet,False,,360,0,0
4159,4_planet,False,,360,0,0
4159,5_planet,False,,360,0,0
4159,7_planet,False,,360,0,0
4160,4_planet,False,,360,0,0
4160,5_planet,False,,360,0,0
4160,7_planet,False,,360,0,0
4161,4_planet,False,,360,0,0
4161,5_planet,False,,360,0,0
4161,7_planet,False,,360,0,0
4162,4_planet,False,,360,0,0
4162,5_planet,False,,360,0,0
4162,7_planet,False,,360,0,0
4163,4_planet,False,,360,0,0
4163,5_planet,False,,360,0,0
4163,7_planet,False,,360,0,0
4164,4_planet,False,,360,0,0
4164,5_planet,False,,360,0,0
4164,7_planet,False,,360,0,0
4165,4_planet,False,,360,0,0
4165,5_planet,False,,360,0,0
4165,7_planet,False,,360,0,0
4166,4_planet,False,,360,0,0
4166,5_planet,False,,360,0,0
4166,7_planet,False,,360,0,0
4167,4_planet,False,,360,0,0
4167,5_planet,False,,360,0,0
4167,7_planet,False,,360,0,0
4168,4_planet,False,,360,0,0
4168,5_planet,False,,360,0,0
4168,7_planet,False,,360,0,0
4169,4_planet,False,,360,0,0
4169,5_planet,False,,360,0,0
4169,7_planet,False,,360,0,0
4170,4_planet,False,,360,0,0
4170,5_planet,False,,360,0,0
4170,7_planet,False,,360,0,0
4171,4_planet,False,,360,0,0
4171,5_planet,False,,360,0,0
4171,7_planet,False,,360,0,0
4172,4_planet,False,,360,0,0
4172,5_planet,False,,360,0,0
4172,7_planet,False,,360,0,0
4173,4_planet,False,,360,0,0
4173,5_planet,False,,360,0,0
4173,7_planet,False,,360,0,0
4174,4_planet,False,,360,0,0
4174,5_planet,False,,360,0,0
4174,7_planet,False,,360,0,0
4175,4_planet,False,,360,0,0
4175,5_planet,False,,360,0,0
4175,7_planet,False,,360,0,0
4176,4_planet,False,,360,0,0
4176,5_planet,False,,360,0,0
4176,7_planet,False,,360,0,0
4177,4_planet,False,,360,0,0
4177,5_planet,False,,360,0,0
4177,7_planet,False,,360,0,0
4178,4_planet,False,,360,0,0
4178,5_planet,False,,360,0,0
4178,7_planet,False,,360,0,0
4179,4_planet,False,,360,0,0
4179,5_planet,False,,360,0,0
4179,7_planet,False,,360,0,0
4180,4_planet,False,,360,0,0
4180,5_planet,False,,360,0,0
4180,7_planet,False,,360,0,0
4181,4_planet,False,,360,0,0
4181,5_planet,False,,360,0,0
4181,7_planet,False,,360,0,0
4182,4_planet,False,,360,0,0
4182,5_planet,False,,360,0,0
4182,7_planet,False,,360,0,0
4183,4_planet,False,,360,0,0
4183,5_planet,False,,360,0,0
4183,7_planet,False,,360,0,0
4184,4_planet,False,,360,0,0
4184,5_planet,False,,360,0,0
4184,7_planet,False,,360,0,0
4185,4_planet,False,,360,0,0
4185,5_planet,False,,360,0,0
4185,7_planet,False,,360,0,0
4186,4_planet,False,,360,0,0
4186,5_planet,False,,360,0,0
4186,7_planet,False,,360,0,0
4187,4_planet,False,,360,0,0
4187,5_planet,False,,360,0,0
4187,7_planet,False,,360,0,0
4188,4_planet,False,,360,0,0
4188,5_planet,False,,360,0,0
4188,7_planet,False,,360,0,0
4189,4_planet,False,,360,0,0
4189,5_planet,False,,360,0,0
4189,7_planet,False,,360,0,0
4190,4_planet,False,,360,0,0
4190,5_planet,False,,360,0,0
4190,7_planet,False,,360,0,0
4191,4_planet,False,,360,0,0
4191,5_planet,False,,360,0,0
4191,7_planet,False,,360,0,0
4192,4_planet,False,,360,0,0
4192,5_planet,False,,360,0,0
4192,7_planet,False,,360,0,0
4193,4_planet,False,,360,0,0
4193,5_planet,False,,360,0,0
4193,7_planet,False,,360,0,0
4194,4_planet,False,,360,0,0
4194,5_planet,False,,360,0,0
4194,7_planet,False,,360,0,0
4195,4_planet,False,,360,0,0
4195,5_planet,False,,360,0,0
4195,7_planet,False,,360,0,0
4196,4_planet,False,,360,0,0
4196,5_planet,False,,360,0,0
4196,7_planet,False,,360,0,0
4197,4_planet,False,,360,0,0
4197,5_planet,False,,360,0,0
4197,7_planet,False,,360,0,0
4198,4_planet,False,,360,0,0
4198,5_planet,False,,360,0,0
4198,7_planet,True,"Saturn, Sun, Moon, Mars, Mercury, Jupiter, Venus",59.1,1.5,57.14
4199,4_planet,False,,360,0,0
4199,5_planet,False,,360,0,0
4199,7_planet,False,,360,0,0
4200,4_planet,False,,360,0,0
4200,5_planet,False,,360,0,0
4200,7_planet,False,,360,0,0
4201,4_planet,False,,360,0,0
4201,5_planet,False,,360,0,0
4201,7_planet,False,,360,0,0
4202,4_planet,False,,360,0,0
4202,5_planet,False,,360,0,0
4202,7_planet,False,,360,0,0
4203,4_planet,False,,360,0,0
4203,5_planet,False,,360,0,0
4203,7_planet,False,,360,0,0
4204,4_planet,False,,360,0,0
4204,5_planet,False,,360,0,0
4204,7_planet,False,,360,0,0
4205,4_planet,False,,360,0,0
4205,5_planet,False,,360,0,0
4205,7_planet,False,,360,0,0
4206,4_planet,False,,360,0,0
4206,5_planet,False,,360,0,0
4206,7_planet,False,,360,0,0
4207,4_planet,False,,360,0,0
4207,5_planet,False,,360,0,0
4207,7_planet,True,"Saturn, Moon, Mercury, Venus, Sun, Mars, Jupiter",57.42,4.3,35.71
4208,4_planet,False,,360,0,0
4208,5_planet,False,,360,0,0
4208,7_planet,False,,360,0,0
4209,4_planet,False,,360,0,0
4209,5_planet,False,,360,0,0
4209,7_planet,False,,360,0,0
4210,4_planet,False,,360,0,0
4210,5_planet,False,,360,0,0
4210,7_planet,False,,360,0,0
4211,4_planet,False,,360,0,0
4211,5_planet,False,,360,0,0
4211,7_planet,False,,360,0,0
4212,4_planet,False,,360,0,0
4212,5_planet,False,,360,0,0
4212,7_planet,False,,360,0,0
4213,4_planet,False,,360,0,0
4213,5_planet,False,,360,0,0
4213,7_planet,False,,360,0,0
4214,4_planet,False,,360,0,0
4214,5_planet,False,,360,0,0
4214,7_planet,False,,360,0,0
4215,4_planet,False,,360,0,0
4215,5_planet,False,,360,0,0
4215,7_planet,False,,360,0,0
4216,4_planet,False,,360,0,0
4216,5_planet,False,,360,0,0
4216,7_planet,False,,360,0,0
4217,4_planet,False,,360,0,0
4217,5_planet,False,,360,0,0
4217,7_planet,False,,360,0,0
4218,4_planet,False,,360,0,0
4218,5_planet,False,,360,0,0
4218,7_planet,False,,360,0,0
4219,4_planet,False,,360,0,0
4219,5_planet,False,,360,0,0
4219,7_planet,False,,360,0,0
4220,4_planet,False,,360,0,0
4220,5_planet,False,,360,0,0
4220,7_planet,False,,360,0,0
4221,4_planet,False,,360,0,0
4221,5_planet,False,,360,0,0
4221,7_planet,False,,360,0,0
4222,4_planet,False,,360,0,0
4222,5_planet,False,,360,0,0
4222,7_planet,False,,360,0,0
4223,4_planet,False,,360,0,0
4223,5_planet,False,,360,0,0
4223,7_planet,False,,360,0,0
4224,4_planet,False,,360,0,0
4224,5_planet,False,,360,0,0
4224,7_planet,False,,360,0,0
4225,4_planet,False,,360,0,0
4225,5_planet,False,,360,0,0
4225,7_planet,False,,360,0,0
4226,4_planet,False,,360,0,0
4226,5_planet,False,,360,0,0
4226,7_planet,False,,360,0,0
4227,4_planet,False,,360,0,0
4227,5_planet,False,,360,0,0
4227,7_planet,False,,360,0,0
4228,4_planet,False,,360,0,0
4228,5_planet,False,,360,0,0
4228,7_planet,False,,360,0,0
4229,4_planet,False,,360,0,0
4229,5_planet,False,,360,0,0
4229,7_planet,False,,360,0,0
4230,4_planet,False,,360,0,0
4230,5_planet,False,,360,0,0
4230,7_planet,False,,360,0,0
4231,4_planet,False,,360,0,0
4231,5_planet,False,,360,0,0
4231,7_planet,False,,360,0,0
4232,4_planet,False,,360,0,0
4232,5_planet,False,,360,0,0
4232,7_planet,False,,360,0,0
4233,4_planet,False,,360,0,0
4233,5_planet,False,,360,0,0
4233,7_planet,False,,360,0,0
4234,4_planet,False,,360,0,0
4234,5_planet,False,,360,0,0
4234,7_planet,False,,360,0,0
4235,4_planet,False,,360,0,0
4235,5_planet,False,,360,0,0
4235,7_planet,False,,360,0,0
4236,4_planet,False,,360,0,0
4236,5_planet,False,,360,0,0
4236,7_planet,False,,360,0,0
4237,4_planet,False,,360,0,0
4237,5_planet,False,,360,0,0
4237,7_planet,False,,360,0,0
4238,4_planet,False,,360,0,0
4238,5_planet,False,,360,0,0
4238,7_planet,False,,360,0,0
4239,4_planet,False,,360,0,0
4239,5_planet,False,,360,0,0
4239,7_planet,False,,360,0,0
4240,4_planet,False,,360,0,0
4240,5_planet,False,,360,0,0
4240,7_planet,False,,360,0,0
4241,4_planet,False,,360,0,0
4241,5_planet,False,,360,0,0
4241,7_planet,False,,360,0,0
4242,4_planet,False,,360,0,0
4242,5_planet,False,,360,0,0
4242,7_planet,False,,360,0,0
4243,4_planet,False,,360,0,0
4243,5_planet,False,,360,0,0
4243,7_planet,False,,360,0,0
4244,4_planet,False,,360,0,0
4244,5_planet,False,,360,0,0
4244,7_planet,False,,360,0,0
4245,4_planet,False,,360,0,0
4245,5_planet,False,,360,0,0
4245,7_planet,False,,360,0,0
4246,4_planet,False,,360,0,0
4246,5_planet,False,,360,0,0
4246,7_planet,False,,360,0,0
4247,4_planet,False,,360,0,0
4247,5_planet,False,,360,0,0
4247,7_planet,False,,360,0,0
4248,4_planet,False,,360,0,0
4248,5_planet,False,,360,0,0
4248,7_planet,False,,360,0,0
4249,4_planet,False,,360,0,0
4249,5_planet,False,,360,0,0
4249,7_planet,False,,360,0,0
4250,4_planet,False,,360,0,0
4250,5_planet,False,,360,0,0
4250,7_planet,False,,360,0,0
4251,4_planet,False,,360,0,0
4251,5_planet,False,,360,0,0
4251,7_planet,False,,360,0,0
4252,4_planet,False,,360,0,0
4252,5_planet,False,,360,0,0
4252,7_planet,False,,360,0,0
4253,4_planet,False,,360,0,0
4253,5_planet,False,,360,0,0
4253,7_planet,False,,360,0,0
4254,4_planet,False,,360,0,0
4254,5_planet,False,,360,0,0
4254,7_planet,False,,360,0,0
4255,4_planet,False,,360,0,0
4255,5_planet,False,,360,0,0
4255,7_planet,False,,360,0,0
4256,4_planet,False,,360,0,0
4256,5_planet,False,,360,0,0
4256,7_planet,False,,360,0,0
4257,4_planet,False,,360,0,0
4257,5_planet,False,,360,0,0
4257,7_planet,False,,360,0,0
4258,4_planet,False,,360,0,0
4258,5_planet,False,,360,0,0
4258,7_planet,False,,360,0,0
4259,4_planet,False,,360,0,0
4259,5_planet,False,,360,0,0
4259,7_planet,False,,360,0,0
4260,4_planet,False,,360,0,0
4260,5_planet,False,,360,0,0
4260,7_planet,False,,360,0,0
4261,4_planet,False,,360,0,0
4261,5_planet,False,,360,0,0
4261,7_planet,False,,360,0,0
4262,4_planet,False,,360,0,0
4262,5_planet,False,,360,0,0
4262,7_planet,False,,360,0,0
4263,4_planet,False,,360,0,0
4263,5_planet,False,,360,0,0
4263,7_planet,False,,360,0,0
4264,4_planet,False,,360,0,0
4264,5_planet,False,,360,0,0
4264,7_planet,False,,360,0,0
4265,4_planet,False,,360,0,0
4265,5_planet,False,,360,0,0
4265,7_planet,False,,360,0,0
4266,4_planet,False,,360,0,0
4266,5_planet,False,,360,0,0
4266,7_planet,False,,360,0,0
4267,4_planet,False,,360,0,0
4267,5_planet,False,,360,0,0
4267,7_planet,False,,360,0,0
4268,4_planet,False,,360,0,0
4268,5_planet,False,,360,0,0
4268,7_planet,False,,360,0,0
4269,4_planet,False,,360,0,0
4269,5_planet,False,,360,0,0
4269,7_planet,False,,360,0,0
4270,4_planet,False,,360,0,0
4270,5_planet,False,,360,0,0
4270,7_planet,False,,360,0,0
4271,4_planet,False,,360,0,0
4271,5_planet,False,,360,0,0
4271,7_planet,False,,360,0,0
4272,4_planet,False,,360,0,0
4272,5_planet,False,,360,0,0
4272,7_planet,False,,360,0,0
4273,4_planet,False,,360,0,0
4273,5_planet,False,,360,0,0
4273,7_planet,False,,360,0,0
4274,4_planet,False,,360,0,0
4274,5_planet,False,,360,0,0
4274,7_planet,False,,360,0,0
4275,4_planet,False,,360,0,0
4275,5_planet,False,,360,0,0
4275,7_planet,False,,360,0,0
4276,4_planet,False,,360,0,0
4276,5_planet,False,,360,0,0
4276,7_planet,False,,360,0,0
4277,4_planet,False,,360,0,0
4277,5_planet,False,,360,0,0
4277,7_planet,False,,360,0,0
4278,4_planet,False,,360,0,0
4278,5_planet,False,,360,0,0
4278,7_planet,False,,360,0,0
4279,4_planet,False,,360,0,0
4279,5_planet,False,,360,0,0
4279,7_planet,False,,360,0,0
4280,4_planet,False,,360,0,0
4280,5_planet,False,,360,0,0
4280,7_planet,False,,360,0,0
4281,4_planet,False,,360,0,0
4281,5_planet,False,,360,0,0
4281,7_planet,False,,360,0,0
4282,4_planet,False,,360,0,0
4282,5_planet,False,,360,0,0
4282,7_planet,False,,360,0,0
4283,4_planet,False,,360,0,0
4283,5_planet,False,,360,0,0
4283,7_planet,False,,360,0,0
4284,4_planet,False,,360,0,0
4284,5_planet,False,,360,0,0
4284,7_planet,False,,360,0,0
4285,4_planet,False,,360,0,0
4285,5_planet,False,,360,0,0
4285,7_planet,False,,360,0,0
4286,4_planet,False,,360,0,0
4286,5_planet,False,,360,0,0
4286,7_planet,False,,360,0,0
4287,4_planet,False,,360,0,0
4287,5_planet,False,,360,0,0
4287,7_planet,False,,360,0,0
4288,4_planet,False,,360,0,0
4288,5_planet,False,,360,0,0
4288,7_planet,False,,360,0,0
4289,4_planet,False,,360,0,0
4289,5_planet,False,,360,0,0
4289,7_planet,False,,360,0,0
4290,4_planet,False,,360,0,0
4290,5_planet,False,,360,0,0
4290,7_planet,False,,360,0,0
4291,4_planet,False,,360,0,0
4291,5_planet,False,,360,0,0
4291,7_planet,False,,360,0,0
4292,4_planet,False,,360,0,0
4292,5_planet,False,,360,0,0
4292,7_planet,False,,360,0,0
4293,4_planet,False,,360,0,0
4293,5_planet,False,,360,0,0
4293,7_planet,False,,360,0,0
4294,4_planet,False,,360,0,0
4294,5_planet,False,,360,0,0
4294,7_planet,False,,360,0,0
4295,4_planet,False,,360,0,0
4295,5_planet,False,,360,0,0
4295,7_planet,False,,360,0,0
4296,4_planet,False,,360,0,0
4296,5_planet,False,,360,0,0
4296,7_planet,False,,360,0,0
4297,4_planet,False,,360,0,0
4297,5_planet,False,,360,0,0
4297,7_planet,False,,360,0,0
4298,4_planet,False,,360,0,0
4298,5_planet,False,,360,0,0
4298,7_planet,False,,360,0,0
4299,4_planet,False,,360,0,0
4299,5_planet,False,,360,0,0
4299,7_planet,False,,360,0,0
4300,4_planet,False,,360,0,0
4300,5_planet,False,,360,0,0
4300,7_planet,False,,360,0,0
4301,4_planet,False,,360,0,0
4301,5_planet,False,,360,0,0
4301,7_planet,False,,360,0,0
4302,4_planet,False,,360,0,0
4302,5_planet,False,,360,0,0
4302,7_planet,False,,360,0,0
4303,4_planet,False,,360,0,0
4303,5_planet,False,,360,0,0
4303,7_planet,False,,360,0,0
4304,4_planet,False,,360,0,0
4304,5_planet,False,,360,0,0
4304,7_planet,False,,360,0,0
4305,4_planet,False,,360,0,0
4305,5_planet,False,,360,0,0
4305,7_planet,False,,360,0,0
4306,4_planet,False,,360,0,0
4306,5_planet,False,,360,0,0
4306,7_planet,False,,360,0,0
4307,4_planet,False,,360,0,0
4307,5_planet,False,,360,0,0
4307,7_planet,False,,360,0,0
4308,4_planet,False,,360,0,0
4308,5_planet,False,,360,0,0
4308,7_planet,False,,360,0,0
4309,4_planet,False,,360,0,0
4309,5_planet,False,,360,0,0
4309,7_planet,False,,360,0,0
4310,4_planet,False,,360,0,0
4310,5_planet,False,,360,0,0
4310,7_planet,False,,360,0,0
4311,4_planet,False,,360,0,0
4311,5_planet,False,,360,0,0
4311,7_planet,False,,360,0,0
4312,4_planet,False,,360,0,0
4312,5_planet,False,,360,0,0
4312,7_planet,False,,360,0,0
4313,4_planet,False,,360,0,0
4313,5_planet,False,,360,0,0
4313,7_planet,False,,360,0,0
4314,4_planet,False,,360,0,0
4314,5_planet,False,,360,0,0
4314,7_planet,False,,360,0,0
4315,4_planet,False,,360,0,0
4315,5_planet,False,,360,0,0
4315,7_planet,False,,360,0,0
4316,4_planet,False,,360,0,0
4316,5_planet,False,,360,0,0
4316,7_planet,False,,360,0,0
4317,4_planet,False,,360,0,0
4317,5_planet,False,,360,0,0
4317,7_planet,False,,360,0,0
4318,4_planet,False,,360,0,0
4318,5_planet,False,,360,0,0
4318,7_planet,False,,360,0,0
4319,4_planet,False,,360,0,0
4319,5_planet,False,,360,0,0
4319,7_planet,False,,360,0,0
4320,4_planet,False,,360,0,0
4320,5_planet,False,,360,0,0
4320,7_planet,False,,360,0,0
4321,4_planet,False,,360,0,0
4321,5_planet,False,,360,0,0
4321,7_planet,False,,360,0,0
4322,4_planet,False,,360,0,0
4322,5_planet,False,,360,0,0
4322,7_planet,False,,360,0,0
4323,4_planet,False,,360,0,0
4323,5_planet,False,,360,0,0
4323,7_planet,False,,360,0,0
4324,4_planet,False,,360,0,0
4324,5_planet,False,,360,0,0
4324,7_planet,False,,360,0,0
4325,4_planet,False,,360,0,0
4325,5_planet,False,,360,0,0
4325,7_planet,False,,360,0,0
4326,4_planet,False,,360,0,0
4326,5_planet,False,,360,0,0
4326,7_planet,False,,360,0,0
4327,4_planet,False,,360,0,0
4327,5_planet,False,,360,0,0
4327,7_planet,False,,360,0,0
4328,4_planet,False,,360,0,0
4328,5_planet,False,,360,0,0
4328,7_planet,False,,360,0,0
4329,4_planet,False,,360,0,0
4329,5_planet,False,,360,0,0
4329,7_planet,False,,360,0,0
4330,4_planet,False,,360,0,0
4330,5_planet,False,,360,0,0
4330,7_planet,False,,360,0,0
4331,4_planet,False,,360,0,0
4331,5_planet,False,,360,0,0
4331,7_planet,False,,360,0,0
4332,4_planet,False,,360,0,0
4332,5_planet,False,,360,0,0
4332,7_planet,False,,360,0,0
4333,4_planet,False,,360,0,0
4333,5_planet,False,,360,0,0
4333,7_planet,False,,360,0,0
4334,4_planet,False,,360,0,0
4334,5_planet,False,,360,0,0
4334,7_planet,False,,360,0,0
4335,4_planet,False,,360,0,0
4335,5_planet,False,,360,0,0
4335,7_planet,False,,360,0,0
4336,4_planet,False,,360,0,0
4336,5_planet,False,,360,0,0
4336,7_planet,False,,360,0,0
4337,4_planet,False,,360,0,0
4337,5_planet,False,,360,0,0
4337,7_planet,False,,360,0,0
4338,4_planet,False,,360,0,0
4338,5_planet,False,,360,0,0
4338,7_planet,False,,360,0,0
4339,4_planet,False,,360,0,0
4339,5_planet,False,,360,0,0
4339,7_planet,False,,360,0,0
4340,4_planet,False,,360,0,0
4340,5_planet,False,,360,0,0
4340,7_planet,False,,360,0,0
4341,4_planet,False,,360,0,0
4341,5_planet,False,,360,0,0
4341,7_planet,False,,360,0,0
4342,4_planet,False,,360,0,0
4342,5_planet,False,,360,0,0
4342,7_planet,False,,360,0,0
4343,4_planet,False,,360,0,0
4343,5_planet,False,,360,0,0
4343,7_planet,False,,360,0,0
4344,4_planet,False,,360,0,0
4344,5_planet,False,,360,0,0
4344,7_planet,False,,360,0,0
4345,4_planet,False,,360,0,0
4345,5_planet,False,,360,0,0
4345,7_planet,False,,360,0,0
4346,4_planet,False,,360,0,0
4346,5_planet,False,,360,0,0
4346,7_planet,False,,360,0,0
4347,4_planet,False,,360,0,0
4347,5_planet,False,,360,0,0
4347,7_planet,False,,360,0,0
4348,4_planet,False,,360,0,0
4348,5_planet,False,,360,0,0
4348,7_planet,False,,360,0,0
4349,4_planet,False,,360,0,0
4349,5_planet,False,,360,0,0
4349,7_planet,False,,360,0,0
4350,4_planet,False,,360,0,0
4350,5_planet,False,,360,0,0
4350,7_planet,False,,360,0,0
4351,4_planet,False,,360,0,0
4351,5_planet,False,,360,0,0
4351,7_planet,False,,360,0,0
4352,4_planet,False,,360,0,0
4352,5_planet,False,,360,0,0
4352,7_planet,False,,360,0,0
4353,4_planet,False,,360,0,0
4353,5_planet,False,,360,0,0
4353,7_planet,False,,360,0,0
4354,4_planet,False,,360,0,0
4354,5_planet,False,,360,0,0
4354,7_planet,False,,360,0,0
4355,4_planet,False,,360,0,0
4355,5_planet,False,,360,0,0
4355,7_planet,False,,360,0,0
4356,4_planet,False,,360,0,0
4356,5_planet,False,,360,0,0
4356,7_planet,False,,360,0,0
4357,4_planet,False,,360,0,0
4357,5_planet,False,,360,0,0
4357,7_planet,False,,360,0,0
4358,4_planet,False,,360,0,0
4358,5_planet,False,,360,0,0
4358,7_planet,False,,360,0,0
4359,4_planet,False,,360,0,0
4359,5_planet,False,,360,0,0
4359,7_planet,False,,360,0,0
4360,4_planet,False,,360,0,0
4360,5_planet,False,,360,0,0
4360,7_planet,False,,360,0,0
4361,4_planet,False,,360,0,0
4361,5_planet,False,,360,0,0
4361,7_planet,False,,360,0,0
4362,4_planet,False,,360,0,0
4362,5_planet,False,,360,0,0
4362,7_planet,False,,360,0,0
4363,4_planet,False,,360,0,0
4363,5_planet,False,,360,0,0
4363,7_planet,False,,360,0,0
4364,4_planet,False,,360,0,0
4364,5_planet,False,,360,0,0
4364,7_planet,False,,360,0,0
4365,4_planet,False,,360,0,0
4365,5_planet,False,,360,0,0
4365,7_planet,False,,360,0,0
4366,4_planet,False,,360,0,0
4366,5_planet,False,,360,0,0
4366,7_planet,False,,360,0,0
4367,4_planet,False,,360,0,0
4367,5_planet,False,,360,0,0
4367,7_planet,False,,360,0,0
4368,4_planet,False,,360,0,0
4368,5_planet,False,,360,0,0
4368,7_planet,False,,360,0,0
4369,4_planet,False,,360,0,0
4369,5_planet,False,,360,0,0
4369,7_planet,False,,360,0,0
4370,4_planet,False,,360,0,0
4370,5_planet,False,,360,0,0
4370,7_planet,False,,360,0,0
4371,4_planet,False,,360,0,0
4371,5_planet,False,,360,0,0
4371,7_planet,False,,360,0,0
4372,4_planet,False,,360,0,0
4372,5_planet,False,,360,0,0
4372,7_planet,False,,360,0,0
4373,4_planet,False,,360,0,0
4373,5_planet,False,,360,0,0
4373,7_planet,False,,360,0,0
4374,4_planet,False,,360,0,0
4374,5_planet,False,,360,0,0
4374,7_planet,False,,360,0,0
4375,4_planet,False,,360,0,0
4375,5_planet,False,,360,0,0
4375,7_planet,False,,360,0,0
4376,4_planet,False,,360,0,0
4376,5_planet,False,,360,0,0
4376,7_planet,False,,360,0,0
4377,4_planet,False,,360,0,0
4377,5_planet,False,,360,0,0
4377,7_planet,False,,360,0,0
4378,4_planet,False,,360,0,0
4378,5_planet,False,,360,0,0
4378,7_planet,False,,360,0,0
4379,4_planet,False,,360,0,0
4379,5_planet,False,,360,0,0
4379,7_planet,False,,360,0,0
4380,4_planet,False,,360,0,0
4380,5_planet,False,,360,0,0
4380,7_planet,False,,360,0,0
4381,4_planet,False,,360,0,0
4381,5_planet,False,,360,0,0
4381,7_planet,False,,360,0,0
4382,4_planet,False,,360,0,0
4382,5_planet,False,,360,0,0
4382,7_planet,False,,360,0,0
4383,4_planet,False,,360,0,0
4383,5_planet,False,,360,0,0
4383,7_planet,False,,360,0,0
4384,4_planet,False,,360,0,0
4384,5_planet,False,,360,0,0
4384,7_planet,False,,360,0,0
4385,4_planet,False,,360,0,0
4385,5_planet,False,,360,0,0
4385,7_planet,False,,360,0,0
4386,4_planet,False,,360,0,0
4386,5_planet,False,,360,0,0
4386,7_planet,False,,360,0,0
4387,4_planet,False,,360,0,0
4387,5_planet,False,,360,0,0
4387,7_planet,False,,360,0,0
4388,4_planet,False,,360,0,0
4388,5_planet,False,,360,0,0
4388,7_planet,False,,360,0,0
4389,4_planet,False,,360,0,0
4389,5_planet,False,,360,0,0
4389,7_planet,False,,360,0,0
4390,4_planet,False,,360,0,0
4390,5_planet,False,,360,0,0
4390,7_planet,False,,360,0,0
4391,4_planet,False,,360,0,0
4391,5_planet,False,,360,0,0
4391,7_planet,False,,360,0,0
4392,4_planet,False,,360,0,0
4392,5_planet,False,,360,0,0
4392,7_planet,False,,360,0,0
4393,4_planet,False,,360,0,0
4393,5_planet,False,,360,0,0
4393,7_planet,False,,360,0,0
4394,4_planet,False,,360,0,0
4394,5_planet,False,,360,0,0
4394,7_planet,False,,360,0,0
4395,4_planet,False,,360,0,0
4395,5_planet,False,,360,0,0
4395,7_planet,False,,360,0,0
4396,4_planet,False,,360,0,0
4396,5_planet,False,,360,0,0
4396,7_planet,False,,360,0,0
4397,4_planet,False,,360,0,0
4397,5_planet,False,,360,0,0
4397,7_planet,False,,360,0,0
4398,4_planet,False,,360,0,0
4398,5_planet,False,,360,0,0
4398,7_planet,False,,360,0,0
4399,4_planet,False,,360,0,0
4399,5_planet,False,,360,0,0
4399,7_planet,False,,360,0,0
4400,4_planet,False,,360,0,0
4400,5_planet,False,,360,0,0
4400,7_planet,False,,360,0,0
4401,4_planet,False,,360,0,0
4401,5_planet,False,,360,0,0
4401,7_planet,False,,360,0,0
4402,4_planet,False,,360,0,0
4402,5_planet,False,,360,0,0
4402,7_planet,False,,360,0,0
4403,4_planet,False,,360,0,0
4403,5_planet,False,,360,0,0
4403,7_planet,False,,360,0,0
4404,4_planet,False,,360,0,0
4404,5_planet,False,,360,0,0
4404,7_planet,False,,360,0,0
4405,4_planet,False,,360,0,0
4405,5_planet,False,,360,0,0
4405,7_planet,False,,360,0,0
4406,4_planet,False,,360,0,0
4406,5_planet,False,,360,0,0
4406,7_planet,False,,360,0,0
4407,4_planet,False,,360,0,0
4407,5_planet,False,,360,0,0
4407,7_planet,False,,360,0,0
4408,4_planet,False,,360,0,0
4408,5_planet,False,,360,0,0
4408,7_planet,False,,360,0,0
4409,4_planet,False,,360,0,0
4409,5_planet,False,,360,0,0
4409,7_planet,False,,360,0,0
4410,4_planet,False,,360,0,0
4410,5_planet,False,,360,0,0
4410,7_planet,False,,360,0,0
4411,4_planet,False,,360,0,0
4411,5_planet,False,,360,0,0
4411,7_planet,False,,360,0,0
4412,4_planet,False,,360,0,0
4412,5_planet,False,,360,0,0
4412,7_planet,False,,360,0,0
4413,4_planet,False,,360,0,0
4413,5_planet,False,,360,0,0
4413,7_planet,False,,360,0,0
4414,4_planet,False,,360,0,0
4414,5_planet,False,,360,0,0
4414,7_planet,False,,360,0,0
4415,4_planet,False,,360,0,0
4415,5_planet,False,,360,0,0
4415,7_planet,False,,360,0,0
4416,4_planet,False,,360,0,0
4416,5_planet,False,,360,0,0
4416,7_planet,False,,360,0,0
4417,4_planet,False,,360,0,0
4417,5_planet,False,,360,0,0
4417,7_planet,False,,360,0,0
4418,4_planet,False,,360,0,0
4418,5_planet,False,,360,0,0
4418,7_planet,False,,360,0,0
4419,4_planet,False,,360,0,0
4419,5_planet,False,,360,0,0
4419,7_planet,False,,360,0,0
4420,4_planet,False,,360,0,0
4420,5_planet,False,,360,0,0
4420,7_planet,True,"Saturn, Mercury, Sun, Jupiter, Moon, Venus, Mars",59.33,1.12,42.86
4421,4_planet,False,,360,0,0
4421,5_planet,False,,360,0,0
4421,7_planet,False,,360,0,0
4422,4_planet,False,,360,0,0
4422,5_planet,False,,360,0,0
4422,7_planet,False,,360,0,0
4423,4_planet,False,,360,0,0
4423,5_planet,False,,360,0,0
4423,7_planet,False,,360,0,0
4424,4_planet,False,,360,0,0
4424,5_planet,False,,360,0,0
4424,7_planet,False,,360,0,0
4425,4_planet,False,,360,0,0
4425,5_planet,False,,360,0,0
4425,7_planet,False,,360,0,0
4426,4_planet,False,,360,0,0
4426,5_planet,False,,360,0,0
4426,7_planet,False,,360,0,0
4427,4_planet,False,,360,0,0
4427,5_planet,False,,360,0,0
4427,7_planet,False,,360,0,0
4428,4_planet,False,,360,0,0
4428,5_planet,False,,360,0,0
4428,7_planet,False,,360,0,0
4429,4_planet,False,,360,0,0
4429,5_planet,False,,360,0,0
4429,7_planet,False,,360,0,0
4430,4_planet,False,,360,0,0
4430,5_planet,False,,360,0,0
4430,7_planet,False,,360,0,0
4431,4_planet,False,,360,0,0
4431,5_planet,False,,360,0,0
4431,7_planet,False,,360,0,0
4432,4_planet,False,,360,0,0
4432,5_planet,False,,360,0,0
4432,7_planet,False,,360,0,0
4433,4_planet,False,,360,0,0
4433,5_planet,False,,360,0,0
4433,7_planet,False,,360,0,0
4434,4_planet,False,,360,0,0
4434,5_planet,False,,360,0,0
4434,7_planet,False,,360,0,0
4435,4_planet,False,,360,0,0
4435,5_planet,False,,360,0,0
4435,7_planet,False,,360,0,0
4436,4_planet,False,,360,0,0
4436,5_planet,False,,360,0,0
4436,7_planet,False,,360,0,0
4437,4_planet,False,,360,0,0
4437,5_planet,False,,360,0,0
4437,7_planet,False,,360,0,0
4438,4_planet,False,,360,0,0
4438,5_planet,False,,360,0,0
4438,7_planet,False,,360,0,0
4439,4_planet,False,,360,0,0
4439,5_planet,False,,360,0,0
4439,7_planet,False,,360,0,0
4440,4_planet,False,,360,0,0
4440,5_planet,False,,360,0,0
4440,7_planet,False,,360,0,0
4441,4_planet,False,,360,0,0
4441,5_planet,False,,360,0,0
4441,7_planet,False,,360,0,0
4442,4_planet,False,,360,0,0
4442,5_planet,False,,360,0,0
4442,7_planet,False,,360,0,0
4443,4_planet,False,,360,0,0
4443,5_planet,False,,360,0,0
4443,7_planet,False,,360,0,0
4444,4_planet,False,,360,0,0
4444,5_planet,False,,360,0,0
4444,7_planet,False,,360,0,0
4445,4_planet,False,,360,0,0
4445,5_planet,False,,360,0,0
4445,7_planet,False,,360,0,0
4446,4_planet,False,,360,0,0
4446,5_planet,False,,360,0,0
4446,7_planet,False,,360,0,0
4447,4_planet,False,,360,0,0
4447,5_planet,False,,360,0,0
4447,7_planet,False,,360,0,0
4448,4_planet,False,,360,0,0
4448,5_planet,False,,360,0,0
4448,7_planet,False,,360,0,0
4449,4_planet,False,,360,0,0
4449,5_planet,False,,360,0,0
4449,7_planet,False,,360,0,0
4450,4_planet,False,,360,0,0
4450,5_planet,False,,360,0,0
4450,7_planet,False,,360,0,0
4451,4_planet,False,,360,0,0
4451,5_planet,False,,360,0,0
4451,7_planet,False,,360,0,0
4452,4_planet,False,,360,0,0
4452,5_planet,False,,360,0,0
4452,7_planet,False,,360,0,0
4453,4_planet,False,,360,0,0
4453,5_planet,False,,360,0,0
4453,7_planet,False,,360,0,0
4454,4_planet,False,,360,0,0
4454,5_planet,False,,360,0,0
4454,7_planet,False,,360,0,0
4455,4_planet,False,,360,0,0
4455,5_planet,False,,360,0,0
4455,7_planet,False,,360,0,0
4456,4_planet,False,,360,0,0
4456,5_planet,False,,360,0,0
4456,7_planet,False,,360,0,0
4457,4_planet,False,,360,0,0
4457,5_planet,False,,360,0,0
4457,7_planet,False,,360,0,0
4458,4_planet,False,,360,0,0
4458,5_planet,False,,360,0,0
4458,7_planet,False,,360,0,0
4459,4_planet,False,,360,0,0
4459,5_planet,False,,360,0,0
4459,7_planet,False,,360,0,0
4460,4_planet,False,,360,0,0
4460,5_planet,False,,360,0,0
4460,7_planet,False,,360,0,0
4461,4_planet,False,,360,0,0
4461,5_planet,False,,360,0,0
4461,7_planet,False,,360,0,0
4462,4_planet,False,,360,0,0
4462,5_planet,False,,360,0,0
4462,7_planet,False,,360,0,0
4463,4_planet,False,,360,0,0
4463,5_planet,False,,360,0,0
4463,7_planet,False,,360,0,0
4464,4_planet,False,,360,0,0
4464,5_planet,False,,360,0,0
4464,7_planet,False,,360,0,0
4465,4_planet,False,,360,0,0
4465,5_planet,False,,360,0,0
4465,7_planet,False,,360,0,0
4466,4_planet,False,,360,0,0
4466,5_planet,False,,360,0,0
4466,7_planet,False,,360,0,0
4467,4_planet,False,,360,0,0
4467,5_planet,False,,360,0,0
4467,7_planet,False,,360,0,0
4468,4_planet,False,,360,0,0
4468,5_planet,False,,360,0,0
4468,7_planet,False,,360,0,0
4469,4_planet,False,,360,0,0
4469,5_planet,False,,360,0,0
4469,7_planet,False,,360,0,0
4470,4_planet,False,,360,0,0
4470,5_planet,False,,360,0,0
4470,7_planet,False,,360,0,0
4471,4_planet,False,,360,0,0
4471,5_planet,False,,360,0,0
4471,7_planet,False,,360,0,0
4472,4_planet,False,,360,0,0
4472,5_planet,False,,360,0,0
4472,7_planet,False,,360,0,0
4473,4_planet,False,,360,0,0
4473,5_planet,False,,360,0,0
4473,7_planet,False,,360,0,0
4474,4_planet,False,,360,0,0
4474,5_planet,False,,360,0,0
4474,7_planet,False,,360,0,0
4475,4_planet,False,,360,0,0
4475,5_planet,False,,360,0,0
4475,7_planet,False,,360,0,0
4476,4_planet,False,,360,0,0
4476,5_planet,False,,360,0,0
4476,7_planet,False,,360,0,0
4477,4_planet,False,,360,0,0
4477,5_planet,False,,360,0,0
4477,7_planet,False,,360,0,0
4478,4_planet,False,,360,0,0
4478,5_planet,False,,360,0,0
4478,7_planet,False,,360,0,0
4479,4_planet,False,,360,0,0
4479,5_planet,False,,360,0,0
4479,7_planet,False,,360,0,0
4480,4_planet,False,,360,0,0
4480,5_planet,False,,360,0,0
4480,7_planet,False,,360,0,0
4481,4_planet,False,,360,0,0
4481,5_planet,False,,360,0,0
4481,7_planet,False,,360,0,0
4482,4_planet,False,,360,0,0
4482,5_planet,False,,360,0,0
4482,7_planet,False,,360,0,0
4483,4_planet,False,,360,0,0
4483,5_planet,False,,360,0,0
4483,7_planet,False,,360,0,0
4484,4_planet,False,,360,0,0
4484,5_planet,False,,360,0,0
4484,7_planet,False,,360,0,0
4485,4_planet,False,,360,0,0
4485,5_planet,False,,360,0,0
4485,7_planet,False,,360,0,0
4486,4_planet,False,,360,0,0
4486,5_planet,False,,360,0,0
4486,7_planet,False,,360,0,0
4487,4_planet,False,,360,0,0
4487,5_planet,False,,360,0,0
4487,7_planet,False,,360,0,0
4488,4_planet,False,,360,0,0
4488,5_planet,False,,360,0,0
4488,7_planet,False,,360,0,0
4489,4_planet,False,,360,0,0
4489,5_planet,False,,360,0,0
4489,7_planet,False,,360,0,0
4490,4_planet,False,,360,0,0
4490,5_planet,False,,360,0,0
4490,7_planet,False,,360,0,0
4491,4_planet,False,,360,0,0
4491,5_planet,False,,360,0,0
4491,7_planet,False,,360,0,0
4492,4_planet,False,,360,0,0
4492,5_planet,False,,360,0,0
4492,7_planet,False,,360,0,0
4493,4_planet,False,,360,0,0
4493,5_planet,False,,360,0,0
4493,7_planet,False,,360,0,0
4494,4_planet,False,,360,0,0
4494,5_planet,False,,360,0,0
4494,7_planet,False,,360,0,0
4495,4_planet,False,,360,0,0
4495,5_planet,False,,360,0,0
4495,7_planet,False,,360,0,0
4496,4_planet,False,,360,0,0
4496,5_planet,False,,360,0,0
4496,7_planet,False,,360,0,0
4497,4_planet,False,,360,0,0
4497,5_planet,False,,360,0,0
4497,7_planet,False,,360,0,0
4498,4_planet,False,,360,0,0
4498,5_planet,False,,360,0,0
4498,7_planet,False,,360,0,0
4499,4_planet,False,,360,0,0
4499,5_planet,False,,360,0,0
4499,7_planet,False,,360,0,0
4500,4_planet,False,,360,0,0
4500,5_planet,False,,360,0,0
4500,7_planet,False,,360,0,0
4501,4_planet,False,,360,0,0
4501,5_planet,False,,360,0,0
4501,7_planet,False,,360,0,0
4502,4_planet,False,,360,0,0
4502,5_planet,False,,360,0,0
4502,7_planet,False,,360,0,0
4503,4_planet,False,,360,0,0
4503,5_planet,False,,360,0,0
4503,7_planet,False,,360,0,0
4504,4_planet,False,,360,0,0
4504,5_planet,False,,360,0,0
4504,7_planet,False,,360,0,0
4505,4_planet,False,,360,0,0
4505,5_planet,False,,360,0,0
4505,7_planet,False,,360,0,0
4506,4_planet,False,,360,0,0
4506,5_planet,False,,360,0,0
4506,7_planet,False,,360,0,0
4507,4_planet,False,,360,0,0
4507,5_planet,False,,360,0,0
4507,7_planet,False,,360,0,0
4508,4_planet,False,,360,0,0
4508,5_planet,False,,360,0,0
4508,7_planet,False,,360,0,0
4509,4_planet,False,,360,0,0
4509,5_planet,False,,360,0,0
4509,7_planet,False,,360,0,0
4510,4_planet,False,,360,0,0
4510,5_planet,False,,360,0,0
4510,7_planet,False,,360,0,0
4511,4_planet,False,,360,0,0
4511,5_planet,False,,360,0,0
4511,7_planet,False,,360,0,0
4512,4_planet,False,,360,0,0
4512,5_planet,False,,360,0,0
4512,7_planet,False,,360,0,0
4513,4_planet,False,,360,0,0
4513,5_planet,False,,360,0,0
4513,7_planet,False,,360,0,0
4514,4_planet,False,,360,0,0
4514,5_planet,False,,360,0,0
4514,7_planet,False,,360,0,0
4515,4_planet,False,,360,0,0
4515,5_planet,False,,360,0,0
4515,7_planet,False,,360,0,0
4516,4_planet,False,,360,0,0
4516,5_planet,False,,360,0,0
4516,7_planet,False,,360,0,0
4517,4_planet,False,,360,0,0
4517,5_planet,False,,360,0,0
4517,7_planet,False,,360,0,0
4518,4_planet,False,,360,0,0
4518,5_planet,False,,360,0,0
4518,7_planet,False,,360,0,0
4519,4_planet,False,,360,0,0
4519,5_planet,False,,360,0,0
4519,7_planet,False,,360,0,0
4520,4_planet,False,,360,0,0
4520,5_planet,False,,360,0,0
4520,7_planet,False,,360,0,0
4521,4_planet,False,,360,0,0
4521,5_planet,False,,360,0,0
4521,7_planet,False,,360,0,0
4522,4_planet,False,,360,0,0
4522,5_planet,False,,360,0,0
4522,7_planet,False,,360,0,0
4523,4_planet,False,,360,0,0
4523,5_planet,False,,360,0,0
4523,7_planet,False,,360,0,0
4524,4_planet,False,,360,0,0
4524,5_planet,False,,360,0,0
4524,7_planet,False,,360,0,0
4525,4_planet,False,,360,0,0
4525,5_planet,False,,360,0,0
4525,7_planet,False,,360,0,0
4526,4_planet,False,,360,0,0
4526,5_planet,False,,360,0,0
4526,7_planet,False,,360,0,0
4527,4_planet,False,,360,0,0
4527,5_planet,False,,360,0,0
4527,7_planet,False,,360,0,0
4528,4_planet,False,,360,0,0
4528,5_planet,False,,360,0,0
4528,7_planet,False,,360,0,0
4529,4_planet,False,,360,0,0
4529,5_planet,False,,360,0,0
4529,7_planet,False,,360,0,0
4530,4_planet,False,,360,0,0
4530,5_planet,False,,360,0,0
4530,7_planet,False,,360,0,0
4531,4_planet,False,,360,0,0
4531,5_planet,False,,360,0,0
4531,7_planet,False,,360,0,0
4532,4_planet,False,,360,0,0
4532,5_planet,False,,360,0,0
4532,7_planet,False,,360,0,0
4533,4_planet,False,,360,0,0
4533,5_planet,False,,360,0,0
4533,7_planet,False,,360,0,0
4534,4_planet,False,,360,0,0
4534,5_planet,False,,360,0,0
4534,7_planet,False,,360,0,0
4535,4_planet,False,,360,0,0
4535,5_planet,False,,360,0,0
4535,7_planet,False,,360,0,0
4536,4_planet,False,,360,0,0
4536,5_planet,False,,360,0,0
4536,7_planet,False,,360,0,0
4537,4_planet,False,,360,0,0
4537,5_planet,False,,360,0,0
4537,7_planet,False,,360,0,0
4538,4_planet,False,,360,0,0
4538,5_planet,False,,360,0,0
4538,7_planet,False,,360,0,0
4539,4_planet,False,,360,0,0
4539,5_planet,False,,360,0,0
4539,7_planet,False,,360,0,0
4540,4_planet,False,,360,0,0
4540,5_planet,False,,360,0,0
4540,7_planet,False,,360,0,0
4541,4_planet,False,,360,0,0
4541,5_planet,False,,360,0,0
4541,7_planet,False,,360,0,0
4542,4_planet,False,,360,0,0
4542,5_planet,False,,360,0,0
4542,7_planet,False,,360,0,0
4543,4_planet,False,,360,0,0
4543,5_planet,False,,360,0,0
4543,7_planet,False,,360,0,0
4544,4_planet,False,,360,0,0
4544,5_planet,False,,360,0,0
4544,7_planet,False,,360,0,0
4545,4_planet,False,,360,0,0
4545,5_planet,False,,360,0,0
4545,7_planet,False,,360,0,0
4546,4_planet,False,,360,0,0
4546,5_planet,False,,360,0,0
4546,7_planet,False,,360,0,0
4547,4_planet,False,,360,0,0
4547,5_planet,False,,360,0,0
4547,7_planet,False,,360,0,0
4548,4_planet,False,,360,0,0
4548,5_planet,False,,360,0,0
4548,7_planet,False,,360,0,0
4549,4_planet,False,,360,0,0
4549,5_planet,False,,360,0,0
4549,7_planet,False,,360,0,0
4550,4_planet,False,,360,0,0
4550,5_planet,False,,360,0,0
4550,7_planet,False,,360,0,0
4551,4_planet,False,,360,0,0
4551,5_planet,False,,360,0,0
4551,7_planet,True,"Saturn, Sun, Moon, Mars, Mercury, Jupiter, Venus",58.91,1.82,57.14
4552,4_planet,False,,360,0,0
4552,5_planet,False,,360,0,0
4552,7_planet,False,,360,0,0
4553,4_planet,False,,360,0,0
4553,5_planet,False,,360,0,0
4553,7_planet,False,,360,0,0
4554,4_planet,False,,360,0,0
4554,5_planet,False,,360,0,0
4554,7_planet,False,,360,0,0
4555,4_planet,False,,360,0,0
4555,5_planet,False,,360,0,0
4555,7_planet,False,,360,0,0
4556,4_planet,False,,360,0,0
4556,5_planet,False,,360,0,0
4556,7_planet,False,,360,0,0
4557,4_planet,False,,360,0,0
4557,5_planet,False,,360,0,0
4557,7_planet,False,,360,0,0
4558,4_planet,False,,360,0,0
4558,5_planet,False,,360,0,0
4558,7_planet,False,,360,0,0
4559,4_planet,False,,360,0,0
4559,5_planet,False,,360,0,0
4559,7_planet,False,,360,0,0
4560,4_planet,False,,360,0,0
4560,5_planet,False,,360,0,0
4560,7_planet,False,,360,0,0
4561,4_planet,False,,360,0,0
4561,5_planet,False,,360,0,0
4561,7_planet,False,,360,0,0
4562,4_planet,False,,360,0,0
4562,5_planet,False,,360,0,0
4562,7_planet,False,,360,0,0
4563,4_planet,False,,360,0,0
4563,5_planet,False,,360,0,0
4563,7_planet,False,,360,0,0
4564,4_planet,False,,360,0,0
4564,5_planet,False,,360,0,0
4564,7_planet,False,,360,0,0
4565,4_planet,False,,360,0,0
4565,5_planet,False,,360,0,0
4565,7_planet,False,,360,0,0
4566,4_planet,False,,360,0,0
4566,5_planet,False,,360,0,0
4566,7_planet,False,,360,0,0
4567,4_planet,False,,360,0,0
4567,5_planet,False,,360,0,0
4567,7_planet,False,,360,0,0
4568,4_planet,False,,360,0,0
4568,5_planet,False,,360,0,0
4568,7_planet,False,,360,0,0
4569,4_planet,False,,360,0,0
4569,5_planet,False,,360,0,0
4569,7_planet,False,,360,0,0
4570,4_planet,False,,360,0,0
4570,5_planet,False,,360,0,0
4570,7_planet,False,,360,0,0
4571,4_planet,False,,360,0,0
4571,5_planet,False,,360,0,0
4571,7_planet,False,,360,0,0
4572,4_planet,False,,360,0,0
4572,5_planet,False,,360,0,0
4572,7_planet,False,,360,0,0
4573,4_planet,False,,360,0,0
4573,5_planet,False,,360,0,0
4573,7_planet,False,,360,0,0
4574,4_planet,False,,360,0,0
4574,5_planet,False,,360,0,0
4574,7_planet,False,,360,0,0
4575,4_planet,False,,360,0,0
4575,5_planet,False,,360,0,0
4575,7_planet,False,,360,0,0
4576,4_planet,False,,360,0,0
4576,5_planet,False,,360,0,0
4576,7_planet,False,,360,0,0
4577,4_planet,False,,360,0,0
4577,5_planet,False,,360,0,0
4577,7_planet,False,,360,0,0
4578,4_planet,False,,360,0,0
4578,5_planet,False,,360,0,0
4578,7_planet,False,,360,0,0
4579,4_planet,False,,360,0,0
4579,5_planet,False,,360,0,0
4579,7_planet,False,,360,0,0
4580,4_planet,False,,360,0,0
4580,5_planet,False,,360,0,0
4580,7_planet,False,,360,0,0
4581,4_planet,False,,360,0,0
4581,5_planet,False,,360,0,0
4581,7_planet,False,,360,0,0
4582,4_planet,False,,360,0,0
4582,5_planet,False,,360,0,0
4582,7_planet,False,,360,0,0
4583,4_planet,False,,360,0,0
4583,5_planet,False,,360,0,0
4583,7_planet,False,,360,0,0
4584,4_planet,False,,360,0,0
4584,5_planet,False,,360,0,0
4584,7_planet,False,,360,0,0
4585,4_planet,False,,360,0,0
4585,5_planet,False,,360,0,0
4585,7_planet,False,,360,0,0
4586,4_planet,False,,360,0,0
4586,5_planet,False,,360,0,0
4586,7_planet,False,,360,0,0
4587,4_planet,False,,360,0,0
4587,5_planet,False,,360,0,0
4587,7_planet,False,,360,0,0
4588,4_planet,False,,360,0,0
4588,5_planet,False,,360,0,0
4588,7_planet,False,,360,0,0
4589,4_planet,False,,360,0,0
4589,5_planet,False,,360,0,0
4589,7_planet,False,,360,0,0
4590,4_planet,False,,360,0,0
4590,5_planet,False,,360,0,0
4590,7_planet,False,,360,0,0
4591,4_planet,False,,360,0,0
4591,5_planet,False,,360,0,0
4591,7_planet,False,,360,0,0
4592,4_planet,False,,360,0,0
4592,5_planet,False,,360,0,0
4592,7_planet,False,,360,0,0
4593,4_planet,False,,360,0,0
4593,5_planet,False,,360,0,0
4593,7_planet,False,,360,0,0
4594,4_planet,False,,360,0,0
4594,5_planet,False,,360,0,0
4594,7_planet,False,,360,0,0
4595,4_planet,False,,360,0,0
4595,5_planet,False,,360,0,0
4595,7_planet,False,,360,0,0
4596,4_planet,False,,360,0,0
4596,5_planet,False,,360,0,0
4596,7_planet,False,,360,0,0
4597,4_planet,False,,360,0,0
4597,5_planet,False,,360,0,0
4597,7_planet,False,,360,0,0
4598,4_planet,False,,360,0,0
4598,5_planet,False,,360,0,0
4598,7_planet,False,,360,0,0
4599,4_planet,False,,360,0,0
4599,5_planet,False,,360,0,0
4599,7_planet,False,,360,0,0
4600,4_planet,False,,360,0,0
4600,5_planet,False,,360,0,0
4600,7_planet,False,,360,0,0
4601,4_planet,False,,360,0,0
4601,5_planet,False,,360,0,0
4601,7_planet,False,,360,0,0
4602,4_planet,False,,360,0,0
4602,5_planet,False,,360,0,0
4602,7_planet,False,,360,0,0
4603,4_planet,False,,360,0,0
4603,5_planet,False,,360,0,0
4603,7_planet,False,,360,0,0
4604,4_planet,False,,360,0,0
4604,5_planet,False,,360,0,0
4604,7_planet,False,,360,0,0
4605,4_planet,False,,360,0,0
4605,5_planet,False,,360,0,0
4605,7_planet,False,,360,0,0
4606,4_planet,False,,360,0,0
4606,5_planet,False,,360,0,0
4606,7_planet,False,,360,0,0
4607,4_planet,False,,360,0,0
4607,5_planet,False,,360,0,0
4607,7_planet,False,,360,0,0
4608,4_planet,False,,360,0,0
4608,5_planet,False,,360,0,0
4608,7_planet,False,,360,0,0
4609,4_planet,False,,360,0,0
4609,5_planet,False,,360,0,0
4609,7_planet,False,,360,0,0
4610,4_planet,False,,360,0,0
4610,5_planet,False,,360,0,0
4610,7_planet,False,,360,0,0
4611,4_planet,False,,360,0,0
4611,5_planet,False,,360,0,0
4611,7_planet,False,,360,0,0
4612,4_planet,False,,360,0,0
4612,5_planet,False,,360,0,0
4612,7_planet,False,,360,0,0
4613,4_planet,False,,360,0,0
4613,5_planet,False,,360,0,0
4613,7_planet,False,,360,0,0
4614,4_planet,False,,360,0,0
4614,5_planet,False,,360,0,0
4614,7_planet,False,,360,0,0
4615,4_planet,False,,360,0,0
4615,5_planet,False,,360,0,0
4615,7_planet,False,,360,0,0
4616,4_planet,False,,360,0,0
4616,5_planet,False,,360,0,0
4616,7_planet,False,,360,0,0
4617,4_planet,False,,360,0,0
4617,5_planet,False,,360,0,0
4617,7_planet,False,,360,0,0
4618,4_planet,False,,360,0,0
4618,5_planet,False,,360,0,0
4618,7_planet,False,,360,0,0
4619,4_planet,False,,360,0,0
4619,5_planet,False,,360,0,0
4619,7_planet,False,,360,0,0
4620,4_planet,False,,360,0,0
4620,5_planet,False,,360,0,0
4620,7_planet,False,,360,0,0
4621,4_planet,False,,360,0,0
4621,5_planet,False,,360,0,0
4621,7_planet,False,,360,0,0
4622,4_planet,False,,360,0,0
4622,5_planet,False,,360,0,0
4622,7_planet,False,,360,0,0
4623,4_planet,False,,360,0,0
4623,5_planet,False,,360,0,0
4623,7_planet,False,,360,0,0
4624,4_planet,False,,360,0,0
4624,5_planet,False,,360,0,0
4624,7_planet,False,,360,0,0
4625,4_planet,False,,360,0,0
4625,5_planet,False,,360,0,0
4625,7_planet,False,,360,0,0
4626,4_planet,False,,360,0,0
4626,5_planet,False,,360,0,0
4626,7_planet,False,,360,0,0
4627,4_planet,False,,360,0,0
4627,5_planet,False,,360,0,0
4627,7_planet,False,,360,0,0
4628,4_planet,False,,360,0,0
4628,5_planet,False,,360,0,0
4628,7_planet,False,,360,0,0
4629,4_planet,False,,360,0,0
4629,5_planet,False,,360,0,0
4629,7_planet,False,,360,0,0
4630,4_planet,False,,360,0,0
4630,5_planet,False,,360,0,0
4630,7_planet,False,,360,0,0
4631,4_planet,False,,360,0,0
4631,5_planet,False,,360,0,0
4631,7_planet,False,,360,0,0
4632,4_planet,False,,360,0,0
4632,5_planet,False,,360,0,0
4632,7_planet,False,,360,0,0
4633,4_planet,False,,360,0,0
4633,5_planet,False,,360,0,0
4633,7_planet,False,,360,0,0
4634,4_planet,False,,360,0,0
4634,5_planet,False,,360,0,0
4634,7_planet,False,,360,0,0
4635,4_planet,False,,360,0,0
4635,5_planet,False,,360,0,0
4635,7_planet,False,,360,0,0
4636,4_planet,False,,360,0,0
4636,5_planet,False,,360,0,0
4636,7_planet,False,,360,0,0
4637,4_planet,False,,360,0,0
4637,5_planet,False,,360,0,0
4637,7_planet,False,,360,0,0
4638,4_planet,False,,360,0,0
4638,5_planet,False,,360,0,0
4638,7_planet,False,,360,0,0
4639,4_planet,False,,360,0,0
4639,5_planet,False,,360,0,0
4639,7_planet,False,,360,0,0
4640,4_planet,False,,360,0,0
4640,5_planet,False,,360,0,0
4640,7_planet,False,,360,0,0
4641,4_planet,False,,360,0,0
4641,5_planet,False,,360,0,0
4641,7_planet,False,,360,0,0
4642,4_planet,False,,360,0,0
4642,5_planet,False,,360,0,0
4642,7_planet,False,,360,0,0
4643,4_planet,False,,360,0,0
4643,5_planet,False,,360,0,0
4643,7_planet,False,,360,0,0
4644,4_planet,False,,360,0,0
4644,5_planet,False,,360,0,0
4644,7_planet,False,,360,0,0
4645,4_planet,False,,360,0,0
4645,5_planet,False,,360,0,0
4645,7_planet,False,,360,0,0
4646,4_planet,False,,360,0,0
4646,5_planet,False,,360,0,0
4646,7_planet,False,,360,0,0
4647,4_planet,False,,360,0,0
4647,5_planet,False,,360,0,0
4647,7_planet,False,,360,0,0
4648,4_planet,False,,360,0,0
4648,5_planet,False,,360,0,0
4648,7_planet,False,,360,0,0
4649,4_planet,False,,360,0,0
4649,5_planet,False,,360,0,0
4649,7_planet,False,,360,0,0
4650,4_planet,False,,360,0,0
4650,5_planet,False,,360,0,0
4650,7_planet,False,,360,0,0
4651,4_planet,False,,360,0,0
4651,5_planet,False,,360,0,0
4651,7_planet,False,,360,0,0
4652,4_planet,False,,360,0,0
4652,5_planet,False,,360,0,0
4652,7_planet,False,,360,0,0
4653,4_planet,False,,360,0,0
4653,5_planet,False,,360,0,0
4653,7_planet,False,,360,0,0
4654,4_planet,False,,360,0,0
4654,5_planet,False,,360,0,0
4654,7_planet,False,,360,0,0
4655,4_planet,False,,360,0,0
4655,5_planet,False,,360,0,0
4655,7_planet,False,,360,0,0
4656,4_planet,False,,360,0,0
4656,5_planet,False,,360,0,0
4656,7_planet,False,,360,0,0
4657,4_planet,False,,360,0,0
4657,5_planet,False,,360,0,0
4657,7_planet,False,,360,0,0
4658,4_planet,False,,360,0,0
4658,5_planet,False,,360,0,0
4658,7_planet,False,,360,0,0
4659,4_planet,False,,360,0,0
4659,5_planet,False,,360,0,0
4659,7_planet,False,,360,0,0
4660,4_planet,False,,360,0,0
4660,5_planet,False,,360,0,0
4660,7_planet,True,"Saturn, Mercury, Sun, Jupiter, Moon, Venus, Mars",57.0,5.0,42.86
4661,4_planet,False,,360,0,0
4661,5_planet,False,,360,0,0
4661,7_planet,False,,360,0,0
4662,4_planet,False,,360,0,0
4662,5_planet,False,,360,0,0
4662,7_planet,False,,360,0,0
4663,4_planet,False,,360,0,0
4663,5_planet,False,,360,0,0
4663,7_planet,False,,360,0,0
4664,4_planet,False,,360,0,0
4664,5_planet,False,,360,0,0
4664,7_planet,False,,360,0,0
4665,4_planet,False,,360,0,0
4665,5_planet,False,,360,0,0
4665,7_planet,False,,360,0,0
4666,4_planet,False,,360,0,0
4666,5_planet,False,,360,0,0
4666,7_planet,False,,360,0,0
4667,4_planet,False,,360,0,0
4667,5_planet,False,,360,0,0
4667,7_planet,False,,360,0,0
4668,4_planet,False,,360,0,0
4668,5_planet,False,,360,0,0
4668,7_planet,False,,360,0,0
4669,4_planet,False,,360,0,0
4669,5_planet,False,,360,0,0
4669,7_planet,False,,360,0,0
4670,4_planet,False,,360,0,0
4670,5_planet,False,,360,0,0
4670,7_planet,False,,360,0,0
4671,4_planet,False,,360,0,0
4671,5_planet,False,,360,0,0
4671,7_planet,False,,360,0,0
4672,4_planet,False,,360,0,0
4672,5_planet,False,,360,0,0
4672,7_planet,False,,360,0,0
4673,4_planet,False,,360,0,0
4673,5_planet,False,,360,0,0
4673,7_planet,False,,360,0,0
4674,4_planet,False,,360,0,0
4674,5_planet,False,,360,0,0
4674,7_planet,False,,360,0,0
4675,4_planet,False,,360,0,0
4675,5_planet,False,,360,0,0
4675,7_planet,False,,360,0,0
4676,4_planet,False,,360,0,0
4676,5_planet,False,,360,0,0
4676,7_planet,False,,360,0,0
4677,4_planet,False,,360,0,0
4677,5_planet,False,,360,0,0
4677,7_planet,False,,360,0,0
4678,4_planet,False,,360,0,0
4678,5_planet,False,,360,0,0
4678,7_planet,False,,360,0,0
4679,4_planet,False,,360,0,0
4679,5_planet,False,,360,0,0
4679,7_planet,False,,360,0,0
4680,4_planet,False,,360,0,0
4680,5_planet,False,,360,0,0
4680,7_planet,False,,360,0,0
4681,4_planet,False,,360,0,0
4681,5_planet,False,,360,0,0
4681,7_planet,False,,360,0,0
4682,4_planet,False,,360,0,0
4682,5_planet,False,,360,0,0
4682,7_planet,False,,360,0,0
4683,4_planet,False,,360,0,0
4683,5_planet,False,,360,0,0
4683,7_planet,False,,360,0,0
4684,4_planet,False,,360,0,0
4684,5_planet,False,,360,0,0
4684,7_planet,False,,360,0,0
4685,4_planet,False,,360,0,0
4685,5_planet,False,,360,0,0
4685,7_planet,False,,360,0,0
4686,4_planet,False,,360,0,0
4686,5_planet,False,,360,0,0
4686,7_planet,False,,360,0,0
4687,4_planet,False,,360,0,0
4687,5_planet,False,,360,0,0
4687,7_planet,False,,360,0,0
4688,4_planet,False,,360,0,0
4688,5_planet,False,,360,0,0
4688,7_planet,False,,360,0,0
4689,4_planet,False,,360,0,0
4689,5_planet,False,,360,0,0
4689,7_planet,False,,360,0,0
4690,4_planet,False,,360,0,0
4690,5_planet,False,,360,0,0
4690,7_planet,False,,360,0,0
4691,4_planet,False,,360,0,0
4691,5_planet,False,,360,0,0
4691,7_planet,False,,360,0,0
4692,4_planet,False,,360,0,0
4692,5_planet,False,,360,0,0
4692,7_planet,False,,360,0,0
4693,4_planet,False,,360,0,0
4693,5_planet,False,,360,0,0
4693,7_planet,False,,360,0,0
4694,4_planet,False,,360,0,0
4694,5_planet,False,,360,0,0
4694,7_planet,False,,360,0,0
4695,4_planet,False,,360,0,0
4695,5_planet,False,,360,0,0
4695,7_planet,False,,360,0,0
4696,4_planet,False,,360,0,0
4696,5_planet,False,,360,0,0
4696,7_planet,False,,360,0,0
4697,4_planet,False,,360,0,0
4697,5_planet,False,,360,0,0
4697,7_planet,False,,360,0,0
4698,4_planet,False,,360,0,0
4698,5_planet,False,,360,0,0
4698,7_planet,False,,360,0,0
4699,4_planet,False,,360,0,0
4699,5_planet,False,,360,0,0
4699,7_planet,True,"Saturn, Moon, Mercury, Venus, Sun, Mars, Jupiter",58.7,2.17,35.71
4700,4_planet,False,,360,0,0
4700,5_planet,False,,360,0,0
4700,7_planet,False,,360,0,0
4701,4_planet,False,,360,0,0
4701,5_planet,False,,360,0,0
4701,7_planet,False,,360,0,0
4702,4_planet,False,,360,0,0
4702,5_planet,False,,360,0,0
4702,7_planet,False,,360,0,0
4703,4_planet,False,,360,0,0
4703,5_planet,False,,360,0,0
4703,7_planet,False,,360,0,0
4704,4_planet,False,,360,0,0
4704,5_planet,False,,360,0,0
4704,7_planet,False,,360,0,0
4705,4_planet,False,,360,0,0
4705,5_planet,False,,360,0,0
4705,7_planet,False,,360,0,0
4706,4_planet,False,,360,0,0
4706,5_planet,False,,360,0,0
4706,7_planet,False,,360,0,0
4707,4_planet,False,,360,0,0
4707,5_planet,False,,360,0,0
4707,7_planet,False,,360,0,0
4708,4_planet,False,,360,0,0
4708,5_planet,False,,360,0,0
4708,7_planet,False,,360,0,0
4709,4_planet,False,,360,0,0
4709,5_planet,False,,360,0,0
4709,7_planet,False,,360,0,0
4710,4_planet,False,,360,0,0
4710,5_planet,False,,360,0,0
4710,7_planet,False,,360,0,0
4711,4_planet,False,,360,0,0
4711,5_planet,False,,360,0,0
4711,7_planet,False,,360,0,0
4712,4_planet,False,,360,0,0
4712,5_planet,False,,360,0,0
4712,7_planet,False,,360,0,0
4713,4_planet,False,,360,0,0
4713,5_planet,False,,360,0,0
4713,7_planet,False,,360,0,0
4714,4_planet,False,,360,0,0
4714,5_planet,False,,360,0,0
4714,7_planet,False,,360,0,0
4715,4_planet,False,,360,0,0
4715,5_planet,False,,360,0,0
4715,7_planet,False,,360,0,0
4716,4_planet,False,,360,0,0
4716,5_planet,False,,360,0,0
4716,7_planet,False,,360,0,0
4717,4_planet,False,,360,0,0
4717,5_planet,False,,360,0,0
4717,7_planet,False,,360,0,0
4718,4_planet,False,,360,0,0
4718,5_planet,False,,360,0,0
4718,7_planet,False,,360,0,0
4719,4_planet,False,,360,0,0
4719,5_planet,False,,360,0,0
4719,7_planet,False,,360,0,0
4720,4_planet,False,,360,0,0
4720,5_planet,False,,360,0,0
4720,7_planet,False,,360,0,0
4721,4_planet,False,,360,0,0
4721,5_planet,False,,360,0,0
4721,7_planet,False,,360,0,0
4722,4_planet,False,,360,0,0
4722,5_planet,False,,360,0,0
4722,7_planet,False,,360,0,0
4723,4_planet,False,,360,0,0
4723,5_planet,False,,360,0,0
4723,7_planet,False,,360,0,0
4724,4_planet,False,,360,0,0
4724,5_planet,False,,360,0,0
4724,7_planet,False,,360,0,0
4725,4_planet,False,,360,0,0
4725,5_planet,False,,360,0,0
4725,7_planet,False,,360,0,0
4726,4_planet,False,,360,0,0
4726,5_planet,False,,360,0,0
4726,7_planet,False,,360,0,0
4727,4_planet,False,,360,0,0
4727,5_planet,False,,360,0,0
4727,7_planet,False,,360,0,0
4728,4_planet,False,,360,0,0
4728,5_planet,False,,360,0,0
4728,7_planet,False,,360,0,0
4729,4_planet,False,,360,0,0
4729,5_planet,False,,360,0,0
4729,7_planet,False,,360,0,0
4730,4_planet,False,,360,0,0
4730,5_planet,False,,360,0,0
4730,7_planet,False,,360,0,0
4731,4_planet,False,,360,0,0
4731,5_planet,False,,360,0,0
4731,7_planet,False,,360,0,0
4732,4_planet,False,,360,0,0
4732,5_planet,False,,360,0,0
4732,7_planet,False,,360,0,0
4733,4_planet,False,,360,0,0
4733,5_planet,False,,360,0,0
4733,7_planet,False,,360,0,0
4734,4_planet,False,,360,0,0
4734,5_planet,False,,360,0,0
4734,7_planet,False,,360,0,0
4735,4_planet,False,,360,0,0
4735,5_planet,False,,360,0,0
4735,7_planet,False,,360,0,0
4736,4_planet,False,,360,0,0
4736,5_planet,False,,360,0,0
4736,7_planet,False,,360,0,0
4737,4_planet,False,,360,0,0
4737,5_planet,False,,360,0,0
4737,7_planet,False,,360,0,0
4738,4_planet,False,,360,0,0
4738,5_planet,False,,360,0,0
4738,7_planet,False,,360,0,0
4739,4_planet,False,,360,0,0
4739,5_planet,False,,360,0,0
4739,7_planet,False,,360,0,0
4740,4_planet,False,,360,0,0
4740,5_planet,False,,360,0,0
4740,7_planet,False,,360,0,0
4741,4_planet,False,,360,0,0
4741,5_planet,False,,360,0,0
4741,7_planet,False,,360,0,0
4742,4_planet,False,,360,0,0
4742,5_planet,False,,360,0,0
4742,7_planet,False,,360,0,0
4743,4_planet,False,,360,0,0
4743,5_planet,False,,360,0,0
4743,7_planet,False,,360,0,0
4744,4_planet,False,,360,0,0
4744,5_planet,False,,360,0,0
4744,7_planet,False,,360,0,0
4745,4_planet,False,,360,0,0
4745,5_planet,False,,360,0,0
4745,7_planet,False,,360,0,0
4746,4_planet,False,,360,0,0
4746,5_planet,False,,360,0,0
4746,7_planet,False,,360,0,0
4747,4_planet,False,,360,0,0
4747,5_planet,False,,360,0,0
4747,7_planet,False,,360,0,0
4748,4_planet,False,,360,0,0
4748,5_planet,False,,360,0,0
4748,7_planet,False,,360,0,0
4749,4_planet,False,,360,0,0
4749,5_planet,False,,360,0,0
4749,7_planet,False,,360,0,0
4750,4_planet,False,,360,0,0
4750,5_planet,False,,360,0,0
4750,7_planet,False,,360,0,0
4751,4_planet,False,,360,0,0
4751,5_planet,False,,360,0,0
4751,7_planet,False,,360,0,0
4752,4_planet,False,,360,0,0
4752,5_planet,False,,360,0,0
4752,7_planet,False,,360,0,0
4753,4_planet,False,,360,0,0
4753,5_planet,False,,360,0,0
4753,7_planet,False,,360,0,0
4754,4_planet,False,,360,0,0
4754,5_planet,False,,360,0,0
4754,7_planet,False,,360,0,0
4755,4_planet,False,,360,0,0
4755,5_planet,False,,360,0,0
4755,7_planet,False,,360,0,0
4756,4_planet,False,,360,0,0
4756,5_planet,False,,360,0,0
4756,7_planet,False,,360,0,0
4757,4_planet,False,,360,0,0
4757,5_planet,False,,360,0,0
4757,7_planet,False,,360,0,0
4758,4_planet,False,,360,0,0
4758,5_planet,False,,360,0,0
4758,7_planet,False,,360,0,0
4759,4_planet,False,,360,0,0
4759,5_planet,False,,360,0,0
4759,7_planet,False,,360,0,0
4760,4_planet,False,,360,0,0
4760,5_planet,False,,360,0,0
4760,7_planet,False,,360,0,0
4761,4_planet,False,,360,0,0
4761,5_planet,False,,360,0,0
4761,7_planet,False,,360,0,0
4762,4_planet,False,,360,0,0
4762,5_planet,False,,360,0,0
4762,7_planet,False,,360,0,0
4763,4_planet,False,,360,0,0
4763,5_planet,False,,360,0,0
4763,7_planet,False,,360,0,0
4764,4_planet,False,,360,0,0
4764,5_planet,False,,360,0,0
4764,7_planet,False,,360,0,0
4765,4_planet,False,,360,0,0
4765,5_planet,False,,360,0,0
4765,7_planet,False,,360,0,0
4766,4_planet,False,,360,0,0
4766,5_planet,False,,360,0,0
4766,7_planet,False,,360,0,0
4767,4_planet,False,,360,0,0
4767,5_planet,False,,360,0,0
4767,7_planet,False,,360,0,0
4768,4_planet,False,,360,0,0
4768,5_planet,False,,360,0,0
4768,7_planet,False,,360,0,0
4769,4_planet,False,,360,0,0
4769,5_planet,False,,360,0,0
4769,7_planet,False,,360,0,0
4770,4_planet,False,,360,0,0
4770,5_planet,False,,360,0,0
4770,7_planet,False,,360,0,0
4771,4_planet,False,,360,0,0
4771,5_planet,False,,360,0,0
4771,7_planet,False,,360,0,0
4772,4_planet,False,,360,0,0
4772,5_planet,False,,360,0,0
4772,7_planet,False,,360,0,0
4773,4_planet,False,,360,0,0
4773,5_planet,False,,360,0,0
4773,7_planet,False,,360,0,0
4774,4_planet,False,,360,0,0
4774,5_planet,False,,360,0,0
4774,7_planet,False,,360,0,0
4775,4_planet,False,,360,0,0
4775,5_planet,False,,360,0,0
4775,7_planet,False,,360,0,0
4776,4_planet,False,,360,0,0
4776,5_planet,False,,360,0,0
4776,7_planet,False,,360,0,0
4777,4_planet,False,,360,0,0
4777,5_planet,False,,360,0,0
4777,7_planet,False,,360,0,0
4778,4_planet,False,,360,0,0
4778,5_planet,False,,360,0,0
4778,7_planet,False,,360,0,0
4779,4_planet,False,,360,0,0
4779,5_planet,False,,360,0,0
4779,7_planet,False,,360,0,0
4780,4_planet,False,,360,0,0
4780,5_planet,False,,360,0,0
4780,7_planet,False,,360,0,0
4781,4_planet,False,,360,0,0
4781,5_planet,False,,360,0,0
4781,7_planet,False,,360,0,0
4782,4_planet,False,,360,0,0
4782,5_planet,False,,360,0,0
4782,7_planet,False,,360,0,0
4783,4_planet,False,,360,0,0
4783,5_planet,False,,360,0,0
4783,7_planet,False,,360,0,0
4784,4_planet,False,,360,0,0
4784,5_planet,False,,360,0,0
4784,7_planet,False,,360,0,0
4785,4_planet,False,,360,0,0
4785,5_planet,False,,360,0,0
4785,7_planet,False,,360,0,0
4786,4_planet,False,,360,0,0
4786,5_planet,False,,360,0,0
4786,7_planet,False,,360,0,0
4787,4_planet,False,,360,0,0
4787,5_planet,False,,360,0,0
4787,7_planet,False,,360,0,0
4788,4_planet,False,,360,0,0
4788,5_planet,False,,360,0,0
4788,7_planet,False,,360,0,0
4789,4_planet,False,,360,0,0
4789,5_planet,False,,360,0,0
4789,7_planet,False,,360,0,0
4790,4_planet,False,,360,0,0
4790,5_planet,False,,360,0,0
4790,7_planet,False,,360,0,0
4791,4_planet,False,,360,0,0
4791,5_planet,False,,360,0,0
4791,7_planet,False,,360,0,0
4792,4_planet,False,,360,0,0
4792,5_planet,False,,360,0,0
4792,7_planet,False,,360,0,0
4793,4_planet,False,,360,0,0
4793,5_planet,False,,360,0,0
4793,7_planet,False,,360,0,0
4794,4_planet,False,,360,0,0
4794,5_planet,False,,360,0,0
4794,7_planet,False,,360,0,0
4795,4_planet,False,,360,0,0
4795,5_planet,False,,360,0,0
4795,7_planet,False,,360,0,0
4796,4_planet,False,,360,0,0
4796,5_planet,False,,360,0,0
4796,7_planet,False,,360,0,0
4797,4_planet,False,,360,0,0
4797,5_planet,False,,360,0,0
4797,7_planet,False,,360,0,0
4798,4_planet,False,,360,0,0
4798,5_planet,False,,360,0,0
4798,7_planet,False,,360,0,0
4799,4_planet,False,,360,0,0
4799,5_planet,False,,360,0,0
4799,7_planet,False,,360,0,0
4800,4_planet,False,,360,0,0
4800,5_planet,False,,360,0,0
4800,7_planet,False,,360,0,0
4801,4_planet,False,,360,0,0
4801,5_planet,False,,360,0,0
4801,7_planet,False,,360,0,0
4802,4_planet,False,,360,0,0
4802,5_planet,False,,360,0,0
4802,7_planet,False,,360,0,0
4803,4_planet,False,,360,0,0
4803,5_planet,False,,360,0,0
4803,7_planet,False,,360,0,0
4804,4_planet,False,,360,0,0
4804,5_planet,False,,360,0,0
4804,7_planet,False,,360,0,0
4805,4_planet,False,,360,0,0
4805,5_planet,False,,360,0,0
4805,7_planet,False,,360,0,0
4806,4_planet,False,,360,0,0
4806,5_planet,False,,360,0,0
4806,7_planet,False,,360,0,0
4807,4_planet,False,,360,0,0
4807,5_planet,False,,360,0,0
4807,7_planet,False,,360,0,0
4808,4_planet,False,,360,0,0
4808,5_planet,False,,360,0,0
4808,7_planet,False,,360,0,0
4809,4_planet,False,,360,0,0
4809,5_planet,False,,360,0,0
4809,7_planet,False,,360,0,0
4810,4_planet,False,,360,0,0
4810,5_planet,False,,360,0,0
4810,7_planet,False,,360,0,0
4811,4_planet,False,,360,0,0
4811,5_planet,False,,360,0,0
4811,7_planet,False,,360,0,0
4812,4_planet,False,,360,0,0
4812,5_planet,False,,360,0,0
4812,7_planet,False,,360,0,0
4813,4_planet,False,,360,0,0
4813,5_planet,False,,360,0,0
4813,7_planet,False,,360,0,0
4814,4_planet,False,,360,0,0
4814,5_planet,False,,360,0,0
4814,7_planet,False,,360,0,0
4815,4_planet,False,,360,0,0
4815,5_planet,False,,360,0,0
4815,7_planet,False,,360,0,0
4816,4_planet,False,,360,0,0
4816,5_planet,False,,360,0,0
4816,7_planet,False,,360,0,0
4817,4_planet,False,,360,0,0
4817,5_planet,False,,360,0,0
4817,7_planet,False,,360,0,0
4818,4_planet,False,,360,0,0
4818,5_planet,False,,360,0,0
4818,7_planet,False,,360,0,0
4819,4_planet,False,,360,0,0
4819,5_planet,False,,360,0,0
4819,7_planet,False,,360,0,0
4820,4_planet,False,,360,0,0
4820,5_planet,False,,360,0,0
4820,7_planet,False,,360,0,0
4821,4_planet,False,,360,0,0
4821,5_planet,False,,360,0,0
4821,7_planet,False,,360,0,0
4822,4_planet,False,,360,0,0
4822,5_planet,False,,360,0,0
4822,7_planet,False,,360,0,0
4823,4_planet,False,,360,0,0
4823,5_planet,False,,360,0,0
4823,7_planet,False,,360,0,0
4824,4_planet,False,,360,0,0
4824,5_planet,False,,360,0,0
4824,7_planet,False,,360,0,0
4825,4_planet,False,,360,0,0
4825,5_planet,False,,360,0,0
4825,7_planet,False,,360,0,0
4826,4_planet,False,,360,0,0
4826,5_planet,False,,360,0,0
4826,7_planet,False,,360,0,0
4827,4_planet,False,,360,0,0
4827,5_planet,False,,360,0,0
4827,7_planet,False,,360,0,0
4828,4_planet,False,,360,0,0
4828,5_planet,False,,360,0,0
4828,7_planet,False,,360,0,0
4829,4_planet,False,,360,0,0
4829,5_planet,False,,360,0,0
4829,7_planet,False,,360,0,0
4830,4_planet,False,,360,0,0
4830,5_planet,False,,360,0,0
4830,7_planet,False,,360,0,0
4831,4_planet,False,,360,0,0
4831,5_planet,False,,360,0,0
4831,7_planet,False,,360,0,0
4832,4_planet,False,,360,0,0
4832,5_planet,False,,360,0,0
4832,7_planet,False,,360,0,0
4833,4_planet,False,,360,0,0
4833,5_planet,False,,360,0,0
4833,7_planet,False,,360,0,0
4834,4_planet,False,,360,0,0
4834,5_planet,False,,360,0,0
4834,7_planet,False,,360,0,0
4835,4_planet,False,,360,0,0
4835,5_planet,False,,360,0,0
4835,7_planet,False,,360,0,0
4836,4_planet,False,,360,0,0
4836,5_planet,False,,360,0,0
4836,7_planet,False,,360,0,0
4837,4_planet,False,,360,0,0
4837,5_planet,False,,360,0,0
4837,7_planet,False,,360,0,0
4838,4_planet,False,,360,0,0
4838,5_planet,False,,360,0,0
4838,7_planet,False,,360,0,0
4839,4_planet,False,,360,0,0
4839,5_planet,False,,360,0,0
4839,7_planet,False,,360,0,0
4840,4_planet,False,,360,0,0
4840,5_planet,False,,360,0,0
4840,7_planet,False,,360,0,0
4841,4_planet,False,,360,0,0
4841,5_planet,False,,360,0,0
4841,7_planet,False,,360,0,0
4842,4_planet,False,,360,0,0
4842,5_planet,False,,360,0,0
4842,7_planet,False,,360,0,0
4843,4_planet,False,,360,0,0
4843,5_planet,False,,360,0,0
4843,7_planet,False,,360,0,0
4844,4_planet,False,,360,0,0
4844,5_planet,False,,360,0,0
4844,7_planet,False,,360,0,0
4845,4_planet,False,,360,0,0
4845,5_planet,False,,360,0,0
4845,7_planet,False,,360,0,0
4846,4_planet,False,,360,0,0
4846,5_planet,False,,360,0,0
4846,7_planet,False,,360,0,0
4847,4_planet,False,,360,0,0
4847,5_planet,False,,360,0,0
4847,7_planet,False,,360,0,0
4848,4_planet,False,,360,0,0
4848,5_planet,False,,360,0,0
4848,7_planet,False,,360,0,0
4849,4_planet,False,,360,0,0
4849,5_planet,False,,360,0,0
4849,7_planet,False,,360,0,0
4850,4_planet,False,,360,0,0
4850,5_planet,False,,360,0,0
4850,7_planet,False,,360,0,0
4851,4_planet,False,,360,0,0
4851,5_planet,False,,360,0,0
4851,7_planet,False,,360,0,0
4852,4_planet,False,,360,0,0
4852,5_planet,False,,360,0,0
4852,7_planet,False,,360,0,0
4853,4_planet,False,,360,0,0
4853,5_planet,False,,360,0,0
4853,7_planet,False,,360,0,0
4854,4_planet,False,,360,0,0
4854,5_planet,False,,360,0,0
4854,7_planet,False,,360,0,0
4855,4_planet,False,,360,0,0
4855,5_planet,False,,360,0,0
4855,7_planet,False,,360,0,0
4856,4_planet,False,,360,0,0
4856,5_planet,False,,360,0,0
4856,7_planet,False,,360,0,0
4857,4_planet,False,,360,0,0
4857,5_planet,False,,360,0,0
4857,7_planet,False,,360,0,0
4858,4_planet,False,,360,0,0
4858,5_planet,False,,360,0,0
4858,7_planet,False,,360,0,0
4859,4_planet,False,,360,0,0
4859,5_planet,False,,360,0,0
4859,7_planet,False,,360,0,0
4860,4_planet,False,,360,0,0
4860,5_planet,False,,360,0,0
4860,7_planet,False,,360,0,0
4861,4_planet,False,,360,0,0
4861,5_planet,False,,360,0,0
4861,7_planet,False,,360,0,0
4862,4_planet,False,,360,0,0
4862,5_planet,False,,360,0,0
4862,7_planet,False,,360,0,0
4863,4_planet,False,,360,0,0
4863,5_planet,False,,360,0,0
4863,7_planet,False,,360,0,0
4864,4_planet,False,,360,0,0
4864,5_planet,False,,360,0,0
4864,7_planet,False,,360,0,0
4865,4_planet,False,,360,0,0
4865,5_planet,False,,360,0,0
4865,7_planet,False,,360,0,0
4866,4_planet,False,,360,0,0
4866,5_planet,False,,360,0,0
4866,7_planet,False,,360,0,0
4867,4_planet,False,,360,0,0
4867,5_planet,False,,360,0,0
4867,7_planet,False,,360,0,0
4868,4_planet,False,,360,0,0
4868,5_planet,False,,360,0,0
4868,7_planet,False,,360,0,0
4869,4_planet,False,,360,0,0
4869,5_planet,False,,360,0,0
4869,7_planet,False,,360,0,0
4870,4_planet,False,,360,0,0
4870,5_planet,False,,360,0,0
4870,7_planet,False,,360,0,0
4871,4_planet,False,,360,0,0
4871,5_planet,False,,360,0,0
4871,7_planet,False,,360,0,0
4872,4_planet,False,,360,0,0
4872,5_planet,False,,360,0,0
4872,7_planet,False,,360,0,0
4873,4_planet,False,,360,0,0
4873,5_planet,False,,360,0,0
4873,7_planet,False,,360,0,0
4874,4_planet,False,,360,0,0
4874,5_planet,False,,360,0,0
4874,7_planet,False,,360,0,0
4875,4_planet,False,,360,0,0
4875,5_planet,False,,360,0,0
4875,7_planet,False,,360,0,0
4876,4_planet,False,,360,0,0
4876,5_planet,False,,360,0,0
4876,7_planet,False,,360,0,0
4877,4_planet,False,,360,0,0
4877,5_planet,False,,360,0,0
4877,7_planet,False,,360,0,0
4878,4_planet,False,,360,0,0
4878,5_planet,False,,360,0,0
4878,7_planet,False,,360,0,0
4879,4_planet,False,,360,0,0
4879,5_planet,False,,360,0,0
4879,7_planet,False,,360,0,0
4880,4_planet,False,,360,0,0
4880,5_planet,False,,360,0,0
4880,7_planet,False,,360,0,0
4881,4_planet,False,,360,0,0
4881,5_planet,False,,360,0,0
4881,7_planet,False,,360,0,0
4882,4_planet,False,,360,0,0
4882,5_planet,False,,360,0,0
4882,7_planet,False,,360,0,0
4883,4_planet,False,,360,0,0
4883,5_planet,False,,360,0,0
4883,7_planet,False,,360,0,0
4884,4_planet,False,,360,0,0
4884,5_planet,False,,360,0,0
4884,7_planet,False,,360,0,0
4885,4_planet,False,,360,0,0
4885,5_planet,False,,360,0,0
4885,7_planet,False,,360,0,0
4886,4_planet,False,,360,0,0
4886,5_planet,False,,360,0,0
4886,7_planet,False,,360,0,0
4887,4_planet,False,,360,0,0
4887,5_planet,False,,360,0,0
4887,7_planet,False,,360,0,0
4888,4_planet,False,,360,0,0
4888,5_planet,False,,360,0,0
4888,7_planet,False,,360,0,0
4889,4_planet,False,,360,0,0
4889,5_planet,False,,360,0,0
4889,7_planet,False,,360,0,0
4890,4_planet,False,,360,0,0
4890,5_planet,False,,360,0,0
4890,7_planet,False,,360,0,0
4891,4_planet,False,,360,0,0
4891,5_planet,False,,360,0,0
4891,7_planet,False,,360,0,0
4892,4_planet,False,,360,0,0
4892,5_planet,False,,360,0,0
4892,7_planet,False,,360,0,0
4893,4_planet,False,,360,0,0
4893,5_planet,False,,360,0,0
4893,7_planet,False,,360,0,0
4894,4_planet,False,,360,0,0
4894,5_planet,False,,360,0,0
4894,7_planet,False,,360,0,0
4895,4_planet,False,,360,0,0
4895,5_planet,False,,360,0,0
4895,7_planet,False,,360,0,0
4896,4_planet,False,,360,0,0
4896,5_planet,False,,360,0,0
4896,7_planet,False,,360,0,0
4897,4_planet,False,,360,0,0
4897,5_planet,False,,360,0,0
4897,7_planet,False,,360,0,0
4898,4_planet,False,,360,0,0
4898,5_planet,False,,360,0,0
4898,7_planet,False,,360,0,0
4899,4_planet,False,,360,0,0
4899,5_planet,False,,360,0,0
4899,7_planet,False,,360,0,0
4900,4_planet,False,,360,0,0
4900,5_planet,False,,360,0,0
4900,7_planet,False,,360,0,0
4901,4_planet,False,,360,0,0
4901,5_planet,False,,360,0,0
4901,7_planet,False,,360,0,0
4902,4_planet,False,,360,0,0
4902,5_planet,False,,360,0,0
4902,7_planet,False,,360,0,0
4903,4_planet,False,,360,0,0
4903,5_planet,False,,360,0,0
4903,7_planet,False,,360,0,0
4904,4_planet,False,,360,0,0
4904,5_planet,False,,360,0,0
4904,7_planet,False,,360,0,0
4905,4_planet,False,,360,0,0
4905,5_planet,False,,360,0,0
4905,7_planet,False,,360,0,0
4906,4_planet,False,,360,0,0
4906,5_planet,False,,360,0,0
4906,7_planet,False,,360,0,0
4907,4_planet,False,,360,0,0
4907,5_planet,False,,360,0,0
4907,7_planet,False,,360,0,0
4908,4_planet,False,,360,0,0
4908,5_planet,False,,360,0,0
4908,7_planet,False,,360,0,0
4909,4_planet,False,,360,0,0
4909,5_planet,False,,360,0,0
4909,7_planet,False,,360,0,0
4910,4_planet,False,,360,0,0
4910,5_planet,False,,360,0,0
4910,7_planet,False,,360,0,0
4911,4_planet,False,,360,0,0
4911,5_planet,False,,360,0,0
4911,7_planet,False,,360,0,0
4912,4_planet,False,,360,0,0
4912,5_planet,False,,360,0,0
4912,7_planet,False,,360,0,0
4913,4_planet,False,,360,0,0
4913,5_planet,False,,360,0,0
4913,7_planet,False,,360,0,0
4914,4_planet,False,,360,0,0
4914,5_planet,False,,360,0,0
4914,7_planet,False,,360,0,0
4915,4_planet,False,,360,0,0
4915,5_planet,False,,360,0,0
4915,7_planet,False,,360,0,0
4916,4_planet,False,,360,0,0
4916,5_planet,False,,360,0,0
4916,7_planet,False,,360,0,0
4917,4_planet,False,,360,0,0
4917,5_planet,False,,360,0,0
4917,7_planet,False,,360,0,0
4918,4_planet,False,,360,0,0
4918,5_planet,False,,360,0,0
4918,7_planet,False,,360,0,0
4919,4_planet,False,,360,0,0
4919,5_planet,False,,360,0,0
4919,7_planet,False,,360,0,0
4920,4_planet,False,,360,0,0
4920,5_planet,False,,360,0,0
4920,7_planet,False,,360,0,0
4921,4_planet,False,,360,0,0
4921,5_planet,False,,360,0,0
4921,7_planet,False,,360,0,0
4922,4_planet,False,,360,0,0
4922,5_planet,False,,360,0,0
4922,7_planet,False,,360,0,0
4923,4_planet,False,,360,0,0
4923,5_planet,False,,360,0,0
4923,7_planet,False,,360,0,0
4924,4_planet,False,,360,0,0
4924,5_planet,False,,360,0,0
4924,7_planet,False,,360,0,0
4925,4_planet,False,,360,0,0
4925,5_planet,False,,360,0,0
4925,7_planet,False,,360,0,0
4926,4_planet,False,,360,0,0
4926,5_planet,False,,360,0,0
4926,7_planet,False,,360,0,0
4927,4_planet,False,,360,0,0
4927,5_planet,False,,360,0,0
4927,7_planet,False,,360,0,0
4928,4_planet,False,,360,0,0
4928,5_planet,False,,360,0,0
4928,7_planet,False,,360,0,0
4929,4_planet,False,,360,0,0
4929,5_planet,False,,360,0,0
4929,7_planet,False,,360,0,0
4930,4_planet,False,,360,0,0
4930,5_planet,False,,360,0,0
4930,7_planet,False,,360,0,0
4931,4_planet,False,,360,0,0
4931,5_planet,False,,360,0,0
4931,7_planet,False,,360,0,0
4932,4_planet,False,,360,0,0
4932,5_planet,False,,360,0,0
4932,7_planet,False,,360,0,0
4933,4_planet,False,,360,0,0
4933,5_planet,False,,360,0,0
4933,7_planet,False,,360,0,0
4934,4_planet,False,,360,0,0
4934,5_planet,False,,360,0,0
4934,7_planet,False,,360,0,0
4935,4_planet,False,,360,0,0
4935,5_planet,False,,360,0,0
4935,7_planet,False,,360,0,0
4936,4_planet,False,,360,0,0
4936,5_planet,False,,360,0,0
4936,7_planet,False,,360,0,0
4937,4_planet,False,,360,0,0
4937,5_planet,False,,360,0,0
4937,7_planet,False,,360,0,0
4938,4_planet,False,,360,0,0
4938,5_planet,False,,360,0,0
4938,7_planet,False,,360,0,0
4939,4_planet,False,,360,0,0
4939,5_planet,False,,360,0,0
4939,7_planet,False,,360,0,0
4940,4_planet,False,,360,0,0
4940,5_planet,False,,360,0,0
4940,7_planet,False,,360,0,0
4941,4_planet,False,,360,0,0
4941,5_planet,False,,360,0,0
4941,7_planet,False,,360,0,0
4942,4_planet,False,,360,0,0
4942,5_planet,False,,360,0,0
4942,7_planet,False,,360,0,0
4943,4_planet,False,,360,0,0
4943,5_planet,False,,360,0,0
4943,7_planet,False,,360,0,0
4944,4_planet,False,,360,0,0
4944,5_planet,False,,360,0,0
4944,7_planet,False,,360,0,0
4945,4_planet,False,,360,0,0
4945,5_planet,False,,360,0,0
4945,7_planet,False,,360,0,0
4946,4_planet,False,,360,0,0
4946,5_planet,False,,360,0,0
4946,7_planet,False,,360,0,0
4947,4_planet,False,,360,0,0
4947,5_planet,False,,360,0,0
4947,7_planet,False,,360,0,0
4948,4_planet,False,,360,0,0
4948,5_planet,False,,360,0,0
4948,7_planet,False,,360,0,0
4949,4_planet,False,,360,0,0
4949,5_planet,False,,360,0,0
4949,7_planet,False,,360,0,0
4950,4_planet,False,,360,0,0
4950,5_planet,False,,360,0,0
4950,7_planet,False,,360,0,0
4951,4_planet,False,,360,0,0
4951,5_planet,False,,360,0,0
4951,7_planet,False,,360,0,0
4952,4_planet,False,,360,0,0
4952,5_planet,False,,360,0,0
4952,7_planet,False,,360,0,0
4953,4_planet,False,,360,0,0
4953,5_planet,False,,360,0,0
4953,7_planet,False,,360,0,0
4954,4_planet,False,,360,0,0
4954,5_planet,False,,360,0,0
4954,7_planet,False,,360,0,0
4955,4_planet,False,,360,0,0
4955,5_planet,False,,360,0,0
4955,7_planet,False,,360,0,0
4956,4_planet,False,,360,0,0
4956,5_planet,False,,360,0,0
4956,7_planet,False,,360,0,0
4957,4_planet,False,,360,0,0
4957,5_planet,False,,360,0,0
4957,7_planet,False,,360,0,0
4958,4_planet,False,,360,0,0
4958,5_planet,False,,360,0,0
4958,7_planet,False,,360,0,0
4959,4_planet,False,,360,0,0
4959,5_planet,False,,360,0,0
4959,7_planet,False,,360,0,0
4960,4_planet,False,,360,0,0
4960,5_planet,False,,360,0,0
4960,7_planet,False,,360,0,0
4961,4_planet,False,,360,0,0
4961,5_planet,False,,360,0,0
4961,7_planet,False,,360,0,0
4962,4_planet,False,,360,0,0
4962,5_planet,False,,360,0,0
4962,7_planet,False,,360,0,0
4963,4_planet,False,,360,0,0
4963,5_planet,False,,360,0,0
4963,7_planet,False,,360,0,0
4964,4_planet,False,,360,0,0
4964,5_planet,False,,360,0,0
4964,7_planet,False,,360,0,0
4965,4_planet,False,,360,0,0
4965,5_planet,False,,360,0,0
4965,7_planet,False,,360,0,0
4966,4_planet,False,,360,0,0
4966,5_planet,False,,360,0,0
4966,7_planet,False,,360,0,0
4967,4_planet,False,,360,0,0
4967,5_planet,False,,360,0,0
4967,7_planet,False,,360,0,0
4968,4_planet,False,,360,0,0
4968,5_planet,False,,360,0,0
4968,7_planet,False,,360,0,0
4969,4_planet,False,,360,0,0
4969,5_planet,False,,360,0,0
4969,7_planet,False,,360,0,0
4970,4_planet,False,,360,0,0
4970,5_planet,False,,360,0,0
4970,7_planet,False,,360,0,0
4971,4_planet,False,,360,0,0
4971,5_planet,False,,360,0,0
4971,7_planet,False,,360,0,0
4972,4_planet,False,,360,0,0
4972,5_planet,False,,360,0,0
4972,7_planet,False,,360,0,0
4973,4_planet,False,,360,0,0
4973,5_planet,False,,360,0,0
4973,7_planet,False,,360,0,0
4974,4_planet,False,,360,0,0
4974,5_planet,False,,360,0,0
4974,7_planet,False,,360,0,0
4975,4_planet,False,,360,0,0
4975,5_planet,False,,360,0,0
4975,7_planet,False,,360,0,0
4976,4_planet,False,,360,0,0
4976,5_planet,False,,360,0,0
4976,7_planet,False,,360,0,0
4977,4_planet,False,,360,0,0
4977,5_planet,False,,360,0,0
4977,7_planet,False,,360,0,0
4978,4_planet,False,,360,0,0
4978,5_planet,False,,360,0,0
4978,7_planet,False,,360,0,0
4979,4_planet,False,,360,0,0
4979,5_planet,False,,360,0,0
4979,7_planet,False,,360,0,0
4980,4_planet,False,,360,0,0
4980,5_planet,False,,360,0,0
4980,7_planet,False,,360,0,0
4981,4_planet,False,,360,0,0
4981,5_planet,False,,360,0,0
4981,7_planet,False,,360,0,0
4982,4_planet,False,,360,0,0
4982,5_planet,False,,360,0,0
4982,7_planet,False,,360,0,0
4983,4_planet,False,,360,0,0
4983,5_planet,False,,360,0,0
4983,7_planet,False,,360,0,0
4984,4_planet,False,,360,0,0
4984,5_planet,False,,360,0,0
4984,7_planet,False,,360,0,0
4985,4_planet,False,,360,0,0
4985,5_planet,False,,360,0,0
4985,7_planet,False,,360,0,0
4986,4_planet,False,,360,0,0
4986,5_planet,False,,360,0,0
4986,7_planet,False,,360,0,0
4987,4_planet,False,,360,0,0
4987,5_planet,False,,360,0,0
4987,7_planet,False,,360,0,0
4988,4_planet,False,,360,0,0
4988,5_planet,False,,360,0,0
4988,7_planet,False,,360,0,0
4989,4_planet,False,,360,0,0
4989,5_planet,False,,360,0,0
4989,7_planet,False,,360,0,0
4990,4_planet,False,,360,0,0
4990,5_planet,False,,360,0,0
4990,7_planet,False,,360,0,0
4991,4_planet,False,,360,0,0
4991,5_planet,False,,360,0,0
4991,7_planet,False,,360,0,0
4992,4_planet,False,,360,0,0
4992,5_planet,False,,360,0,0
4992,7_planet,False,,360,0,0
4993,4_planet,False,,360,0,0
4993,5_planet,False,,360,0,0
4993,7_planet,False,,360,0,0
4994,4_planet,False,,360,0,0
4994,5_planet,False,,360,0,0
4994,7_planet,False,,360,0,0
4995,4_planet,False,,360,0,0
4995,5_planet,False,,360,0,0
4995,7_planet,False,,360,0,0
4996,4_planet,False,,360,0,0
4996,5_planet,False,,360,0,0
4996,7_planet,False,,360,0,0
4997,4_planet,False,,360,0,0
4997,5_planet,False,,360,0,0
4997,7_planet,False,,360,0,0
4998,4_planet,False,,360,0,0
4998,5_planet,False,,360,0,0
4998,7_planet,False,,360,0,0
4999,4_planet,False,,360,0,0
4999,5_planet,False,,360,0,0
4999,7_planet,False,,360,0,0
5000,4_planet,False,,360,0,0
5000,5_planet,False,,360,0,0
5000,7_planet,False,,360,0,0
5001,4_planet,False,,360,0,0
5001,5_planet,False,,360,0,0
5001,7_planet,False,,360,0,0
5002,4_planet,False,,360,0,0
5002,5_planet,False,,360,0,0
5002,7_planet,False,,360,0,0
5003,4_planet,False,,360,0,0
5003,5_planet,False,,360,0,0
5003,7_planet,False,,360,0,0
5004,4_planet,False,,360,0,0
5004,5_planet,False,,360,0,0
5004,7_planet,False,,360,0,0
5005,4_planet,False,,360,0,0
5005,5_planet,False,,360,0,0
5005,7_planet,False,,360,0,0
5006,4_planet,False,,360,0,0
5006,5_planet,False,,360,0,0
5006,7_planet,False,,360,0,0
5007,4_planet,False,,360,0,0
5007,5_planet,False,,360,0,0
5007,7_planet,False,,360,0,0
5008,4_planet,False,,360,0,0
5008,5_planet,False,,360,0,0
5008,7_planet,False,,360,0,0
5009,4_planet,False,,360,0,0
5009,5_planet,False,,360,0,0
5009,7_planet,False,,360,0,0
5010,4_planet,False,,360,0,0
5010,5_planet,False,,360,0,0
5010,7_planet,False,,360,0,0
5011,4_planet,False,,360,0,0
5011,5_planet,False,,360,0,0
5011,7_planet,False,,360,0,0
5012,4_planet,False,,360,0,0
5012,5_planet,False,,360,0,0
5012,7_planet,False,,360,0,0
5013,4_planet,False,,360,0,0
5013,5_planet,False,,360,0,0
5013,7_planet,False,,360,0,0
5014,4_planet,False,,360,0,0
5014,5_planet,False,,360,0,0
5014,7_planet,False,,360,0,0
5015,4_planet,False,,360,0,0
5015,5_planet,False,,360,0,0
5015,7_planet,False,,360,0,0
5016,4_planet,False,,360,0,0
5016,5_planet,False,,360,0,0
5016,7_planet,False,,360,0,0
5017,4_planet,False,,360,0,0
5017,5_planet,False,,360,0,0
5017,7_planet,False,,360,0,0
5018,4_planet,False,,360,0,0
5018,5_planet,False,,360,0,0
5018,7_planet,False,,360,0,0
5019,4_planet,False,,360,0,0
5019,5_planet,False,,360,0,0
5019,7_planet,False,,360,0,0
5020,4_planet,False,,360,0,0
5020,5_planet,False,,360,0,0
5020,7_planet,False,,360,0,0
5021,4_planet,False,,360,0,0
5021,5_planet,False,,360,0,0
5021,7_planet,False,,360,0,0
5022,4_planet,False,,360,0,0
5022,5_planet,False,,360,0,0
5022,7_planet,False,,360,0,0
5023,4_planet,False,,360,0,0
5023,5_planet,False,,360,0,0
5023,7_planet,False,,360,0,0
5024,4_planet,False,,360,0,0
5024,5_planet,False,,360,0,0
5024,7_planet,False,,360,0,0
5025,4_planet,False,,360,0,0
5025,5_planet,False,,360,0,0
5025,7_planet,False,,360,0,0
5026,4_planet,False,,360,0,0
5026,5_planet,False,,360,0,0
5026,7_planet,False,,360,0,0
5027,4_planet,False,,360,0,0
5027,5_planet,False,,360,0,0
5027,7_planet,False,,360,0,0
5028,4_planet,False,,360,0,0
5028,5_planet,False,,360,0,0
5028,7_planet,False,,360,0,0
5029,4_planet,False,,360,0,0
5029,5_planet,False,,360,0,0
5029,7_planet,False,,360,0,0
5030,4_planet,False,,360,0,0
5030,5_planet,False,,360,0,0
5030,7_planet,False,,360,0,0
5031,4_planet,False,,360,0,0
5031,5_planet,False,,360,0,0
5031,7_planet,False,,360,0,0
5032,4_planet,False,,360,0,0
5032,5_planet,False,,360,0,0
5032,7_planet,False,,360,0,0
5033,4_planet,False,,360,0,0
5033,5_planet,False,,360,0,0
5033,7_planet,False,,360,0,0
5034,4_planet,False,,360,0,0
5034,5_planet,False,,360,0,0
5034,7_planet,False,,360,0,0
5035,4_planet,False,,360,0,0
5035,5_planet,False,,360,0,0
5035,7_planet,False,,360,0,0
5036,4_planet,False,,360,0,0
5036,5_planet,False,,360,0,0
5036,7_planet,False,,360,0,0
5037,4_planet,False,,360,0,0
5037,5_planet,False,,360,0,0
5037,7_planet,False,,360,0,0
5038,4_planet,False,,360,0,0
5038,5_planet,False,,360,0,0
5038,7_planet,False,,360,0,0
5039,4_planet,False,,360,0,0
5039,5_planet,False,,360,0,0
5039,7_planet,False,,360,0,0
5040,4_planet,False,,360,0,0
5040,5_planet,False,,360,0,0
5040,7_planet,False,,360,0,0
5041,4_planet,False,,360,0,0
5041,5_planet,False,,360,0,0
5041,7_planet,False,,360,0,0
5042,4_planet,False,,360,0,0
5042,5_planet,False,,360,0,0
5042,7_planet,False,,360,0,0
5043,4_planet,False,,360,0,0
5043,5_planet,False,,360,0,0
5043,7_planet,False,,360,0,0
5044,4_planet,False,,360,0,0
5044,5_planet,False,,360,0,0
5044,7_planet,False,,360,0,0
5045,4_planet,False,,360,0,0
5045,5_planet,False,,360,0,0
5045,7_planet,False,,360,0,0
5046,4_planet,False,,360,0,0
5046,5_planet,False,,360,0,0
5046,7_planet,False,,360,0,0
5047,4_planet,False,,360,0,0
5047,5_planet,False,,360,0,0
5047,7_planet,False,,360,0,0
5048,4_planet,False,,360,0,0
5048,5_planet,False,,360,0,0
5048,7_planet,False,,360,0,0
5049,4_planet,False,,360,0,0
5049,5_planet,False,,360,0,0
5049,7_planet,False,,360,0,0
5050,4_planet,False,,360,0,0
5050,5_planet,False,,360,0,0
5050,7_planet,False,,360,0,0
5051,4_planet,False,,360,0,0
5051,5_planet,False,,360,0,0
5051,7_planet,False,,360,0,0
5052,4_planet,False,,360,0,0
5052,5_planet,False,,360,0,0
5052,7_planet,False,,360,0,0
5053,4_planet,False,,360,0,0
5053,5_planet,False,,360,0,0
5053,7_planet,False,,360,0,0
5054,4_planet,False,,360,0,0
5054,5_planet,False,,360,0,0
5054,7_planet,False,,360,0,0
5055,4_planet,False,,360,0,0
5055,5_planet,False,,360,0,0
5055,7_planet,False,,360,0,0
5056,4_planet,False,,360,0,0
5056,5_planet,False,,360,0,0
5056,7_planet,False,,360,0,0
5057,4_planet,False,,360,0,0
5057,5_planet,False,,360,0,0
5057,7_planet,False,,360,0,0
5058,4_planet,False,,360,0,0
5058,5_planet,False,,360,0,0
5058,7_planet,False,,360,0,0
5059,4_planet,False,,360,0,0
5059,5_planet,False,,360,0,0
5059,7_planet,False,,360,0,0
5060,4_planet,False,,360,0,0
5060,5_planet,False,,360,0,0
5060,7_planet,False,,360,0,0
5061,4_planet,False,,360,0,0
5061,5_planet,False,,360,0,0
5061,7_planet,False,,360,0,0
5062,4_planet,False,,360,0,0
5062,5_planet,False,,360,0,0
5062,7_planet,False,,360,0,0
5063,4_planet,False,,360,0,0
5063,5_planet,False,,360,0,0
5063,7_planet,False,,360,0,0
5064,4_planet,False,,360,0,0
5064,5_planet,False,,360,0,0
5064,7_planet,False,,360,0,0
5065,4_planet,False,,360,0,0
5065,5_planet,False,,360,0,0
5065,7_planet,False,,360,0,0
5066,4_planet,False,,360,0,0
5066,5_planet,False,,360,0,0
5066,7_planet,False,,360,0,0
5067,4_planet,False,,360,0,0
5067,5_planet,False,,360,0,0
5067,7_planet,False,,360,0,0
5068,4_planet,False,,360,0,0
5068,5_planet,False,,360,0,0
5068,7_planet,False,,360,0,0
5069,4_planet,False,,360,0,0
5069,5_planet,False,,360,0,0
5069,7_planet,False,,360,0,0
5070,4_planet,False,,360,0,0
5070,5_planet,False,,360,0,0
5070,7_planet,False,,360,0,0
5071,4_planet,False,,360,0,0
5071,5_planet,False,,360,0,0
5071,7_planet,False,,360,0,0
5072,4_planet,False,,360,0,0
5072,5_planet,False,,360,0,0
5072,7_planet,False,,360,0,0
5073,4_planet,False,,360,0,0
5073,5_planet,False,,360,0,0
5073,7_planet,False,,360,0,0
5074,4_planet,False,,360,0,0
5074,5_planet,False,,360,0,0
5074,7_planet,False,,360,0,0
5075,4_planet,False,,360,0,0
5075,5_planet,False,,360,0,0
5075,7_planet,False,,360,0,0
5076,4_planet,False,,360,0,0
5076,5_planet,False,,360,0,0
5076,7_planet,False,,360,0,0
5077,4_planet,False,,360,0,0
5077,5_planet,False,,360,0,0
5077,7_planet,False,,360,0,0
5078,4_planet,False,,360,0,0
5078,5_planet,False,,360,0,0
5078,7_planet,False,,360,0,0
5079,4_planet,False,,360,0,0
5079,5_planet,False,,360,0,0
5079,7_planet,False,,360,0,0
5080,4_planet,False,,360,0,0
5080,5_planet,False,,360,0,0
5080,7_planet,False,,360,0,0
5081,4_planet,False,,360,0,0
5081,5_planet,False,,360,0,0
5081,7_planet,False,,360,0,0
5082,4_planet,False,,360,0,0
5082,5_planet,False,,360,0,0
5082,7_planet,False,,360,0,0
5083,4_planet,False,,360,0,0
5083,5_planet,False,,360,0,0
5083,7_planet,False,,360,0,0
5084,4_planet,False,,360,0,0
5084,5_planet,False,,360,0,0
5084,7_planet,False,,360,0,0
5085,4_planet,False,,360,0,0
5085,5_planet,False,,360,0,0
5085,7_planet,False,,360,0,0
5086,4_planet,False,,360,0,0
5086,5_planet,False,,360,0,0
5086,7_planet,False,,360,0,0
5087,4_planet,False,,360,0,0
5087,5_planet,False,,360,0,0
5087,7_planet,False,,360,0,0
5088,4_planet,False,,360,0,0
5088,5_planet,False,,360,0,0
5088,7_planet,False,,360,0,0
5089,4_planet,False,,360,0,0
5089,5_planet,False,,360,0,0
5089,7_planet,False,,360,0,0
5090,4_planet,False,,360,0,0
5090,5_planet,False,,360,0,0
5090,7_planet,False,,360,0,0
5091,4_planet,False,,360,0,0
5091,5_planet,False,,360,0,0
5091,7_planet,False,,360,0,0
5092,4_planet,False,,360,0,0
5092,5_planet,False,,360,0,0
5092,7_planet,False,,360,0,0
5093,4_planet,False,,360,0,0
5093,5_planet,False,,360,0,0
5093,7_planet,False,,360,0,0
5094,4_planet,False,,360,0,0
5094,5_planet,False,,360,0,0
5094,7_planet,False,,360,0,0
5095,4_planet,False,,360,0,0
5095,5_planet,False,,360,0,0
5095,7_planet,False,,360,0,0
5096,4_planet,False,,360,0,0
5096,5_planet,False,,360,0,0
5096,7_planet,False,,360,0,0
5097,4_planet,False,,360,0,0
5097,5_planet,False,,360,0,0
5097,7_planet,False,,360,0,0
5098,4_planet,False,,360,0,0
5098,5_planet,False,,360,0,0
5098,7_planet,False,,360,0,0
5099,4_planet,False,,360,0,0
5099,5_planet,False,,360,0,0
5099,7_planet,False,,360,0,0
5100,4_planet,False,,360,0,0
5100,5_planet,False,,360,0,0
5100,7_planet,False,,360,0,0
5101,4_planet,False,,360,0,0
5101,5_planet,False,,360,0,0
5101,7_planet,False,,360,0,0
5102,4_planet,False,,360,0,0
5102,5_planet,False,,360,0,0
5102,7_planet,False,,360,0,0
5103,4_planet,False,,360,0,0
5103,5_planet,False,,360,0,0
5103,7_planet,False,,360,0,0
5104,4_planet,False,,360,0,0
5104,5_planet,False,,360,0,0
5104,7_planet,False,,360,0,0
5105,4_planet,False,,360,0,0
5105,5_planet,False,,360,0,0
5105,7_planet,False,,360,0,0
5106,4_planet,False,,360,0,0
5106,5_planet,False,,360,0,0
5106,7_planet,False,,360,0,0
5107,4_planet,False,,360,0,0
5107,5_planet,False,,360,0,0
5107,7_planet,False,,360,0,0
5108,4_planet,False,,360,0,0
5108,5_planet,False,,360,0,0
5108,7_planet,False,,360,0,0
5109,4_planet,False,,360,0,0
5109,5_planet,False,,360,0,0
5109,7_planet,False,,360,0,0
5110,4_planet,False,,360,0,0
5110,5_planet,False,,360,0,0
5110,7_planet,False,,360,0,0
5111,4_planet,False,,360,0,0
5111,5_planet,False,,360,0,0
5111,7_planet,False,,360,0,0
5112,4_planet,False,,360,0,0
5112,5_planet,False,,360,0,0
5112,7_planet,False,,360,0,0
5113,4_planet,False,,360,0,0
5113,5_planet,False,,360,0,0
5113,7_planet,False,,360,0,0
5114,4_planet,False,,360,0,0
5114,5_planet,False,,360,0,0
5114,7_planet,False,,360,0,0
5115,4_planet,False,,360,0,0
5115,5_planet,False,,360,0,0
5115,7_planet,False,,360,0,0
5116,4_planet,False,,360,0,0
5116,5_planet,False,,360,0,0
5116,7_planet,False,,360,0,0
5117,4_planet,False,,360,0,0
5117,5_planet,False,,360,0,0
5117,7_planet,False,,360,0,0
5118,4_planet,False,,360,0,0
5118,5_planet,False,,360,0,0
5118,7_planet,False,,360,0,0
5119,4_planet,False,,360,0,0
5119,5_planet,False,,360,0,0
5119,7_planet,False,,360,0,0
5120,4_planet,False,,360,0,0
5120,5_planet,False,,360,0,0
5120,7_planet,False,,360,0,0
5121,4_planet,False,,360,0,0
5121,5_planet,False,,360,0,0
5121,7_planet,False,,360,0,0
5122,4_planet,False,,360,0,0
5122,5_planet,False,,360,0,0
5122,7_planet,False,,360,0,0
5123,4_planet,False,,360,0,0
5123,5_planet,False,,360,0,0
5123,7_planet,False,,360,0,0
5124,4_planet,False,,360,0,0
5124,5_planet,False,,360,0,0
5124,7_planet,False,,360,0,0
5125,4_planet,False,,360,0,0
5125,5_planet,False,,360,0,0
5125,7_planet,False,,360,0,0
5126,4_planet,False,,360,0,0
5126,5_planet,False,,360,0,0
5126,7_planet,False,,360,0,0
5127,4_planet,False,,360,0,0
5127,5_planet,False,,360,0,0
5127,7_planet,False,,360,0,0
5128,4_planet,False,,360,0,0
5128,5_planet,False,,360,0,0
5128,7_planet,False,,360,0,0
5129,4_planet,False,,360,0,0
5129,5_planet,False,,360,0,0
5129,7_planet,False,,360,0,0
5130,4_planet,False,,360,0,0
5130,5_planet,False,,360,0,0
5130,7_planet,False,,360,0,0
5131,4_planet,False,,360,0,0
5131,5_planet,False,,360,0,0
5131,7_planet,False,,360,0,0
5132,4_planet,False,,360,0,0
5132,5_planet,False,,360,0,0
5132,7_planet,False,,360,0,0
5133,4_planet,False,,360,0,0
5133,5_planet,False,,360,0,0
5133,7_planet,False,,360,0,0
5134,4_planet,False,,360,0,0
5134,5_planet,False,,360,0,0
5134,7_planet,False,,360,0,0
5135,4_planet,False,,360,0,0
5135,5_planet,False,,360,0,0
5135,7_planet,False,,360,0,0
5136,4_planet,False,,360,0,0
5136,5_planet,False,,360,0,0
5136,7_planet,False,,360,0,0
5137,4_planet,False,,360,0,0
5137,5_planet,False,,360,0,0
5137,7_planet,False,,360,0,0
5138,4_planet,False,,360,0,0
5138,5_planet,False,,360,0,0
5138,7_planet,False,,360,0,0
5139,4_planet,False,,360,0,0
5139,5_planet,False,,360,0,0
5139,7_planet,False,,360,0,0
5140,4_planet,False,,360,0,0
5140,5_planet,False,,360,0,0
5140,7_planet,False,,360,0,0
5141,4_planet,False,,360,0,0
5141,5_planet,False,,360,0,0
5141,7_planet,False,,360,0,0
5142,4_planet,False,,360,0,0
5142,5_planet,False,,360,0,0
5142,7_planet,False,,360,0,0
5143,4_planet,False,,360,0,0
5143,5_planet,False,,360,0,0
5143,7_planet,False,,360,0,0
5144,4_planet,False,,360,0,0
5144,5_planet,False,,360,0,0
5144,7_planet,False,,360,0,0
5145,4_planet,False,,360,0,0
5145,5_planet,False,,360,0,0
5145,7_planet,False,,360,0,0
5146,4_planet,False,,360,0,0
5146,5_planet,False,,360,0,0
5146,7_planet,False,,360,0,0
5147,4_planet,False,,360,0,0
5147,5_planet,False,,360,0,0
5147,7_planet,False,,360,0,0
5148,4_planet,False,,360,0,0
5148,5_planet,False,,360,0,0
5148,7_planet,False,,360,0,0
5149,4_planet,False,,360,0,0
5149,5_planet,False,,360,0,0
5149,7_planet,False,,360,0,0
5150,4_planet,False,,360,0,0
5150,5_planet,False,,360,0,0
5150,7_planet,False,,360,0,0
5151,4_planet,False,,360,0,0
5151,5_planet,False,,360,0,0
5151,7_planet,False,,360,0,0
5152,4_planet,False,,360,0,0
5152,5_planet,False,,360,0,0
5152,7_planet,False,,360,0,0
5153,4_planet,False,,360,0,0
5153,5_planet,False,,360,0,0
5153,7_planet,False,,360,0,0
5154,4_planet,False,,360,0,0
5154,5_planet,False,,360,0,0
5154,7_planet,False,,360,0,0
5155,4_planet,False,,360,0,0
5155,5_planet,False,,360,0,0
5155,7_planet,False,,360,0,0
5156,4_planet,False,,360,0,0
5156,5_planet,False,,360,0,0
5156,7_planet,False,,360,0,0
5157,4_planet,False,,360,0,0
5157,5_planet,False,,360,0,0
5157,7_planet,False,,360,0,0
5158,4_planet,False,,360,0,0
5158,5_planet,False,,360,0,0
5158,7_planet,False,,360,0,0
5159,4_planet,False,,360,0,0
5159,5_planet,False,,360,0,0
5159,7_planet,False,,360,0,0
5160,4_planet,False,,360,0,0
5160,5_planet,False,,360,0,0
5160,7_planet,False,,360,0,0
5161,4_planet,False,,360,0,0
5161,5_planet,False,,360,0,0
5161,7_planet,False,,360,0,0
5162,4_planet,False,,360,0,0
5162,5_planet,False,,360,0,0
5162,7_planet,False,,360,0,0
5163,4_planet,False,,360,0,0
5163,5_planet,False,,360,0,0
5163,7_planet,False,,360,0,0
5164,4_planet,False,,360,0,0
5164,5_planet,False,,360,0,0
5164,7_planet,False,,360,0,0
5165,4_planet,False,,360,0,0
5165,5_planet,False,,360,0,0
5165,7_planet,False,,360,0,0
5166,4_planet,False,,360,0,0
5166,5_planet,False,,360,0,0
5166,7_planet,False,,360,0,0
5167,4_planet,False,,360,0,0
5167,5_planet,False,,360,0,0
5167,7_planet,False,,360,0,0
5168,4_planet,False,,360,0,0
5168,5_planet,False,,360,0,0
5168,7_planet,False,,360,0,0
5169,4_planet,False,,360,0,0
5169,5_planet,False,,360,0,0
5169,7_planet,False,,360,0,0
5170,4_planet,False,,360,0,0
5170,5_planet,False,,360,0,0
5170,7_planet,False,,360,0,0
5171,4_planet,False,,360,0,0
5171,5_planet,False,,360,0,0
5171,7_planet,False,,360,0,0
5172,4_planet,False,,360,0,0
5172,5_planet,False,,360,0,0
5172,7_planet,False,,360,0,0
5173,4_planet,False,,360,0,0
5173,5_planet,False,,360,0,0
5173,7_planet,False,,360,0,0
5174,4_planet,False,,360,0,0
5174,5_planet,False,,360,0,0
5174,7_planet,False,,360,0,0
5175,4_planet,False,,360,0,0
5175,5_planet,False,,360,0,0
5175,7_planet,False,,360,0,0
5176,4_planet,False,,360,0,0
5176,5_planet,False,,360,0,0
5176,7_planet,False,,360,0,0
5177,4_planet,False,,360,0,0
5177,5_planet,False,,360,0,0
5177,7_planet,False,,360,0,0
5178,4_planet,False,,360,0,0
5178,5_planet,False,,360,0,0
5178,7_planet,False,,360,0,0
5179,4_planet,False,,360,0,0
5179,5_planet,False,,360,0,0
5179,7_planet,False,,360,0,0
5180,4_planet,False,,360,0,0
5180,5_planet,False,,360,0,0
5180,7_planet,False,,360,0,0
5181,4_planet,False,,360,0,0
5181,5_planet,False,,360,0,0
5181,7_planet,False,,360,0,0
5182,4_planet,False,,360,0,0
5182,5_planet,False,,360,0,0
5182,7_planet,False,,360,0,0
5183,4_planet,False,,360,0,0
5183,5_planet,False,,360,0,0
5183,7_planet,False,,360,0,0
5184,4_planet,False,,360,0,0
5184,5_planet,False,,360,0,0
5184,7_planet,False,,360,0,0
5185,4_planet,False,,360,0,0
5185,5_planet,False,,360,0,0
5185,7_planet,False,,360,0,0
5186,4_planet,False,,360,0,0
5186,5_planet,False,,360,0,0
5186,7_planet,False,,360,0,0
5187,4_planet,False,,360,0,0
5187,5_planet,False,,360,0,0
5187,7_planet,False,,360,0,0
5188,4_planet,False,,360,0,0
5188,5_planet,False,,360,0,0
5188,7_planet,False,,360,0,0
5189,4_planet,False,,360,0,0
5189,5_planet,False,,360,0,0
5189,7_planet,False,,360,0,0
5190,4_planet,False,,360,0,0
5190,5_planet,False,,360,0,0
5190,7_planet,False,,360,0,0
5191,4_planet,False,,360,0,0
5191,5_planet,False,,360,0,0
5191,7_planet,False,,360,0,0
5192,4_planet,False,,360,0,0
5192,5_planet,False,,360,0,0
5192,7_planet,False,,360,0,0
5193,4_planet,False,,360,0,0
5193,5_planet,False,,360,0,0
5193,7_planet,False,,360,0,0
5194,4_planet,False,,360,0,0
5194,5_planet,False,,360,0,0
5194,7_planet,False,,360,0,0
5195,4_planet,False,,360,0,0
5195,5_planet,False,,360,0,0
5195,7_planet,False,,360,0,0
5196,4_planet,False,,360,0,0
5196,5_planet,False,,360,0,0
5196,7_planet,False,,360,0,0
5197,4_planet,False,,360,0,0
5197,5_planet,False,,360,0,0
5197,7_planet,False,,360,0,0
5198,4_planet,False,,360,0,0
5198,5_planet,False,,360,0,0
5198,7_planet,False,,360,0,0
5199,4_planet,False,,360,0,0
5199,5_planet,False,,360,0,0
5199,7_planet,False,,360,0,0
5200,4_planet,False,,360,0,0
5200,5_planet,False,,360,0,0
5200,7_planet,False,,360,0,0
5201,4_planet,False,,360,0,0
5201,5_planet,False,,360,0,0
5201,7_planet,False,,360,0,0
5202,4_planet,False,,360,0,0
5202,5_planet,False,,360,0,0
5202,7_planet,False,,360,0,0
5203,4_planet,False,,360,0,0
5203,5_planet,False,,360,0,0
5203,7_planet,False,,360,0,0
5204,4_planet,False,,360,0,0
5204,5_planet,False,,360,0,0
5204,7_planet,False,,360,0,0
5205,4_planet,False,,360,0,0
5205,5_planet,False,,360,0,0
5205,7_planet,False,,360,0,0
5206,4_planet,False,,360,0,0
5206,5_planet,False,,360,0,0
5206,7_planet,False,,360,0,0
5207,4_planet,False,,360,0,0
5207,5_planet,False,,360,0,0
5207,7_planet,False,,360,0,0
5208,4_planet,False,,360,0,0
5208,5_planet,False,,360,0,0
5208,7_planet,False,,360,0,0
5209,4_planet,False,,360,0,0
5209,5_planet,False,,360,0,0
5209,7_planet,False,,360,0,0
5210,4_planet,False,,360,0,0
5210,5_planet,False,,360,0,0
5210,7_planet,False,,360,0,0
5211,4_planet,False,,360,0,0
5211,5_planet,False,,360,0,0
5211,7_planet,False,,360,0,0
5212,4_planet,False,,360,0,0
5212,5_planet,False,,360,0,0
5212,7_planet,False,,360,0,0
5213,4_planet,False,,360,0,0
5213,5_planet,False,,360,0,0
5213,7_planet,False,,360,0,0
5214,4_planet,False,,360,0,0
5214,5_planet,False,,360,0,0
5214,7_planet,False,,360,0,0
5215,4_planet,False,,360,0,0
5215,5_planet,False,,360,0,0
5215,7_planet,False,,360,0,0
5216,4_planet,False,,360,0,0
5216,5_planet,False,,360,0,0
5216,7_planet,False,,360,0,0
5217,4_planet,False,,360,0,0
5217,5_planet,False,,360,0,0
5217,7_planet,False,,360,0,0
5218,4_planet,False,,360,0,0
5218,5_planet,False,,360,0,0
5218,7_planet,False,,360,0,0
5219,4_planet,False,,360,0,0
5219,5_planet,False,,360,0,0
5219,7_planet,False,,360,0,0
5220,4_planet,False,,360,0,0
5220,5_planet,False,,360,0,0
5220,7_planet,False,,360,0,0
5221,4_planet,False,,360,0,0
5221,5_planet,False,,360,0,0
5221,7_planet,False,,360,0,0
5222,4_planet,False,,360,0,0
5222,5_planet,False,,360,0,0
5222,7_planet,False,,360,0,0
5223,4_planet,False,,360,0,0
5223,5_planet,False,,360,0,0
5223,7_planet,False,,360,0,0
5224,4_planet,False,,360,0,0
5224,5_planet,False,,360,0,0
5224,7_planet,False,,360,0,0
5225,4_planet,False,,360,0,0
5225,5_planet,False,,360,0,0
5225,7_planet,False,,360,0,0
5226,4_planet,False,,360,0,0
5226,5_planet,False,,360,0,0
5226,7_planet,False,,360,0,0
5227,4_planet,False,,360,0,0
5227,5_planet,False,,360,0,0
5227,7_planet,False,,360,0,0
5228,4_planet,False,,360,0,0
5228,5_planet,False,,360,0,0
5228,7_planet,False,,360,0,0
5229,4_planet,False,,360,0,0
5229,5_planet,False,,360,0,0
5229,7_planet,False,,360,0,0
5230,4_planet,False,,360,0,0
5230,5_planet,False,,360,0,0
5230,7_planet,False,,360,0,0
5231,4_planet,False,,360,0,0
5231,5_planet,False,,360,0,0
5231,7_planet,False,,360,0,0
5232,4_planet,False,,360,0,0
5232,5_planet,False,,360,0,0
5232,7_planet,False,,360,0,0
5233,4_planet,False,,360,0,0
5233,5_planet,False,,360,0,0
5233,7_planet,False,,360,0,0
5234,4_planet,False,,360,0,0
5234,5_planet,False,,360,0,0
5234,7_planet,False,,360,0,0
5235,4_planet,False,,360,0,0
5235,5_planet,False,,360,0,0
5235,7_planet,False,,360,0,0
5236,4_planet,False,,360,0,0
5236,5_planet,False,,360,0,0
5236,7_planet,False,,360,0,0
5237,4_planet,False,,360,0,0
5237,5_planet,False,,360,0,0
5237,7_planet,False,,360,0,0
5238,4_planet,False,,360,0,0
5238,5_planet,False,,360,0,0
5238,7_planet,False,,360,0,0
5239,4_planet,False,,360,0,0
5239,5_planet,False,,360,0,0
5239,7_planet,False,,360,0,0
5240,4_planet,False,,360,0,0
5240,5_planet,False,,360,0,0
5240,7_planet,False,,360,0,0
5241,4_planet,False,,360,0,0
5241,5_planet,False,,360,0,0
5241,7_planet,False,,360,0,0
5242,4_planet,False,,360,0,0
5242,5_planet,False,,360,0,0
5242,7_planet,False,,360,0,0
5243,4_planet,False,,360,0,0
5243,5_planet,False,,360,0,0
5243,7_planet,False,,360,0,0
5244,4_planet,False,,360,0,0
5244,5_planet,False,,360,0,0
5244,7_planet,False,,360,0,0
5245,4_planet,False,,360,0,0
5245,5_planet,False,,360,0,0
5245,7_planet,False,,360,0,0
5246,4_planet,False,,360,0,0
5246,5_planet,False,,360,0,0
5246,7_planet,False,,360,0,0
5247,4_planet,False,,360,0,0
5247,5_planet,False,,360,0,0
5247,7_planet,False,,360,0,0
5248,4_planet,False,,360,0,0
5248,5_planet,False,,360,0,0
5248,7_planet,False,,360,0,0
5249,4_planet,False,,360,0,0
5249,5_planet,False,,360,0,0
5249,7_planet,False,,360,0,0
5250,4_planet,False,,360,0,0
5250,5_planet,False,,360,0,0
5250,7_planet,False,,360,0,0
5251,4_planet,False,,360,0,0
5251,5_planet,False,,360,0,0
5251,7_planet,False,,360,0,0
5252,4_planet,False,,360,0,0
5252,5_planet,False,,360,0,0
5252,7_planet,False,,360,0,0
5253,4_planet,False,,360,0,0
5253,5_planet,False,,360,0,0
5253,7_planet,False,,360,0,0
5254,4_planet,False,,360,0,0
5254,5_planet,False,,360,0,0
5254,7_planet,False,,360,0,0
5255,4_planet,False,,360,0,0
5255,5_planet,False,,360,0,0
5255,7_planet,False,,360,0,0
5256,4_planet,False,,360,0,0
5256,5_planet,False,,360,0,0
5256,7_planet,False,,360,0,0
5257,4_planet,False,,360,0,0
5257,5_planet,False,,360,0,0
5257,7_planet,False,,360,0,0
5258,4_planet,False,,360,0,0
5258,5_planet,False,,360,0,0
5258,7_planet,False,,360,0,0
5259,4_planet,False,,360,0,0
5259,5_planet,False,,360,0,0
5259,7_planet,False,,360,0,0
5260,4_planet,False,,360,0,0
5260,5_planet,False,,360,0,0
5260,7_planet,False,,360,0,0
5261,4_planet,False,,360,0,0
5261,5_planet,False,,360,0,0
5261,7_planet,False,,360,0,0
5262,4_planet,False,,360,0,0
5262,5_planet,False,,360,0,0
5262,7_planet,False,,360,0,0
5263,4_planet,False,,360,0,0
5263,5_planet,False,,360,0,0
5263,7_planet,False,,360,0,0
5264,4_planet,False,,360,0,0
5264,5_planet,False,,360,0,0
5264,7_planet,False,,360,0,0
5265,4_planet,False,,360,0,0
5265,5_planet,False,,360,0,0
5265,7_planet,False,,360,0,0
5266,4_planet,False,,360,0,0
5266,5_planet,False,,360,0,0
5266,7_planet,False,,360,0,0
5267,4_planet,False,,360,0,0
5267,5_planet,False,,360,0,0
5267,7_planet,False,,360,0,0
5268,4_planet,False,,360,0,0
5268,5_planet,False,,360,0,0
5268,7_planet,False,,360,0,0
5269,4_planet,False,,360,0,0
5269,5_planet,False,,360,0,0
5269,7_planet,False,,360,0,0
5270,4_planet,False,,360,0,0
5270,5_planet,False,,360,0,0
5270,7_planet,False,,360,0,0
5271,4_planet,False,,360,0,0
5271,5_planet,False,,360,0,0
5271,7_planet,False,,360,0,0
5272,4_planet,False,,360,0,0
5272,5_planet,False,,360,0,0
5272,7_planet,False,,360,0,0
5273,4_planet,False,,360,0,0
5273,5_planet,False,,360,0,0
5273,7_planet,False,,360,0,0
5274,4_planet,False,,360,0,0
5274,5_planet,False,,360,0,0
5274,7_planet,False,,360,0,0
5275,4_planet,False,,360,0,0
5275,5_planet,False,,360,0,0
5275,7_planet,False,,360,0,0
5276,4_planet,False,,360,0,0
5276,5_planet,False,,360,0,0
5276,7_planet,False,,360,0,0
5277,4_planet,False,,360,0,0
5277,5_planet,False,,360,0,0
5277,7_planet,False,,360,0,0
5278,4_planet,False,,360,0,0
5278,5_planet,False,,360,0,0
5278,7_planet,False,,360,0,0
5279,4_planet,False,,360,0,0
5279,5_planet,False,,360,0,0
5279,7_planet,False,,360,0,0
5280,4_planet,False,,360,0,0
5280,5_planet,False,,360,0,0
5280,7_planet,False,,360,0,0
5281,4_planet,False,,360,0,0
5281,5_planet,False,,360,0,0
5281,7_planet,False,,360,0,0
5282,4_planet,False,,360,0,0
5282,5_planet,False,,360,0,0
5282,7_planet,False,,360,0,0
5283,4_planet,False,,360,0,0
5283,5_planet,False,,360,0,0
5283,7_planet,False,,360,0,0
5284,4_planet,False,,360,0,0
5284,5_planet,False,,360,0,0
5284,7_planet,False,,360,0,0
5285,4_planet,False,,360,0,0
5285,5_planet,False,,360,0,0
5285,7_planet,False,,360,0,0
5286,4_planet,False,,360,0,0
5286,5_planet,False,,360,0,0
5286,7_planet,False,,360,0,0
5287,4_planet,False,,360,0,0
5287,5_planet,False,,360,0,0
5287,7_planet,False,,360,0,0
5288,4_planet,False,,360,0,0
5288,5_planet,False,,360,0,0
5288,7_planet,False,,360,0,0
5289,4_planet,False,,360,0,0
5289,5_planet,False,,360,0,0
5289,7_planet,False,,360,0,0
5290,4_planet,False,,360,0,0
5290,5_planet,False,,360,0,0
5290,7_planet,False,,360,0,0
5291,4_planet,False,,360,0,0
5291,5_planet,False,,360,0,0
5291,7_planet,False,,360,0,0
5292,4_planet,False,,360,0,0
5292,5_planet,False,,360,0,0
5292,7_planet,False,,360,0,0
5293,4_planet,False,,360,0,0
5293,5_planet,False,,360,0,0
5293,7_planet,False,,360,0,0
5294,4_planet,False,,360,0,0
5294,5_planet,False,,360,0,0
5294,7_planet,False,,360,0,0
5295,4_planet,False,,360,0,0
5295,5_planet,False,,360,0,0
5295,7_planet,False,,360,0,0
5296,4_planet,False,,360,0,0
5296,5_planet,False,,360,0,0
5296,7_planet,False,,360,0,0
5297,4_planet,False,,360,0,0
5297,5_planet,False,,360,0,0
5297,7_planet,False,,360,0,0
5298,4_planet,False,,360,0,0
5298,5_planet,False,,360,0,0
5298,7_planet,False,,360,0,0
5299,4_planet,False,,360,0,0
5299,5_planet,False,,360,0,0
5299,7_planet,False,,360,0,0
5300,4_planet,False,,360,0,0
5300,5_planet,False,,360,0,0
5300,7_planet,False,,360,0,0
5301,4_planet,False,,360,0,0
5301,5_planet,False,,360,0,0
5301,7_planet,False,,360,0,0
5302,4_planet,False,,360,0,0
5302,5_planet,False,,360,0,0
5302,7_planet,False,,360,0,0
5303,4_planet,False,,360,0,0
5303,5_planet,False,,360,0,0
5303,7_planet,False,,360,0,0
5304,4_planet,False,,360,0,0
5304,5_planet,False,,360,0,0
5304,7_planet,False,,360,0,0
5305,4_planet,False,,360,0,0
5305,5_planet,False,,360,0,0
5305,7_planet,False,,360,0,0
5306,4_planet,False,,360,0,0
5306,5_planet,False,,360,0,0
5306,7_planet,False,,360,0,0
5307,4_planet,False,,360,0,0
5307,5_planet,False,,360,0,0
5307,7_planet,False,,360,0,0
5308,4_planet,False,,360,0,0
5308,5_planet,False,,360,0,0
5308,7_planet,False,,360,0,0
5309,4_planet,False,,360,0,0
5309,5_planet,False,,360,0,0
5309,7_planet,False,,360,0,0
5310,4_planet,False,,360,0,0
5310,5_planet,False,,360,0,0
5310,7_planet,False,,360,0,0
5311,4_planet,False,,360,0,0
5311,5_planet,False,,360,0,0
5311,7_planet,False,,360,0,0
5312,4_planet,False,,360,0,0
5312,5_planet,False,,360,0,0
5312,7_planet,False,,360,0,0
5313,4_planet,False,,360,0,0
5313,5_planet,False,,360,0,0
5313,7_planet,False,,360,0,0
5314,4_planet,False,,360,0,0
5314,5_planet,False,,360,0,0
5314,7_planet,False,,360,0,0
5315,4_planet,False,,360,0,0
5315,5_planet,False,,360,0,0
5315,7_planet,False,,360,0,0
5316,4_planet,False,,360,0,0
5316,5_planet,False,,360,0,0
5316,7_planet,False,,360,0,0
5317,4_planet,False,,360,0,0
5317,5_planet,False,,360,0,0
5317,7_planet,False,,360,0,0
5318,4_planet,False,,360,0,0
5318,5_planet,False,,360,0,0
5318,7_planet,False,,360,0,0
5319,4_planet,False,,360,0,0
5319,5_planet,False,,360,0,0
5319,7_planet,False,,360,0,0
5320,4_planet,False,,360,0,0
5320,5_planet,False,,360,0,0
5320,7_planet,False,,360,0,0
5321,4_planet,False,,360,0,0
5321,5_planet,False,,360,0,0
5321,7_planet,False,,360,0,0
5322,4_planet,False,,360,0,0
5322,5_planet,False,,360,0,0
5322,7_planet,False,,360,0,0
5323,4_planet,False,,360,0,0
5323,5_planet,False,,360,0,0
5323,7_planet,False,,360,0,0
5324,4_planet,False,,360,0,0
5324,5_planet,False,,360,0,0
5324,7_planet,False,,360,0,0
5325,4_planet,False,,360,0,0
5325,5_planet,False,,360,0,0
5325,7_planet,False,,360,0,0
5326,4_planet,False,,360,0,0
5326,5_planet,False,,360,0,0
5326,7_planet,False,,360,0,0
5327,4_planet,False,,360,0,0
5327,5_planet,False,,360,0,0
5327,7_planet,False,,360,0,0
5328,4_planet,False,,360,0,0
5328,5_planet,False,,360,0,0
5328,7_planet,False,,360,0,0
5329,4_planet,False,,360,0,0
5329,5_planet,False,,360,0,0
5329,7_planet,False,,360,0,0
5330,4_planet,False,,360,0,0
5330,5_planet,False,,360,0,0
5330,7_planet,False,,360,0,0
5331,4_planet,False,,360,0,0
5331,5_planet,False,,360,0,0
5331,7_planet,False,,360,0,0
5332,4_planet,False,,360,0,0
5332,5_planet,False,,360,0,0
5332,7_planet,False,,360,0,0
5333,4_planet,False,,360,0,0
5333,5_planet,False,,360,0,0
5333,7_planet,False,,360,0,0
5334,4_planet,False,,360,0,0
5334,5_planet,False,,360,0,0
5334,7_planet,False,,360,0,0
5335,4_planet,False,,360,0,0
5335,5_planet,False,,360,0,0
5335,7_planet,False,,360,0,0
5336,4_planet,False,,360,0,0
5336,5_planet,False,,360,0,0
5336,7_planet,False,,360,0,0
5337,4_planet,False,,360,0,0
5337,5_planet,False,,360,0,0
5337,7_planet,False,,360,0,0
5338,4_planet,False,,360,0,0
5338,5_planet,False,,360,0,0
5338,7_planet,False,,360,0,0
5339,4_planet,False,,360,0,0
5339,5_planet,False,,360,0,0
5339,7_planet,False,,360,0,0
5340,4_planet,False,,360,0,0
5340,5_planet,False,,360,0,0
5340,7_planet,False,,360,0,0
5341,4_planet,False,,360,0,0
5341,5_planet,False,,360,0,0
5341,7_planet,False,,360,0,0
5342,4_planet,False,,360,0,0
5342,5_planet,False,,360,0,0
5342,7_planet,False,,360,0,0
5343,4_planet,False,,360,0,0
5343,5_planet,False,,360,0,0
5343,7_planet,False,,360,0,0
5344,4_planet,False,,360,0,0
5344,5_planet,False,,360,0,0
5344,7_planet,False,,360,0,0
5345,4_planet,False,,360,0,0
5345,5_planet,False,,360,0,0
5345,7_planet,False,,360,0,0
5346,4_planet,False,,360,0,0
5346,5_planet,False,,360,0,0
5346,7_planet,False,,360,0,0
5347,4_planet,False,,360,0,0
5347,5_planet,False,,360,0,0
5347,7_planet,False,,360,0,0
5348,4_planet,False,,360,0,0
5348,5_planet,False,,360,0,0
5348,7_planet,False,,360,0,0
5349,4_planet,False,,360,0,0
5349,5_planet,False,,360,0,0
5349,7_planet,False,,360,0,0
5350,4_planet,False,,360,0,0
5350,5_planet,False,,360,0,0
5350,7_planet,False,,360,0,0
5351,4_planet,False,,360,0,0
5351,5_planet,False,,360,0,0
5351,7_planet,False,,360,0,0
5352,4_planet,False,,360,0,0
5352,5_planet,False,,360,0,0
5352,7_planet,False,,360,0,0
5353,4_planet,False,,360,0,0
5353,5_planet,False,,360,0,0
5353,7_planet,False,,360,0,0
5354,4_planet,False,,360,0,0
5354,5_planet,False,,360,0,0
5354,7_planet,False,,360,0,0
5355,4_planet,False,,360,0,0
5355,5_planet,False,,360,0,0
5355,7_planet,False,,360,0,0
5356,4_planet,False,,360,0,0
5356,5_planet,False,,360,0,0
5356,7_planet,False,,360,0,0
5357,4_planet,False,,360,0,0
5357,5_planet,False,,360,0,0
5357,7_planet,False,,360,0,0
5358,4_planet,False,,360,0,0
5358,5_planet,False,,360,0,0
5358,7_planet,False,,360,0,0
5359,4_planet,False,,360,0,0
5359,5_planet,False,,360,0,0
5359,7_planet,False,,360,0,0
5360,4_planet,False,,360,0,0
5360,5_planet,False,,360,0,0
5360,7_planet,False,,360,0,0
5361,4_planet,False,,360,0,0
5361,5_planet,False,,360,0,0
5361,7_planet,True,"Saturn, Venus, Jupiter, Mercury, Mars, Moon, Sun",56.76,5.4,75.0
5362,4_planet,False,,360,0,0
5362,5_planet,False,,360,0,0
5362,7_planet,False,,360,0,0
5363,4_planet,False,,360,0,0
5363,5_planet,False,,360,0,0
5363,7_planet,False,,360,0,0
5364,4_planet,False,,360,0,0
5364,5_planet,False,,360,0,0
5364,7_planet,False,,360,0,0
5365,4_planet,False,,360,0,0
5365,5_planet,False,,360,0,0
5365,7_planet,False,,360,0,0
5366,4_planet,False,,360,0,0
5366,5_planet,False,,360,0,0
5366,7_planet,False,,360,0,0
5367,4_planet,False,,360,0,0
5367,5_planet,False,,360,0,0
5367,7_planet,False,,360,0,0
5368,4_planet,False,,360,0,0
5368,5_planet,False,,360,0,0
5368,7_planet,False,,360,0,0
5369,4_planet,False,,360,0,0
5369,5_planet,False,,360,0,0
5369,7_planet,False,,360,0,0
5370,4_planet,False,,360,0,0
5370,5_planet,False,,360,0,0
5370,7_planet,False,,360,0,0
5371,4_planet,False,,360,0,0
5371,5_planet,False,,360,0,0
5371,7_planet,False,,360,0,0
5372,4_planet,False,,360,0,0
5372,5_planet,False,,360,0,0
5372,7_planet,False,,360,0,0
5373,4_planet,False,,360,0,0
5373,5_planet,False,,360,0,0
5373,7_planet,False,,360,0,0
5374,4_planet,False,,360,0,0
5374,5_planet,False,,360,0,0
5374,7_planet,False,,360,0,0
5375,4_planet,False,,360,0,0
5375,5_planet,False,,360,0,0
5375,7_planet,False,,360,0,0
5376,4_planet,False,,360,0,0
5376,5_planet,False,,360,0,0
5376,7_planet,False,,360,0,0
5377,4_planet,False,,360,0,0
5377,5_planet,False,,360,0,0
5377,7_planet,False,,360,0,0
5378,4_planet,False,,360,0,0
5378,5_planet,False,,360,0,0
5378,7_planet,False,,360,0,0
5379,4_planet,False,,360,0,0
5379,5_planet,False,,360,0,0
5379,7_planet,False,,360,0,0
5380,4_planet,False,,360,0,0
5380,5_planet,False,,360,0,0
5380,7_planet,False,,360,0,0
5381,4_planet,False,,360,0,0
5381,5_planet,False,,360,0,0
5381,7_planet,False,,360,0,0
5382,4_planet,False,,360,0,0
5382,5_planet,False,,360,0,0
5382,7_planet,False,,360,0,0
5383,4_planet,False,,360,0,0
5383,5_planet,False,,360,0,0
5383,7_planet,False,,360,0,0
5384,4_planet,False,,360,0,0
5384,5_planet,False,,360,0,0
5384,7_planet,False,,360,0,0
5385,4_planet,False,,360,0,0
5385,5_planet,False,,360,0,0
5385,7_planet,False,,360,0,0
5386,4_planet,False,,360,0,0
5386,5_planet,False,,360,0,0
5386,7_planet,False,,360,0,0
5387,4_planet,False,,360,0,0
5387,5_planet,False,,360,0,0
5387,7_planet,False,,360,0,0
5388,4_planet,False,,360,0,0
5388,5_planet,False,,360,0,0
5388,7_planet,False,,360,0,0
5389,4_planet,False,,360,0,0
5389,5_planet,False,,360,0,0
5389,7_planet,False,,360,0,0
5390,4_planet,False,,360,0,0
5390,5_planet,False,,360,0,0
5390,7_planet,False,,360,0,0
5391,4_planet,False,,360,0,0
5391,5_planet,False,,360,0,0
5391,7_planet,False,,360,0,0
5392,4_planet,False,,360,0,0
5392,5_planet,False,,360,0,0
5392,7_planet,False,,360,0,0
5393,4_planet,False,,360,0,0
5393,5_planet,False,,360,0,0
5393,7_planet,False,,360,0,0
5394,4_planet,False,,360,0,0
5394,5_planet,False,,360,0,0
5394,7_planet,False,,360,0,0
5395,4_planet,False,,360,0,0
5395,5_planet,False,,360,0,0
5395,7_planet,False,,360,0,0
5396,4_planet,False,,360,0,0
5396,5_planet,False,,360,0,0
5396,7_planet,False,,360,0,0
5397,4_planet,False,,360,0,0
5397,5_planet,False,,360,0,0
5397,7_planet,False,,360,0,0
5398,4_planet,False,,360,0,0
5398,5_planet,False,,360,0,0
5398,7_planet,False,,360,0,0
5399,4_planet,False,,360,0,0
5399,5_planet,False,,360,0,0
5399,7_planet,False,,360,0,0
5400,4_planet,False,,360,0,0
5400,5_planet,False,,360,0,0
5400,7_planet,False,,360,0,0
5401,4_planet,False,,360,0,0
5401,5_planet,False,,360,0,0
5401,7_planet,False,,360,0,0
5402,4_planet,False,,360,0,0
5402,5_planet,False,,360,0,0
5402,7_planet,False,,360,0,0
5403,4_planet,False,,360,0,0
5403,5_planet,False,,360,0,0
5403,7_planet,False,,360,0,0
5404,4_planet,False,,360,0,0
5404,5_planet,False,,360,0,0
5404,7_planet,False,,360,0,0
5405,4_planet,False,,360,0,0
5405,5_planet,False,,360,0,0
5405,7_planet,False,,360,0,0
5406,4_planet,False,,360,0,0
5406,5_planet,False,,360,0,0
5406,7_planet,False,,360,0,0
5407,4_planet,False,,360,0,0
5407,5_planet,False,,360,0,0
5407,7_planet,False,,360,0,0
5408,4_planet,False,,360,0,0
5408,5_planet,False,,360,0,0
5408,7_planet,False,,360,0,0
5409,4_planet,False,,360,0,0
5409,5_planet,False,,360,0,0
5409,7_planet,False,,360,0,0
5410,4_planet,False,,360,0,0
5410,5_planet,False,,360,0,0
5410,7_planet,False,,360,0,0
5411,4_planet,False,,360,0,0
5411,5_planet,False,,360,0,0
5411,7_planet,False,,360,0,0
5412,4_planet,False,,360,0,0
5412,5_planet,False,,360,0,0
5412,7_planet,False,,360,0,0
5413,4_planet,False,,360,0,0
5413,5_planet,False,,360,0,0
5413,7_planet,False,,360,0,0
5414,4_planet,False,,360,0,0
5414,5_planet,False,,360,0,0
5414,7_planet,False,,360,0,0
5415,4_planet,False,,360,0,0
5415,5_planet,False,,360,0,0
5415,7_planet,False,,360,0,0
5416,4_planet,False,,360,0,0
5416,5_planet,False,,360,0,0
5416,7_planet,False,,360,0,0
5417,4_planet,False,,360,0,0
5417,5_planet,False,,360,0,0
5417,7_planet,False,,360,0,0
5418,4_planet,False,,360,0,0
5418,5_planet,False,,360,0,0
5418,7_planet,False,,360,0,0
5419,4_planet,False,,360,0,0
5419,5_planet,False,,360,0,0
5419,7_planet,False,,360,0,0
5420,4_planet,False,,360,0,0
5420,5_planet,False,,360,0,0
5420,7_planet,False,,360,0,0
5421,4_planet,False,,360,0,0
5421,5_planet,False,,360,0,0
5421,7_planet,False,,360,0,0
5422,4_planet,False,,360,0,0
5422,5_planet,False,,360,0,0
5422,7_planet,False,,360,0,0
5423,4_planet,False,,360,0,0
5423,5_planet,False,,360,0,0
5423,7_planet,False,,360,0,0
5424,4_planet,False,,360,0,0
5424,5_planet,False,,360,0,0
5424,7_planet,False,,360,0,0
5425,4_planet,False,,360,0,0
5425,5_planet,False,,360,0,0
5425,7_planet,False,,360,0,0
5426,4_planet,False,,360,0,0
5426,5_planet,False,,360,0,0
5426,7_planet,False,,360,0,0
5427,4_planet,False,,360,0,0
5427,5_planet,False,,360,0,0
5427,7_planet,False,,360,0,0
5428,4_planet,False,,360,0,0
5428,5_planet,False,,360,0,0
5428,7_planet,False,,360,0,0
5429,4_planet,False,,360,0,0
5429,5_planet,False,,360,0,0
5429,7_planet,False,,360,0,0
5430,4_planet,False,,360,0,0
5430,5_planet,False,,360,0,0
5430,7_planet,False,,360,0,0
5431,4_planet,False,,360,0,0
5431,5_planet,False,,360,0,0
5431,7_planet,False,,360,0,0
5432,4_planet,False,,360,0,0
5432,5_planet,False,,360,0,0
5432,7_planet,False,,360,0,0
5433,4_planet,False,,360,0,0
5433,5_planet,False,,360,0,0
5433,7_planet,True,"Saturn, Mercury, Sun, Jupiter, Moon, Venus, Mars",59.13,1.45,42.86
5434,4_planet,False,,360,0,0
5434,5_planet,False,,360,0,0
5434,7_planet,False,,360,0,0
5435,4_planet,False,,360,0,0
5435,5_planet,False,,360,0,0
5435,7_planet,False,,360,0,0
5436,4_planet,False,,360,0,0
5436,5_planet,False,,360,0,0
5436,7_planet,False,,360,0,0
5437,4_planet,False,,360,0,0
5437,5_planet,False,,360,0,0
5437,7_planet,False,,360,0,0
5438,4_planet,False,,360,0,0
5438,5_planet,False,,360,0,0
5438,7_planet,False,,360,0,0
5439,4_planet,False,,360,0,0
5439,5_planet,False,,360,0,0
5439,7_planet,False,,360,0,0
5440,4_planet,False,,360,0,0
5440,5_planet,False,,360,0,0
5440,7_planet,False,,360,0,0
5441,4_planet,False,,360,0,0
5441,5_planet,False,,360,0,0
5441,7_planet,False,,360,0,0
5442,4_planet,False,,360,0,0
5442,5_planet,False,,360,0,0
5442,7_planet,False,,360,0,0
5443,4_planet,False,,360,0,0
5443,5_planet,False,,360,0,0
5443,7_planet,False,,360,0,0
5444,4_planet,False,,360,0,0
5444,5_planet,False,,360,0,0
5444,7_planet,False,,360,0,0
5445,4_planet,False,,360,0,0
5445,5_planet,False,,360,0,0
5445,7_planet,False,,360,0,0
5446,4_planet,False,,360,0,0
5446,5_planet,False,,360,0,0
5446,7_planet,False,,360,0,0
5447,4_planet,False,,360,0,0
5447,5_planet,False,,360,0,0
5447,7_planet,False,,360,0,0
5448,4_planet,False,,360,0,0
5448,5_planet,False,,360,0,0
5448,7_planet,False,,360,0,0
5449,4_planet,False,,360,0,0
5449,5_planet,False,,360,0,0
5449,7_planet,False,,360,0,0
5450,4_planet,False,,360,0,0
5450,5_planet,False,,360,0,0
5450,7_planet,False,,360,0,0
5451,4_planet,False,,360,0,0
5451,5_planet,False,,360,0,0
5451,7_planet,False,,360,0,0
5452,4_planet,False,,360,0,0
5452,5_planet,False,,360,0,0
5452,7_planet,False,,360,0,0
5453,4_planet,False,,360,0,0
5453,5_planet,False,,360,0,0
5453,7_planet,False,,360,0,0
5454,4_planet,False,,360,0,0
5454,5_planet,False,,360,0,0
5454,7_planet,False,,360,0,0
5455,4_planet,False,,360,0,0
5455,5_planet,False,,360,0,0
5455,7_planet,False,,360,0,0
5456,4_planet,False,,360,0,0
5456,5_planet,False,,360,0,0
5456,7_planet,False,,360,0,0
5457,4_planet,False,,360,0,0
5457,5_planet,False,,360,0,0
5457,7_planet,False,,360,0,0
5458,4_planet,False,,360,0,0
5458,5_planet,False,,360,0,0
5458,7_planet,False,,360,0,0
5459,4_planet,False,,360,0,0
5459,5_planet,False,,360,0,0
5459,7_planet,False,,360,0,0
5460,4_planet,False,,360,0,0
5460,5_planet,False,,360,0,0
5460,7_planet,False,,360,0,0
5461,4_planet,False,,360,0,0
5461,5_planet,False,,360,0,0
5461,7_planet,False,,360,0,0
5462,4_planet,False,,360,0,0
5462,5_planet,False,,360,0,0
5462,7_planet,False,,360,0,0
5463,4_planet,False,,360,0,0
5463,5_planet,False,,360,0,0
5463,7_planet,False,,360,0,0
5464,4_planet,False,,360,0,0
5464,5_planet,False,,360,0,0
5464,7_planet,False,,360,0,0
5465,4_planet,False,,360,0,0
5465,5_planet,False,,360,0,0
5465,7_planet,False,,360,0,0
5466,4_planet,False,,360,0,0
5466,5_planet,False,,360,0,0
5466,7_planet,False,,360,0,0
5467,4_planet,False,,360,0,0
5467,5_planet,False,,360,0,0
5467,7_planet,False,,360,0,0
5468,4_planet,False,,360,0,0
5468,5_planet,False,,360,0,0
5468,7_planet,False,,360,0,0
5469,4_planet,False,,360,0,0
5469,5_planet,False,,360,0,0
5469,7_planet,False,,360,0,0
5470,4_planet,False,,360,0,0
5470,5_planet,False,,360,0,0
5470,7_planet,False,,360,0,0
5471,4_planet,False,,360,0,0
5471,5_planet,False,,360,0,0
5471,7_planet,False,,360,0,0
5472,4_planet,False,,360,0,0
5472,5_planet,False,,360,0,0
5472,7_planet,False,,360,0,0
5473,4_planet,False,,360,0,0
5473,5_planet,False,,360,0,0
5473,7_planet,False,,360,0,0
5474,4_planet,False,,360,0,0
5474,5_planet,False,,360,0,0
5474,7_planet,False,,360,0,0
5475,4_planet,False,,360,0,0
5475,5_planet,False,,360,0,0
5475,7_planet,False,,360,0,0
5476,4_planet,False,,360,0,0
5476,5_planet,False,,360,0,0
5476,7_planet,False,,360,0,0
5477,4_planet,False,,360,0,0
5477,5_planet,False,,360,0,0
5477,7_planet,False,,360,0,0
5478,4_planet,False,,360,0,0
5478,5_planet,False,,360,0,0
5478,7_planet,False,,360,0,0
5479,4_planet,False,,360,0,0
5479,5_planet,False,,360,0,0
5479,7_planet,False,,360,0,0
5480,4_planet,False,,360,0,0
5480,5_planet,False,,360,0,0
5480,7_planet,False,,360,0,0
5481,4_planet,False,,360,0,0
5481,5_planet,False,,360,0,0
5481,7_planet,False,,360,0,0
5482,4_planet,False,,360,0,0
5482,5_planet,False,,360,0,0
5482,7_planet,False,,360,0,0
5483,4_planet,False,,360,0,0
5483,5_planet,False,,360,0,0
5483,7_planet,False,,360,0,0
5484,4_planet,False,,360,0,0
5484,5_planet,False,,360,0,0
5484,7_planet,False,,360,0,0
5485,4_planet,False,,360,0,0
5485,5_planet,False,,360,0,0
5485,7_planet,False,,360,0,0
5486,4_planet,False,,360,0,0
5486,5_planet,False,,360,0,0
5486,7_planet,False,,360,0,0
5487,4_planet,False,,360,0,0
5487,5_planet,False,,360,0,0
5487,7_planet,False,,360,0,0
5488,4_planet,False,,360,0,0
5488,5_planet,False,,360,0,0
5488,7_planet,False,,360,0,0
5489,4_planet,False,,360,0,0
5489,5_planet,False,,360,0,0
5489,7_planet,False,,360,0,0
5490,4_planet,False,,360,0,0
5490,5_planet,False,,360,0,0
5490,7_planet,False,,360,0,0
5491,4_planet,False,,360,0,0
5491,5_planet,False,,360,0,0
5491,7_planet,False,,360,0,0
5492,4_planet,False,,360,0,0
5492,5_planet,False,,360,0,0
5492,7_planet,False,,360,0,0
5493,4_planet,False,,360,0,0
5493,5_planet,False,,360,0,0
5493,7_planet,False,,360,0,0
5494,4_planet,False,,360,0,0
5494,5_planet,False,,360,0,0
5494,7_planet,False,,360,0,0
5495,4_planet,False,,360,0,0
5495,5_planet,False,,360,0,0
5495,7_planet,False,,360,0,0
5496,4_planet,False,,360,0,0
5496,5_planet,False,,360,0,0
5496,7_planet,False,,360,0,0
5497,4_planet,False,,360,0,0
5497,5_planet,False,,360,0,0
5497,7_planet,False,,360,0,0
5498,4_planet,False,,360,0,0
5498,5_planet,False,,360,0,0
5498,7_planet,False,,360,0,0
5499,4_planet,False,,360,0,0
5499,5_planet,False,,360,0,0
5499,7_planet,True,"Venus, Jupiter, Mercury, Mars, Moon, Sun, Saturn",58.52,2.47,89.29
5500,4_planet,False,,360,0,0
5500,5_planet,False,,360,0,0
5500,7_planet,False,,360,0,0
5501,4_planet,False,,360,0,0
5501,5_planet,False,,360,0,0
5501,7_planet,False,,360,0,0
5502,4_planet,False,,360,0,0
5502,5_planet,False,,360,0,0
5502,7_planet,False,,360,0,0
5503,4_planet,False,,360,0,0
5503,5_planet,False,,360,0,0
5503,7_planet,False,,360,0,0
5504,4_planet,False,,360,0,0
5504,5_planet,False,,360,0,0
5504,7_planet,False,,360,0,0
5505,4_planet,False,,360,0,0
5505,5_planet,False,,360,0,0
5505,7_planet,False,,360,0,0
5506,4_planet,False,,360,0,0
5506,5_planet,False,,360,0,0
5506,7_planet,False,,360,0,0
5507,4_planet,False,,360,0,0
5507,5_planet,False,,360,0,0
5507,7_planet,False,,360,0,0
5508,4_planet,False,,360,0,0
5508,5_planet,False,,360,0,0
5508,7_planet,False,,360,0,0
5509,4_planet,False,,360,0,0
5509,5_planet,False,,360,0,0
5509,7_planet,False,,360,0,0
5510,4_planet,False,,360,0,0
5510,5_planet,False,,360,0,0
5510,7_planet,False,,360,0,0
5511,4_planet,False,,360,0,0
5511,5_planet,False,,360,0,0
5511,7_planet,False,,360,0,0
5512,4_planet,False,,360,0,0
5512,5_planet,False,,360,0,0
5512,7_planet,False,,360,0,0
5513,4_planet,False,,360,0,0
5513,5_planet,False,,360,0,0
5513,7_planet,False,,360,0,0
5514,4_planet,False,,360,0,0
5514,5_planet,False,,360,0,0
5514,7_planet,False,,360,0,0
5515,4_planet,False,,360,0,0
5515,5_planet,False,,360,0,0
5515,7_planet,False,,360,0,0
5516,4_planet,False,,360,0,0
5516,5_planet,False,,360,0,0
5516,7_planet,False,,360,0,0
5517,4_planet,False,,360,0,0
5517,5_planet,False,,360,0,0
5517,7_planet,False,,360,0,0
5518,4_planet,False,,360,0,0
5518,5_planet,False,,360,0,0
5518,7_planet,False,,360,0,0
5519,4_planet,False,,360,0,0
5519,5_planet,False,,360,0,0
5519,7_planet,False,,360,0,0
5520,4_planet,False,,360,0,0
5520,5_planet,False,,360,0,0
5520,7_planet,False,,360,0,0
5521,4_planet,False,,360,0,0
5521,5_planet,False,,360,0,0
5521,7_planet,False,,360,0,0
5522,4_planet,False,,360,0,0
5522,5_planet,False,,360,0,0
5522,7_planet,False,,360,0,0
5523,4_planet,False,,360,0,0
5523,5_planet,False,,360,0,0
5523,7_planet,False,,360,0,0
5524,4_planet,False,,360,0,0
5524,5_planet,False,,360,0,0
5524,7_planet,False,,360,0,0
5525,4_planet,False,,360,0,0
5525,5_planet,False,,360,0,0
5525,7_planet,False,,360,0,0
5526,4_planet,False,,360,0,0
5526,5_planet,False,,360,0,0
5526,7_planet,False,,360,0,0
5527,4_planet,False,,360,0,0
5527,5_planet,False,,360,0,0
5527,7_planet,False,,360,0,0
5528,4_planet,False,,360,0,0
5528,5_planet,False,,360,0,0
5528,7_planet,False,,360,0,0
5529,4_planet,False,,360,0,0
5529,5_planet,False,,360,0,0
5529,7_planet,False,,360,0,0
5530,4_planet,False,,360,0,0
5530,5_planet,False,,360,0,0
5530,7_planet,False,,360,0,0
5531,4_planet,False,,360,0,0
5531,5_planet,False,,360,0,0
5531,7_planet,False,,360,0,0
5532,4_planet,False,,360,0,0
5532,5_planet,False,,360,0,0
5532,7_planet,False,,360,0,0
5533,4_planet,False,,360,0,0
5533,5_planet,False,,360,0,0
5533,7_planet,False,,360,0,0
5534,4_planet,False,,360,0,0
5534,5_planet,False,,360,0,0
5534,7_planet,False,,360,0,0
5535,4_planet,False,,360,0,0
5535,5_planet,False,,360,0,0
5535,7_planet,False,,360,0,0
5536,4_planet,False,,360,0,0
5536,5_planet,False,,360,0,0
5536,7_planet,False,,360,0,0
5537,4_planet,False,,360,0,0
5537,5_planet,False,,360,0,0
5537,7_planet,False,,360,0,0
5538,4_planet,False,,360,0,0
5538,5_planet,False,,360,0,0
5538,7_planet,False,,360,0,0
5539,4_planet,False,,360,0,0
5539,5_planet,False,,360,0,0
5539,7_planet,False,,360,0,0
5540,4_planet,False,,360,0,0
5540,5_planet,False,,360,0,0
5540,7_planet,False,,360,0,0
5541,4_planet,False,,360,0,0
5541,5_planet,False,,360,0,0
5541,7_planet,False,,360,0,0
5542,4_planet,False,,360,0,0
5542,5_planet,False,,360,0,0
5542,7_planet,False,,360,0,0
5543,4_planet,False,,360,0,0
5543,5_planet,False,,360,0,0
5543,7_planet,False,,360,0,0
5544,4_planet,False,,360,0,0
5544,5_planet,False,,360,0,0
5544,7_planet,False,,360,0,0
5545,4_planet,False,,360,0,0
5545,5_planet,False,,360,0,0
5545,7_planet,False,,360,0,0
5546,4_planet,False,,360,0,0
5546,5_planet,False,,360,0,0
5546,7_planet,False,,360,0,0
5547,4_planet,False,,360,0,0
5547,5_planet,False,,360,0,0
5547,7_planet,False,,360,0,0
5548,4_planet,False,,360,0,0
5548,5_planet,False,,360,0,0
5548,7_planet,False,,360,0,0
5549,4_planet,False,,360,0,0
5549,5_planet,False,,360,0,0
5549,7_planet,False,,360,0,0
5550,4_planet,False,,360,0,0
5550,5_planet,False,,360,0,0
5550,7_planet,False,,360,0,0
5551,4_planet,False,,360,0,0
5551,5_planet,False,,360,0,0
5551,7_planet,False,,360,0,0
5552,4_planet,False,,360,0,0
5552,5_planet,False,,360,0,0
5552,7_planet,False,,360,0,0
5553,4_planet,False,,360,0,0
5553,5_planet,False,,360,0,0
5553,7_planet,False,,360,0,0
5554,4_planet,False,,360,0,0
5554,5_planet,False,,360,0,0
5554,7_planet,False,,360,0,0
5555,4_planet,False,,360,0,0
5555,5_planet,False,,360,0,0
5555,7_planet,False,,360,0,0
5556,4_planet,False,,360,0,0
5556,5_planet,False,,360,0,0
5556,7_planet,False,,360,0,0
5557,4_planet,False,,360,0,0
5557,5_planet,False,,360,0,0
5557,7_planet,False,,360,0,0
5558,4_planet,False,,360,0,0
5558,5_planet,False,,360,0,0
5558,7_planet,False,,360,0,0
5559,4_planet,False,,360,0,0
5559,5_planet,False,,360,0,0
5559,7_planet,False,,360,0,0
5560,4_planet,False,,360,0,0
5560,5_planet,False,,360,0,0
5560,7_planet,False,,360,0,0
5561,4_planet,False,,360,0,0
5561,5_planet,False,,360,0,0
5561,7_planet,False,,360,0,0
5562,4_planet,False,,360,0,0
5562,5_planet,False,,360,0,0
5562,7_planet,False,,360,0,0
5563,4_planet,False,,360,0,0
5563,5_planet,False,,360,0,0
5563,7_planet,False,,360,0,0
5564,4_planet,False,,360,0,0
5564,5_planet,False,,360,0,0
5564,7_planet,False,,360,0,0
5565,4_planet,False,,360,0,0
5565,5_planet,False,,360,0,0
5565,7_planet,False,,360,0,0
5566,4_planet,False,,360,0,0
5566,5_planet,False,,360,0,0
5566,7_planet,False,,360,0,0
5567,4_planet,False,,360,0,0
5567,5_planet,False,,360,0,0
5567,7_planet,False,,360,0,0
5568,4_planet,False,,360,0,0
5568,5_planet,False,,360,0,0
5568,7_planet,False,,360,0,0
5569,4_planet,False,,360,0,0
5569,5_planet,False,,360,0,0
5569,7_planet,False,,360,0,0
5570,4_planet,False,,360,0,0
5570,5_planet,False,,360,0,0
5570,7_planet,False,,360,0,0
5571,4_planet,False,,360,0,0
5571,5_planet,False,,360,0,0
5571,7_planet,False,,360,0,0
5572,4_planet,False,,360,0,0
5572,5_planet,False,,360,0,0
5572,7_planet,False,,360,0,0
5573,4_planet,False,,360,0,0
5573,5_planet,False,,360,0,0
5573,7_planet,False,,360,0,0
5574,4_planet,False,,360,0,0
5574,5_planet,False,,360,0,0
5574,7_planet,False,,360,0,0
5575,4_planet,False,,360,0,0
5575,5_planet,False,,360,0,0
5575,7_planet,False,,360,0,0
5576,4_planet,False,,360,0,0
5576,5_planet,False,,360,0,0
5576,7_planet,False,,360,0,0
5577,4_planet,False,,360,0,0
5577,5_planet,False,,360,0,0
5577,7_planet,False,,360,0,0
5578,4_planet,False,,360,0,0
5578,5_planet,False,,360,0,0
5578,7_planet,False,,360,0,0
5579,4_planet,False,,360,0,0
5579,5_planet,False,,360,0,0
5579,7_planet,False,,360,0,0
5580,4_planet,False,,360,0,0
5580,5_planet,False,,360,0,0
5580,7_planet,False,,360,0,0
5581,4_planet,False,,360,0,0
5581,5_planet,False,,360,0,0
5581,7_planet,False,,360,0,0
5582,4_planet,False,,360,0,0
5582,5_planet,False,,360,0,0
5582,7_planet,False,,360,0,0
5583,4_planet,False,,360,0,0
5583,5_planet,False,,360,0,0
5583,7_planet,False,,360,0,0
5584,4_planet,False,,360,0,0
5584,5_planet,False,,360,0,0
5584,7_planet,False,,360,0,0
5585,4_planet,False,,360,0,0
5585,5_planet,False,,360,0,0
5585,7_planet,False,,360,0,0
5586,4_planet,False,,360,0,0
5586,5_planet,False,,360,0,0
5586,7_planet,False,,360,0,0
5587,4_planet,False,,360,0,0
5587,5_planet,False,,360,0,0
5587,7_planet,False,,360,0,0
5588,4_planet,False,,360,0,0
5588,5_planet,False,,360,0,0
5588,7_planet,False,,360,0,0
5589,4_planet,False,,360,0,0
5589,5_planet,False,,360,0,0
5589,7_planet,False,,360,0,0
5590,4_planet,False,,360,0,0
5590,5_planet,False,,360,0,0
5590,7_planet,False,,360,0,0
5591,4_planet,False,,360,0,0
5591,5_planet,False,,360,0,0
5591,7_planet,False,,360,0,0
5592,4_planet,False,,360,0,0
5592,5_planet,False,,360,0,0
5592,7_planet,False,,360,0,0
5593,4_planet,False,,360,0,0
5593,5_planet,False,,360,0,0
5593,7_planet,False,,360,0,0
5594,4_planet,False,,360,0,0
5594,5_planet,False,,360,0,0
5594,7_planet,False,,360,0,0
5595,4_planet,False,,360,0,0
5595,5_planet,False,,360,0,0
5595,7_planet,False,,360,0,0
5596,4_planet,False,,360,0,0
5596,5_planet,False,,360,0,0
5596,7_planet,False,,360,0,0
5597,4_planet,False,,360,0,0
5597,5_planet,False,,360,0,0
5597,7_planet,False,,360,0,0
5598,4_planet,False,,360,0,0
5598,5_planet,False,,360,0,0
5598,7_planet,False,,360,0,0
5599,4_planet,False,,360,0,0
5599,5_planet,False,,360,0,0
5599,7_planet,False,,360,0,0
5600,4_planet,False,,360,0,0
5600,5_planet,False,,360,0,0
5600,7_planet,False,,360,0,0
5601,4_planet,False,,360,0,0
5601,5_planet,False,,360,0,0
5601,7_planet,False,,360,0,0
5602,4_planet,False,,360,0,0
5602,5_planet,False,,360,0,0
5602,7_planet,False,,360,0,0
5603,4_planet,False,,360,0,0
5603,5_planet,False,,360,0,0
5603,7_planet,False,,360,0,0
5604,4_planet,False,,360,0,0
5604,5_planet,False,,360,0,0
5604,7_planet,False,,360,0,0
5605,4_planet,False,,360,0,0
5605,5_planet,False,,360,0,0
5605,7_planet,False,,360,0,0
5606,4_planet,False,,360,0,0
5606,5_planet,False,,360,0,0
5606,7_planet,False,,360,0,0
5607,4_planet,False,,360,0,0
5607,5_planet,False,,360,0,0
5607,7_planet,False,,360,0,0
5608,4_planet,False,,360,0,0
5608,5_planet,False,,360,0,0
5608,7_planet,False,,360,0,0
5609,4_planet,False,,360,0,0
5609,5_planet,False,,360,0,0
5609,7_planet,False,,360,0,0
5610,4_planet,False,,360,0,0
5610,5_planet,False,,360,0,0
5610,7_planet,False,,360,0,0
5611,4_planet,False,,360,0,0
5611,5_planet,False,,360,0,0
5611,7_planet,False,,360,0,0
5612,4_planet,False,,360,0,0
5612,5_planet,False,,360,0,0
5612,7_planet,False,,360,0,0
5613,4_planet,False,,360,0,0
5613,5_planet,False,,360,0,0
5613,7_planet,False,,360,0,0
5614,4_planet,False,,360,0,0
5614,5_planet,False,,360,0,0
5614,7_planet,False,,360,0,0
5615,4_planet,False,,360,0,0
5615,5_planet,False,,360,0,0
5615,7_planet,False,,360,0,0
5616,4_planet,False,,360,0,0
5616,5_planet,False,,360,0,0
5616,7_planet,False,,360,0,0
5617,4_planet,False,,360,0,0
5617,5_planet,False,,360,0,0
5617,7_planet,False,,360,0,0
5618,4_planet,False,,360,0,0
5618,5_planet,False,,360,0,0
5618,7_planet,False,,360,0,0
5619,4_planet,False,,360,0,0
5619,5_planet,False,,360,0,0
5619,7_planet,False,,360,0,0
5620,4_planet,False,,360,0,0
5620,5_planet,False,,360,0,0
5620,7_planet,False,,360,0,0
5621,4_planet,False,,360,0,0
5621,5_planet,False,,360,0,0
5621,7_planet,False,,360,0,0
5622,4_planet,False,,360,0,0
5622,5_planet,False,,360,0,0
5622,7_planet,False,,360,0,0
5623,4_planet,False,,360,0,0
5623,5_planet,False,,360,0,0
5623,7_planet,False,,360,0,0
5624,4_planet,False,,360,0,0
5624,5_planet,False,,360,0,0
5624,7_planet,False,,360,0,0
5625,4_planet,False,,360,0,0
5625,5_planet,False,,360,0,0
5625,7_planet,False,,360,0,0
5626,4_planet,False,,360,0,0
5626,5_planet,False,,360,0,0
5626,7_planet,False,,360,0,0
5627,4_planet,False,,360,0,0
5627,5_planet,False,,360,0,0
5627,7_planet,False,,360,0,0
5628,4_planet,False,,360,0,0
5628,5_planet,False,,360,0,0
5628,7_planet,False,,360,0,0
5629,4_planet,False,,360,0,0
5629,5_planet,False,,360,0,0
5629,7_planet,False,,360,0,0
5630,4_planet,False,,360,0,0
5630,5_planet,False,,360,0,0
5630,7_planet,False,,360,0,0
5631,4_planet,False,,360,0,0
5631,5_planet,False,,360,0,0
5631,7_planet,False,,360,0,0
5632,4_planet,False,,360,0,0
5632,5_planet,False,,360,0,0
5632,7_planet,False,,360,0,0
5633,4_planet,False,,360,0,0
5633,5_planet,False,,360,0,0
5633,7_planet,False,,360,0,0
5634,4_planet,False,,360,0,0
5634,5_planet,False,,360,0,0
5634,7_planet,False,,360,0,0
5635,4_planet,False,,360,0,0
5635,5_planet,False,,360,0,0
5635,7_planet,False,,360,0,0
5636,4_planet,False,,360,0,0
5636,5_planet,False,,360,0,0
5636,7_planet,False,,360,0,0
5637,4_planet,False,,360,0,0
5637,5_planet,False,,360,0,0
5637,7_planet,False,,360,0,0
5638,4_planet,False,,360,0,0
5638,5_planet,False,,360,0,0
5638,7_planet,False,,360,0,0
5639,4_planet,False,,360,0,0
5639,5_planet,False,,360,0,0
5639,7_planet,False,,360,0,0
5640,4_planet,False,,360,0,0
5640,5_planet,False,,360,0,0
5640,7_planet,False,,360,0,0
5641,4_planet,False,,360,0,0
5641,5_planet,False,,360,0,0
5641,7_planet,False,,360,0,0
5642,4_planet,False,,360,0,0
5642,5_planet,False,,360,0,0
5642,7_planet,False,,360,0,0
5643,4_planet,False,,360,0,0
5643,5_planet,False,,360,0,0
5643,7_planet,False,,360,0,0
5644,4_planet,False,,360,0,0
5644,5_planet,False,,360,0,0
5644,7_planet,False,,360,0,0
5645,4_planet,False,,360,0,0
5645,5_planet,False,,360,0,0
5645,7_planet,False,,360,0,0
5646,4_planet,False,,360,0,0
5646,5_planet,False,,360,0,0
5646,7_planet,False,,360,0,0
5647,4_planet,False,,360,0,0
5647,5_planet,False,,360,0,0
5647,7_planet,False,,360,0,0
5648,4_planet,False,,360,0,0
5648,5_planet,False,,360,0,0
5648,7_planet,False,,360,0,0
5649,4_planet,False,,360,0,0
5649,5_planet,False,,360,0,0
5649,7_planet,False,,360,0,0
5650,4_planet,False,,360,0,0
5650,5_planet,False,,360,0,0
5650,7_planet,False,,360,0,0
5651,4_planet,False,,360,0,0
5651,5_planet,False,,360,0,0
5651,7_planet,False,,360,0,0
5652,4_planet,False,,360,0,0
5652,5_planet,False,,360,0,0
5652,7_planet,False,,360,0,0
5653,4_planet,False,,360,0,0
5653,5_planet,False,,360,0,0
5653,7_planet,False,,360,0,0
5654,4_planet,False,,360,0,0
5654,5_planet,False,,360,0,0
5654,7_planet,False,,360,0,0
5655,4_planet,False,,360,0,0
5655,5_planet,False,,360,0,0
5655,7_planet,False,,360,0,0
5656,4_planet,False,,360,0,0
5656,5_planet,False,,360,0,0
5656,7_planet,False,,360,0,0
5657,4_planet,False,,360,0,0
5657,5_planet,False,,360,0,0
5657,7_planet,False,,360,0,0
5658,4_planet,False,,360,0,0
5658,5_planet,False,,360,0,0
5658,7_planet,False,,360,0,0
5659,4_planet,False,,360,0,0
5659,5_planet,False,,360,0,0
5659,7_planet,False,,360,0,0
5660,4_planet,False,,360,0,0
5660,5_planet,False,,360,0,0
5660,7_planet,False,,360,0,0
5661,4_planet,False,,360,0,0
5661,5_planet,False,,360,0,0
5661,7_planet,False,,360,0,0
5662,4_planet,False,,360,0,0
5662,5_planet,False,,360,0,0
5662,7_planet,False,,360,0,0
5663,4_planet,False,,360,0,0
5663,5_planet,False,,360,0,0
5663,7_planet,False,,360,0,0
5664,4_planet,False,,360,0,0
5664,5_planet,False,,360,0,0
5664,7_planet,False,,360,0,0
5665,4_planet,False,,360,0,0
5665,5_planet,False,,360,0,0
5665,7_planet,False,,360,0,0
5666,4_planet,False,,360,0,0
5666,5_planet,False,,360,0,0
5666,7_planet,False,,360,0,0
5667,4_planet,False,,360,0,0
5667,5_planet,False,,360,0,0
5667,7_planet,False,,360,0,0
5668,4_planet,False,,360,0,0
5668,5_planet,False,,360,0,0
5668,7_planet,False,,360,0,0
5669,4_planet,False,,360,0,0
5669,5_planet,False,,360,0,0
5669,7_planet,False,,360,0,0
5670,4_planet,False,,360,0,0
5670,5_planet,False,,360,0,0
5670,7_planet,False,,360,0,0
5671,4_planet,False,,360,0,0
5671,5_planet,False,,360,0,0
5671,7_planet,False,,360,0,0
5672,4_planet,False,,360,0,0
5672,5_planet,False,,360,0,0
5672,7_planet,False,,360,0,0
5673,4_planet,False,,360,0,0
5673,5_planet,False,,360,0,0
5673,7_planet,False,,360,0,0
5674,4_planet,False,,360,0,0
5674,5_planet,False,,360,0,0
5674,7_planet,False,,360,0,0
5675,4_planet,False,,360,0,0
5675,5_planet,False,,360,0,0
5675,7_planet,False,,360,0,0
5676,4_planet,False,,360,0,0
5676,5_planet,False,,360,0,0
5676,7_planet,False,,360,0,0
5677,4_planet,False,,360,0,0
5677,5_planet,False,,360,0,0
5677,7_planet,False,,360,0,0
5678,4_planet,False,,360,0,0
5678,5_planet,False,,360,0,0
5678,7_planet,False,,360,0,0
5679,4_planet,False,,360,0,0
5679,5_planet,False,,360,0,0
5679,7_planet,False,,360,0,0
5680,4_planet,False,,360,0,0
5680,5_planet,False,,360,0,0
5680,7_planet,False,,360,0,0
5681,4_planet,False,,360,0,0
5681,5_planet,False,,360,0,0
5681,7_planet,False,,360,0,0
5682,4_planet,False,,360,0,0
5682,5_planet,False,,360,0,0
5682,7_planet,False,,360,0,0
5683,4_planet,False,,360,0,0
5683,5_planet,False,,360,0,0
5683,7_planet,False,,360,0,0
5684,4_planet,False,,360,0,0
5684,5_planet,False,,360,0,0
5684,7_planet,False,,360,0,0
5685,4_planet,False,,360,0,0
5685,5_planet,False,,360,0,0
5685,7_planet,False,,360,0,0
5686,4_planet,False,,360,0,0
5686,5_planet,False,,360,0,0
5686,7_planet,False,,360,0,0
5687,4_planet,False,,360,0,0
5687,5_planet,False,,360,0,0
5687,7_planet,False,,360,0,0
5688,4_planet,False,,360,0,0
5688,5_planet,False,,360,0,0
5688,7_planet,False,,360,0,0
5689,4_planet,False,,360,0,0
5689,5_planet,False,,360,0,0
5689,7_planet,False,,360,0,0
5690,4_planet,False,,360,0,0
5690,5_planet,False,,360,0,0
5690,7_planet,False,,360,0,0
5691,4_planet,False,,360,0,0
5691,5_planet,False,,360,0,0
5691,7_planet,False,,360,0,0
5692,4_planet,False,,360,0,0
5692,5_planet,False,,360,0,0
5692,7_planet,False,,360,0,0
5693,4_planet,False,,360,0,0
5693,5_planet,False,,360,0,0
5693,7_planet,False,,360,0,0
5694,4_planet,False,,360,0,0
5694,5_planet,False,,360,0,0
5694,7_planet,False,,360,0,0
5695,4_planet,False,,360,0,0
5695,5_planet,False,,360,0,0
5695,7_planet,False,,360,0,0
5696,4_planet,False,,360,0,0
5696,5_planet,False,,360,0,0
5696,7_planet,False,,360,0,0
5697,4_planet,False,,360,0,0
5697,5_planet,False,,360,0,0
5697,7_planet,False,,360,0,0
5698,4_planet,False,,360,0,0
5698,5_planet,False,,360,0,0
5698,7_planet,False,,360,0,0
5699,4_planet,False,,360,0,0
5699,5_planet,False,,360,0,0
5699,7_planet,False,,360,0,0
5700,4_planet,False,,360,0,0
5700,5_planet,False,,360,0,0
5700,7_planet,False,,360,0,0
5701,4_planet,False,,360,0,0
5701,5_planet,False,,360,0,0
5701,7_planet,False,,360,0,0
5702,4_planet,False,,360,0,0
5702,5_planet,False,,360,0,0
5702,7_planet,False,,360,0,0
5703,4_planet,False,,360,0,0
5703,5_planet,False,,360,0,0
5703,7_planet,False,,360,0,0
5704,4_planet,False,,360,0,0
5704,5_planet,False,,360,0,0
5704,7_planet,False,,360,0,0
5705,4_planet,False,,360,0,0
5705,5_planet,False,,360,0,0
5705,7_planet,False,,360,0,0
5706,4_planet,False,,360,0,0
5706,5_planet,False,,360,0,0
5706,7_planet,False,,360,0,0
5707,4_planet,False,,360,0,0
5707,5_planet,False,,360,0,0
5707,7_planet,False,,360,0,0
5708,4_planet,False,,360,0,0
5708,5_planet,False,,360,0,0
5708,7_planet,False,,360,0,0
5709,4_planet,False,,360,0,0
5709,5_planet,False,,360,0,0
5709,7_planet,False,,360,0,0
5710,4_planet,False,,360,0,0
5710,5_planet,False,,360,0,0
5710,7_planet,False,,360,0,0
5711,4_planet,False,,360,0,0
5711,5_planet,False,,360,0,0
5711,7_planet,False,,360,0,0
5712,4_planet,False,,360,0,0
5712,5_planet,False,,360,0,0
5712,7_planet,False,,360,0,0
5713,4_planet,False,,360,0,0
5713,5_planet,False,,360,0,0
5713,7_planet,False,,360,0,0
5714,4_planet,False,,360,0,0
5714,5_planet,False,,360,0,0
5714,7_planet,False,,360,0,0
5715,4_planet,False,,360,0,0
5715,5_planet,False,,360,0,0
5715,7_planet,False,,360,0,0
5716,4_planet,False,,360,0,0
5716,5_planet,False,,360,0,0
5716,7_planet,False,,360,0,0
5717,4_planet,False,,360,0,0
5717,5_planet,False,,360,0,0
5717,7_planet,False,,360,0,0
5718,4_planet,False,,360,0,0
5718,5_planet,False,,360,0,0
5718,7_planet,False,,360,0,0
5719,4_planet,False,,360,0,0
5719,5_planet,False,,360,0,0
5719,7_planet,False,,360,0,0
5720,4_planet,False,,360,0,0
5720,5_planet,False,,360,0,0
5720,7_planet,False,,360,0,0
5721,4_planet,False,,360,0,0
5721,5_planet,False,,360,0,0
5721,7_planet,False,,360,0,0
5722,4_planet,False,,360,0,0
5722,5_planet,False,,360,0,0
5722,7_planet,False,,360,0,0
5723,4_planet,False,,360,0,0
5723,5_planet,False,,360,0,0
5723,7_planet,False,,360,0,0
5724,4_planet,False,,360,0,0
5724,5_planet,False,,360,0,0
5724,7_planet,False,,360,0,0
5725,4_planet,False,,360,0,0
5725,5_planet,False,,360,0,0
5725,7_planet,False,,360,0,0
5726,4_planet,False,,360,0,0
5726,5_planet,False,,360,0,0
5726,7_planet,False,,360,0,0
5727,4_planet,False,,360,0,0
5727,5_planet,False,,360,0,0
5727,7_planet,False,,360,0,0
5728,4_planet,False,,360,0,0
5728,5_planet,False,,360,0,0
5728,7_planet,False,,360,0,0
5729,4_planet,False,,360,0,0
5729,5_planet,False,,360,0,0
5729,7_planet,False,,360,0,0
5730,4_planet,False,,360,0,0
5730,5_planet,False,,360,0,0
5730,7_planet,False,,360,0,0
5731,4_planet,False,,360,0,0
5731,5_planet,False,,360,0,0
5731,7_planet,False,,360,0,0
5732,4_planet,False,,360,0,0
5732,5_planet,False,,360,0,0
5732,7_planet,False,,360,0,0
5733,4_planet,False,,360,0,0
5733,5_planet,False,,360,0,0
5733,7_planet,False,,360,0,0
5734,4_planet,False,,360,0,0
5734,5_planet,False,,360,0,0
5734,7_planet,False,,360,0,0
5735,4_planet,False,,360,0,0
5735,5_planet,False,,360,0,0
5735,7_planet,False,,360,0,0
5736,4_planet,False,,360,0,0
5736,5_planet,False,,360,0,0
5736,7_planet,False,,360,0,0
5737,4_planet,False,,360,0,0
5737,5_planet,False,,360,0,0
5737,7_planet,False,,360,0,0
5738,4_planet,False,,360,0,0
5738,5_planet,False,,360,0,0
5738,7_planet,False,,360,0,0
5739,4_planet,False,,360,0,0
5739,5_planet,False,,360,0,0
5739,7_planet,False,,360,0,0
5740,4_planet,False,,360,0,0
5740,5_planet,False,,360,0,0
5740,7_planet,False,,360,0,0
5741,4_planet,False,,360,0,0
5741,5_planet,False,,360,0,0
5741,7_planet,False,,360,0,0
5742,4_planet,False,,360,0,0
5742,5_planet,False,,360,0,0
5742,7_planet,False,,360,0,0
5743,4_planet,False,,360,0,0
5743,5_planet,False,,360,0,0
5743,7_planet,False,,360,0,0
5744,4_planet,False,,360,0,0
5744,5_planet,False,,360,0,0
5744,7_planet,False,,360,0,0
5745,4_planet,False,,360,0,0
5745,5_planet,False,,360,0,0
5745,7_planet,False,,360,0,0
5746,4_planet,False,,360,0,0
5746,5_planet,False,,360,0,0
5746,7_planet,False,,360,0,0
5747,4_planet,False,,360,0,0
5747,5_planet,False,,360,0,0
5747,7_planet,False,,360,0,0
5748,4_planet,False,,360,0,0
5748,5_planet,False,,360,0,0
5748,7_planet,False,,360,0,0
5749,4_planet,False,,360,0,0
5749,5_planet,False,,360,0,0
5749,7_planet,False,,360,0,0
5750,4_planet,False,,360,0,0
5750,5_planet,False,,360,0,0
5750,7_planet,False,,360,0,0
5751,4_planet,False,,360,0,0
5751,5_planet,False,,360,0,0
5751,7_planet,False,,360,0,0
5752,4_planet,False,,360,0,0
5752,5_planet,False,,360,0,0
5752,7_planet,False,,360,0,0
5753,4_planet,False,,360,0,0
5753,5_planet,False,,360,0,0
5753,7_planet,False,,360,0,0
5754,4_planet,False,,360,0,0
5754,5_planet,False,,360,0,0
5754,7_planet,False,,360,0,0
5755,4_planet,False,,360,0,0
5755,5_planet,False,,360,0,0
5755,7_planet,False,,360,0,0
5756,4_planet,False,,360,0,0
5756,5_planet,False,,360,0,0
5756,7_planet,False,,360,0,0
5757,4_planet,False,,360,0,0
5757,5_planet,False,,360,0,0
5757,7_planet,False,,360,0,0
5758,4_planet,False,,360,0,0
5758,5_planet,False,,360,0,0
5758,7_planet,False,,360,0,0
5759,4_planet,False,,360,0,0
5759,5_planet,False,,360,0,0
5759,7_planet,False,,360,0,0
5760,4_planet,False,,360,0,0
5760,5_planet,False,,360,0,0
5760,7_planet,False,,360,0,0
5761,4_planet,False,,360,0,0
5761,5_planet,False,,360,0,0
5761,7_planet,False,,360,0,0
5762,4_planet,False,,360,0,0
5762,5_planet,False,,360,0,0
5762,7_planet,False,,360,0,0
5763,4_planet,False,,360,0,0
5763,5_planet,False,,360,0,0
5763,7_planet,False,,360,0,0
5764,4_planet,False,,360,0,0
5764,5_planet,False,,360,0,0
5764,7_planet,False,,360,0,0
5765,4_planet,False,,360,0,0
5765,5_planet,False,,360,0,0
5765,7_planet,False,,360,0,0
5766,4_planet,False,,360,0,0
5766,5_planet,False,,360,0,0
5766,7_planet,False,,360,0,0
5767,4_planet,False,,360,0,0
5767,5_planet,False,,360,0,0
5767,7_planet,False,,360,0,0
5768,4_planet,False,,360,0,0
5768,5_planet,False,,360,0,0
5768,7_planet,False,,360,0,0
5769,4_planet,False,,360,0,0
5769,5_planet,False,,360,0,0
5769,7_planet,False,,360,0,0
5770,4_planet,False,,360,0,0
5770,5_planet,False,,360,0,0
5770,7_planet,False,,360,0,0
5771,4_planet,False,,360,0,0
5771,5_planet,False,,360,0,0
5771,7_planet,False,,360,0,0
5772,4_planet,False,,360,0,0
5772,5_planet,False,,360,0,0
5772,7_planet,False,,360,0,0
5773,4_planet,False,,360,0,0
5773,5_planet,False,,360,0,0
5773,7_planet,False,,360,0,0
5774,4_planet,False,,360,0,0
5774,5_planet,False,,360,0,0
5774,7_planet,False,,360,0,0
5775,4_planet,False,,360,0,0
5775,5_planet,False,,360,0,0
5775,7_planet,False,,360,0,0
5776,4_planet,False,,360,0,0
5776,5_planet,False,,360,0,0
5776,7_planet,False,,360,0,0
5777,4_planet,False,,360,0,0
5777,5_planet,False,,360,0,0
5777,7_planet,False,,360,0,0
5778,4_planet,False,,360,0,0
5778,5_planet,False,,360,0,0
5778,7_planet,False,,360,0,0
5779,4_planet,False,,360,0,0
5779,5_planet,False,,360,0,0
5779,7_planet,False,,360,0,0
5780,4_planet,False,,360,0,0
5780,5_planet,False,,360,0,0
5780,7_planet,False,,360,0,0
5781,4_planet,False,,360,0,0
5781,5_planet,False,,360,0,0
5781,7_planet,False,,360,0,0
5782,4_planet,False,,360,0,0
5782,5_planet,False,,360,0,0
5782,7_planet,False,,360,0,0
5783,4_planet,False,,360,0,0
5783,5_planet,False,,360,0,0
5783,7_planet,False,,360,0,0
5784,4_planet,False,,360,0,0
5784,5_planet,False,,360,0,0
5784,7_planet,False,,360,0,0
5785,4_planet,False,,360,0,0
5785,5_planet,False,,360,0,0
5785,7_planet,False,,360,0,0
5786,4_planet,False,,360,0,0
5786,5_planet,False,,360,0,0
5786,7_planet,False,,360,0,0
5787,4_planet,False,,360,0,0
5787,5_planet,False,,360,0,0
5787,7_planet,False,,360,0,0
5788,4_planet,False,,360,0,0
5788,5_planet,False,,360,0,0
5788,7_planet,False,,360,0,0
5789,4_planet,False,,360,0,0
5789,5_planet,False,,360,0,0
5789,7_planet,False,,360,0,0
5790,4_planet,False,,360,0,0
5790,5_planet,False,,360,0,0
5790,7_planet,False,,360,0,0
5791,4_planet,False,,360,0,0
5791,5_planet,False,,360,0,0
5791,7_planet,False,,360,0,0
5792,4_planet,False,,360,0,0
5792,5_planet,False,,360,0,0
5792,7_planet,False,,360,0,0
5793,4_planet,False,,360,0,0
5793,5_planet,False,,360,0,0
5793,7_planet,False,,360,0,0
5794,4_planet,False,,360,0,0
5794,5_planet,False,,360,0,0
5794,7_planet,False,,360,0,0
5795,4_planet,False,,360,0,0
5795,5_planet,False,,360,0,0
5795,7_planet,False,,360,0,0
5796,4_planet,False,,360,0,0
5796,5_planet,False,,360,0,0
5796,7_planet,False,,360,0,0
5797,4_planet,False,,360,0,0
5797,5_planet,False,,360,0,0
5797,7_planet,False,,360,0,0
5798,4_planet,False,,360,0,0
5798,5_planet,False,,360,0,0
5798,7_planet,False,,360,0,0
5799,4_planet,False,,360,0,0
5799,5_planet,False,,360,0,0
5799,7_planet,False,,360,0,0
5800,4_planet,False,,360,0,0
5800,5_planet,False,,360,0,0
5800,7_planet,False,,360,0,0
5801,4_planet,False,,360,0,0
5801,5_planet,False,,360,0,0
5801,7_planet,False,,360,0,0
5802,4_planet,False,,360,0,0
5802,5_planet,False,,360,0,0
5802,7_planet,False,,360,0,0
5803,4_planet,False,,360,0,0
5803,5_planet,False,,360,0,0
5803,7_planet,False,,360,0,0
5804,4_planet,False,,360,0,0
5804,5_planet,False,,360,0,0
5804,7_planet,False,,360,0,0
5805,4_planet,False,,360,0,0
5805,5_planet,False,,360,0,0
5805,7_planet,False,,360,0,0
5806,4_planet,False,,360,0,0
5806,5_planet,False,,360,0,0
5806,7_planet,False,,360,0,0
5807,4_planet,False,,360,0,0
5807,5_planet,False,,360,0,0
5807,7_planet,False,,360,0,0
5808,4_planet,False,,360,0,0
5808,5_planet,False,,360,0,0
5808,7_planet,False,,360,0,0
5809,4_planet,False,,360,0,0
5809,5_planet,False,,360,0,0
5809,7_planet,False,,360,0,0
5810,4_planet,False,,360,0,0
5810,5_planet,False,,360,0,0
5810,7_planet,False,,360,0,0
5811,4_planet,False,,360,0,0
5811,5_planet,False,,360,0,0
5811,7_planet,False,,360,0,0
5812,4_planet,False,,360,0,0
5812,5_planet,False,,360,0,0
5812,7_planet,False,,360,0,0
5813,4_planet,False,,360,0,0
5813,5_planet,False,,360,0,0
5813,7_planet,False,,360,0,0
5814,4_planet,False,,360,0,0
5814,5_planet,False,,360,0,0
5814,7_planet,False,,360,0,0
5815,4_planet,False,,360,0,0
5815,5_planet,False,,360,0,0
5815,7_planet,False,,360,0,0
5816,4_planet,False,,360,0,0
5816,5_planet,False,,360,0,0
5816,7_planet,False,,360,0,0
5817,4_planet,False,,360,0,0
5817,5_planet,False,,360,0,0
5817,7_planet,False,,360,0,0
5818,4_planet,False,,360,0,0
5818,5_planet,False,,360,0,0
5818,7_planet,False,,360,0,0
5819,4_planet,False,,360,0,0
5819,5_planet,False,,360,0,0
5819,7_planet,False,,360,0,0
5820,4_planet,False,,360,0,0
5820,5_planet,False,,360,0,0
5820,7_planet,False,,360,0,0
5821,4_planet,False,,360,0,0
5821,5_planet,False,,360,0,0
5821,7_planet,False,,360,0,0
5822,4_planet,False,,360,0,0
5822,5_planet,False,,360,0,0
5822,7_planet,False,,360,0,0
5823,4_planet,False,,360,0,0
5823,5_planet,False,,360,0,0
5823,7_planet,False,,360,0,0
5824,4_planet,False,,360,0,0
5824,5_planet,False,,360,0,0
5824,7_planet,False,,360,0,0
5825,4_planet,False,,360,0,0
5825,5_planet,False,,360,0,0
5825,7_planet,False,,360,0,0
5826,4_planet,False,,360,0,0
5826,5_planet,False,,360,0,0
5826,7_planet,False,,360,0,0
5827,4_planet,False,,360,0,0
5827,5_planet,False,,360,0,0
5827,7_planet,False,,360,0,0
5828,4_planet,False,,360,0,0
5828,5_planet,False,,360,0,0
5828,7_planet,False,,360,0,0
5829,4_planet,False,,360,0,0
5829,5_planet,False,,360,0,0
5829,7_planet,False,,360,0,0
5830,4_planet,False,,360,0,0
5830,5_planet,False,,360,0,0
5830,7_planet,False,,360,0,0
5831,4_planet,False,,360,0,0
5831,5_planet,False,,360,0,0
5831,7_planet,False,,360,0,0
5832,4_planet,False,,360,0,0
5832,5_planet,False,,360,0,0
5832,7_planet,False,,360,0,0
5833,4_planet,False,,360,0,0
5833,5_planet,False,,360,0,0
5833,7_planet,False,,360,0,0
5834,4_planet,False,,360,0,0
5834,5_planet,False,,360,0,0
5834,7_planet,False,,360,0,0
5835,4_planet,False,,360,0,0
5835,5_planet,False,,360,0,0
5835,7_planet,False,,360,0,0
5836,4_planet,False,,360,0,0
5836,5_planet,False,,360,0,0
5836,7_planet,False,,360,0,0
5837,4_planet,False,,360,0,0
5837,5_planet,False,,360,0,0
5837,7_planet,False,,360,0,0
5838,4_planet,False,,360,0,0
5838,5_planet,False,,360,0,0
5838,7_planet,False,,360,0,0
5839,4_planet,False,,360,0,0
5839,5_planet,False,,360,0,0
5839,7_planet,False,,360,0,0
5840,4_planet,False,,360,0,0
5840,5_planet,False,,360,0,0
5840,7_planet,False,,360,0,0
5841,4_planet,False,,360,0,0
5841,5_planet,False,,360,0,0
5841,7_planet,False,,360,0,0
5842,4_planet,False,,360,0,0
5842,5_planet,False,,360,0,0
5842,7_planet,False,,360,0,0
5843,4_planet,False,,360,0,0
5843,5_planet,False,,360,0,0
5843,7_planet,False,,360,0,0
5844,4_planet,False,,360,0,0
5844,5_planet,False,,360,0,0
5844,7_planet,False,,360,0,0
5845,4_planet,False,,360,0,0
5845,5_planet,False,,360,0,0
5845,7_planet,False,,360,0,0
5846,4_planet,False,,360,0,0
5846,5_planet,False,,360,0,0
5846,7_planet,False,,360,0,0
5847,4_planet,False,,360,0,0
5847,5_planet,False,,360,0,0
5847,7_planet,False,,360,0,0
5848,4_planet,False,,360,0,0
5848,5_planet,False,,360,0,0
5848,7_planet,False,,360,0,0
5849,4_planet,False,,360,0,0
5849,5_planet,False,,360,0,0
5849,7_planet,False,,360,0,0
5850,4_planet,False,,360,0,0
5850,5_planet,False,,360,0,0
5850,7_planet,False,,360,0,0
5851,4_planet,False,,360,0,0
5851,5_planet,False,,360,0,0
5851,7_planet,False,,360,0,0
5852,4_planet,False,,360,0,0
5852,5_planet,False,,360,0,0
5852,7_planet,False,,360,0,0
5853,4_planet,False,,360,0,0
5853,5_planet,False,,360,0,0
5853,7_planet,False,,360,0,0
5854,4_planet,False,,360,0,0
5854,5_planet,False,,360,0,0
5854,7_planet,False,,360,0,0
5855,4_planet,False,,360,0,0
5855,5_planet,False,,360,0,0
5855,7_planet,False,,360,0,0
5856,4_planet,False,,360,0,0
5856,5_planet,False,,360,0,0
5856,7_planet,False,,360,0,0
5857,4_planet,False,,360,0,0
5857,5_planet,False,,360,0,0
5857,7_planet,False,,360,0,0
5858,4_planet,False,,360,0,0
5858,5_planet,False,,360,0,0
5858,7_planet,False,,360,0,0
5859,4_planet,False,,360,0,0
5859,5_planet,False,,360,0,0
5859,7_planet,False,,360,0,0
5860,4_planet,False,,360,0,0
5860,5_planet,False,,360,0,0
5860,7_planet,False,,360,0,0
5861,4_planet,False,,360,0,0
5861,5_planet,False,,360,0,0
5861,7_planet,False,,360,0,0
5862,4_planet,False,,360,0,0
5862,5_planet,False,,360,0,0
5862,7_planet,False,,360,0,0
5863,4_planet,False,,360,0,0
5863,5_planet,False,,360,0,0
5863,7_planet,False,,360,0,0
5864,4_planet,False,,360,0,0
5864,5_planet,False,,360,0,0
5864,7_planet,False,,360,0,0
5865,4_planet,False,,360,0,0
5865,5_planet,False,,360,0,0
5865,7_planet,False,,360,0,0
5866,4_planet,False,,360,0,0
5866,5_planet,False,,360,0,0
5866,7_planet,False,,360,0,0
5867,4_planet,False,,360,0,0
5867,5_planet,False,,360,0,0
5867,7_planet,False,,360,0,0
5868,4_planet,False,,360,0,0
5868,5_planet,False,,360,0,0
5868,7_planet,False,,360,0,0
5869,4_planet,False,,360,0,0
5869,5_planet,False,,360,0,0
5869,7_planet,False,,360,0,0
5870,4_planet,False,,360,0,0
5870,5_planet,False,,360,0,0
5870,7_planet,False,,360,0,0
5871,4_planet,False,,360,0,0
5871,5_planet,False,,360,0,0
5871,7_planet,False,,360,0,0
5872,4_planet,False,,360,0,0
5872,5_planet,False,,360,0,0
5872,7_planet,False,,360,0,0
5873,4_planet,False,,360,0,0
5873,5_planet,False,,360,0,0
5873,7_planet,False,,360,0,0
5874,4_planet,False,,360,0,0
5874,5_planet,False,,360,0,0
5874,7_planet,False,,360,0,0
5875,4_planet,False,,360,0,0
5875,5_planet,False,,360,0,0
5875,7_planet,False,,360,0,0
5876,4_planet,False,,360,0,0
5876,5_planet,False,,360,0,0
5876,7_planet,False,,360,0,0
5877,4_planet,False,,360,0,0
5877,5_planet,False,,360,0,0
5877,7_planet,False,,360,0,0
5878,4_planet,False,,360,0,0
5878,5_planet,False,,360,0,0
5878,7_planet,False,,360,0,0
5879,4_planet,False,,360,0,0
5879,5_planet,False,,360,0,0
5879,7_planet,False,,360,0,0
5880,4_planet,False,,360,0,0
5880,5_planet,False,,360,0,0
5880,7_planet,False,,360,0,0
5881,4_planet,False,,360,0,0
5881,5_planet,False,,360,0,0
5881,7_planet,False,,360,0,0
5882,4_planet,False,,360,0,0
5882,5_planet,False,,360,0,0
5882,7_planet,False,,360,0,0
5883,4_planet,False,,360,0,0
5883,5_planet,False,,360,0,0
5883,7_planet,False,,360,0,0
5884,4_planet,False,,360,0,0
5884,5_planet,False,,360,0,0
5884,7_planet,False,,360,0,0
5885,4_planet,False,,360,0,0
5885,5_planet,False,,360,0,0
5885,7_planet,False,,360,0,0
5886,4_planet,False,,360,0,0
5886,5_planet,False,,360,0,0
5886,7_planet,False,,360,0,0
5887,4_planet,False,,360,0,0
5887,5_planet,False,,360,0,0
5887,7_planet,False,,360,0,0
5888,4_planet,False,,360,0,0
5888,5_planet,False,,360,0,0
5888,7_planet,False,,360,0,0
5889,4_planet,False,,360,0,0
5889,5_planet,False,,360,0,0
5889,7_planet,False,,360,0,0
5890,4_planet,False,,360,0,0
5890,5_planet,False,,360,0,0
5890,7_planet,False,,360,0,0
5891,4_planet,False,,360,0,0
5891,5_planet,False,,360,0,0
5891,7_planet,False,,360,0,0
5892,4_planet,False,,360,0,0
5892,5_planet,False,,360,0,0
5892,7_planet,False,,360,0,0
5893,4_planet,False,,360,0,0
5893,5_planet,False,,360,0,0
5893,7_planet,False,,360,0,0
5894,4_planet,False,,360,0,0
5894,5_planet,False,,360,0,0
5894,7_planet,False,,360,0,0
5895,4_planet,False,,360,0,0
5895,5_planet,False,,360,0,0
5895,7_planet,False,,360,0,0
5896,4_planet,False,,360,0,0
5896,5_planet,False,,360,0,0
5896,7_planet,False,,360,0,0
5897,4_planet,False,,360,0,0
5897,5_planet,False,,360,0,0
5897,7_planet,False,,360,0,0
5898,4_planet,False,,360,0,0
5898,5_planet,False,,360,0,0
5898,7_planet,False,,360,0,0
5899,4_planet,False,,360,0,0
5899,5_planet,False,,360,0,0
5899,7_planet,False,,360,0,0
5900,4_planet,False,,360,0,0
5900,5_planet,False,,360,0,0
5900,7_planet,False,,360,0,0
5901,4_planet,False,,360,0,0
5901,5_planet,False,,360,0,0
5901,7_planet,False,,360,0,0
5902,4_planet,False,,360,0,0
5902,5_planet,False,,360,0,0
5902,7_planet,False,,360,0,0
5903,4_planet,False,,360,0,0
5903,5_planet,False,,360,0,0
5903,7_planet,False,,360,0,0
5904,4_planet,False,,360,0,0
5904,5_planet,False,,360,0,0
5904,7_planet,False,,360,0,0
5905,4_planet,False,,360,0,0
5905,5_planet,False,,360,0,0
5905,7_planet,False,,360,0,0
5906,4_planet,False,,360,0,0
5906,5_planet,False,,360,0,0
5906,7_planet,False,,360,0,0
5907,4_planet,False,,360,0,0
5907,5_planet,False,,360,0,0
5907,7_planet,False,,360,0,0
5908,4_planet,False,,360,0,0
5908,5_planet,False,,360,0,0
5908,7_planet,False,,360,0,0
5909,4_planet,False,,360,0,0
5909,5_planet,False,,360,0,0
5909,7_planet,False,,360,0,0
5910,4_planet,False,,360,0,0
5910,5_planet,False,,360,0,0
5910,7_planet,False,,360,0,0
5911,4_planet,False,,360,0,0
5911,5_planet,False,,360,0,0
5911,7_planet,False,,360,0,0
5912,4_planet,False,,360,0,0
5912,5_planet,False,,360,0,0
5912,7_planet,False,,360,0,0
5913,4_planet,False,,360,0,0
5913,5_planet,False,,360,0,0
5913,7_planet,False,,360,0,0
5914,4_planet,False,,360,0,0
5914,5_planet,False,,360,0,0
5914,7_planet,False,,360,0,0
5915,4_planet,False,,360,0,0
5915,5_planet,False,,360,0,0
5915,7_planet,False,,360,0,0
5916,4_planet,False,,360,0,0
5916,5_planet,False,,360,0,0
5916,7_planet,False,,360,0,0
5917,4_planet,False,,360,0,0
5917,5_planet,False,,360,0,0
5917,7_planet,False,,360,0,0
5918,4_planet,False,,360,0,0
5918,5_planet,False,,360,0,0
5918,7_planet,False,,360,0,0
5919,4_planet,False,,360,0,0
5919,5_planet,False,,360,0,0
5919,7_planet,False,,360,0,0
5920,4_planet,False,,360,0,0
5920,5_planet,False,,360,0,0
5920,7_planet,False,,360,0,0
5921,4_planet,False,,360,0,0
5921,5_planet,False,,360,0,0
5921,7_planet,False,,360,0,0
5922,4_planet,False,,360,0,0
5922,5_planet,False,,360,0,0
5922,7_planet,False,,360,0,0
5923,4_planet,False,,360,0,0
5923,5_planet,False,,360,0,0
5923,7_planet,False,,360,0,0
5924,4_planet,False,,360,0,0
5924,5_planet,False,,360,0,0
5924,7_planet,False,,360,0,0
5925,4_planet,False,,360,0,0
5925,5_planet,False,,360,0,0
5925,7_planet,False,,360,0,0
5926,4_planet,False,,360,0,0
5926,5_planet,False,,360,0,0
5926,7_planet,False,,360,0,0
5927,4_planet,False,,360,0,0
5927,5_planet,False,,360,0,0
5927,7_planet,False,,360,0,0
5928,4_planet,False,,360,0,0
5928,5_planet,False,,360,0,0
5928,7_planet,False,,360,0,0
5929,4_planet,False,,360,0,0
5929,5_planet,False,,360,0,0
5929,7_planet,False,,360,0,0
5930,4_planet,False,,360,0,0
5930,5_planet,False,,360,0,0
5930,7_planet,False,,360,0,0
5931,4_planet,False,,360,0,0
5931,5_planet,False,,360,0,0
5931,7_planet,False,,360,0,0
5932,4_planet,False,,360,0,0
5932,5_planet,False,,360,0,0
5932,7_planet,False,,360,0,0
5933,4_planet,False,,360,0,0
5933,5_planet,False,,360,0,0
5933,7_planet,False,,360,0,0
5934,4_planet,False,,360,0,0
5934,5_planet,False,,360,0,0
5934,7_planet,False,,360,0,0
5935,4_planet,False,,360,0,0
5935,5_planet,False,,360,0,0
5935,7_planet,False,,360,0,0
5936,4_planet,False,,360,0,0
5936,5_planet,False,,360,0,0
5936,7_planet,False,,360,0,0
5937,4_planet,False,,360,0,0
5937,5_planet,False,,360,0,0
5937,7_planet,False,,360,0,0
5938,4_planet,False,,360,0,0
5938,5_planet,False,,360,0,0
5938,7_planet,False,,360,0,0
5939,4_planet,False,,360,0,0
5939,5_planet,False,,360,0,0
5939,7_planet,False,,360,0,0
5940,4_planet,False,,360,0,0
5940,5_planet,False,,360,0,0
5940,7_planet,False,,360,0,0
5941,4_planet,False,,360,0,0
5941,5_planet,False,,360,0,0
5941,7_planet,False,,360,0,0
5942,4_planet,False,,360,0,0
5942,5_planet,False,,360,0,0
5942,7_planet,False,,360,0,0
5943,4_planet,False,,360,0,0
5943,5_planet,False,,360,0,0
5943,7_planet,False,,360,0,0
5944,4_planet,False,,360,0,0
5944,5_planet,False,,360,0,0
5944,7_planet,False,,360,0,0
5945,4_planet,False,,360,0,0
5945,5_planet,False,,360,0,0
5945,7_planet,False,,360,0,0
5946,4_planet,False,,360,0,0
5946,5_planet,False,,360,0,0
5946,7_planet,False,,360,0,0
5947,4_planet,False,,360,0,0
5947,5_planet,False,,360,0,0
5947,7_planet,False,,360,0,0
5948,4_planet,False,,360,0,0
5948,5_planet,False,,360,0,0
5948,7_planet,False,,360,0,0
5949,4_planet,False,,360,0,0
5949,5_planet,False,,360,0,0
5949,7_planet,False,,360,0,0
5950,4_planet,False,,360,0,0
5950,5_planet,False,,360,0,0
5950,7_planet,False,,360,0,0
5951,4_planet,False,,360,0,0
5951,5_planet,False,,360,0,0
5951,7_planet,False,,360,0,0
5952,4_planet,False,,360,0,0
5952,5_planet,False,,360,0,0
5952,7_planet,False,,360,0,0
5953,4_planet,False,,360,0,0
5953,5_planet,False,,360,0,0
5953,7_planet,False,,360,0,0
5954,4_planet,False,,360,0,0
5954,5_planet,False,,360,0,0
5954,7_planet,False,,360,0,0
5955,4_planet,False,,360,0,0
5955,5_planet,False,,360,0,0
5955,7_planet,False,,360,0,0
5956,4_planet,False,,360,0,0
5956,5_planet,False,,360,0,0
5956,7_planet,False,,360,0,0
5957,4_planet,False,,360,0,0
5957,5_planet,False,,360,0,0
5957,7_planet,False,,360,0,0
5958,4_planet,False,,360,0,0
5958,5_planet,False,,360,0,0
5958,7_planet,False,,360,0,0
5959,4_planet,False,,360,0,0
5959,5_planet,False,,360,0,0
5959,7_planet,False,,360,0,0
5960,4_planet,False,,360,0,0
5960,5_planet,False,,360,0,0
5960,7_planet,False,,360,0,0
5961,4_planet,False,,360,0,0
5961,5_planet,False,,360,0,0
5961,7_planet,False,,360,0,0
5962,4_planet,False,,360,0,0
5962,5_planet,False,,360,0,0
5962,7_planet,False,,360,0,0
5963,4_planet,False,,360,0,0
5963,5_planet,False,,360,0,0
5963,7_planet,False,,360,0,0
5964,4_planet,False,,360,0,0
5964,5_planet,False,,360,0,0
5964,7_planet,False,,360,0,0
5965,4_planet,False,,360,0,0
5965,5_planet,False,,360,0,0
5965,7_planet,False,,360,0,0
5966,4_planet,False,,360,0,0
5966,5_planet,False,,360,0,0
5966,7_planet,False,,360,0,0
5967,4_planet,False,,360,0,0
5967,5_planet,False,,360,0,0
5967,7_planet,False,,360,0,0
5968,4_planet,False,,360,0,0
5968,5_planet,False,,360,0,0
5968,7_planet,False,,360,0,0
5969,4_planet,False,,360,0,0
5969,5_planet,False,,360,0,0
5969,7_planet,False,,360,0,0
5970,4_planet,False,,360,0,0
5970,5_planet,False,,360,0,0
5970,7_planet,False,,360,0,0
5971,4_planet,False,,360,0,0
5971,5_planet,False,,360,0,0
5971,7_planet,False,,360,0,0
5972,4_planet,False,,360,0,0
5972,5_planet,False,,360,0,0
5972,7_planet,False,,360,0,0
5973,4_planet,False,,360,0,0
5973,5_planet,False,,360,0,0
5973,7_planet,False,,360,0,0
5974,4_planet,False,,360,0,0
5974,5_planet,False,,360,0,0
5974,7_planet,False,,360,0,0
5975,4_planet,False,,360,0,0
5975,5_planet,False,,360,0,0
5975,7_planet,False,,360,0,0
5976,4_planet,False,,360,0,0
5976,5_planet,False,,360,0,0
5976,7_planet,False,,360,0,0
5977,4_planet,False,,360,0,0
5977,5_planet,False,,360,0,0
5977,7_planet,False,,360,0,0
5978,4_planet,False,,360,0,0
5978,5_planet,False,,360,0,0
5978,7_planet,False,,360,0,0
5979,4_planet,False,,360,0,0
5979,5_planet,False,,360,0,0
5979,7_planet,False,,360,0,0
5980,4_planet,False,,360,0,0
5980,5_planet,False,,360,0,0
5980,7_planet,False,,360,0,0
5981,4_planet,False,,360,0,0
5981,5_planet,False,,360,0,0
5981,7_planet,False,,360,0,0
5982,4_planet,False,,360,0,0
5982,5_planet,False,,360,0,0
5982,7_planet,False,,360,0,0
5983,4_planet,False,,360,0,0
5983,5_planet,False,,360,0,0
5983,7_planet,True,"Saturn, Mercury, Sun, Jupiter, Moon, Venus, Mars",59.98,0.03,21.43
5984,4_planet,False,,360,0,0
5984,5_planet,False,,360,0,0
5984,7_planet,False,,360,0,0
5985,4_planet,False,,360,0,0
5985,5_planet,False,,360,0,0
5985,7_planet,False,,360,0,0
5986,4_planet,False,,360,0,0
5986,5_planet,False,,360,0,0
5986,7_planet,False,,360,0,0
5987,4_planet,False,,360,0,0
5987,5_planet,False,,360,0,0
5987,7_planet,False,,360,0,0
5988,4_planet,False,,360,0,0
5988,5_planet,False,,360,0,0
5988,7_planet,False,,360,0,0
5989,4_planet,False,,360,0,0
5989,5_planet,False,,360,0,0
5989,7_planet,False,,360,0,0
5990,4_planet,False,,360,0,0
5990,5_planet,False,,360,0,0
5990,7_planet,False,,360,0,0
5991,4_planet,False,,360,0,0
5991,5_planet,False,,360,0,0
5991,7_planet,False,,360,0,0
5992,4_planet,False,,360,0,0
5992,5_planet,False,,360,0,0
5992,7_planet,False,,360,0,0
5993,4_planet,False,,360,0,0
5993,5_planet,False,,360,0,0
5993,7_planet,False,,360,0,0
5994,4_planet,False,,360,0,0
5994,5_planet,False,,360,0,0
5994,7_planet,False,,360,0,0
5995,4_planet,False,,360,0,0
5995,5_planet,False,,360,0,0
5995,7_planet,False,,360,0,0
5996,4_planet,False,,360,0,0
5996,5_planet,False,,360,0,0
5996,7_planet,False,,360,0,0
5997,4_planet,False,,360,0,0
5997,5_planet,False,,360,0,0
5997,7_planet,False,,360,0,0
5998,4_planet,False,,360,0,0
5998,5_planet,False,,360,0,0
5998,7_planet,False,,360,0,0
5999,4_planet,False,,360,0,0
5999,5_planet,False,,360,0,0
5999,7_planet,False,,360,0,0
6000,4_planet,False,,360,0,0
6000,5_planet,False,,360,0,0
6000,7_planet,False,,360,0,0
6001,4_planet,False,,360,0,0
6001,5_planet,False,,360,0,0
6001,7_planet,False,,360,0,0
6002,4_planet,False,,360,0,0
6002,5_planet,False,,360,0,0
6002,7_planet,False,,360,0,0
6003,4_planet,False,,360,0,0
6003,5_planet,False,,360,0,0
6003,7_planet,False,,360,0,0
6004,4_planet,False,,360,0,0
6004,5_planet,False,,360,0,0
6004,7_planet,False,,360,0,0
6005,4_planet,False,,360,0,0
6005,5_planet,False,,360,0,0
6005,7_planet,False,,360,0,0
6006,4_planet,False,,360,0,0
6006,5_planet,False,,360,0,0
6006,7_planet,False,,360,0,0
6007,4_planet,False,,360,0,0
6007,5_planet,False,,360,0,0
6007,7_planet,False,,360,0,0
6008,4_planet,False,,360,0,0
6008,5_planet,False,,360,0,0
6008,7_planet,False,,360,0,0
6009,4_planet,False,,360,0,0
6009,5_planet,False,,360,0,0
6009,7_planet,False,,360,0,0
6010,4_planet,False,,360,0,0
6010,5_planet,False,,360,0,0
6010,7_planet,False,,360,0,0
6011,4_planet,False,,360,0,0
6011,5_planet,False,,360,0,0
6011,7_planet,False,,360,0,0
6012,4_planet,False,,360,0,0
6012,5_planet,False,,360,0,0
6012,7_planet,False,,360,0,0
6013,4_planet,False,,360,0,0
6013,5_planet,False,,360,0,0
6013,7_planet,False,,360,0,0
6014,4_planet,False,,360,0,0
6014,5_planet,False,,360,0,0
6014,7_planet,False,,360,0,0
6015,4_planet,False,,360,0,0
6015,5_planet,False,,360,0,0
6015,7_planet,False,,360,0,0
6016,4_planet,False,,360,0,0
6016,5_planet,False,,360,0,0
6016,7_planet,False,,360,0,0
6017,4_planet,False,,360,0,0
6017,5_planet,False,,360,0,0
6017,7_planet,False,,360,0,0
6018,4_planet,False,,360,0,0
6018,5_planet,False,,360,0,0
6018,7_planet,False,,360,0,0
6019,4_planet,False,,360,0,0
6019,5_planet,False,,360,0,0
6019,7_planet,False,,360,0,0
6020,4_planet,False,,360,0,0
6020,5_planet,False,,360,0,0
6020,7_planet,False,,360,0,0
6021,4_planet,False,,360,0,0
6021,5_planet,False,,360,0,0
6021,7_planet,False,,360,0,0
6022,4_planet,False,,360,0,0
6022,5_planet,False,,360,0,0
6022,7_planet,False,,360,0,0
6023,4_planet,False,,360,0,0
6023,5_planet,False,,360,0,0
6023,7_planet,False,,360,0,0
6024,4_planet,False,,360,0,0
6024,5_planet,False,,360,0,0
6024,7_planet,False,,360,0,0
6025,4_planet,False,,360,0,0
6025,5_planet,False,,360,0,0
6025,7_planet,False,,360,0,0
6026,4_planet,False,,360,0,0
6026,5_planet,False,,360,0,0
6026,7_planet,False,,360,0,0
6027,4_planet,False,,360,0,0
6027,5_planet,False,,360,0,0
6027,7_planet,False,,360,0,0
6028,4_planet,False,,360,0,0
6028,5_planet,False,,360,0,0
6028,7_planet,False,,360,0,0
6029,4_planet,False,,360,0,0
6029,5_planet,False,,360,0,0
6029,7_planet,False,,360,0,0
6030,4_planet,False,,360,0,0
6030,5_planet,False,,360,0,0
6030,7_planet,False,,360,0,0
6031,4_planet,False,,360,0,0
6031,5_planet,False,,360,0,0
6031,7_planet,False,,360,0,0
6032,4_planet,False,,360,0,0
6032,5_planet,False,,360,0,0
6032,7_planet,False,,360,0,0
6033,4_planet,False,,360,0,0
6033,5_planet,False,,360,0,0
6033,7_planet,False,,360,0,0
6034,4_planet,False,,360,0,0
6034,5_planet,False,,360,0,0
6034,7_planet,False,,360,0,0
6035,4_planet,False,,360,0,0
6035,5_planet,False,,360,0,0
6035,7_planet,False,,360,0,0
6036,4_planet,False,,360,0,0
6036,5_planet,False,,360,0,0
6036,7_planet,False,,360,0,0
6037,4_planet,False,,360,0,0
6037,5_planet,False,,360,0,0
6037,7_planet,False,,360,0,0
6038,4_planet,False,,360,0,0
6038,5_planet,False,,360,0,0
6038,7_planet,False,,360,0,0
6039,4_planet,False,,360,0,0
6039,5_planet,False,,360,0,0
6039,7_planet,False,,360,0,0
6040,4_planet,False,,360,0,0
6040,5_planet,False,,360,0,0
6040,7_planet,False,,360,0,0
6041,4_planet,False,,360,0,0
6041,5_planet,False,,360,0,0
6041,7_planet,False,,360,0,0
6042,4_planet,False,,360,0,0
6042,5_planet,False,,360,0,0
6042,7_planet,False,,360,0,0
6043,4_planet,False,,360,0,0
6043,5_planet,False,,360,0,0
6043,7_planet,False,,360,0,0
6044,4_planet,False,,360,0,0
6044,5_planet,False,,360,0,0
6044,7_planet,False,,360,0,0
6045,4_planet,False,,360,0,0
6045,5_planet,False,,360,0,0
6045,7_planet,False,,360,0,0
6046,4_planet,False,,360,0,0
6046,5_planet,False,,360,0,0
6046,7_planet,False,,360,0,0
6047,4_planet,False,,360,0,0
6047,5_planet,False,,360,0,0
6047,7_planet,False,,360,0,0
6048,4_planet,False,,360,0,0
6048,5_planet,False,,360,0,0
6048,7_planet,False,,360,0,0
6049,4_planet,False,,360,0,0
6049,5_planet,False,,360,0,0
6049,7_planet,False,,360,0,0
6050,4_planet,False,,360,0,0
6050,5_planet,False,,360,0,0
6050,7_planet,False,,360,0,0
6051,4_planet,False,,360,0,0
6051,5_planet,False,,360,0,0
6051,7_planet,False,,360,0,0
6052,4_planet,False,,360,0,0
6052,5_planet,False,,360,0,0
6052,7_planet,False,,360,0,0
6053,4_planet,False,,360,0,0
6053,5_planet,False,,360,0,0
6053,7_planet,False,,360,0,0
6054,4_planet,False,,360,0,0
6054,5_planet,False,,360,0,0
6054,7_planet,False,,360,0,0
6055,4_planet,False,,360,0,0
6055,5_planet,False,,360,0,0
6055,7_planet,False,,360,0,0
6056,4_planet,False,,360,0,0
6056,5_planet,False,,360,0,0
6056,7_planet,False,,360,0,0
6057,4_planet,False,,360,0,0
6057,5_planet,False,,360,0,0
6057,7_planet,False,,360,0,0
6058,4_planet,False,,360,0,0
6058,5_planet,False,,360,0,0
6058,7_planet,False,,360,0,0
6059,4_planet,False,,360,0,0
6059,5_planet,False,,360,0,0
6059,7_planet,False,,360,0,0
6060,4_planet,False,,360,0,0
6060,5_planet,False,,360,0,0
6060,7_planet,False,,360,0,0
6061,4_planet,False,,360,0,0
6061,5_planet,False,,360,0,0
6061,7_planet,False,,360,0,0
6062,4_planet,False,,360,0,0
6062,5_planet,False,,360,0,0
6062,7_planet,False,,360,0,0
6063,4_planet,False,,360,0,0
6063,5_planet,False,,360,0,0
6063,7_planet,False,,360,0,0
6064,4_planet,False,,360,0,0
6064,5_planet,False,,360,0,0
6064,7_planet,False,,360,0,0
6065,4_planet,False,,360,0,0
6065,5_planet,False,,360,0,0
6065,7_planet,False,,360,0,0
6066,4_planet,False,,360,0,0
6066,5_planet,False,,360,0,0
6066,7_planet,False,,360,0,0
6067,4_planet,False,,360,0,0
6067,5_planet,False,,360,0,0
6067,7_planet,False,,360,0,0
6068,4_planet,False,,360,0,0
6068,5_planet,False,,360,0,0
6068,7_planet,False,,360,0,0
6069,4_planet,False,,360,0,0
6069,5_planet,False,,360,0,0
6069,7_planet,False,,360,0,0
6070,4_planet,False,,360,0,0
6070,5_planet,False,,360,0,0
6070,7_planet,False,,360,0,0
6071,4_planet,False,,360,0,0
6071,5_planet,False,,360,0,0
6071,7_planet,False,,360,0,0
6072,4_planet,False,,360,0,0
6072,5_planet,False,,360,0,0
6072,7_planet,False,,360,0,0
6073,4_planet,False,,360,0,0
6073,5_planet,False,,360,0,0
6073,7_planet,False,,360,0,0
6074,4_planet,False,,360,0,0
6074,5_planet,False,,360,0,0
6074,7_planet,False,,360,0,0
6075,4_planet,False,,360,0,0
6075,5_planet,False,,360,0,0
6075,7_planet,False,,360,0,0
6076,4_planet,False,,360,0,0
6076,5_planet,False,,360,0,0
6076,7_planet,False,,360,0,0
6077,4_planet,False,,360,0,0
6077,5_planet,False,,360,0,0
6077,7_planet,False,,360,0,0
6078,4_planet,False,,360,0,0
6078,5_planet,False,,360,0,0
6078,7_planet,False,,360,0,0
6079,4_planet,False,,360,0,0
6079,5_planet,False,,360,0,0
6079,7_planet,False,,360,0,0
6080,4_planet,False,,360,0,0
6080,5_planet,False,,360,0,0
6080,7_planet,False,,360,0,0
6081,4_planet,False,,360,0,0
6081,5_planet,False,,360,0,0
6081,7_planet,False,,360,0,0
6082,4_planet,False,,360,0,0
6082,5_planet,False,,360,0,0
6082,7_planet,False,,360,0,0
6083,4_planet,False,,360,0,0
6083,5_planet,False,,360,0,0
6083,7_planet,False,,360,0,0
6084,4_planet,False,,360,0,0
6084,5_planet,False,,360,0,0
6084,7_planet,False,,360,0,0
6085,4_planet,False,,360,0,0
6085,5_planet,False,,360,0,0
6085,7_planet,False,,360,0,0
6086,4_planet,False,,360,0,0
6086,5_planet,False,,360,0,0
6086,7_planet,False,,360,0,0
6087,4_planet,False,,360,0,0
6087,5_planet,False,,360,0,0
6087,7_planet,False,,360,0,0
6088,4_planet,False,,360,0,0
6088,5_planet,False,,360,0,0
6088,7_planet,False,,360,0,0
6089,4_planet,False,,360,0,0
6089,5_planet,False,,360,0,0
6089,7_planet,False,,360,0,0
6090,4_planet,False,,360,0,0
6090,5_planet,False,,360,0,0
6090,7_planet,False,,360,0,0
6091,4_planet,False,,360,0,0
6091,5_planet,False,,360,0,0
6091,7_planet,False,,360,0,0
6092,4_planet,False,,360,0,0
6092,5_planet,False,,360,0,0
6092,7_planet,False,,360,0,0
6093,4_planet,False,,360,0,0
6093,5_planet,False,,360,0,0
6093,7_planet,False,,360,0,0
6094,4_planet,False,,360,0,0
6094,5_planet,False,,360,0,0
6094,7_planet,False,,360,0,0
6095,4_planet,False,,360,0,0
6095,5_planet,False,,360,0,0
6095,7_planet,False,,360,0,0
6096,4_planet,False,,360,0,0
6096,5_planet,False,,360,0,0
6096,7_planet,False,,360,0,0
6097,4_planet,False,,360,0,0
6097,5_planet,False,,360,0,0
6097,7_planet,False,,360,0,0
6098,4_planet,False,,360,0,0
6098,5_planet,False,,360,0,0
6098,7_planet,False,,360,0,0
6099,4_planet,False,,360,0,0
6099,5_planet,False,,360,0,0
6099,7_planet,False,,360,0,0
6100,4_planet,False,,360,0,0
6100,5_planet,False,,360,0,0
6100,7_planet,False,,360,0,0
6101,4_planet,False,,360,0,0
6101,5_planet,False,,360,0,0
6101,7_planet,False,,360,0,0
6102,4_planet,False,,360,0,0
6102,5_planet,False,,360,0,0
6102,7_planet,False,,360,0,0
6103,4_planet,False,,360,0,0
6103,5_planet,False,,360,0,0
6103,7_planet,False,,360,0,0
6104,4_planet,False,,360,0,0
6104,5_planet,False,,360,0,0
6104,7_planet,False,,360,0,0
6105,4_planet,False,,360,0,0
6105,5_planet,False,,360,0,0
6105,7_planet,False,,360,0,0
6106,4_planet,False,,360,0,0
6106,5_planet,False,,360,0,0
6106,7_planet,False,,360,0,0
6107,4_planet,False,,360,0,0
6107,5_planet,False,,360,0,0
6107,7_planet,False,,360,0,0
6108,4_planet,False,,360,0,0
6108,5_planet,False,,360,0,0
6108,7_planet,False,,360,0,0
6109,4_planet,False,,360,0,0
6109,5_planet,False,,360,0,0
6109,7_planet,False,,360,0,0
6110,4_planet,False,,360,0,0
6110,5_planet,False,,360,0,0
6110,7_planet,False,,360,0,0
6111,4_planet,False,,360,0,0
6111,5_planet,False,,360,0,0
6111,7_planet,False,,360,0,0
6112,4_planet,False,,360,0,0
6112,5_planet,False,,360,0,0
6112,7_planet,False,,360,0,0
6113,4_planet,False,,360,0,0
6113,5_planet,False,,360,0,0
6113,7_planet,False,,360,0,0
6114,4_planet,False,,360,0,0
6114,5_planet,False,,360,0,0
6114,7_planet,False,,360,0,0
6115,4_planet,False,,360,0,0
6115,5_planet,False,,360,0,0
6115,7_planet,False,,360,0,0
6116,4_planet,False,,360,0,0
6116,5_planet,False,,360,0,0
6116,7_planet,False,,360,0,0
6117,4_planet,False,,360,0,0
6117,5_planet,False,,360,0,0
6117,7_planet,False,,360,0,0
6118,4_planet,False,,360,0,0
6118,5_planet,False,,360,0,0
6118,7_planet,False,,360,0,0
6119,4_planet,False,,360,0,0
6119,5_planet,False,,360,0,0
6119,7_planet,False,,360,0,0
6120,4_planet,False,,360,0,0
6120,5_planet,False,,360,0,0
6120,7_planet,False,,360,0,0
6121,4_planet,False,,360,0,0
6121,5_planet,False,,360,0,0
6121,7_planet,False,,360,0,0
6122,4_planet,False,,360,0,0
6122,5_planet,False,,360,0,0
6122,7_planet,False,,360,0,0
6123,4_planet,False,,360,0,0
6123,5_planet,False,,360,0,0
6123,7_planet,False,,360,0,0
6124,4_planet,False,,360,0,0
6124,5_planet,False,,360,0,0
6124,7_planet,False,,360,0,0
6125,4_planet,False,,360,0,0
6125,5_planet,False,,360,0,0
6125,7_planet,False,,360,0,0
6126,4_planet,False,,360,0,0
6126,5_planet,False,,360,0,0
6126,7_planet,False,,360,0,0
6127,4_planet,False,,360,0,0
6127,5_planet,False,,360,0,0
6127,7_planet,False,,360,0,0
6128,4_planet,False,,360,0,0
6128,5_planet,False,,360,0,0
6128,7_planet,False,,360,0,0
6129,4_planet,False,,360,0,0
6129,5_planet,False,,360,0,0
6129,7_planet,False,,360,0,0
6130,4_planet,False,,360,0,0
6130,5_planet,False,,360,0,0
6130,7_planet,False,,360,0,0
6131,4_planet,False,,360,0,0
6131,5_planet,False,,360,0,0
6131,7_planet,False,,360,0,0
6132,4_planet,False,,360,0,0
6132,5_planet,False,,360,0,0
6132,7_planet,False,,360,0,0
6133,4_planet,False,,360,0,0
6133,5_planet,False,,360,0,0
6133,7_planet,False,,360,0,0
6134,4_planet,False,,360,0,0
6134,5_planet,False,,360,0,0
6134,7_planet,False,,360,0,0
6135,4_planet,False,,360,0,0
6135,5_planet,False,,360,0,0
6135,7_planet,False,,360,0,0
6136,4_planet,False,,360,0,0
6136,5_planet,False,,360,0,0
6136,7_planet,False,,360,0,0
6137,4_planet,False,,360,0,0
6137,5_planet,False,,360,0,0
6137,7_planet,False,,360,0,0
6138,4_planet,False,,360,0,0
6138,5_planet,False,,360,0,0
6138,7_planet,False,,360,0,0
6139,4_planet,False,,360,0,0
6139,5_planet,False,,360,0,0
6139,7_planet,False,,360,0,0
6140,4_planet,False,,360,0,0
6140,5_planet,False,,360,0,0
6140,7_planet,False,,360,0,0
6141,4_planet,False,,360,0,0
6141,5_planet,False,,360,0,0
6141,7_planet,False,,360,0,0
6142,4_planet,False,,360,0,0
6142,5_planet,False,,360,0,0
6142,7_planet,False,,360,0,0
6143,4_planet,False,,360,0,0
6143,5_planet,False,,360,0,0
6143,7_planet,False,,360,0,0
6144,4_planet,False,,360,0,0
6144,5_planet,False,,360,0,0
6144,7_planet,False,,360,0,0
6145,4_planet,False,,360,0,0
6145,5_planet,False,,360,0,0
6145,7_planet,False,,360,0,0
6146,4_planet,False,,360,0,0
6146,5_planet,False,,360,0,0
6146,7_planet,False,,360,0,0
6147,4_planet,False,,360,0,0
6147,5_planet,False,,360,0,0
6147,7_planet,False,,360,0,0
6148,4_planet,False,,360,0,0
6148,5_planet,False,,360,0,0
6148,7_planet,False,,360,0,0
6149,4_planet,False,,360,0,0
6149,5_planet,False,,360,0,0
6149,7_planet,False,,360,0,0
6150,4_planet,False,,360,0,0
6150,5_planet,False,,360,0,0
6150,7_planet,False,,360,0,0
6151,4_planet,False,,360,0,0
6151,5_planet,False,,360,0,0
6151,7_planet,False,,360,0,0
6152,4_planet,False,,360,0,0
6152,5_planet,False,,360,0,0
6152,7_planet,False,,360,0,0
6153,4_planet,False,,360,0,0
6153,5_planet,False,,360,0,0
6153,7_planet,False,,360,0,0
6154,4_planet,False,,360,0,0
6154,5_planet,False,,360,0,0
6154,7_planet,False,,360,0,0
6155,4_planet,False,,360,0,0
6155,5_planet,False,,360,0,0
6155,7_planet,False,,360,0,0
6156,4_planet,False,,360,0,0
6156,5_planet,False,,360,0,0
6156,7_planet,False,,360,0,0
6157,4_planet,False,,360,0,0
6157,5_planet,False,,360,0,0
6157,7_planet,False,,360,0,0
6158,4_planet,False,,360,0,0
6158,5_planet,False,,360,0,0
6158,7_planet,False,,360,0,0
6159,4_planet,False,,360,0,0
6159,5_planet,False,,360,0,0
6159,7_planet,False,,360,0,0
6160,4_planet,False,,360,0,0
6160,5_planet,False,,360,0,0
6160,7_planet,False,,360,0,0
6161,4_planet,False,,360,0,0
6161,5_planet,False,,360,0,0
6161,7_planet,False,,360,0,0
6162,4_planet,False,,360,0,0
6162,5_planet,False,,360,0,0
6162,7_planet,False,,360,0,0
6163,4_planet,False,,360,0,0
6163,5_planet,False,,360,0,0
6163,7_planet,False,,360,0,0
6164,4_planet,False,,360,0,0
6164,5_planet,False,,360,0,0
6164,7_planet,False,,360,0,0
6165,4_planet,False,,360,0,0
6165,5_planet,False,,360,0,0
6165,7_planet,False,,360,0,0
6166,4_planet,False,,360,0,0
6166,5_planet,False,,360,0,0
6166,7_planet,False,,360,0,0
6167,4_planet,False,,360,0,0
6167,5_planet,False,,360,0,0
6167,7_planet,False,,360,0,0
6168,4_planet,False,,360,0,0
6168,5_planet,False,,360,0,0
6168,7_planet,False,,360,0,0
6169,4_planet,False,,360,0,0
6169,5_planet,False,,360,0,0
6169,7_planet,False,,360,0,0
6170,4_planet,False,,360,0,0
6170,5_planet,False,,360,0,0
6170,7_planet,False,,360,0,0
6171,4_planet,False,,360,0,0
6171,5_planet,False,,360,0,0
6171,7_planet,False,,360,0,0
6172,4_planet,False,,360,0,0
6172,5_planet,False,,360,0,0
6172,7_planet,False,,360,0,0
6173,4_planet,False,,360,0,0
6173,5_planet,False,,360,0,0
6173,7_planet,False,,360,0,0
6174,4_planet,False,,360,0,0
6174,5_planet,False,,360,0,0
6174,7_planet,False,,360,0,0
6175,4_planet,False,,360,0,0
6175,5_planet,False,,360,0,0
6175,7_planet,False,,360,0,0
6176,4_planet,False,,360,0,0
6176,5_planet,False,,360,0,0
6176,7_planet,False,,360,0,0
6177,4_planet,False,,360,0,0
6177,5_planet,False,,360,0,0
6177,7_planet,False,,360,0,0
6178,4_planet,False,,360,0,0
6178,5_planet,False,,360,0,0
6178,7_planet,False,,360,0,0
6179,4_planet,False,,360,0,0
6179,5_planet,False,,360,0,0
6179,7_planet,False,,360,0,0
6180,4_planet,False,,360,0,0
6180,5_planet,False,,360,0,0
6180,7_planet,False,,360,0,0
6181,4_planet,False,,360,0,0
6181,5_planet,False,,360,0,0
6181,7_planet,False,,360,0,0
6182,4_planet,False,,360,0,0
6182,5_planet,False,,360,0,0
6182,7_planet,False,,360,0,0
6183,4_planet,False,,360,0,0
6183,5_planet,False,,360,0,0
6183,7_planet,False,,360,0,0
6184,4_planet,False,,360,0,0
6184,5_planet,False,,360,0,0
6184,7_planet,False,,360,0,0
6185,4_planet,False,,360,0,0
6185,5_planet,False,,360,0,0
6185,7_planet,False,,360,0,0
6186,4_planet,False,,360,0,0
6186,5_planet,False,,360,0,0
6186,7_planet,False,,360,0,0
6187,4_planet,False,,360,0,0
6187,5_planet,False,,360,0,0
6187,7_planet,False,,360,0,0
6188,4_planet,False,,360,0,0
6188,5_planet,False,,360,0,0
6188,7_planet,False,,360,0,0
6189,4_planet,False,,360,0,0
6189,5_planet,False,,360,0,0
6189,7_planet,False,,360,0,0
6190,4_planet,False,,360,0,0
6190,5_planet,False,,360,0,0
6190,7_planet,False,,360,0,0
6191,4_planet,False,,360,0,0
6191,5_planet,False,,360,0,0
6191,7_planet,False,,360,0,0
6192,4_planet,False,,360,0,0
6192,5_planet,False,,360,0,0
6192,7_planet,False,,360,0,0
6193,4_planet,False,,360,0,0
6193,5_planet,False,,360,0,0
6193,7_planet,False,,360,0,0
6194,4_planet,False,,360,0,0
6194,5_planet,False,,360,0,0
6194,7_planet,False,,360,0,0
6195,4_planet,False,,360,0,0
6195,5_planet,False,,360,0,0
6195,7_planet,False,,360,0,0
6196,4_planet,False,,360,0,0
6196,5_planet,False,,360,0,0
6196,7_planet,False,,360,0,0
6197,4_planet,False,,360,0,0
6197,5_planet,False,,360,0,0
6197,7_planet,False,,360,0,0
6198,4_planet,False,,360,0,0
6198,5_planet,False,,360,0,0
6198,7_planet,False,,360,0,0
6199,4_planet,False,,360,0,0
6199,5_planet,False,,360,0,0
6199,7_planet,False,,360,0,0
6200,4_planet,False,,360,0,0
6200,5_planet,False,,360,0,0
6200,7_planet,False,,360,0,0
6201,4_planet,False,,360,0,0
6201,5_planet,False,,360,0,0
6201,7_planet,False,,360,0,0
6202,4_planet,False,,360,0,0
6202,5_planet,False,,360,0,0
6202,7_planet,False,,360,0,0
6203,4_planet,False,,360,0,0
6203,5_planet,False,,360,0,0
6203,7_planet,False,,360,0,0
6204,4_planet,False,,360,0,0
6204,5_planet,False,,360,0,0
6204,7_planet,False,,360,0,0
6205,4_planet,False,,360,0,0
6205,5_planet,False,,360,0,0
6205,7_planet,False,,360,0,0
6206,4_planet,False,,360,0,0
6206,5_planet,False,,360,0,0
6206,7_planet,False,,360,0,0
6207,4_planet,False,,360,0,0
6207,5_planet,False,,360,0,0
6207,7_planet,False,,360,0,0
6208,4_planet,False,,360,0,0
6208,5_planet,False,,360,0,0
6208,7_planet,False,,360,0,0
6209,4_planet,False,,360,0,0
6209,5_planet,False,,360,0,0
6209,7_planet,False,,360,0,0
6210,4_planet,False,,360,0,0
6210,5_planet,False,,360,0,0
6210,7_planet,False,,360,0,0
6211,4_planet,False,,360,0,0
6211,5_planet,False,,360,0,0
6211,7_planet,False,,360,0,0
6212,4_planet,False,,360,0,0
6212,5_planet,False,,360,0,0
6212,7_planet,False,,360,0,0
6213,4_planet,False,,360,0,0
6213,5_planet,False,,360,0,0
6213,7_planet,False,,360,0,0
6214,4_planet,False,,360,0,0
6214,5_planet,False,,360,0,0
6214,7_planet,False,,360,0,0
6215,4_planet,False,,360,0,0
6215,5_planet,False,,360,0,0
6215,7_planet,False,,360,0,0
6216,4_planet,False,,360,0,0
6216,5_planet,False,,360,0,0
6216,7_planet,False,,360,0,0
6217,4_planet,False,,360,0,0
6217,5_planet,False,,360,0,0
6217,7_planet,False,,360,0,0
6218,4_planet,False,,360,0,0
6218,5_planet,False,,360,0,0
6218,7_planet,False,,360,0,0
6219,4_planet,False,,360,0,0
6219,5_planet,False,,360,0,0
6219,7_planet,False,,360,0,0
6220,4_planet,False,,360,0,0
6220,5_planet,False,,360,0,0
6220,7_planet,False,,360,0,0
6221,4_planet,False,,360,0,0
6221,5_planet,False,,360,0,0
6221,7_planet,False,,360,0,0
6222,4_planet,False,,360,0,0
6222,5_planet,False,,360,0,0
6222,7_planet,False,,360,0,0
6223,4_planet,False,,360,0,0
6223,5_planet,False,,360,0,0
6223,7_planet,False,,360,0,0
6224,4_planet,False,,360,0,0
6224,5_planet,False,,360,0,0
6224,7_planet,False,,360,0,0
6225,4_planet,False,,360,0,0
6225,5_planet,False,,360,0,0
6225,7_planet,False,,360,0,0
6226,4_planet,False,,360,0,0
6226,5_planet,False,,360,0,0
6226,7_planet,False,,360,0,0
6227,4_planet,False,,360,0,0
6227,5_planet,False,,360,0,0
6227,7_planet,False,,360,0,0
6228,4_planet,False,,360,0,0
6228,5_planet,False,,360,0,0
6228,7_planet,False,,360,0,0
6229,4_planet,False,,360,0,0
6229,5_planet,False,,360,0,0
6229,7_planet,False,,360,0,0
6230,4_planet,False,,360,0,0
6230,5_planet,False,,360,0,0
6230,7_planet,False,,360,0,0
6231,4_planet,False,,360,0,0
6231,5_planet,False,,360,0,0
6231,7_planet,False,,360,0,0
6232,4_planet,False,,360,0,0
6232,5_planet,False,,360,0,0
6232,7_planet,False,,360,0,0
6233,4_planet,False,,360,0,0
6233,5_planet,False,,360,0,0
6233,7_planet,False,,360,0,0
6234,4_planet,False,,360,0,0
6234,5_planet,False,,360,0,0
6234,7_planet,False,,360,0,0
6235,4_planet,False,,360,0,0
6235,5_planet,False,,360,0,0
6235,7_planet,False,,360,0,0
6236,4_planet,False,,360,0,0
6236,5_planet,False,,360,0,0
6236,7_planet,False,,360,0,0
6237,4_planet,False,,360,0,0
6237,5_planet,False,,360,0,0
6237,7_planet,False,,360,0,0
6238,4_planet,False,,360,0,0
6238,5_planet,False,,360,0,0
6238,7_planet,False,,360,0,0
6239,4_planet,False,,360,0,0
6239,5_planet,False,,360,0,0
6239,7_planet,False,,360,0,0
6240,4_planet,False,,360,0,0
6240,5_planet,False,,360,0,0
6240,7_planet,False,,360,0,0
6241,4_planet,False,,360,0,0
6241,5_planet,False,,360,0,0
6241,7_planet,False,,360,0,0
6242,4_planet,False,,360,0,0
6242,5_planet,False,,360,0,0
6242,7_planet,False,,360,0,0
6243,4_planet,False,,360,0,0
6243,5_planet,False,,360,0,0
6243,7_planet,False,,360,0,0
6244,4_planet,False,,360,0,0
6244,5_planet,False,,360,0,0
6244,7_planet,False,,360,0,0
6245,4_planet,False,,360,0,0
6245,5_planet,False,,360,0,0
6245,7_planet,False,,360,0,0
6246,4_planet,False,,360,0,0
6246,5_planet,False,,360,0,0
6246,7_planet,False,,360,0,0
6247,4_planet,False,,360,0,0
6247,5_planet,False,,360,0,0
6247,7_planet,False,,360,0,0
6248,4_planet,False,,360,0,0
6248,5_planet,False,,360,0,0
6248,7_planet,False,,360,0,0
6249,4_planet,False,,360,0,0
6249,5_planet,False,,360,0,0
6249,7_planet,False,,360,0,0
6250,4_planet,False,,360,0,0
6250,5_planet,False,,360,0,0
6250,7_planet,False,,360,0,0
6251,4_planet,False,,360,0,0
6251,5_planet,False,,360,0,0
6251,7_planet,False,,360,0,0
6252,4_planet,False,,360,0,0
6252,5_planet,False,,360,0,0
6252,7_planet,False,,360,0,0
6253,4_planet,False,,360,0,0
6253,5_planet,False,,360,0,0
6253,7_planet,False,,360,0,0
6254,4_planet,False,,360,0,0
6254,5_planet,False,,360,0,0
6254,7_planet,False,,360,0,0
6255,4_planet,False,,360,0,0
6255,5_planet,False,,360,0,0
6255,7_planet,False,,360,0,0
6256,4_planet,False,,360,0,0
6256,5_planet,False,,360,0,0
6256,7_planet,False,,360,0,0
6257,4_planet,False,,360,0,0
6257,5_planet,False,,360,0,0
6257,7_planet,False,,360,0,0
6258,4_planet,False,,360,0,0
6258,5_planet,False,,360,0,0
6258,7_planet,False,,360,0,0
6259,4_planet,False,,360,0,0
6259,5_planet,False,,360,0,0
6259,7_planet,False,,360,0,0
6260,4_planet,False,,360,0,0
6260,5_planet,False,,360,0,0
6260,7_planet,False,,360,0,0
6261,4_planet,False,,360,0,0
6261,5_planet,False,,360,0,0
6261,7_planet,False,,360,0,0
6262,4_planet,False,,360,0,0
6262,5_planet,False,,360,0,0
6262,7_planet,False,,360,0,0
6263,4_planet,False,,360,0,0
6263,5_planet,False,,360,0,0
6263,7_planet,False,,360,0,0
6264,4_planet,False,,360,0,0
6264,5_planet,False,,360,0,0
6264,7_planet,False,,360,0,0
6265,4_planet,False,,360,0,0
6265,5_planet,False,,360,0,0
6265,7_planet,False,,360,0,0
6266,4_planet,False,,360,0,0
6266,5_planet,False,,360,0,0
6266,7_planet,False,,360,0,0
6267,4_planet,False,,360,0,0
6267,5_planet,False,,360,0,0
6267,7_planet,False,,360,0,0
6268,4_planet,False,,360,0,0
6268,5_planet,False,,360,0,0
6268,7_planet,False,,360,0,0
6269,4_planet,False,,360,0,0
6269,5_planet,False,,360,0,0
6269,7_planet,False,,360,0,0
6270,4_planet,False,,360,0,0
6270,5_planet,False,,360,0,0
6270,7_planet,False,,360,0,0
6271,4_planet,False,,360,0,0
6271,5_planet,False,,360,0,0
6271,7_planet,False,,360,0,0
6272,4_planet,False,,360,0,0
6272,5_planet,False,,360,0,0
6272,7_planet,False,,360,0,0
6273,4_planet,False,,360,0,0
6273,5_planet,False,,360,0,0
6273,7_planet,False,,360,0,0
6274,4_planet,False,,360,0,0
6274,5_planet,False,,360,0,0
6274,7_planet,False,,360,0,0
6275,4_planet,False,,360,0,0
6275,5_planet,False,,360,0,0
6275,7_planet,False,,360,0,0
6276,4_planet,False,,360,0,0
6276,5_planet,False,,360,0,0
6276,7_planet,False,,360,0,0
6277,4_planet,False,,360,0,0
6277,5_planet,False,,360,0,0
6277,7_planet,False,,360,0,0
6278,4_planet,False,,360,0,0
6278,5_planet,False,,360,0,0
6278,7_planet,False,,360,0,0
6279,4_planet,False,,360,0,0
6279,5_planet,False,,360,0,0
6279,7_planet,False,,360,0,0
6280,4_planet,False,,360,0,0
6280,5_planet,False,,360,0,0
6280,7_planet,False,,360,0,0
6281,4_planet,False,,360,0,0
6281,5_planet,False,,360,0,0
6281,7_planet,False,,360,0,0
6282,4_planet,False,,360,0,0
6282,5_planet,False,,360,0,0
6282,7_planet,False,,360,0,0
6283,4_planet,False,,360,0,0
6283,5_planet,False,,360,0,0
6283,7_planet,False,,360,0,0
6284,4_planet,False,,360,0,0
6284,5_planet,False,,360,0,0
6284,7_planet,False,,360,0,0
6285,4_planet,False,,360,0,0
6285,5_planet,False,,360,0,0
6285,7_planet,False,,360,0,0
6286,4_planet,False,,360,0,0
6286,5_planet,False,,360,0,0
6286,7_planet,False,,360,0,0
6287,4_planet,False,,360,0,0
6287,5_planet,False,,360,0,0
6287,7_planet,False,,360,0,0
6288,4_planet,False,,360,0,0
6288,5_planet,False,,360,0,0
6288,7_planet,False,,360,0,0
6289,4_planet,False,,360,0,0
6289,5_planet,False,,360,0,0
6289,7_planet,False,,360,0,0
6290,4_planet,False,,360,0,0
6290,5_planet,False,,360,0,0
6290,7_planet,False,,360,0,0
6291,4_planet,False,,360,0,0
6291,5_planet,False,,360,0,0
6291,7_planet,False,,360,0,0
6292,4_planet,False,,360,0,0
6292,5_planet,False,,360,0,0
6292,7_planet,False,,360,0,0
6293,4_planet,False,,360,0,0
6293,5_planet,False,,360,0,0
6293,7_planet,False,,360,0,0
6294,4_planet,False,,360,0,0
6294,5_planet,False,,360,0,0
6294,7_planet,False,,360,0,0
6295,4_planet,False,,360,0,0
6295,5_planet,False,,360,0,0
6295,7_planet,False,,360,0,0
6296,4_planet,False,,360,0,0
6296,5_planet,False,,360,0,0
6296,7_planet,False,,360,0,0
6297,4_planet,False,,360,0,0
6297,5_planet,False,,360,0,0
6297,7_planet,False,,360,0,0
6298,4_planet,False,,360,0,0
6298,5_planet,False,,360,0,0
6298,7_planet,False,,360,0,0
6299,4_planet,False,,360,0,0
6299,5_planet,False,,360,0,0
6299,7_planet,False,,360,0,0
6300,4_planet,False,,360,0,0
6300,5_planet,False,,360,0,0
6300,7_planet,False,,360,0,0
6301,4_planet,False,,360,0,0
6301,5_planet,False,,360,0,0
6301,7_planet,False,,360,0,0
6302,4_planet,False,,360,0,0
6302,5_planet,False,,360,0,0
6302,7_planet,False,,360,0,0
6303,4_planet,False,,360,0,0
6303,5_planet,False,,360,0,0
6303,7_planet,False,,360,0,0
6304,4_planet,False,,360,0,0
6304,5_planet,False,,360,0,0
6304,7_planet,False,,360,0,0
6305,4_planet,False,,360,0,0
6305,5_planet,False,,360,0,0
6305,7_planet,False,,360,0,0
6306,4_planet,False,,360,0,0
6306,5_planet,False,,360,0,0
6306,7_planet,False,,360,0,0
6307,4_planet,False,,360,0,0
6307,5_planet,False,,360,0,0
6307,7_planet,False,,360,0,0
6308,4_planet,False,,360,0,0
6308,5_planet,False,,360,0,0
6308,7_planet,False,,360,0,0
6309,4_planet,False,,360,0,0
6309,5_planet,False,,360,0,0
6309,7_planet,False,,360,0,0
6310,4_planet,False,,360,0,0
6310,5_planet,False,,360,0,0
6310,7_planet,False,,360,0,0
6311,4_planet,False,,360,0,0
6311,5_planet,False,,360,0,0
6311,7_planet,False,,360,0,0
6312,4_planet,False,,360,0,0
6312,5_planet,False,,360,0,0
6312,7_planet,False,,360,0,0
6313,4_planet,False,,360,0,0
6313,5_planet,False,,360,0,0
6313,7_planet,False,,360,0,0
6314,4_planet,False,,360,0,0
6314,5_planet,False,,360,0,0
6314,7_planet,False,,360,0,0
6315,4_planet,False,,360,0,0
6315,5_planet,False,,360,0,0
6315,7_planet,False,,360,0,0
6316,4_planet,False,,360,0,0
6316,5_planet,False,,360,0,0
6316,7_planet,False,,360,0,0
6317,4_planet,False,,360,0,0
6317,5_planet,False,,360,0,0
6317,7_planet,False,,360,0,0
6318,4_planet,False,,360,0,0
6318,5_planet,False,,360,0,0
6318,7_planet,False,,360,0,0
6319,4_planet,False,,360,0,0
6319,5_planet,False,,360,0,0
6319,7_planet,False,,360,0,0
6320,4_planet,False,,360,0,0
6320,5_planet,False,,360,0,0
6320,7_planet,False,,360,0,0
6321,4_planet,False,,360,0,0
6321,5_planet,False,,360,0,0
6321,7_planet,False,,360,0,0
6322,4_planet,False,,360,0,0
6322,5_planet,False,,360,0,0
6322,7_planet,False,,360,0,0
6323,4_planet,False,,360,0,0
6323,5_planet,False,,360,0,0
6323,7_planet,False,,360,0,0
6324,4_planet,False,,360,0,0
6324,5_planet,False,,360,0,0
6324,7_planet,False,,360,0,0
6325,4_planet,False,,360,0,0
6325,5_planet,False,,360,0,0
6325,7_planet,False,,360,0,0
6326,4_planet,False,,360,0,0
6326,5_planet,False,,360,0,0
6326,7_planet,False,,360,0,0
6327,4_planet,False,,360,0,0
6327,5_planet,False,,360,0,0
6327,7_planet,False,,360,0,0
6328,4_planet,False,,360,0,0
6328,5_planet,False,,360,0,0
6328,7_planet,False,,360,0,0
6329,4_planet,False,,360,0,0
6329,5_planet,False,,360,0,0
6329,7_planet,False,,360,0,0
6330,4_planet,False,,360,0,0
6330,5_planet,False,,360,0,0
6330,7_planet,True,"Saturn, Venus, Jupiter, Mercury, Mars, Moon, Sun",59.52,0.8,60.71
6331,4_planet,False,,360,0,0
6331,5_planet,False,,360,0,0
6331,7_planet,False,,360,0,0
6332,4_planet,False,,360,0,0
6332,5_planet,False,,360,0,0
6332,7_planet,False,,360,0,0
6333,4_planet,False,,360,0,0
6333,5_planet,False,,360,0,0
6333,7_planet,False,,360,0,0
6334,4_planet,False,,360,0,0
6334,5_planet,False,,360,0,0
6334,7_planet,False,,360,0,0
6335,4_planet,False,,360,0,0
6335,5_planet,False,,360,0,0
6335,7_planet,False,,360,0,0
6336,4_planet,False,,360,0,0
6336,5_planet,False,,360,0,0
6336,7_planet,False,,360,0,0
6337,4_planet,False,,360,0,0
6337,5_planet,False,,360,0,0
6337,7_planet,False,,360,0,0
6338,4_planet,False,,360,0,0
6338,5_planet,False,,360,0,0
6338,7_planet,False,,360,0,0
6339,4_planet,False,,360,0,0
6339,5_planet,False,,360,0,0
6339,7_planet,False,,360,0,0
6340,4_planet,False,,360,0,0
6340,5_planet,False,,360,0,0
6340,7_planet,False,,360,0,0
6341,4_planet,False,,360,0,0
6341,5_planet,False,,360,0,0
6341,7_planet,False,,360,0,0
6342,4_planet,False,,360,0,0
6342,5_planet,False,,360,0,0
6342,7_planet,False,,360,0,0
6343,4_planet,False,,360,0,0
6343,5_planet,False,,360,0,0
6343,7_planet,False,,360,0,0
6344,4_planet,False,,360,0,0
6344,5_planet,False,,360,0,0
6344,7_planet,False,,360,0,0
6345,4_planet,False,,360,0,0
6345,5_planet,False,,360,0,0
6345,7_planet,False,,360,0,0
6346,4_planet,False,,360,0,0
6346,5_planet,False,,360,0,0
6346,7_planet,False,,360,0,0
6347,4_planet,False,,360,0,0
6347,5_planet,False,,360,0,0
6347,7_planet,False,,360,0,0
6348,4_planet,False,,360,0,0
6348,5_planet,False,,360,0,0
6348,7_planet,False,,360,0,0
6349,4_planet,False,,360,0,0
6349,5_planet,False,,360,0,0
6349,7_planet,False,,360,0,0
6350,4_planet,False,,360,0,0
6350,5_planet,False,,360,0,0
6350,7_planet,False,,360,0,0
6351,4_planet,False,,360,0,0
6351,5_planet,False,,360,0,0
6351,7_planet,False,,360,0,0
6352,4_planet,False,,360,0,0
6352,5_planet,False,,360,0,0
6352,7_planet,False,,360,0,0
6353,4_planet,False,,360,0,0
6353,5_planet,False,,360,0,0
6353,7_planet,False,,360,0,0
6354,4_planet,False,,360,0,0
6354,5_planet,False,,360,0,0
6354,7_planet,False,,360,0,0
6355,4_planet,False,,360,0,0
6355,5_planet,False,,360,0,0
6355,7_planet,False,,360,0,0
6356,4_planet,False,,360,0,0
6356,5_planet,False,,360,0,0
6356,7_planet,False,,360,0,0
6357,4_planet,False,,360,0,0
6357,5_planet,False,,360,0,0
6357,7_planet,False,,360,0,0
6358,4_planet,False,,360,0,0
6358,5_planet,False,,360,0,0
6358,7_planet,False,,360,0,0
6359,4_planet,False,,360,0,0
6359,5_planet,False,,360,0,0
6359,7_planet,False,,360,0,0
6360,4_planet,False,,360,0,0
6360,5_planet,False,,360,0,0
6360,7_planet,False,,360,0,0
6361,4_planet,False,,360,0,0
6361,5_planet,False,,360,0,0
6361,7_planet,False,,360,0,0
6362,4_planet,False,,360,0,0
6362,5_planet,False,,360,0,0
6362,7_planet,False,,360,0,0
6363,4_planet,False,,360,0,0
6363,5_planet,False,,360,0,0
6363,7_planet,False,,360,0,0
6364,4_planet,False,,360,0,0
6364,5_planet,False,,360,0,0
6364,7_planet,False,,360,0,0
6365,4_planet,False,,360,0,0
6365,5_planet,False,,360,0,0
6365,7_planet,False,,360,0,0
6366,4_planet,False,,360,0,0
6366,5_planet,False,,360,0,0
6366,7_planet,False,,360,0,0
6367,4_planet,False,,360,0,0
6367,5_planet,False,,360,0,0
6367,7_planet,False,,360,0,0
6368,4_planet,False,,360,0,0
6368,5_planet,False,,360,0,0
6368,7_planet,False,,360,0,0
6369,4_planet,False,,360,0,0
6369,5_planet,False,,360,0,0
6369,7_planet,False,,360,0,0
6370,4_planet,False,,360,0,0
6370,5_planet,False,,360,0,0
6370,7_planet,False,,360,0,0
6371,4_planet,False,,360,0,0
6371,5_planet,False,,360,0,0
6371,7_planet,False,,360,0,0
6372,4_planet,False,,360,0,0
6372,5_planet,False,,360,0,0
6372,7_planet,False,,360,0,0
6373,4_planet,False,,360,0,0
6373,5_planet,False,,360,0,0
6373,7_planet,False,,360,0,0
6374,4_planet,False,,360,0,0
6374,5_planet,False,,360,0,0
6374,7_planet,False,,360,0,0
6375,4_planet,False,,360,0,0
6375,5_planet,False,,360,0,0
6375,7_planet,False,,360,0,0
6376,4_planet,False,,360,0,0
6376,5_planet,False,,360,0,0
6376,7_planet,False,,360,0,0
6377,4_planet,False,,360,0,0
6377,5_planet,False,,360,0,0
6377,7_planet,False,,360,0,0
6378,4_planet,False,,360,0,0
6378,5_planet,False,,360,0,0
6378,7_planet,False,,360,0,0
6379,4_planet,False,,360,0,0
6379,5_planet,False,,360,0,0
6379,7_planet,False,,360,0,0
6380,4_planet,False,,360,0,0
6380,5_planet,False,,360,0,0
6380,7_planet,False,,360,0,0
6381,4_planet,False,,360,0,0
6381,5_planet,False,,360,0,0
6381,7_planet,False,,360,0,0
6382,4_planet,False,,360,0,0
6382,5_planet,False,,360,0,0
6382,7_planet,False,,360,0,0
6383,4_planet,False,,360,0,0
6383,5_planet,False,,360,0,0
6383,7_planet,False,,360,0,0
6384,4_planet,False,,360,0,0
6384,5_planet,False,,360,0,0
6384,7_planet,False,,360,0,0
6385,4_planet,False,,360,0,0
6385,5_planet,False,,360,0,0
6385,7_planet,False,,360,0,0
6386,4_planet,False,,360,0,0
6386,5_planet,False,,360,0,0
6386,7_planet,False,,360,0,0
6387,4_planet,False,,360,0,0
6387,5_planet,False,,360,0,0
6387,7_planet,False,,360,0,0
6388,4_planet,False,,360,0,0
6388,5_planet,False,,360,0,0
6388,7_planet,False,,360,0,0
6389,4_planet,False,,360,0,0
6389,5_planet,False,,360,0,0
6389,7_planet,False,,360,0,0
6390,4_planet,False,,360,0,0
6390,5_planet,False,,360,0,0
6390,7_planet,False,,360,0,0
6391,4_planet,False,,360,0,0
6391,5_planet,False,,360,0,0
6391,7_planet,False,,360,0,0
6392,4_planet,False,,360,0,0
6392,5_planet,False,,360,0,0
6392,7_planet,False,,360,0,0
6393,4_planet,False,,360,0,0
6393,5_planet,False,,360,0,0
6393,7_planet,False,,360,0,0
6394,4_planet,False,,360,0,0
6394,5_planet,False,,360,0,0
6394,7_planet,False,,360,0,0
6395,4_planet,False,,360,0,0
6395,5_planet,False,,360,0,0
6395,7_planet,False,,360,0,0
6396,4_planet,False,,360,0,0
6396,5_planet,False,,360,0,0
6396,7_planet,False,,360,0,0
6397,4_planet,False,,360,0,0
6397,5_planet,False,,360,0,0
6397,7_planet,False,,360,0,0
6398,4_planet,False,,360,0,0
6398,5_planet,False,,360,0,0
6398,7_planet,False,,360,0,0
6399,4_planet,False,,360,0,0
6399,5_planet,False,,360,0,0
6399,7_planet,False,,360,0,0
6400,4_planet,False,,360,0,0
6400,5_planet,False,,360,0,0
6400,7_planet,False,,360,0,0
6401,4_planet,False,,360,0,0
6401,5_planet,False,,360,0,0
6401,7_planet,False,,360,0,0
6402,4_planet,False,,360,0,0
6402,5_planet,False,,360,0,0
6402,7_planet,False,,360,0,0
6403,4_planet,False,,360,0,0
6403,5_planet,False,,360,0,0
6403,7_planet,False,,360,0,0
6404,4_planet,False,,360,0,0
6404,5_planet,False,,360,0,0
6404,7_planet,False,,360,0,0
6405,4_planet,False,,360,0,0
6405,5_planet,False,,360,0,0
6405,7_planet,False,,360,0,0
6406,4_planet,False,,360,0,0
6406,5_planet,False,,360,0,0
6406,7_planet,False,,360,0,0
6407,4_planet,False,,360,0,0
6407,5_planet,False,,360,0,0
6407,7_planet,False,,360,0,0
6408,4_planet,False,,360,0,0
6408,5_planet,False,,360,0,0
6408,7_planet,False,,360,0,0
6409,4_planet,False,,360,0,0
6409,5_planet,False,,360,0,0
6409,7_planet,False,,360,0,0
6410,4_planet,False,,360,0,0
6410,5_planet,False,,360,0,0
6410,7_planet,False,,360,0,0
6411,4_planet,False,,360,0,0
6411,5_planet,False,,360,0,0
6411,7_planet,False,,360,0,0
6412,4_planet,False,,360,0,0
6412,5_planet,False,,360,0,0
6412,7_planet,False,,360,0,0
6413,4_planet,False,,360,0,0
6413,5_planet,False,,360,0,0
6413,7_planet,False,,360,0,0
6414,4_planet,False,,360,0,0
6414,5_planet,False,,360,0,0
6414,7_planet,False,,360,0,0
6415,4_planet,False,,360,0,0
6415,5_planet,False,,360,0,0
6415,7_planet,False,,360,0,0
6416,4_planet,False,,360,0,0
6416,5_planet,False,,360,0,0
6416,7_planet,False,,360,0,0
6417,4_planet,False,,360,0,0
6417,5_planet,False,,360,0,0
6417,7_planet,False,,360,0,0
6418,4_planet,False,,360,0,0
6418,5_planet,False,,360,0,0
6418,7_planet,False,,360,0,0
6419,4_planet,False,,360,0,0
6419,5_planet,False,,360,0,0
6419,7_planet,False,,360,0,0
6420,4_planet,False,,360,0,0
6420,5_planet,False,,360,0,0
6420,7_planet,False,,360,0,0
6421,4_planet,False,,360,0,0
6421,5_planet,False,,360,0,0
6421,7_planet,False,,360,0,0
6422,4_planet,False,,360,0,0
6422,5_planet,False,,360,0,0
6422,7_planet,False,,360,0,0
6423,4_planet,False,,360,0,0
6423,5_planet,False,,360,0,0
6423,7_planet,False,,360,0,0
6424,4_planet,False,,360,0,0
6424,5_planet,False,,360,0,0
6424,7_planet,False,,360,0,0
6425,4_planet,False,,360,0,0
6425,5_planet,False,,360,0,0
6425,7_planet,False,,360,0,0
6426,4_planet,False,,360,0,0
6426,5_planet,False,,360,0,0
6426,7_planet,False,,360,0,0
6427,4_planet,False,,360,0,0
6427,5_planet,False,,360,0,0
6427,7_planet,False,,360,0,0
6428,4_planet,False,,360,0,0
6428,5_planet,False,,360,0,0
6428,7_planet,False,,360,0,0
6429,4_planet,False,,360,0,0
6429,5_planet,False,,360,0,0
6429,7_planet,False,,360,0,0
6430,4_planet,False,,360,0,0
6430,5_planet,False,,360,0,0
6430,7_planet,False,,360,0,0
6431,4_planet,False,,360,0,0
6431,5_planet,False,,360,0,0
6431,7_planet,False,,360,0,0
6432,4_planet,False,,360,0,0
6432,5_planet,False,,360,0,0
6432,7_planet,False,,360,0,0
6433,4_planet,False,,360,0,0
6433,5_planet,False,,360,0,0
6433,7_planet,False,,360,0,0
6434,4_planet,False,,360,0,0
6434,5_planet,False,,360,0,0
6434,7_planet,False,,360,0,0
6435,4_planet,False,,360,0,0
6435,5_planet,False,,360,0,0
6435,7_planet,False,,360,0,0
6436,4_planet,False,,360,0,0
6436,5_planet,False,,360,0,0
6436,7_planet,False,,360,0,0
6437,4_planet,False,,360,0,0
6437,5_planet,False,,360,0,0
6437,7_planet,False,,360,0,0
6438,4_planet,False,,360,0,0
6438,5_planet,False,,360,0,0
6438,7_planet,False,,360,0,0
6439,4_planet,False,,360,0,0
6439,5_planet,False,,360,0,0
6439,7_planet,False,,360,0,0
6440,4_planet,False,,360,0,0
6440,5_planet,False,,360,0,0
6440,7_planet,False,,360,0,0
6441,4_planet,False,,360,0,0
6441,5_planet,False,,360,0,0
6441,7_planet,False,,360,0,0
6442,4_planet,False,,360,0,0
6442,5_planet,False,,360,0,0
6442,7_planet,False,,360,0,0
6443,4_planet,False,,360,0,0
6443,5_planet,False,,360,0,0
6443,7_planet,False,,360,0,0
6444,4_planet,False,,360,0,0
6444,5_planet,False,,360,0,0
6444,7_planet,False,,360,0,0
6445,4_planet,False,,360,0,0
6445,5_planet,False,,360,0,0
6445,7_planet,False,,360,0,0
6446,4_planet,False,,360,0,0
6446,5_planet,False,,360,0,0
6446,7_planet,False,,360,0,0
6447,4_planet,False,,360,0,0
6447,5_planet,False,,360,0,0
6447,7_planet,False,,360,0,0
6448,4_planet,False,,360,0,0
6448,5_planet,False,,360,0,0
6448,7_planet,False,,360,0,0
6449,4_planet,False,,360,0,0
6449,5_planet,False,,360,0,0
6449,7_planet,False,,360,0,0
6450,4_planet,False,,360,0,0
6450,5_planet,False,,360,0,0
6450,7_planet,False,,360,0,0
6451,4_planet,False,,360,0,0
6451,5_planet,False,,360,0,0
6451,7_planet,False,,360,0,0
6452,4_planet,False,,360,0,0
6452,5_planet,False,,360,0,0
6452,7_planet,False,,360,0,0
6453,4_planet,False,,360,0,0
6453,5_planet,False,,360,0,0
6453,7_planet,False,,360,0,0
6454,4_planet,False,,360,0,0
6454,5_planet,False,,360,0,0
6454,7_planet,False,,360,0,0
6455,4_planet,False,,360,0,0
6455,5_planet,False,,360,0,0
6455,7_planet,False,,360,0,0
6456,4_planet,False,,360,0,0
6456,5_planet,False,,360,0,0
6456,7_planet,False,,360,0,0
6457,4_planet,False,,360,0,0
6457,5_planet,False,,360,0,0
6457,7_planet,False,,360,0,0
6458,4_planet,False,,360,0,0
6458,5_planet,False,,360,0,0
6458,7_planet,False,,360,0,0
6459,4_planet,False,,360,0,0
6459,5_planet,False,,360,0,0
6459,7_planet,False,,360,0,0
6460,4_planet,False,,360,0,0
6460,5_planet,False,,360,0,0
6460,7_planet,False,,360,0,0
6461,4_planet,False,,360,0,0
6461,5_planet,False,,360,0,0
6461,7_planet,False,,360,0,0
6462,4_planet,False,,360,0,0
6462,5_planet,False,,360,0,0
6462,7_planet,False,,360,0,0
6463,4_planet,False,,360,0,0
6463,5_planet,False,,360,0,0
6463,7_planet,False,,360,0,0
6464,4_planet,False,,360,0,0
6464,5_planet,False,,360,0,0
6464,7_planet,False,,360,0,0
6465,4_planet,False,,360,0,0
6465,5_planet,False,,360,0,0
6465,7_planet,False,,360,0,0
6466,4_planet,False,,360,0,0
6466,5_planet,False,,360,0,0
6466,7_planet,False,,360,0,0
6467,4_planet,False,,360,0,0
6467,5_planet,False,,360,0,0
6467,7_planet,False,,360,0,0
6468,4_planet,False,,360,0,0
6468,5_planet,False,,360,0,0
6468,7_planet,False,,360,0,0
6469,4_planet,False,,360,0,0
6469,5_planet,False,,360,0,0
6469,7_planet,False,,360,0,0
6470,4_planet,False,,360,0,0
6470,5_planet,False,,360,0,0
6470,7_planet,False,,360,0,0
6471,4_planet,False,,360,0,0
6471,5_planet,False,,360,0,0
6471,7_planet,False,,360,0,0
6472,4_planet,False,,360,0,0
6472,5_planet,False,,360,0,0
6472,7_planet,False,,360,0,0
6473,4_planet,False,,360,0,0
6473,5_planet,False,,360,0,0
6473,7_planet,False,,360,0,0
6474,4_planet,False,,360,0,0
6474,5_planet,False,,360,0,0
6474,7_planet,False,,360,0,0
6475,4_planet,False,,360,0,0
6475,5_planet,False,,360,0,0
6475,7_planet,False,,360,0,0
6476,4_planet,False,,360,0,0
6476,5_planet,False,,360,0,0
6476,7_planet,False,,360,0,0
6477,4_planet,False,,360,0,0
6477,5_planet,False,,360,0,0
6477,7_planet,False,,360,0,0
6478,4_planet,False,,360,0,0
6478,5_planet,False,,360,0,0
6478,7_planet,False,,360,0,0
6479,4_planet,False,,360,0,0
6479,5_planet,False,,360,0,0
6479,7_planet,False,,360,0,0
6480,4_planet,False,,360,0,0
6480,5_planet,False,,360,0,0
6480,7_planet,False,,360,0,0
6481,4_planet,False,,360,0,0
6481,5_planet,False,,360,0,0
6481,7_planet,False,,360,0,0
6482,4_planet,False,,360,0,0
6482,5_planet,False,,360,0,0
6482,7_planet,False,,360,0,0
6483,4_planet,False,,360,0,0
6483,5_planet,False,,360,0,0
6483,7_planet,False,,360,0,0
6484,4_planet,False,,360,0,0
6484,5_planet,False,,360,0,0
6484,7_planet,False,,360,0,0
6485,4_planet,False,,360,0,0
6485,5_planet,False,,360,0,0
6485,7_planet,False,,360,0,0
6486,4_planet,False,,360,0,0
6486,5_planet,False,,360,0,0
6486,7_planet,False,,360,0,0
6487,4_planet,False,,360,0,0
6487,5_planet,False,,360,0,0
6487,7_planet,False,,360,0,0
6488,4_planet,False,,360,0,0
6488,5_planet,False,,360,0,0
6488,7_planet,False,,360,0,0
6489,4_planet,False,,360,0,0
6489,5_planet,False,,360,0,0
6489,7_planet,False,,360,0,0
6490,4_planet,False,,360,0,0
6490,5_planet,False,,360,0,0
6490,7_planet,False,,360,0,0
6491,4_planet,False,,360,0,0
6491,5_planet,False,,360,0,0
6491,7_planet,False,,360,0,0
6492,4_planet,False,,360,0,0
6492,5_planet,False,,360,0,0
6492,7_planet,False,,360,0,0
6493,4_planet,False,,360,0,0
6493,5_planet,False,,360,0,0
6493,7_planet,False,,360,0,0
6494,4_planet,False,,360,0,0
6494,5_planet,False,,360,0,0
6494,7_planet,False,,360,0,0
6495,4_planet,False,,360,0,0
6495,5_planet,False,,360,0,0
6495,7_planet,False,,360,0,0
6496,4_planet,False,,360,0,0
6496,5_planet,False,,360,0,0
6496,7_planet,False,,360,0,0
6497,4_planet,False,,360,0,0
6497,5_planet,False,,360,0,0
6497,7_planet,False,,360,0,0
6498,4_planet,False,,360,0,0
6498,5_planet,False,,360,0,0
6498,7_planet,False,,360,0,0
6499,4_planet,False,,360,0,0
6499,5_planet,False,,360,0,0
6499,7_planet,False,,360,0,0
6500,4_planet,False,,360,0,0
6500,5_planet,False,,360,0,0
6500,7_planet,False,,360,0,0
6501,4_planet,False,,360,0,0
6501,5_planet,False,,360,0,0
6501,7_planet,False,,360,0,0
6502,4_planet,False,,360,0,0
6502,5_planet,False,,360,0,0
6502,7_planet,False,,360,0,0
6503,4_planet,False,,360,0,0
6503,5_planet,False,,360,0,0
6503,7_planet,False,,360,0,0
6504,4_planet,False,,360,0,0
6504,5_planet,False,,360,0,0
6504,7_planet,False,,360,0,0
6505,4_planet,False,,360,0,0
6505,5_planet,False,,360,0,0
6505,7_planet,False,,360,0,0
6506,4_planet,False,,360,0,0
6506,5_planet,False,,360,0,0
6506,7_planet,False,,360,0,0
6507,4_planet,False,,360,0,0
6507,5_planet,False,,360,0,0
6507,7_planet,False,,360,0,0
6508,4_planet,False,,360,0,0
6508,5_planet,False,,360,0,0
6508,7_planet,False,,360,0,0
6509,4_planet,False,,360,0,0
6509,5_planet,False,,360,0,0
6509,7_planet,False,,360,0,0
6510,4_planet,False,,360,0,0
6510,5_planet,False,,360,0,0
6510,7_planet,False,,360,0,0
6511,4_planet,False,,360,0,0
6511,5_planet,False,,360,0,0
6511,7_planet,False,,360,0,0
6512,4_planet,False,,360,0,0
6512,5_planet,False,,360,0,0
6512,7_planet,False,,360,0,0
6513,4_planet,False,,360,0,0
6513,5_planet,False,,360,0,0
6513,7_planet,False,,360,0,0
6514,4_planet,False,,360,0,0
6514,5_planet,False,,360,0,0
6514,7_planet,False,,360,0,0
6515,4_planet,False,,360,0,0
6515,5_planet,False,,360,0,0
6515,7_planet,False,,360,0,0
6516,4_planet,False,,360,0,0
6516,5_planet,False,,360,0,0
6516,7_planet,False,,360,0,0
6517,4_planet,False,,360,0,0
6517,5_planet,False,,360,0,0
6517,7_planet,False,,360,0,0
6518,4_planet,False,,360,0,0
6518,5_planet,False,,360,0,0
6518,7_planet,False,,360,0,0
6519,4_planet,False,,360,0,0
6519,5_planet,False,,360,0,0
6519,7_planet,False,,360,0,0
6520,4_planet,False,,360,0,0
6520,5_planet,False,,360,0,0
6520,7_planet,False,,360,0,0
6521,4_planet,False,,360,0,0
6521,5_planet,False,,360,0,0
6521,7_planet,False,,360,0,0
6522,4_planet,False,,360,0,0
6522,5_planet,False,,360,0,0
6522,7_planet,False,,360,0,0
6523,4_planet,False,,360,0,0
6523,5_planet,False,,360,0,0
6523,7_planet,False,,360,0,0
6524,4_planet,False,,360,0,0
6524,5_planet,False,,360,0,0
6524,7_planet,False,,360,0,0
6525,4_planet,False,,360,0,0
6525,5_planet,False,,360,0,0
6525,7_planet,False,,360,0,0
6526,4_planet,False,,360,0,0
6526,5_planet,False,,360,0,0
6526,7_planet,False,,360,0,0
6527,4_planet,False,,360,0,0
6527,5_planet,False,,360,0,0
6527,7_planet,False,,360,0,0
6528,4_planet,False,,360,0,0
6528,5_planet,False,,360,0,0
6528,7_planet,False,,360,0,0
6529,4_planet,False,,360,0,0
6529,5_planet,False,,360,0,0
6529,7_planet,True,"Saturn, Sun, Moon, Mars, Mercury, Jupiter, Venus",57.21,4.65,32.14
6530,4_planet,False,,360,0,0
6530,5_planet,False,,360,0,0
6530,7_planet,False,,360,0,0
6531,4_planet,False,,360,0,0
6531,5_planet,False,,360,0,0
6531,7_planet,False,,360,0,0
6532,4_planet,False,,360,0,0
6532,5_planet,False,,360,0,0
6532,7_planet,False,,360,0,0
6533,4_planet,False,,360,0,0
6533,5_planet,False,,360,0,0
6533,7_planet,False,,360,0,0
6534,4_planet,False,,360,0,0
6534,5_planet,False,,360,0,0
6534,7_planet,False,,360,0,0
6535,4_planet,False,,360,0,0
6535,5_planet,False,,360,0,0
6535,7_planet,False,,360,0,0
6536,4_planet,False,,360,0,0
6536,5_planet,False,,360,0,0
6536,7_planet,False,,360,0,0
6537,4_planet,False,,360,0,0
6537,5_planet,False,,360,0,0
6537,7_planet,False,,360,0,0
6538,4_planet,False,,360,0,0
6538,5_planet,False,,360,0,0
6538,7_planet,False,,360,0,0
6539,4_planet,False,,360,0,0
6539,5_planet,False,,360,0,0
6539,7_planet,False,,360,0,0
6540,4_planet,False,,360,0,0
6540,5_planet,False,,360,0,0
6540,7_planet,False,,360,0,0
6541,4_planet,False,,360,0,0
6541,5_planet,False,,360,0,0
6541,7_planet,False,,360,0,0
6542,4_planet,False,,360,0,0
6542,5_planet,False,,360,0,0
6542,7_planet,False,,360,0,0
6543,4_planet,False,,360,0,0
6543,5_planet,False,,360,0,0
6543,7_planet,False,,360,0,0
6544,4_planet,False,,360,0,0
6544,5_planet,False,,360,0,0
6544,7_planet,False,,360,0,0
6545,4_planet,False,,360,0,0
6545,5_planet,False,,360,0,0
6545,7_planet,False,,360,0,0
6546,4_planet,False,,360,0,0
6546,5_planet,False,,360,0,0
6546,7_planet,False,,360,0,0
6547,4_planet,False,,360,0,0
6547,5_planet,False,,360,0,0
6547,7_planet,False,,360,0,0
6548,4_planet,False,,360,0,0
6548,5_planet,False,,360,0,0
6548,7_planet,False,,360,0,0
6549,4_planet,False,,360,0,0
6549,5_planet,False,,360,0,0
6549,7_planet,False,,360,0,0
6550,4_planet,False,,360,0,0
6550,5_planet,False,,360,0,0
6550,7_planet,False,,360,0,0
6551,4_planet,False,,360,0,0
6551,5_planet,False,,360,0,0
6551,7_planet,False,,360,0,0
6552,4_planet,False,,360,0,0
6552,5_planet,False,,360,0,0
6552,7_planet,False,,360,0,0
6553,4_planet,False,,360,0,0
6553,5_planet,False,,360,0,0
6553,7_planet,False,,360,0,0
6554,4_planet,False,,360,0,0
6554,5_planet,False,,360,0,0
6554,7_planet,False,,360,0,0
6555,4_planet,False,,360,0,0
6555,5_planet,False,,360,0,0
6555,7_planet,False,,360,0,0
6556,4_planet,False,,360,0,0
6556,5_planet,False,,360,0,0
6556,7_planet,False,,360,0,0
6557,4_planet,False,,360,0,0
6557,5_planet,False,,360,0,0
6557,7_planet,False,,360,0,0
6558,4_planet,False,,360,0,0
6558,5_planet,False,,360,0,0
6558,7_planet,False,,360,0,0
6559,4_planet,False,,360,0,0
6559,5_planet,False,,360,0,0
6559,7_planet,False,,360,0,0
6560,4_planet,False,,360,0,0
6560,5_planet,False,,360,0,0
6560,7_planet,False,,360,0,0
6561,4_planet,False,,360,0,0
6561,5_planet,False,,360,0,0
6561,7_planet,False,,360,0,0
6562,4_planet,False,,360,0,0
6562,5_planet,False,,360,0,0
6562,7_planet,False,,360,0,0
6563,4_planet,False,,360,0,0
6563,5_planet,False,,360,0,0
6563,7_planet,False,,360,0,0
6564,4_planet,False,,360,0,0
6564,5_planet,False,,360,0,0
6564,7_planet,False,,360,0,0
6565,4_planet,False,,360,0,0
6565,5_planet,False,,360,0,0
6565,7_planet,False,,360,0,0
6566,4_planet,False,,360,0,0
6566,5_planet,False,,360,0,0
6566,7_planet,False,,360,0,0
6567,4_planet,False,,360,0,0
6567,5_planet,False,,360,0,0
6567,7_planet,False,,360,0,0
6568,4_planet,False,,360,0,0
6568,5_planet,False,,360,0,0
6568,7_planet,False,,360,0,0
6569,4_planet,False,,360,0,0
6569,5_planet,False,,360,0,0
6569,7_planet,False,,360,0,0
6570,4_planet,False,,360,0,0
6570,5_planet,False,,360,0,0
6570,7_planet,False,,360,0,0
6571,4_planet,False,,360,0,0
6571,5_planet,False,,360,0,0
6571,7_planet,False,,360,0,0
6572,4_planet,False,,360,0,0
6572,5_planet,False,,360,0,0
6572,7_planet,False,,360,0,0
6573,4_planet,False,,360,0,0
6573,5_planet,False,,360,0,0
6573,7_planet,False,,360,0,0
6574,4_planet,False,,360,0,0
6574,5_planet,False,,360,0,0
6574,7_planet,False,,360,0,0
6575,4_planet,False,,360,0,0
6575,5_planet,False,,360,0,0
6575,7_planet,False,,360,0,0
6576,4_planet,False,,360,0,0
6576,5_planet,False,,360,0,0
6576,7_planet,False,,360,0,0
6577,4_planet,False,,360,0,0
6577,5_planet,False,,360,0,0
6577,7_planet,False,,360,0,0
6578,4_planet,False,,360,0,0
6578,5_planet,False,,360,0,0
6578,7_planet,False,,360,0,0
6579,4_planet,False,,360,0,0
6579,5_planet,False,,360,0,0
6579,7_planet,False,,360,0,0
6580,4_planet,False,,360,0,0
6580,5_planet,False,,360,0,0
6580,7_planet,False,,360,0,0
6581,4_planet,False,,360,0,0
6581,5_planet,False,,360,0,0
6581,7_planet,False,,360,0,0
6582,4_planet,False,,360,0,0
6582,5_planet,False,,360,0,0
6582,7_planet,False,,360,0,0
6583,4_planet,False,,360,0,0
6583,5_planet,False,,360,0,0
6583,7_planet,False,,360,0,0
6584,4_planet,False,,360,0,0
6584,5_planet,False,,360,0,0
6584,7_planet,False,,360,0,0
6585,4_planet,False,,360,0,0
6585,5_planet,False,,360,0,0
6585,7_planet,False,,360,0,0
6586,4_planet,False,,360,0,0
6586,5_planet,False,,360,0,0
6586,7_planet,False,,360,0,0
6587,4_planet,False,,360,0,0
6587,5_planet,False,,360,0,0
6587,7_planet,False,,360,0,0
6588,4_planet,False,,360,0,0
6588,5_planet,False,,360,0,0
6588,7_planet,False,,360,0,0
6589,4_planet,False,,360,0,0
6589,5_planet,False,,360,0,0
6589,7_planet,False,,360,0,0
6590,4_planet,False,,360,0,0
6590,5_planet,False,,360,0,0
6590,7_planet,False,,360,0,0
6591,4_planet,False,,360,0,0
6591,5_planet,False,,360,0,0
6591,7_planet,False,,360,0,0
6592,4_planet,False,,360,0,0
6592,5_planet,False,,360,0,0
6592,7_planet,False,,360,0,0
6593,4_planet,False,,360,0,0
6593,5_planet,False,,360,0,0
6593,7_planet,False,,360,0,0
6594,4_planet,False,,360,0,0
6594,5_planet,False,,360,0,0
6594,7_planet,False,,360,0,0
6595,4_planet,False,,360,0,0
6595,5_planet,False,,360,0,0
6595,7_planet,False,,360,0,0
6596,4_planet,False,,360,0,0
6596,5_planet,False,,360,0,0
6596,7_planet,False,,360,0,0
6597,4_planet,False,,360,0,0
6597,5_planet,False,,360,0,0
6597,7_planet,False,,360,0,0
6598,4_planet,False,,360,0,0
6598,5_planet,False,,360,0,0
6598,7_planet,False,,360,0,0
6599,4_planet,False,,360,0,0
6599,5_planet,False,,360,0,0
6599,7_planet,False,,360,0,0
6600,4_planet,False,,360,0,0
6600,5_planet,False,,360,0,0
6600,7_planet,False,,360,0,0
6601,4_planet,False,,360,0,0
6601,5_planet,False,,360,0,0
6601,7_planet,False,,360,0,0
6602,4_planet,False,,360,0,0
6602,5_planet,False,,360,0,0
6602,7_planet,False,,360,0,0
6603,4_planet,False,,360,0,0
6603,5_planet,False,,360,0,0
6603,7_planet,False,,360,0,0
6604,4_planet,False,,360,0,0
6604,5_planet,False,,360,0,0
6604,7_planet,False,,360,0,0
6605,4_planet,False,,360,0,0
6605,5_planet,False,,360,0,0
6605,7_planet,False,,360,0,0
6606,4_planet,False,,360,0,0
6606,5_planet,False,,360,0,0
6606,7_planet,False,,360,0,0
6607,4_planet,False,,360,0,0
6607,5_planet,False,,360,0,0
6607,7_planet,False,,360,0,0
6608,4_planet,False,,360,0,0
6608,5_planet,False,,360,0,0
6608,7_planet,False,,360,0,0
6609,4_planet,False,,360,0,0
6609,5_planet,False,,360,0,0
6609,7_planet,False,,360,0,0
6610,4_planet,False,,360,0,0
6610,5_planet,False,,360,0,0
6610,7_planet,False,,360,0,0
6611,4_planet,False,,360,0,0
6611,5_planet,False,,360,0,0
6611,7_planet,False,,360,0,0
6612,4_planet,False,,360,0,0
6612,5_planet,False,,360,0,0
6612,7_planet,False,,360,0,0
6613,4_planet,False,,360,0,0
6613,5_planet,False,,360,0,0
6613,7_planet,False,,360,0,0
6614,4_planet,False,,360,0,0
6614,5_planet,False,,360,0,0
6614,7_planet,False,,360,0,0
6615,4_planet,False,,360,0,0
6615,5_planet,False,,360,0,0
6615,7_planet,False,,360,0,0
6616,4_planet,False,,360,0,0
6616,5_planet,False,,360,0,0
6616,7_planet,False,,360,0,0
6617,4_planet,False,,360,0,0
6617,5_planet,False,,360,0,0
6617,7_planet,False,,360,0,0
6618,4_planet,False,,360,0,0
6618,5_planet,False,,360,0,0
6618,7_planet,False,,360,0,0
6619,4_planet,False,,360,0,0
6619,5_planet,False,,360,0,0
6619,7_planet,False,,360,0,0
6620,4_planet,False,,360,0,0
6620,5_planet,False,,360,0,0
6620,7_planet,False,,360,0,0
6621,4_planet,False,,360,0,0
6621,5_planet,False,,360,0,0
6621,7_planet,False,,360,0,0
6622,4_planet,False,,360,0,0
6622,5_planet,False,,360,0,0
6622,7_planet,False,,360,0,0
6623,4_planet,False,,360,0,0
6623,5_planet,False,,360,0,0
6623,7_planet,False,,360,0,0
6624,4_planet,False,,360,0,0
6624,5_planet,False,,360,0,0
6624,7_planet,False,,360,0,0
6625,4_planet,False,,360,0,0
6625,5_planet,False,,360,0,0
6625,7_planet,False,,360,0,0
6626,4_planet,False,,360,0,0
6626,5_planet,False,,360,0,0
6626,7_planet,False,,360,0,0
6627,4_planet,False,,360,0,0
6627,5_planet,False,,360,0,0
6627,7_planet,False,,360,0,0
6628,4_planet,False,,360,0,0
6628,5_planet,False,,360,0,0
6628,7_planet,False,,360,0,0
6629,4_planet,False,,360,0,0
6629,5_planet,False,,360,0,0
6629,7_planet,False,,360,0,0
6630,4_planet,False,,360,0,0
6630,5_planet,False,,360,0,0
6630,7_planet,False,,360,0,0
6631,4_planet,False,,360,0,0
6631,5_planet,False,,360,0,0
6631,7_planet,False,,360,0,0
6632,4_planet,False,,360,0,0
6632,5_planet,False,,360,0,0
6632,7_planet,False,,360,0,0
6633,4_planet,False,,360,0,0
6633,5_planet,False,,360,0,0
6633,7_planet,False,,360,0,0
6634,4_planet,False,,360,0,0
6634,5_planet,False,,360,0,0
6634,7_planet,False,,360,0,0
6635,4_planet,False,,360,0,0
6635,5_planet,False,,360,0,0
6635,7_planet,False,,360,0,0
6636,4_planet,False,,360,0,0
6636,5_planet,False,,360,0,0
6636,7_planet,False,,360,0,0
6637,4_planet,False,,360,0,0
6637,5_planet,False,,360,0,0
6637,7_planet,False,,360,0,0
6638,4_planet,False,,360,0,0
6638,5_planet,False,,360,0,0
6638,7_planet,False,,360,0,0
6639,4_planet,False,,360,0,0
6639,5_planet,False,,360,0,0
6639,7_planet,False,,360,0,0
6640,4_planet,False,,360,0,0
6640,5_planet,False,,360,0,0
6640,7_planet,False,,360,0,0
6641,4_planet,False,,360,0,0
6641,5_planet,False,,360,0,0
6641,7_planet,False,,360,0,0
6642,4_planet,False,,360,0,0
6642,5_planet,False,,360,0,0
6642,7_planet,False,,360,0,0
6643,4_planet,False,,360,0,0
6643,5_planet,False,,360,0,0
6643,7_planet,False,,360,0,0
6644,4_planet,False,,360,0,0
6644,5_planet,False,,360,0,0
6644,7_planet,False,,360,0,0
6645,4_planet,False,,360,0,0
6645,5_planet,False,,360,0,0
6645,7_planet,False,,360,0,0
6646,4_planet,False,,360,0,0
6646,5_planet,False,,360,0,0
6646,7_planet,False,,360,0,0
6647,4_planet,False,,360,0,0
6647,5_planet,False,,360,0,0
6647,7_planet,False,,360,0,0
6648,4_planet,False,,360,0,0
6648,5_planet,False,,360,0,0
6648,7_planet,False,,360,0,0
6649,4_planet,False,,360,0,0
6649,5_planet,False,,360,0,0
6649,7_planet,False,,360,0,0
6650,4_planet,False,,360,0,0
6650,5_planet,False,,360,0,0
6650,7_planet,False,,360,0,0
6651,4_planet,False,,360,0,0
6651,5_planet,False,,360,0,0
6651,7_planet,False,,360,0,0
6652,4_planet,False,,360,0,0
6652,5_planet,False,,360,0,0
6652,7_planet,False,,360,0,0
6653,4_planet,False,,360,0,0
6653,5_planet,False,,360,0,0
6653,7_planet,False,,360,0,0
6654,4_planet,False,,360,0,0
6654,5_planet,False,,360,0,0
6654,7_planet,False,,360,0,0
6655,4_planet,False,,360,0,0
6655,5_planet,False,,360,0,0
6655,7_planet,False,,360,0,0
6656,4_planet,False,,360,0,0
6656,5_planet,False,,360,0,0
6656,7_planet,False,,360,0,0
6657,4_planet,False,,360,0,0
6657,5_planet,False,,360,0,0
6657,7_planet,False,,360,0,0
6658,4_planet,False,,360,0,0
6658,5_planet,False,,360,0,0
6658,7_planet,False,,360,0,0
6659,4_planet,False,,360,0,0
6659,5_planet,False,,360,0,0
6659,7_planet,False,,360,0,0
6660,4_planet,False,,360,0,0
6660,5_planet,False,,360,0,0
6660,7_planet,False,,360,0,0
6661,4_planet,False,,360,0,0
6661,5_planet,False,,360,0,0
6661,7_planet,False,,360,0,0
6662,4_planet,False,,360,0,0
6662,5_planet,False,,360,0,0
6662,7_planet,False,,360,0,0
6663,4_planet,False,,360,0,0
6663,5_planet,False,,360,0,0
6663,7_planet,False,,360,0,0
6664,4_planet,False,,360,0,0
6664,5_planet,False,,360,0,0
6664,7_planet,False,,360,0,0
6665,4_planet,False,,360,0,0
6665,5_planet,False,,360,0,0
6665,7_planet,False,,360,0,0
6666,4_planet,False,,360,0,0
6666,5_planet,False,,360,0,0
6666,7_planet,False,,360,0,0
6667,4_planet,False,,360,0,0
6667,5_planet,False,,360,0,0
6667,7_planet,False,,360,0,0
6668,4_planet,False,,360,0,0
6668,5_planet,False,,360,0,0
6668,7_planet,False,,360,0,0
6669,4_planet,False,,360,0,0
6669,5_planet,False,,360,0,0
6669,7_planet,False,,360,0,0
6670,4_planet,False,,360,0,0
6670,5_planet,False,,360,0,0
6670,7_planet,False,,360,0,0
6671,4_planet,False,,360,0,0
6671,5_planet,False,,360,0,0
6671,7_planet,False,,360,0,0
6672,4_planet,False,,360,0,0
6672,5_planet,False,,360,0,0
6672,7_planet,False,,360,0,0
6673,4_planet,False,,360,0,0
6673,5_planet,False,,360,0,0
6673,7_planet,False,,360,0,0
6674,4_planet,False,,360,0,0
6674,5_planet,False,,360,0,0
6674,7_planet,False,,360,0,0
6675,4_planet,False,,360,0,0
6675,5_planet,False,,360,0,0
6675,7_planet,False,,360,0,0
6676,4_planet,False,,360,0,0
6676,5_planet,False,,360,0,0
6676,7_planet,False,,360,0,0
6677,4_planet,False,,360,0,0
6677,5_planet,False,,360,0,0
6677,7_planet,False,,360,0,0
6678,4_planet,False,,360,0,0
6678,5_planet,False,,360,0,0
6678,7_planet,False,,360,0,0
6679,4_planet,False,,360,0,0
6679,5_planet,False,,360,0,0
6679,7_planet,False,,360,0,0
6680,4_planet,False,,360,0,0
6680,5_planet,False,,360,0,0
6680,7_planet,False,,360,0,0
6681,4_planet,False,,360,0,0
6681,5_planet,False,,360,0,0
6681,7_planet,False,,360,0,0
6682,4_planet,False,,360,0,0
6682,5_planet,False,,360,0,0
6682,7_planet,False,,360,0,0
6683,4_planet,False,,360,0,0
6683,5_planet,False,,360,0,0
6683,7_planet,False,,360,0,0
6684,4_planet,False,,360,0,0
6684,5_planet,False,,360,0,0
6684,7_planet,False,,360,0,0
6685,4_planet,False,,360,0,0
6685,5_planet,False,,360,0,0
6685,7_planet,False,,360,0,0
6686,4_planet,False,,360,0,0
6686,5_planet,False,,360,0,0
6686,7_planet,False,,360,0,0
6687,4_planet,False,,360,0,0
6687,5_planet,False,,360,0,0
6687,7_planet,False,,360,0,0
6688,4_planet,False,,360,0,0
6688,5_planet,False,,360,0,0
6688,7_planet,False,,360,0,0
6689,4_planet,False,,360,0,0
6689,5_planet,False,,360,0,0
6689,7_planet,False,,360,0,0
6690,4_planet,False,,360,0,0
6690,5_planet,False,,360,0,0
6690,7_planet,False,,360,0,0
6691,4_planet,False,,360,0,0
6691,5_planet,False,,360,0,0
6691,7_planet,False,,360,0,0
6692,4_planet,False,,360,0,0
6692,5_planet,False,,360,0,0
6692,7_planet,False,,360,0,0
6693,4_planet,False,,360,0,0
6693,5_planet,False,,360,0,0
6693,7_planet,False,,360,0,0
6694,4_planet,False,,360,0,0
6694,5_planet,False,,360,0,0
6694,7_planet,False,,360,0,0
6695,4_planet,False,,360,0,0
6695,5_planet,False,,360,0,0
6695,7_planet,False,,360,0,0
6696,4_planet,False,,360,0,0
6696,5_planet,False,,360,0,0
6696,7_planet,False,,360,0,0
6697,4_planet,False,,360,0,0
6697,5_planet,False,,360,0,0
6697,7_planet,False,,360,0,0
6698,4_planet,False,,360,0,0
6698,5_planet,False,,360,0,0
6698,7_planet,False,,360,0,0
6699,4_planet,False,,360,0,0
6699,5_planet,False,,360,0,0
6699,7_planet,False,,360,0,0
6700,4_planet,False,,360,0,0
6700,5_planet,False,,360,0,0
6700,7_planet,False,,360,0,0
6701,4_planet,False,,360,0,0
6701,5_planet,False,,360,0,0
6701,7_planet,False,,360,0,0
6702,4_planet,False,,360,0,0
6702,5_planet,False,,360,0,0
6702,7_planet,False,,360,0,0
6703,4_planet,False,,360,0,0
6703,5_planet,False,,360,0,0
6703,7_planet,False,,360,0,0
6704,4_planet,False,,360,0,0
6704,5_planet,False,,360,0,0
6704,7_planet,False,,360,0,0
6705,4_planet,False,,360,0,0
6705,5_planet,False,,360,0,0
6705,7_planet,False,,360,0,0
6706,4_planet,False,,360,0,0
6706,5_planet,False,,360,0,0
6706,7_planet,False,,360,0,0
6707,4_planet,False,,360,0,0
6707,5_planet,False,,360,0,0
6707,7_planet,False,,360,0,0
6708,4_planet,False,,360,0,0
6708,5_planet,False,,360,0,0
6708,7_planet,False,,360,0,0
6709,4_planet,False,,360,0,0
6709,5_planet,False,,360,0,0
6709,7_planet,False,,360,0,0
6710,4_planet,False,,360,0,0
6710,5_planet,False,,360,0,0
6710,7_planet,False,,360,0,0
6711,4_planet,False,,360,0,0
6711,5_planet,False,,360,0,0
6711,7_planet,False,,360,0,0
6712,4_planet,False,,360,0,0
6712,5_planet,False,,360,0,0
6712,7_planet,False,,360,0,0
6713,4_planet,False,,360,0,0
6713,5_planet,False,,360,0,0
6713,7_planet,False,,360,0,0
6714,4_planet,False,,360,0,0
6714,5_planet,False,,360,0,0
6714,7_planet,False,,360,0,0
6715,4_planet,False,,360,0,0
6715,5_planet,False,,360,0,0
6715,7_planet,False,,360,0,0
6716,4_planet,False,,360,0,0
6716,5_planet,False,,360,0,0
6716,7_planet,False,,360,0,0
6717,4_planet,False,,360,0,0
6717,5_planet,False,,360,0,0
6717,7_planet,False,,360,0,0
6718,4_planet,False,,360,0,0
6718,5_planet,False,,360,0,0
6718,7_planet,False,,360,0,0
6719,4_planet,False,,360,0,0
6719,5_planet,False,,360,0,0
6719,7_planet,False,,360,0,0
6720,4_planet,False,,360,0,0
6720,5_planet,False,,360,0,0
6720,7_planet,False,,360,0,0
6721,4_planet,False,,360,0,0
6721,5_planet,False,,360,0,0
6721,7_planet,False,,360,0,0
6722,4_planet,False,,360,0,0
6722,5_planet,False,,360,0,0
6722,7_planet,False,,360,0,0
6723,4_planet,False,,360,0,0
6723,5_planet,False,,360,0,0
6723,7_planet,False,,360,0,0
6724,4_planet,False,,360,0,0
6724,5_planet,False,,360,0,0
6724,7_planet,False,,360,0,0
6725,4_planet,False,,360,0,0
6725,5_planet,False,,360,0,0
6725,7_planet,False,,360,0,0
6726,4_planet,False,,360,0,0
6726,5_planet,False,,360,0,0
6726,7_planet,False,,360,0,0
6727,4_planet,False,,360,0,0
6727,5_planet,False,,360,0,0
6727,7_planet,False,,360,0,0
6728,4_planet,False,,360,0,0
6728,5_planet,False,,360,0,0
6728,7_planet,False,,360,0,0
6729,4_planet,False,,360,0,0
6729,5_planet,False,,360,0,0
6729,7_planet,False,,360,0,0
6730,4_planet,False,,360,0,0
6730,5_planet,False,,360,0,0
6730,7_planet,False,,360,0,0
6731,4_planet,False,,360,0,0
6731,5_planet,False,,360,0,0
6731,7_planet,False,,360,0,0
6732,4_planet,False,,360,0,0
6732,5_planet,False,,360,0,0
6732,7_planet,False,,360,0,0
6733,4_planet,False,,360,0,0
6733,5_planet,False,,360,0,0
6733,7_planet,False,,360,0,0
6734,4_planet,False,,360,0,0
6734,5_planet,False,,360,0,0
6734,7_planet,False,,360,0,0
6735,4_planet,False,,360,0,0
6735,5_planet,False,,360,0,0
6735,7_planet,False,,360,0,0
6736,4_planet,False,,360,0,0
6736,5_planet,False,,360,0,0
6736,7_planet,False,,360,0,0
6737,4_planet,False,,360,0,0
6737,5_planet,False,,360,0,0
6737,7_planet,False,,360,0,0
6738,4_planet,False,,360,0,0
6738,5_planet,False,,360,0,0
6738,7_planet,False,,360,0,0
6739,4_planet,False,,360,0,0
6739,5_planet,False,,360,0,0
6739,7_planet,False,,360,0,0
6740,4_planet,False,,360,0,0
6740,5_planet,False,,360,0,0
6740,7_planet,False,,360,0,0
6741,4_planet,False,,360,0,0
6741,5_planet,False,,360,0,0
6741,7_planet,False,,360,0,0
6742,4_planet,False,,360,0,0
6742,5_planet,False,,360,0,0
6742,7_planet,False,,360,0,0
6743,4_planet,False,,360,0,0
6743,5_planet,False,,360,0,0
6743,7_planet,False,,360,0,0
6744,4_planet,False,,360,0,0
6744,5_planet,False,,360,0,0
6744,7_planet,False,,360,0,0
6745,4_planet,False,,360,0,0
6745,5_planet,False,,360,0,0
6745,7_planet,False,,360,0,0
6746,4_planet,False,,360,0,0
6746,5_planet,False,,360,0,0
6746,7_planet,False,,360,0,0
6747,4_planet,False,,360,0,0
6747,5_planet,False,,360,0,0
6747,7_planet,False,,360,0,0
6748,4_planet,False,,360,0,0
6748,5_planet,False,,360,0,0
6748,7_planet,False,,360,0,0
6749,4_planet,False,,360,0,0
6749,5_planet,False,,360,0,0
6749,7_planet,False,,360,0,0
6750,4_planet,False,,360,0,0
6750,5_planet,False,,360,0,0
6750,7_planet,False,,360,0,0
6751,4_planet,False,,360,0,0
6751,5_planet,False,,360,0,0
6751,7_planet,False,,360,0,0
6752,4_planet,False,,360,0,0
6752,5_planet,False,,360,0,0
6752,7_planet,False,,360,0,0
6753,4_planet,False,,360,0,0
6753,5_planet,False,,360,0,0
6753,7_planet,False,,360,0,0
6754,4_planet,False,,360,0,0
6754,5_planet,False,,360,0,0
6754,7_planet,False,,360,0,0
6755,4_planet,False,,360,0,0
6755,5_planet,False,,360,0,0
6755,7_planet,False,,360,0,0
6756,4_planet,False,,360,0,0
6756,5_planet,False,,360,0,0
6756,7_planet,False,,360,0,0
6757,4_planet,False,,360,0,0
6757,5_planet,False,,360,0,0
6757,7_planet,False,,360,0,0
6758,4_planet,False,,360,0,0
6758,5_planet,False,,360,0,0
6758,7_planet,False,,360,0,0
6759,4_planet,False,,360,0,0
6759,5_planet,False,,360,0,0
6759,7_planet,False,,360,0,0
6760,4_planet,False,,360,0,0
6760,5_planet,False,,360,0,0
6760,7_planet,False,,360,0,0
6761,4_planet,False,,360,0,0
6761,5_planet,False,,360,0,0
6761,7_planet,False,,360,0,0
6762,4_planet,False,,360,0,0
6762,5_planet,False,,360,0,0
6762,7_planet,False,,360,0,0
6763,4_planet,False,,360,0,0
6763,5_planet,False,,360,0,0
6763,7_planet,False,,360,0,0
6764,4_planet,False,,360,0,0
6764,5_planet,False,,360,0,0
6764,7_planet,False,,360,0,0
6765,4_planet,False,,360,0,0
6765,5_planet,False,,360,0,0
6765,7_planet,False,,360,0,0
6766,4_planet,False,,360,0,0
6766,5_planet,False,,360,0,0
6766,7_planet,False,,360,0,0
6767,4_planet,False,,360,0,0
6767,5_planet,False,,360,0,0
6767,7_planet,False,,360,0,0
6768,4_planet,False,,360,0,0
6768,5_planet,False,,360,0,0
6768,7_planet,False,,360,0,0
6769,4_planet,False,,360,0,0
6769,5_planet,False,,360,0,0
6769,7_planet,False,,360,0,0
6770,4_planet,False,,360,0,0
6770,5_planet,False,,360,0,0
6770,7_planet,False,,360,0,0
6771,4_planet,False,,360,0,0
6771,5_planet,False,,360,0,0
6771,7_planet,False,,360,0,0
6772,4_planet,False,,360,0,0
6772,5_planet,False,,360,0,0
6772,7_planet,False,,360,0,0
6773,4_planet,False,,360,0,0
6773,5_planet,False,,360,0,0
6773,7_planet,False,,360,0,0
6774,4_planet,False,,360,0,0
6774,5_planet,False,,360,0,0
6774,7_planet,False,,360,0,0
6775,4_planet,False,,360,0,0
6775,5_planet,False,,360,0,0
6775,7_planet,False,,360,0,0
6776,4_planet,False,,360,0,0
6776,5_planet,False,,360,0,0
6776,7_planet,False,,360,0,0
6777,4_planet,False,,360,0,0
6777,5_planet,False,,360,0,0
6777,7_planet,False,,360,0,0
6778,4_planet,False,,360,0,0
6778,5_planet,False,,360,0,0
6778,7_planet,False,,360,0,0
6779,4_planet,False,,360,0,0
6779,5_planet,False,,360,0,0
6779,7_planet,False,,360,0,0
6780,4_planet,False,,360,0,0
6780,5_planet,False,,360,0,0
6780,7_planet,False,,360,0,0
6781,4_planet,False,,360,0,0
6781,5_planet,False,,360,0,0
6781,7_planet,False,,360,0,0
6782,4_planet,False,,360,0,0
6782,5_planet,False,,360,0,0
6782,7_planet,False,,360,0,0
6783,4_planet,False,,360,0,0
6783,5_planet,False,,360,0,0
6783,7_planet,False,,360,0,0
6784,4_planet,False,,360,0,0
6784,5_planet,False,,360,0,0
6784,7_planet,False,,360,0,0
6785,4_planet,False,,360,0,0
6785,5_planet,False,,360,0,0
6785,7_planet,False,,360,0,0
6786,4_planet,False,,360,0,0
6786,5_planet,False,,360,0,0
6786,7_planet,False,,360,0,0
6787,4_planet,False,,360,0,0
6787,5_planet,False,,360,0,0
6787,7_planet,False,,360,0,0
6788,4_planet,False,,360,0,0
6788,5_planet,False,,360,0,0
6788,7_planet,False,,360,0,0
6789,4_planet,False,,360,0,0
6789,5_planet,False,,360,0,0
6789,7_planet,False,,360,0,0
6790,4_planet,False,,360,0,0
6790,5_planet,False,,360,0,0
6790,7_planet,False,,360,0,0
6791,4_planet,False,,360,0,0
6791,5_planet,False,,360,0,0
6791,7_planet,False,,360,0,0
6792,4_planet,False,,360,0,0
6792,5_planet,False,,360,0,0
6792,7_planet,False,,360,0,0
6793,4_planet,False,,360,0,0
6793,5_planet,False,,360,0,0
6793,7_planet,False,,360,0,0
6794,4_planet,False,,360,0,0
6794,5_planet,False,,360,0,0
6794,7_planet,False,,360,0,0
6795,4_planet,False,,360,0,0
6795,5_planet,False,,360,0,0
6795,7_planet,False,,360,0,0
6796,4_planet,False,,360,0,0
6796,5_planet,False,,360,0,0
6796,7_planet,False,,360,0,0
6797,4_planet,False,,360,0,0
6797,5_planet,False,,360,0,0
6797,7_planet,False,,360,0,0
6798,4_planet,False,,360,0,0
6798,5_planet,False,,360,0,0
6798,7_planet,False,,360,0,0
6799,4_planet,False,,360,0,0
6799,5_planet,False,,360,0,0
6799,7_planet,False,,360,0,0
6800,4_planet,False,,360,0,0
6800,5_planet,False,,360,0,0
6800,7_planet,False,,360,0,0
6801,4_planet,False,,360,0,0
6801,5_planet,False,,360,0,0
6801,7_planet,False,,360,0,0
6802,4_planet,False,,360,0,0
6802,5_planet,False,,360,0,0
6802,7_planet,False,,360,0,0
6803,4_planet,False,,360,0,0
6803,5_planet,False,,360,0,0
6803,7_planet,False,,360,0,0
6804,4_planet,False,,360,0,0
6804,5_planet,False,,360,0,0
6804,7_planet,False,,360,0,0
6805,4_planet,False,,360,0,0
6805,5_planet,False,,360,0,0
6805,7_planet,False,,360,0,0
6806,4_planet,False,,360,0,0
6806,5_planet,False,,360,0,0
6806,7_planet,False,,360,0,0
6807,4_planet,False,,360,0,0
6807,5_planet,False,,360,0,0
6807,7_planet,False,,360,0,0
6808,4_planet,False,,360,0,0
6808,5_planet,False,,360,0,0
6808,7_planet,False,,360,0,0
6809,4_planet,False,,360,0,0
6809,5_planet,False,,360,0,0
6809,7_planet,False,,360,0,0
6810,4_planet,False,,360,0,0
6810,5_planet,False,,360,0,0
6810,7_planet,False,,360,0,0
6811,4_planet,False,,360,0,0
6811,5_planet,False,,360,0,0
6811,7_planet,False,,360,0,0
6812,4_planet,False,,360,0,0
6812,5_planet,False,,360,0,0
6812,7_planet,False,,360,0,0
6813,4_planet,False,,360,0,0
6813,5_planet,False,,360,0,0
6813,7_planet,False,,360,0,0
6814,4_planet,False,,360,0,0
6814,5_planet,False,,360,0,0
6814,7_planet,False,,360,0,0
6815,4_planet,False,,360,0,0
6815,5_planet,False,,360,0,0
6815,7_planet,False,,360,0,0
6816,4_planet,False,,360,0,0
6816,5_planet,False,,360,0,0
6816,7_planet,False,,360,0,0
6817,4_planet,False,,360,0,0
6817,5_planet,False,,360,0,0
6817,7_planet,False,,360,0,0
6818,4_planet,False,,360,0,0
6818,5_planet,False,,360,0,0
6818,7_planet,False,,360,0,0
6819,4_planet,False,,360,0,0
6819,5_planet,False,,360,0,0
6819,7_planet,False,,360,0,0
6820,4_planet,False,,360,0,0
6820,5_planet,False,,360,0,0
6820,7_planet,False,,360,0,0
6821,4_planet,False,,360,0,0
6821,5_planet,False,,360,0,0
6821,7_planet,False,,360,0,0
6822,4_planet,False,,360,0,0
6822,5_planet,False,,360,0,0
6822,7_planet,False,,360,0,0
6823,4_planet,False,,360,0,0
6823,5_planet,False,,360,0,0
6823,7_planet,False,,360,0,0
6824,4_planet,False,,360,0,0
6824,5_planet,False,,360,0,0
6824,7_planet,False,,360,0,0
6825,4_planet,False,,360,0,0
6825,5_planet,False,,360,0,0
6825,7_planet,False,,360,0,0
6826,4_planet,False,,360,0,0
6826,5_planet,False,,360,0,0
6826,7_planet,False,,360,0,0
6827,4_planet,False,,360,0,0
6827,5_planet,False,,360,0,0
6827,7_planet,False,,360,0,0
6828,4_planet,False,,360,0,0
6828,5_planet,False,,360,0,0
6828,7_planet,False,,360,0,0
6829,4_planet,False,,360,0,0
6829,5_planet,False,,360,0,0
6829,7_planet,False,,360,0,0
6830,4_planet,False,,360,0,0
6830,5_planet,False,,360,0,0
6830,7_planet,False,,360,0,0
6831,4_planet,False,,360,0,0
6831,5_planet,False,,360,0,0
6831,7_planet,False,,360,0,0
6832,4_planet,False,,360,0,0
6832,5_planet,False,,360,0,0
6832,7_planet,False,,360,0,0
6833,4_planet,False,,360,0,0
6833,5_planet,False,,360,0,0
6833,7_planet,False,,360,0,0
6834,4_planet,False,,360,0,0
6834,5_planet,False,,360,0,0
6834,7_planet,False,,360,0,0
6835,4_planet,False,,360,0,0
6835,5_planet,False,,360,0,0
6835,7_planet,False,,360,0,0
6836,4_planet,False,,360,0,0
6836,5_planet,False,,360,0,0
6836,7_planet,False,,360,0,0
6837,4_planet,False,,360,0,0
6837,5_planet,False,,360,0,0
6837,7_planet,False,,360,0,0
6838,4_planet,False,,360,0,0
6838,5_planet,False,,360,0,0
6838,7_planet,False,,360,0,0
6839,4_planet,False,,360,0,0
6839,5_planet,False,,360,0,0
6839,7_planet,False,,360,0,0
6840,4_planet,False,,360,0,0
6840,5_planet,False,,360,0,0
6840,7_planet,False,,360,0,0
6841,4_planet,False,,360,0,0
6841,5_planet,False,,360,0,0
6841,7_planet,False,,360,0,0
6842,4_planet,False,,360,0,0
6842,5_planet,False,,360,0,0
6842,7_planet,False,,360,0,0
6843,4_planet,False,,360,0,0
6843,5_planet,False,,360,0,0
6843,7_planet,False,,360,0,0
6844,4_planet,False,,360,0,0
6844,5_planet,False,,360,0,0
6844,7_planet,False,,360,0,0
6845,4_planet,False,,360,0,0
6845,5_planet,False,,360,0,0
6845,7_planet,False,,360,0,0
6846,4_planet,False,,360,0,0
6846,5_planet,False,,360,0,0
6846,7_planet,False,,360,0,0
6847,4_planet,False,,360,0,0
6847,5_planet,False,,360,0,0
6847,7_planet,False,,360,0,0
6848,4_planet,False,,360,0,0
6848,5_planet,False,,360,0,0
6848,7_planet,False,,360,0,0
6849,4_planet,False,,360,0,0
6849,5_planet,False,,360,0,0
6849,7_planet,False,,360,0,0
6850,4_planet,False,,360,0,0
6850,5_planet,False,,360,0,0
6850,7_planet,False,,360,0,0
6851,4_planet,False,,360,0,0
6851,5_planet,False,,360,0,0
6851,7_planet,False,,360,0,0
6852,4_planet,False,,360,0,0
6852,5_planet,False,,360,0,0
6852,7_planet,False,,360,0,0
6853,4_planet,False,,360,0,0
6853,5_planet,False,,360,0,0
6853,7_planet,False,,360,0,0
6854,4_planet,False,,360,0,0
6854,5_planet,False,,360,0,0
6854,7_planet,False,,360,0,0
6855,4_planet,False,,360,0,0
6855,5_planet,False,,360,0,0
6855,7_planet,False,,360,0,0
6856,4_planet,False,,360,0,0
6856,5_planet,False,,360,0,0
6856,7_planet,False,,360,0,0
6857,4_planet,False,,360,0,0
6857,5_planet,False,,360,0,0
6857,7_planet,False,,360,0,0
6858,4_planet,False,,360,0,0
6858,5_planet,False,,360,0,0
6858,7_planet,False,,360,0,0
6859,4_planet,False,,360,0,0
6859,5_planet,False,,360,0,0
6859,7_planet,False,,360,0,0
6860,4_planet,False,,360,0,0
6860,5_planet,False,,360,0,0
6860,7_planet,False,,360,0,0
6861,4_planet,False,,360,0,0
6861,5_planet,False,,360,0,0
6861,7_planet,False,,360,0,0
6862,4_planet,False,,360,0,0
6862,5_planet,False,,360,0,0
6862,7_planet,False,,360,0,0
6863,4_planet,False,,360,0,0
6863,5_planet,False,,360,0,0
6863,7_planet,False,,360,0,0
6864,4_planet,False,,360,0,0
6864,5_planet,False,,360,0,0
6864,7_planet,False,,360,0,0
6865,4_planet,False,,360,0,0
6865,5_planet,False,,360,0,0
6865,7_planet,False,,360,0,0
6866,4_planet,False,,360,0,0
6866,5_planet,False,,360,0,0
6866,7_planet,False,,360,0,0
6867,4_planet,False,,360,0,0
6867,5_planet,False,,360,0,0
6867,7_planet,False,,360,0,0
6868,4_planet,False,,360,0,0
6868,5_planet,False,,360,0,0
6868,7_planet,False,,360,0,0
6869,4_planet,False,,360,0,0
6869,5_planet,False,,360,0,0
6869,7_planet,False,,360,0,0
6870,4_planet,False,,360,0,0
6870,5_planet,False,,360,0,0
6870,7_planet,False,,360,0,0
6871,4_planet,False,,360,0,0
6871,5_planet,False,,360,0,0
6871,7_planet,False,,360,0,0
6872,4_planet,False,,360,0,0
6872,5_planet,False,,360,0,0
6872,7_planet,False,,360,0,0
6873,4_planet,False,,360,0,0
6873,5_planet,False,,360,0,0
6873,7_planet,False,,360,0,0
6874,4_planet,False,,360,0,0
6874,5_planet,False,,360,0,0
6874,7_planet,False,,360,0,0
6875,4_planet,False,,360,0,0
6875,5_planet,False,,360,0,0
6875,7_planet,False,,360,0,0
6876,4_planet,False,,360,0,0
6876,5_planet,False,,360,0,0
6876,7_planet,False,,360,0,0
6877,4_planet,False,,360,0,0
6877,5_planet,False,,360,0,0
6877,7_planet,False,,360,0,0
6878,4_planet,False,,360,0,0
6878,5_planet,False,,360,0,0
6878,7_planet,False,,360,0,0
6879,4_planet,False,,360,0,0
6879,5_planet,False,,360,0,0
6879,7_planet,False,,360,0,0
6880,4_planet,False,,360,0,0
6880,5_planet,False,,360,0,0
6880,7_planet,False,,360,0,0
6881,4_planet,False,,360,0,0
6881,5_planet,False,,360,0,0
6881,7_planet,False,,360,0,0
6882,4_planet,False,,360,0,0
6882,5_planet,False,,360,0,0
6882,7_planet,False,,360,0,0
6883,4_planet,False,,360,0,0
6883,5_planet,False,,360,0,0
6883,7_planet,False,,360,0,0
6884,4_planet,False,,360,0,0
6884,5_planet,False,,360,0,0
6884,7_planet,False,,360,0,0
6885,4_planet,False,,360,0,0
6885,5_planet,False,,360,0,0
6885,7_planet,False,,360,0,0
6886,4_planet,False,,360,0,0
6886,5_planet,False,,360,0,0
6886,7_planet,False,,360,0,0
6887,4_planet,False,,360,0,0
6887,5_planet,False,,360,0,0
6887,7_planet,False,,360,0,0
6888,4_planet,False,,360,0,0
6888,5_planet,False,,360,0,0
6888,7_planet,False,,360,0,0
6889,4_planet,False,,360,0,0
6889,5_planet,False,,360,0,0
6889,7_planet,False,,360,0,0
6890,4_planet,False,,360,0,0
6890,5_planet,False,,360,0,0
6890,7_planet,False,,360,0,0
6891,4_planet,False,,360,0,0
6891,5_planet,False,,360,0,0
6891,7_planet,False,,360,0,0
6892,4_planet,False,,360,0,0
6892,5_planet,False,,360,0,0
6892,7_planet,False,,360,0,0
6893,4_planet,False,,360,0,0
6893,5_planet,False,,360,0,0
6893,7_planet,False,,360,0,0
6894,4_planet,False,,360,0,0
6894,5_planet,False,,360,0,0
6894,7_planet,False,,360,0,0
6895,4_planet,False,,360,0,0
6895,5_planet,False,,360,0,0
6895,7_planet,False,,360,0,0
6896,4_planet,False,,360,0,0
6896,5_planet,False,,360,0,0
6896,7_planet,False,,360,0,0
6897,4_planet,False,,360,0,0
6897,5_planet,False,,360,0,0
6897,7_planet,False,,360,0,0
6898,4_planet,False,,360,0,0
6898,5_planet,False,,360,0,0
6898,7_planet,False,,360,0,0
6899,4_planet,False,,360,0,0
6899,5_planet,False,,360,0,0
6899,7_planet,False,,360,0,0
6900,4_planet,False,,360,0,0
6900,5_planet,False,,360,0,0
6900,7_planet,False,,360,0,0
6901,4_planet,False,,360,0,0
6901,5_planet,False,,360,0,0
6901,7_planet,False,,360,0,0
6902,4_planet,False,,360,0,0
6902,5_planet,False,,360,0,0
6902,7_planet,False,,360,0,0
6903,4_planet,False,,360,0,0
6903,5_planet,False,,360,0,0
6903,7_planet,False,,360,0,0
6904,4_planet,False,,360,0,0
6904,5_planet,False,,360,0,0
6904,7_planet,False,,360,0,0
6905,4_planet,False,,360,0,0
6905,5_planet,False,,360,0,0
6905,7_planet,False,,360,0,0
6906,4_planet,False,,360,0,0
6906,5_planet,False,,360,0,0
6906,7_planet,False,,360,0,0
6907,4_planet,False,,360,0,0
6907,5_planet,False,,360,0,0
6907,7_planet,False,,360,0,0
6908,4_planet,False,,360,0,0
6908,5_planet,False,,360,0,0
6908,7_planet,False,,360,0,0
6909,4_planet,False,,360,0,0
6909,5_planet,False,,360,0,0
6909,7_planet,False,,360,0,0
6910,4_planet,False,,360,0,0
6910,5_planet,False,,360,0,0
6910,7_planet,False,,360,0,0
6911,4_planet,False,,360,0,0
6911,5_planet,False,,360,0,0
6911,7_planet,False,,360,0,0
6912,4_planet,False,,360,0,0
6912,5_planet,False,,360,0,0
6912,7_planet,False,,360,0,0
6913,4_planet,False,,360,0,0
6913,5_planet,False,,360,0,0
6913,7_planet,False,,360,0,0
6914,4_planet,False,,360,0,0
6914,5_planet,False,,360,0,0
6914,7_planet,False,,360,0,0
6915,4_planet,False,,360,0,0
6915,5_planet,False,,360,0,0
6915,7_planet,False,,360,0,0
6916,4_planet,False,,360,0,0
6916,5_planet,False,,360,0,0
6916,7_planet,False,,360,0,0
6917,4_planet,False,,360,0,0
6917,5_planet,False,,360,0,0
6917,7_planet,False,,360,0,0
6918,4_planet,False,,360,0,0
6918,5_planet,False,,360,0,0
6918,7_planet,False,,360,0,0
6919,4_planet,False,,360,0,0
6919,5_planet,False,,360,0,0
6919,7_planet,False,,360,0,0
6920,4_planet,False,,360,0,0
6920,5_planet,False,,360,0,0
6920,7_planet,False,,360,0,0
6921,4_planet,False,,360,0,0
6921,5_planet,False,,360,0,0
6921,7_planet,False,,360,0,0
6922,4_planet,False,,360,0,0
6922,5_planet,False,,360,0,0
6922,7_planet,False,,360,0,0
6923,4_planet,False,,360,0,0
6923,5_planet,False,,360,0,0
6923,7_planet,False,,360,0,0
6924,4_planet,False,,360,0,0
6924,5_planet,False,,360,0,0
6924,7_planet,False,,360,0,0
6925,4_planet,False,,360,0,0
6925,5_planet,False,,360,0,0
6925,7_planet,False,,360,0,0
6926,4_planet,False,,360,0,0
6926,5_planet,False,,360,0,0
6926,7_planet,False,,360,0,0
6927,4_planet,False,,360,0,0
6927,5_planet,False,,360,0,0
6927,7_planet,False,,360,0,0
6928,4_planet,False,,360,0,0
6928,5_planet,False,,360,0,0
6928,7_planet,False,,360,0,0
6929,4_planet,False,,360,0,0
6929,5_planet,False,,360,0,0
6929,7_planet,False,,360,0,0
6930,4_planet,False,,360,0,0
6930,5_planet,False,,360,0,0
6930,7_planet,False,,360,0,0
6931,4_planet,False,,360,0,0
6931,5_planet,False,,360,0,0
6931,7_planet,False,,360,0,0
6932,4_planet,False,,360,0,0
6932,5_planet,False,,360,0,0
6932,7_planet,False,,360,0,0
6933,4_planet,False,,360,0,0
6933,5_planet,False,,360,0,0
6933,7_planet,False,,360,0,0
6934,4_planet,False,,360,0,0
6934,5_planet,False,,360,0,0
6934,7_planet,False,,360,0,0
6935,4_planet,False,,360,0,0
6935,5_planet,False,,360,0,0
6935,7_planet,False,,360,0,0
6936,4_planet,False,,360,0,0
6936,5_planet,False,,360,0,0
6936,7_planet,False,,360,0,0
6937,4_planet,False,,360,0,0
6937,5_planet,False,,360,0,0
6937,7_planet,False,,360,0,0
6938,4_planet,False,,360,0,0
6938,5_planet,False,,360,0,0
6938,7_planet,False,,360,0,0
6939,4_planet,False,,360,0,0
6939,5_planet,False,,360,0,0
6939,7_planet,False,,360,0,0
6940,4_planet,False,,360,0,0
6940,5_planet,False,,360,0,0
6940,7_planet,False,,360,0,0
6941,4_planet,False,,360,0,0
6941,5_planet,False,,360,0,0
6941,7_planet,False,,360,0,0
6942,4_planet,False,,360,0,0
6942,5_planet,False,,360,0,0
6942,7_planet,False,,360,0,0
6943,4_planet,False,,360,0,0
6943,5_planet,False,,360,0,0
6943,7_planet,False,,360,0,0
6944,4_planet,False,,360,0,0
6944,5_planet,False,,360,0,0
6944,7_planet,False,,360,0,0
6945,4_planet,False,,360,0,0
6945,5_planet,False,,360,0,0
6945,7_planet,False,,360,0,0
6946,4_planet,False,,360,0,0
6946,5_planet,False,,360,0,0
6946,7_planet,False,,360,0,0
6947,4_planet,False,,360,0,0
6947,5_planet,False,,360,0,0
6947,7_planet,False,,360,0,0
6948,4_planet,False,,360,0,0
6948,5_planet,False,,360,0,0
6948,7_planet,False,,360,0,0
6949,4_planet,False,,360,0,0
6949,5_planet,False,,360,0,0
6949,7_planet,False,,360,0,0
6950,4_planet,False,,360,0,0
6950,5_planet,False,,360,0,0
6950,7_planet,False,,360,0,0
6951,4_planet,False,,360,0,0
6951,5_planet,False,,360,0,0
6951,7_planet,False,,360,0,0
6952,4_planet,False,,360,0,0
6952,5_planet,False,,360,0,0
6952,7_planet,False,,360,0,0
6953,4_planet,False,,360,0,0
6953,5_planet,False,,360,0,0
6953,7_planet,False,,360,0,0
6954,4_planet,False,,360,0,0
6954,5_planet,False,,360,0,0
6954,7_planet,False,,360,0,0
6955,4_planet,False,,360,0,0
6955,5_planet,False,,360,0,0
6955,7_planet,False,,360,0,0
6956,4_planet,False,,360,0,0
6956,5_planet,False,,360,0,0
6956,7_planet,False,,360,0,0
6957,4_planet,False,,360,0,0
6957,5_planet,False,,360,0,0
6957,7_planet,False,,360,0,0
6958,4_planet,False,,360,0,0
6958,5_planet,False,,360,0,0
6958,7_planet,False,,360,0,0
6959,4_planet,False,,360,0,0
6959,5_planet,False,,360,0,0
6959,7_planet,False,,360,0,0
6960,4_planet,False,,360,0,0
6960,5_planet,False,,360,0,0
6960,7_planet,False,,360,0,0
6961,4_planet,False,,360,0,0
6961,5_planet,False,,360,0,0
6961,7_planet,False,,360,0,0
6962,4_planet,False,,360,0,0
6962,5_planet,False,,360,0,0
6962,7_planet,False,,360,0,0
6963,4_planet,False,,360,0,0
6963,5_planet,False,,360,0,0
6963,7_planet,False,,360,0,0
6964,4_planet,False,,360,0,0
6964,5_planet,False,,360,0,0
6964,7_planet,False,,360,0,0
6965,4_planet,False,,360,0,0
6965,5_planet,False,,360,0,0
6965,7_planet,False,,360,0,0
6966,4_planet,False,,360,0,0
6966,5_planet,False,,360,0,0
6966,7_planet,False,,360,0,0
6967,4_planet,False,,360,0,0
6967,5_planet,False,,360,0,0
6967,7_planet,False,,360,0,0
6968,4_planet,False,,360,0,0
6968,5_planet,False,,360,0,0
6968,7_planet,False,,360,0,0
6969,4_planet,False,,360,0,0
6969,5_planet,False,,360,0,0
6969,7_planet,False,,360,0,0
6970,4_planet,False,,360,0,0
6970,5_planet,False,,360,0,0
6970,7_planet,False,,360,0,0
6971,4_planet,False,,360,0,0
6971,5_planet,False,,360,0,0
6971,7_planet,False,,360,0,0
6972,4_planet,False,,360,0,0
6972,5_planet,False,,360,0,0
6972,7_planet,False,,360,0,0
6973,4_planet,False,,360,0,0
6973,5_planet,False,,360,0,0
6973,7_planet,False,,360,0,0
6974,4_planet,False,,360,0,0
6974,5_planet,False,,360,0,0
6974,7_planet,False,,360,0,0
6975,4_planet,False,,360,0,0
6975,5_planet,False,,360,0,0
6975,7_planet,False,,360,0,0
6976,4_planet,False,,360,0,0
6976,5_planet,False,,360,0,0
6976,7_planet,False,,360,0,0
6977,4_planet,False,,360,0,0
6977,5_planet,False,,360,0,0
6977,7_planet,False,,360,0,0
6978,4_planet,False,,360,0,0
6978,5_planet,False,,360,0,0
6978,7_planet,False,,360,0,0
6979,4_planet,False,,360,0,0
6979,5_planet,False,,360,0,0
6979,7_planet,False,,360,0,0
6980,4_planet,False,,360,0,0
6980,5_planet,False,,360,0,0
6980,7_planet,False,,360,0,0
6981,4_planet,False,,360,0,0
6981,5_planet,False,,360,0,0
6981,7_planet,False,,360,0,0
6982,4_planet,False,,360,0,0
6982,5_planet,False,,360,0,0
6982,7_planet,False,,360,0,0
6983,4_planet,False,,360,0,0
6983,5_planet,False,,360,0,0
6983,7_planet,False,,360,0,0
6984,4_planet,False,,360,0,0
6984,5_planet,False,,360,0,0
6984,7_planet,False,,360,0,0
6985,4_planet,False,,360,0,0
6985,5_planet,False,,360,0,0
6985,7_planet,False,,360,0,0
6986,4_planet,False,,360,0,0
6986,5_planet,False,,360,0,0
6986,7_planet,False,,360,0,0
6987,4_planet,False,,360,0,0
6987,5_planet,False,,360,0,0
6987,7_planet,False,,360,0,0
6988,4_planet,False,,360,0,0
6988,5_planet,False,,360,0,0
6988,7_planet,False,,360,0,0
6989,4_planet,False,,360,0,0
6989,5_planet,False,,360,0,0
6989,7_planet,False,,360,0,0
6990,4_planet,False,,360,0,0
6990,5_planet,False,,360,0,0
6990,7_planet,False,,360,0,0
6991,4_planet,False,,360,0,0
6991,5_planet,False,,360,0,0
6991,7_planet,False,,360,0,0
6992,4_planet,False,,360,0,0
6992,5_planet,False,,360,0,0
6992,7_planet,False,,360,0,0
6993,4_planet,False,,360,0,0
6993,5_planet,False,,360,0,0
6993,7_planet,False,,360,0,0
6994,4_planet,False,,360,0,0
6994,5_planet,False,,360,0,0
6994,7_planet,False,,360,0,0
6995,4_planet,False,,360,0,0
6995,5_planet,False,,360,0,0
6995,7_planet,False,,360,0,0
6996,4_planet,False,,360,0,0
6996,5_planet,False,,360,0,0
6996,7_planet,False,,360,0,0
6997,4_planet,False,,360,0,0
6997,5_planet,False,,360,0,0
6997,7_planet,False,,360,0,0
6998,4_planet,False,,360,0,0
6998,5_planet,False,,360,0,0
6998,7_planet,False,,360,0,0
6999,4_planet,False,,360,0,0
6999,5_planet,False,,360,0,0
6999,7_planet,False,,360,0,0
7000,4_planet,False,,360,0,0
7000,5_planet,False,,360,0,0
7000,7_planet,False,,360,0,0
7001,4_planet,False,,360,0,0
7001,5_planet,False,,360,0,0
7001,7_planet,False,,360,0,0
7002,4_planet,False,,360,0,0
7002,5_planet,False,,360,0,0
7002,7_planet,False,,360,0,0
7003,4_planet,False,,360,0,0
7003,5_planet,False,,360,0,0
7003,7_planet,False,,360,0,0
7004,4_planet,False,,360,0,0
7004,5_planet,False,,360,0,0
7004,7_planet,False,,360,0,0
7005,4_planet,False,,360,0,0
7005,5_planet,False,,360,0,0
7005,7_planet,False,,360,0,0
7006,4_planet,False,,360,0,0
7006,5_planet,False,,360,0,0
7006,7_planet,False,,360,0,0
7007,4_planet,False,,360,0,0
7007,5_planet,False,,360,0,0
7007,7_planet,False,,360,0,0
7008,4_planet,False,,360,0,0
7008,5_planet,False,,360,0,0
7008,7_planet,False,,360,0,0
7009,4_planet,False,,360,0,0
7009,5_planet,False,,360,0,0
7009,7_planet,False,,360,0,0
7010,4_planet,False,,360,0,0
7010,5_planet,False,,360,0,0
7010,7_planet,False,,360,0,0
7011,4_planet,False,,360,0,0
7011,5_planet,False,,360,0,0
7011,7_planet,False,,360,0,0
7012,4_planet,False,,360,0,0
7012,5_planet,False,,360,0,0
7012,7_planet,False,,360,0,0
7013,4_planet,False,,360,0,0
7013,5_planet,False,,360,0,0
7013,7_planet,False,,360,0,0
7014,4_planet,False,,360,0,0
7014,5_planet,False,,360,0,0
7014,7_planet,False,,360,0,0
7015,4_planet,False,,360,0,0
7015,5_planet,False,,360,0,0
7015,7_planet,False,,360,0,0
7016,4_planet,False,,360,0,0
7016,5_planet,False,,360,0,0
7016,7_planet,False,,360,0,0
7017,4_planet,False,,360,0,0
7017,5_planet,False,,360,0,0
7017,7_planet,False,,360,0,0
7018,4_planet,False,,360,0,0
7018,5_planet,False,,360,0,0
7018,7_planet,False,,360,0,0
7019,4_planet,False,,360,0,0
7019,5_planet,False,,360,0,0
7019,7_planet,False,,360,0,0
7020,4_planet,False,,360,0,0
7020,5_planet,False,,360,0,0
7020,7_planet,False,,360,0,0
7021,4_planet,False,,360,0,0
7021,5_planet,False,,360,0,0
7021,7_planet,False,,360,0,0
7022,4_planet,False,,360,0,0
7022,5_planet,False,,360,0,0
7022,7_planet,False,,360,0,0
7023,4_planet,False,,360,0,0
7023,5_planet,False,,360,0,0
7023,7_planet,False,,360,0,0
7024,4_planet,False,,360,0,0
7024,5_planet,False,,360,0,0
7024,7_planet,False,,360,0,0
7025,4_planet,False,,360,0,0
7025,5_planet,False,,360,0,0
7025,7_planet,False,,360,0,0
7026,4_planet,False,,360,0,0
7026,5_planet,False,,360,0,0
7026,7_planet,False,,360,0,0
7027,4_planet,False,,360,0,0
7027,5_planet,False,,360,0,0
7027,7_planet,False,,360,0,0
7028,4_planet,False,,360,0,0
7028,5_planet,False,,360,0,0
7028,7_planet,False,,360,0,0
7029,4_planet,False,,360,0,0
7029,5_planet,False,,360,0,0
7029,7_planet,False,,360,0,0
7030,4_planet,False,,360,0,0
7030,5_planet,False,,360,0,0
7030,7_planet,False,,360,0,0
7031,4_planet,False,,360,0,0
7031,5_planet,False,,360,0,0
7031,7_planet,False,,360,0,0
7032,4_planet,False,,360,0,0
7032,5_planet,False,,360,0,0
7032,7_planet,False,,360,0,0
7033,4_planet,False,,360,0,0
7033,5_planet,False,,360,0,0
7033,7_planet,False,,360,0,0
7034,4_planet,False,,360,0,0
7034,5_planet,False,,360,0,0
7034,7_planet,False,,360,0,0
7035,4_planet,False,,360,0,0
7035,5_planet,False,,360,0,0
7035,7_planet,False,,360,0,0
7036,4_planet,False,,360,0,0
7036,5_planet,False,,360,0,0
7036,7_planet,False,,360,0,0
7037,4_planet,False,,360,0,0
7037,5_planet,False,,360,0,0
7037,7_planet,False,,360,0,0
7038,4_planet,False,,360,0,0
7038,5_planet,False,,360,0,0
7038,7_planet,False,,360,0,0
7039,4_planet,False,,360,0,0
7039,5_planet,False,,360,0,0
7039,7_planet,False,,360,0,0
7040,4_planet,False,,360,0,0
7040,5_planet,False,,360,0,0
7040,7_planet,False,,360,0,0
7041,4_planet,False,,360,0,0
7041,5_planet,False,,360,0,0
7041,7_planet,False,,360,0,0
7042,4_planet,False,,360,0,0
7042,5_planet,False,,360,0,0
7042,7_planet,False,,360,0,0
7043,4_planet,False,,360,0,0
7043,5_planet,False,,360,0,0
7043,7_planet,False,,360,0,0
7044,4_planet,False,,360,0,0
7044,5_planet,False,,360,0,0
7044,7_planet,False,,360,0,0
7045,4_planet,False,,360,0,0
7045,5_planet,False,,360,0,0
7045,7_planet,False,,360,0,0
7046,4_planet,False,,360,0,0
7046,5_planet,False,,360,0,0
7046,7_planet,False,,360,0,0
7047,4_planet,False,,360,0,0
7047,5_planet,False,,360,0,0
7047,7_planet,False,,360,0,0
7048,4_planet,False,,360,0,0
7048,5_planet,False,,360,0,0
7048,7_planet,False,,360,0,0
7049,4_planet,False,,360,0,0
7049,5_planet,False,,360,0,0
7049,7_planet,False,,360,0,0
7050,4_planet,False,,360,0,0
7050,5_planet,False,,360,0,0
7050,7_planet,False,,360,0,0
7051,4_planet,False,,360,0,0
7051,5_planet,False,,360,0,0
7051,7_planet,False,,360,0,0
7052,4_planet,False,,360,0,0
7052,5_planet,False,,360,0,0
7052,7_planet,False,,360,0,0
7053,4_planet,False,,360,0,0
7053,5_planet,False,,360,0,0
7053,7_planet,False,,360,0,0
7054,4_planet,False,,360,0,0
7054,5_planet,False,,360,0,0
7054,7_planet,False,,360,0,0
7055,4_planet,False,,360,0,0
7055,5_planet,False,,360,0,0
7055,7_planet,False,,360,0,0
7056,4_planet,False,,360,0,0
7056,5_planet,False,,360,0,0
7056,7_planet,False,,360,0,0
7057,4_planet,False,,360,0,0
7057,5_planet,False,,360,0,0
7057,7_planet,False,,360,0,0
7058,4_planet,False,,360,0,0
7058,5_planet,False,,360,0,0
7058,7_planet,False,,360,0,0
7059,4_planet,False,,360,0,0
7059,5_planet,False,,360,0,0
7059,7_planet,False,,360,0,0
7060,4_planet,False,,360,0,0
7060,5_planet,False,,360,0,0
7060,7_planet,False,,360,0,0
7061,4_planet,False,,360,0,0
7061,5_planet,False,,360,0,0
7061,7_planet,False,,360,0,0
7062,4_planet,False,,360,0,0
7062,5_planet,False,,360,0,0
7062,7_planet,False,,360,0,0
7063,4_planet,False,,360,0,0
7063,5_planet,False,,360,0,0
7063,7_planet,False,,360,0,0
7064,4_planet,False,,360,0,0
7064,5_planet,False,,360,0,0
7064,7_planet,False,,360,0,0
7065,4_planet,False,,360,0,0
7065,5_planet,False,,360,0,0
7065,7_planet,False,,360,0,0
7066,4_planet,False,,360,0,0
7066,5_planet,False,,360,0,0
7066,7_planet,False,,360,0,0
7067,4_planet,False,,360,0,0
7067,5_planet,False,,360,0,0
7067,7_planet,False,,360,0,0
7068,4_planet,False,,360,0,0
7068,5_planet,False,,360,0,0
7068,7_planet,False,,360,0,0
7069,4_planet,False,,360,0,0
7069,5_planet,False,,360,0,0
7069,7_planet,False,,360,0,0
7070,4_planet,False,,360,0,0
7070,5_planet,False,,360,0,0
7070,7_planet,False,,360,0,0
7071,4_planet,False,,360,0,0
7071,5_planet,False,,360,0,0
7071,7_planet,False,,360,0,0
7072,4_planet,False,,360,0,0
7072,5_planet,False,,360,0,0
7072,7_planet,False,,360,0,0
7073,4_planet,False,,360,0,0
7073,5_planet,False,,360,0,0
7073,7_planet,False,,360,0,0
7074,4_planet,False,,360,0,0
7074,5_planet,False,,360,0,0
7074,7_planet,False,,360,0,0
7075,4_planet,False,,360,0,0
7075,5_planet,False,,360,0,0
7075,7_planet,False,,360,0,0
7076,4_planet,False,,360,0,0
7076,5_planet,False,,360,0,0
7076,7_planet,False,,360,0,0
7077,4_planet,False,,360,0,0
7077,5_planet,False,,360,0,0
7077,7_planet,False,,360,0,0
7078,4_planet,False,,360,0,0
7078,5_planet,False,,360,0,0
7078,7_planet,False,,360,0,0
7079,4_planet,False,,360,0,0
7079,5_planet,False,,360,0,0
7079,7_planet,False,,360,0,0
7080,4_planet,False,,360,0,0
7080,5_planet,False,,360,0,0
7080,7_planet,False,,360,0,0
7081,4_planet,False,,360,0,0
7081,5_planet,False,,360,0,0
7081,7_planet,False,,360,0,0
7082,4_planet,False,,360,0,0
7082,5_planet,False,,360,0,0
7082,7_planet,False,,360,0,0
7083,4_planet,False,,360,0,0
7083,5_planet,False,,360,0,0
7083,7_planet,False,,360,0,0
7084,4_planet,False,,360,0,0
7084,5_planet,False,,360,0,0
7084,7_planet,False,,360,0,0
7085,4_planet,False,,360,0,0
7085,5_planet,False,,360,0,0
7085,7_planet,False,,360,0,0
7086,4_planet,False,,360,0,0
7086,5_planet,False,,360,0,0
7086,7_planet,False,,360,0,0
7087,4_planet,False,,360,0,0
7087,5_planet,False,,360,0,0
7087,7_planet,False,,360,0,0
7088,4_planet,False,,360,0,0
7088,5_planet,False,,360,0,0
7088,7_planet,False,,360,0,0
7089,4_planet,False,,360,0,0
7089,5_planet,False,,360,0,0
7089,7_planet,False,,360,0,0
7090,4_planet,False,,360,0,0
7090,5_planet,False,,360,0,0
7090,7_planet,False,,360,0,0
7091,4_planet,False,,360,0,0
7091,5_planet,False,,360,0,0
7091,7_planet,False,,360,0,0
7092,4_planet,False,,360,0,0
7092,5_planet,False,,360,0,0
7092,7_planet,False,,360,0,0
7093,4_planet,False,,360,0,0
7093,5_planet,False,,360,0,0
7093,7_planet,False,,360,0,0
7094,4_planet,False,,360,0,0
7094,5_planet,False,,360,0,0
7094,7_planet,False,,360,0,0
7095,4_planet,False,,360,0,0
7095,5_planet,False,,360,0,0
7095,7_planet,False,,360,0,0
7096,4_planet,False,,360,0,0
7096,5_planet,False,,360,0,0
7096,7_planet,False,,360,0,0
7097,4_planet,False,,360,0,0
7097,5_planet,False,,360,0,0
7097,7_planet,False,,360,0,0
7098,4_planet,False,,360,0,0
7098,5_planet,False,,360,0,0
7098,7_planet,False,,360,0,0
7099,4_planet,False,,360,0,0
7099,5_planet,False,,360,0,0
7099,7_planet,False,,360,0,0
7100,4_planet,False,,360,0,0
7100,5_planet,False,,360,0,0
7100,7_planet,False,,360,0,0
7101,4_planet,False,,360,0,0
7101,5_planet,False,,360,0,0
7101,7_planet,False,,360,0,0
7102,4_planet,False,,360,0,0
7102,5_planet,False,,360,0,0
7102,7_planet,False,,360,0,0
7103,4_planet,False,,360,0,0
7103,5_planet,False,,360,0,0
7103,7_planet,False,,360,0,0
7104,4_planet,False,,360,0,0
7104,5_planet,False,,360,0,0
7104,7_planet,False,,360,0,0
7105,4_planet,False,,360,0,0
7105,5_planet,False,,360,0,0
7105,7_planet,False,,360,0,0
7106,4_planet,False,,360,0,0
7106,5_planet,False,,360,0,0
7106,7_planet,False,,360,0,0
7107,4_planet,False,,360,0,0
7107,5_planet,False,,360,0,0
7107,7_planet,False,,360,0,0
7108,4_planet,False,,360,0,0
7108,5_planet,False,,360,0,0
7108,7_planet,False,,360,0,0
7109,4_planet,False,,360,0,0
7109,5_planet,False,,360,0,0
7109,7_planet,False,,360,0,0
7110,4_planet,False,,360,0,0
7110,5_planet,False,,360,0,0
7110,7_planet,False,,360,0,0
7111,4_planet,False,,360,0,0
7111,5_planet,False,,360,0,0
7111,7_planet,False,,360,0,0
7112,4_planet,False,,360,0,0
7112,5_planet,False,,360,0,0
7112,7_planet,False,,360,0,0
7113,4_planet,False,,360,0,0
7113,5_planet,False,,360,0,0
7113,7_planet,False,,360,0,0
7114,4_planet,False,,360,0,0
7114,5_planet,False,,360,0,0
7114,7_planet,False,,360,0,0
7115,4_planet,False,,360,0,0
7115,5_planet,False,,360,0,0
7115,7_planet,False,,360,0,0
7116,4_planet,False,,360,0,0
7116,5_planet,False,,360,0,0
7116,7_planet,False,,360,0,0
7117,4_planet,False,,360,0,0
7117,5_planet,False,,360,0,0
7117,7_planet,True,"Saturn, Mercury, Sun, Jupiter, Moon, Venus, Mars",59.25,1.25,21.43
7118,4_planet,False,,360,0,0
7118,5_planet,False,,360,0,0
7118,7_planet,False,,360,0,0
7119,4_planet,False,,360,0,0
7119,5_planet,False,,360,0,0
7119,7_planet,False,,360,0,0
7120,4_planet,False,,360,0,0
7120,5_planet,False,,360,0,0
7120,7_planet,False,,360,0,0
7121,4_planet,False,,360,0,0
7121,5_planet,False,,360,0,0
7121,7_planet,False,,360,0,0
7122,4_planet,False,,360,0,0
7122,5_planet,False,,360,0,0
7122,7_planet,False,,360,0,0
7123,4_planet,False,,360,0,0
7123,5_planet,False,,360,0,0
7123,7_planet,False,,360,0,0
7124,4_planet,False,,360,0,0
7124,5_planet,False,,360,0,0
7124,7_planet,False,,360,0,0
7125,4_planet,False,,360,0,0
7125,5_planet,False,,360,0,0
7125,7_planet,False,,360,0,0
7126,4_planet,False,,360,0,0
7126,5_planet,False,,360,0,0
7126,7_planet,False,,360,0,0
7127,4_planet,False,,360,0,0
7127,5_planet,False,,360,0,0
7127,7_planet,False,,360,0,0
7128,4_planet,False,,360,0,0
7128,5_planet,False,,360,0,0
7128,7_planet,False,,360,0,0
7129,4_planet,False,,360,0,0
7129,5_planet,False,,360,0,0
7129,7_planet,False,,360,0,0
7130,4_planet,False,,360,0,0
7130,5_planet,False,,360,0,0
7130,7_planet,False,,360,0,0
7131,4_planet,False,,360,0,0
7131,5_planet,False,,360,0,0
7131,7_planet,False,,360,0,0
7132,4_planet,False,,360,0,0
7132,5_planet,False,,360,0,0
7132,7_planet,False,,360,0,0
7133,4_planet,False,,360,0,0
7133,5_planet,False,,360,0,0
7133,7_planet,False,,360,0,0
7134,4_planet,False,,360,0,0
7134,5_planet,False,,360,0,0
7134,7_planet,False,,360,0,0
7135,4_planet,False,,360,0,0
7135,5_planet,False,,360,0,0
7135,7_planet,False,,360,0,0
7136,4_planet,False,,360,0,0
7136,5_planet,False,,360,0,0
7136,7_planet,False,,360,0,0
7137,4_planet,False,,360,0,0
7137,5_planet,False,,360,0,0
7137,7_planet,False,,360,0,0
7138,4_planet,False,,360,0,0
7138,5_planet,False,,360,0,0
7138,7_planet,False,,360,0,0
7139,4_planet,False,,360,0,0
7139,5_planet,False,,360,0,0
7139,7_planet,False,,360,0,0
7140,4_planet,False,,360,0,0
7140,5_planet,False,,360,0,0
7140,7_planet,False,,360,0,0
7141,4_planet,False,,360,0,0
7141,5_planet,False,,360,0,0
7141,7_planet,False,,360,0,0
7142,4_planet,False,,360,0,0
7142,5_planet,False,,360,0,0
7142,7_planet,False,,360,0,0
7143,4_planet,False,,360,0,0
7143,5_planet,False,,360,0,0
7143,7_planet,False,,360,0,0
7144,4_planet,False,,360,0,0
7144,5_planet,False,,360,0,0
7144,7_planet,False,,360,0,0
7145,4_planet,False,,360,0,0
7145,5_planet,False,,360,0,0
7145,7_planet,False,,360,0,0
7146,4_planet,False,,360,0,0
7146,5_planet,False,,360,0,0
7146,7_planet,False,,360,0,0
7147,4_planet,False,,360,0,0
7147,5_planet,False,,360,0,0
7147,7_planet,False,,360,0,0
7148,4_planet,False,,360,0,0
7148,5_planet,False,,360,0,0
7148,7_planet,False,,360,0,0
7149,4_planet,False,,360,0,0
7149,5_planet,False,,360,0,0
7149,7_planet,False,,360,0,0
7150,4_planet,False,,360,0,0
7150,5_planet,False,,360,0,0
7150,7_planet,False,,360,0,0
7151,4_planet,False,,360,0,0
7151,5_planet,False,,360,0,0
7151,7_planet,False,,360,0,0
7152,4_planet,False,,360,0,0
7152,5_planet,False,,360,0,0
7152,7_planet,False,,360,0,0
7153,4_planet,False,,360,0,0
7153,5_planet,False,,360,0,0
7153,7_planet,False,,360,0,0
7154,4_planet,False,,360,0,0
7154,5_planet,False,,360,0,0
7154,7_planet,False,,360,0,0
7155,4_planet,False,,360,0,0
7155,5_planet,False,,360,0,0
7155,7_planet,False,,360,0,0
7156,4_planet,False,,360,0,0
7156,5_planet,False,,360,0,0
7156,7_planet,False,,360,0,0
7157,4_planet,False,,360,0,0
7157,5_planet,False,,360,0,0
7157,7_planet,False,,360,0,0
7158,4_planet,False,,360,0,0
7158,5_planet,False,,360,0,0
7158,7_planet,False,,360,0,0
7159,4_planet,False,,360,0,0
7159,5_planet,False,,360,0,0
7159,7_planet,False,,360,0,0
7160,4_planet,False,,360,0,0
7160,5_planet,False,,360,0,0
7160,7_planet,False,,360,0,0
7161,4_planet,False,,360,0,0
7161,5_planet,False,,360,0,0
7161,7_planet,False,,360,0,0
7162,4_planet,False,,360,0,0
7162,5_planet,False,,360,0,0
7162,7_planet,False,,360,0,0
7163,4_planet,False,,360,0,0
7163,5_planet,False,,360,0,0
7163,7_planet,False,,360,0,0
7164,4_planet,False,,360,0,0
7164,5_planet,False,,360,0,0
7164,7_planet,False,,360,0,0
7165,4_planet,False,,360,0,0
7165,5_planet,False,,360,0,0
7165,7_planet,False,,360,0,0
7166,4_planet,False,,360,0,0
7166,5_planet,False,,360,0,0
7166,7_planet,False,,360,0,0
7167,4_planet,False,,360,0,0
7167,5_planet,False,,360,0,0
7167,7_planet,False,,360,0,0
7168,4_planet,False,,360,0,0
7168,5_planet,False,,360,0,0
7168,7_planet,False,,360,0,0
7169,4_planet,False,,360,0,0
7169,5_planet,False,,360,0,0
7169,7_planet,False,,360,0,0
7170,4_planet,False,,360,0,0
7170,5_planet,False,,360,0,0
7170,7_planet,False,,360,0,0
7171,4_planet,False,,360,0,0
7171,5_planet,False,,360,0,0
7171,7_planet,False,,360,0,0
7172,4_planet,False,,360,0,0
7172,5_planet,False,,360,0,0
7172,7_planet,False,,360,0,0
7173,4_planet,False,,360,0,0
7173,5_planet,False,,360,0,0
7173,7_planet,False,,360,0,0
7174,4_planet,False,,360,0,0
7174,5_planet,False,,360,0,0
7174,7_planet,False,,360,0,0
7175,4_planet,False,,360,0,0
7175,5_planet,False,,360,0,0
7175,7_planet,False,,360,0,0
7176,4_planet,False,,360,0,0
7176,5_planet,False,,360,0,0
7176,7_planet,False,,360,0,0
7177,4_planet,False,,360,0,0
7177,5_planet,False,,360,0,0
7177,7_planet,False,,360,0,0
7178,4_planet,False,,360,0,0
7178,5_planet,False,,360,0,0
7178,7_planet,False,,360,0,0
7179,4_planet,False,,360,0,0
7179,5_planet,False,,360,0,0
7179,7_planet,False,,360,0,0
7180,4_planet,False,,360,0,0
7180,5_planet,False,,360,0,0
7180,7_planet,False,,360,0,0
7181,4_planet,False,,360,0,0
7181,5_planet,False,,360,0,0
7181,7_planet,False,,360,0,0
7182,4_planet,False,,360,0,0
7182,5_planet,False,,360,0,0
7182,7_planet,False,,360,0,0
7183,4_planet,False,,360,0,0
7183,5_planet,False,,360,0,0
7183,7_planet,False,,360,0,0
7184,4_planet,False,,360,0,0
7184,5_planet,False,,360,0,0
7184,7_planet,False,,360,0,0
7185,4_planet,False,,360,0,0
7185,5_planet,False,,360,0,0
7185,7_planet,False,,360,0,0
7186,4_planet,False,,360,0,0
7186,5_planet,False,,360,0,0
7186,7_planet,False,,360,0,0
7187,4_planet,False,,360,0,0
7187,5_planet,False,,360,0,0
7187,7_planet,False,,360,0,0
7188,4_planet,False,,360,0,0
7188,5_planet,False,,360,0,0
7188,7_planet,False,,360,0,0
7189,4_planet,False,,360,0,0
7189,5_planet,False,,360,0,0
7189,7_planet,False,,360,0,0
7190,4_planet,False,,360,0,0
7190,5_planet,False,,360,0,0
7190,7_planet,False,,360,0,0
7191,4_planet,False,,360,0,0
7191,5_planet,False,,360,0,0
7191,7_planet,False,,360,0,0
7192,4_planet,False,,360,0,0
7192,5_planet,False,,360,0,0
7192,7_planet,False,,360,0,0
7193,4_planet,False,,360,0,0
7193,5_planet,False,,360,0,0
7193,7_planet,False,,360,0,0
7194,4_planet,False,,360,0,0
7194,5_planet,False,,360,0,0
7194,7_planet,False,,360,0,0
7195,4_planet,False,,360,0,0
7195,5_planet,False,,360,0,0
7195,7_planet,False,,360,0,0
7196,4_planet,False,,360,0,0
7196,5_planet,False,,360,0,0
7196,7_planet,False,,360,0,0
7197,4_planet,False,,360,0,0
7197,5_planet,False,,360,0,0
7197,7_planet,False,,360,0,0
7198,4_planet,False,,360,0,0
7198,5_planet,False,,360,0,0
7198,7_planet,False,,360,0,0
7199,4_planet,False,,360,0,0
7199,5_planet,False,,360,0,0
7199,7_planet,False,,360,0,0
7200,4_planet,False,,360,0,0
7200,5_planet,False,,360,0,0
7200,7_planet,False,,360,0,0
7201,4_planet,False,,360,0,0
7201,5_planet,False,,360,0,0
7201,7_planet,False,,360,0,0
7202,4_planet,False,,360,0,0
7202,5_planet,False,,360,0,0
7202,7_planet,False,,360,0,0
7203,4_planet,False,,360,0,0
7203,5_planet,False,,360,0,0
7203,7_planet,False,,360,0,0
7204,4_planet,False,,360,0,0
7204,5_planet,False,,360,0,0
7204,7_planet,False,,360,0,0
7205,4_planet,False,,360,0,0
7205,5_planet,False,,360,0,0
7205,7_planet,False,,360,0,0
7206,4_planet,False,,360,0,0
7206,5_planet,False,,360,0,0
7206,7_planet,False,,360,0,0
7207,4_planet,False,,360,0,0
7207,5_planet,False,,360,0,0
7207,7_planet,False,,360,0,0
7208,4_planet,False,,360,0,0
7208,5_planet,False,,360,0,0
7208,7_planet,False,,360,0,0
7209,4_planet,False,,360,0,0
7209,5_planet,False,,360,0,0
7209,7_planet,False,,360,0,0
7210,4_planet,False,,360,0,0
7210,5_planet,False,,360,0,0
7210,7_planet,False,,360,0,0
7211,4_planet,False,,360,0,0
7211,5_planet,False,,360,0,0
7211,7_planet,False,,360,0,0
7212,4_planet,False,,360,0,0
7212,5_planet,False,,360,0,0
7212,7_planet,False,,360,0,0
7213,4_planet,False,,360,0,0
7213,5_planet,False,,360,0,0
7213,7_planet,False,,360,0,0
7214,4_planet,False,,360,0,0
7214,5_planet,False,,360,0,0
7214,7_planet,False,,360,0,0
7215,4_planet,False,,360,0,0
7215,5_planet,False,,360,0,0
7215,7_planet,False,,360,0,0
7216,4_planet,False,,360,0,0
7216,5_planet,False,,360,0,0
7216,7_planet,False,,360,0,0
7217,4_planet,False,,360,0,0
7217,5_planet,False,,360,0,0
7217,7_planet,False,,360,0,0
7218,4_planet,False,,360,0,0
7218,5_planet,False,,360,0,0
7218,7_planet,False,,360,0,0
7219,4_planet,False,,360,0,0
7219,5_planet,False,,360,0,0
7219,7_planet,False,,360,0,0
7220,4_planet,False,,360,0,0
7220,5_planet,False,,360,0,0
7220,7_planet,False,,360,0,0
7221,4_planet,False,,360,0,0
7221,5_planet,False,,360,0,0
7221,7_planet,False,,360,0,0
7222,4_planet,False,,360,0,0
7222,5_planet,False,,360,0,0
7222,7_planet,False,,360,0,0
7223,4_planet,False,,360,0,0
7223,5_planet,False,,360,0,0
7223,7_planet,False,,360,0,0
7224,4_planet,False,,360,0,0
7224,5_planet,False,,360,0,0
7224,7_planet,False,,360,0,0
7225,4_planet,False,,360,0,0
7225,5_planet,False,,360,0,0
7225,7_planet,False,,360,0,0
7226,4_planet,False,,360,0,0
7226,5_planet,False,,360,0,0
7226,7_planet,False,,360,0,0
7227,4_planet,False,,360,0,0
7227,5_planet,False,,360,0,0
7227,7_planet,False,,360,0,0
7228,4_planet,False,,360,0,0
7228,5_planet,False,,360,0,0
7228,7_planet,False,,360,0,0
7229,4_planet,False,,360,0,0
7229,5_planet,False,,360,0,0
7229,7_planet,False,,360,0,0
7230,4_planet,False,,360,0,0
7230,5_planet,False,,360,0,0
7230,7_planet,False,,360,0,0
7231,4_planet,False,,360,0,0
7231,5_planet,False,,360,0,0
7231,7_planet,False,,360,0,0
7232,4_planet,False,,360,0,0
7232,5_planet,False,,360,0,0
7232,7_planet,False,,360,0,0
7233,4_planet,False,,360,0,0
7233,5_planet,False,,360,0,0
7233,7_planet,False,,360,0,0
7234,4_planet,False,,360,0,0
7234,5_planet,False,,360,0,0
7234,7_planet,False,,360,0,0
7235,4_planet,False,,360,0,0
7235,5_planet,False,,360,0,0
7235,7_planet,False,,360,0,0
7236,4_planet,False,,360,0,0
7236,5_planet,False,,360,0,0
7236,7_planet,False,,360,0,0
7237,4_planet,False,,360,0,0
7237,5_planet,False,,360,0,0
7237,7_planet,False,,360,0,0
7238,4_planet,False,,360,0,0
7238,5_planet,False,,360,0,0
7238,7_planet,False,,360,0,0
7239,4_planet,False,,360,0,0
7239,5_planet,False,,360,0,0
7239,7_planet,False,,360,0,0
7240,4_planet,False,,360,0,0
7240,5_planet,False,,360,0,0
7240,7_planet,False,,360,0,0
7241,4_planet,False,,360,0,0
7241,5_planet,False,,360,0,0
7241,7_planet,False,,360,0,0
7242,4_planet,False,,360,0,0
7242,5_planet,False,,360,0,0
7242,7_planet,False,,360,0,0
7243,4_planet,False,,360,0,0
7243,5_planet,False,,360,0,0
7243,7_planet,False,,360,0,0
7244,4_planet,False,,360,0,0
7244,5_planet,False,,360,0,0
7244,7_planet,False,,360,0,0
7245,4_planet,False,,360,0,0
7245,5_planet,False,,360,0,0
7245,7_planet,False,,360,0,0
7246,4_planet,False,,360,0,0
7246,5_planet,False,,360,0,0
7246,7_planet,False,,360,0,0
7247,4_planet,False,,360,0,0
7247,5_planet,False,,360,0,0
7247,7_planet,False,,360,0,0
7248,4_planet,False,,360,0,0
7248,5_planet,False,,360,0,0
7248,7_planet,False,,360,0,0
7249,4_planet,False,,360,0,0
7249,5_planet,False,,360,0,0
7249,7_planet,False,,360,0,0
7250,4_planet,False,,360,0,0
7250,5_planet,False,,360,0,0
7250,7_planet,False,,360,0,0
7251,4_planet,False,,360,0,0
7251,5_planet,False,,360,0,0
7251,7_planet,False,,360,0,0
7252,4_planet,False,,360,0,0
7252,5_planet,False,,360,0,0
7252,7_planet,False,,360,0,0
7253,4_planet,False,,360,0,0
7253,5_planet,False,,360,0,0
7253,7_planet,False,,360,0,0
7254,4_planet,False,,360,0,0
7254,5_planet,False,,360,0,0
7254,7_planet,False,,360,0,0
7255,4_planet,False,,360,0,0
7255,5_planet,False,,360,0,0
7255,7_planet,False,,360,0,0
7256,4_planet,False,,360,0,0
7256,5_planet,False,,360,0,0
7256,7_planet,False,,360,0,0
7257,4_planet,False,,360,0,0
7257,5_planet,False,,360,0,0
7257,7_planet,False,,360,0,0
7258,4_planet,False,,360,0,0
7258,5_planet,False,,360,0,0
7258,7_planet,False,,360,0,0
7259,4_planet,False,,360,0,0
7259,5_planet,False,,360,0,0
7259,7_planet,False,,360,0,0
7260,4_planet,False,,360,0,0
7260,5_planet,False,,360,0,0
7260,7_planet,False,,360,0,0
7261,4_planet,False,,360,0,0
7261,5_planet,False,,360,0,0
7261,7_planet,False,,360,0,0
7262,4_planet,False,,360,0,0
7262,5_planet,False,,360,0,0
7262,7_planet,False,,360,0,0
7263,4_planet,False,,360,0,0
7263,5_planet,False,,360,0,0
7263,7_planet,False,,360,0,0
7264,4_planet,False,,360,0,0
7264,5_planet,False,,360,0,0
7264,7_planet,False,,360,0,0
7265,4_planet,False,,360,0,0
7265,5_planet,False,,360,0,0
7265,7_planet,False,,360,0,0
7266,4_planet,False,,360,0,0
7266,5_planet,False,,360,0,0
7266,7_planet,False,,360,0,0
7267,4_planet,False,,360,0,0
7267,5_planet,False,,360,0,0
7267,7_planet,False,,360,0,0
7268,4_planet,False,,360,0,0
7268,5_planet,False,,360,0,0
7268,7_planet,False,,360,0,0
7269,4_planet,False,,360,0,0
7269,5_planet,False,,360,0,0
7269,7_planet,False,,360,0,0
7270,4_planet,False,,360,0,0
7270,5_planet,False,,360,0,0
7270,7_planet,False,,360,0,0
7271,4_planet,False,,360,0,0
7271,5_planet,False,,360,0,0
7271,7_planet,False,,360,0,0
7272,4_planet,False,,360,0,0
7272,5_planet,False,,360,0,0
7272,7_planet,False,,360,0,0
7273,4_planet,False,,360,0,0
7273,5_planet,False,,360,0,0
7273,7_planet,False,,360,0,0
7274,4_planet,False,,360,0,0
7274,5_planet,False,,360,0,0
7274,7_planet,False,,360,0,0
7275,4_planet,False,,360,0,0
7275,5_planet,False,,360,0,0
7275,7_planet,False,,360,0,0
7276,4_planet,False,,360,0,0
7276,5_planet,False,,360,0,0
7276,7_planet,False,,360,0,0
7277,4_planet,False,,360,0,0
7277,5_planet,False,,360,0,0
7277,7_planet,False,,360,0,0
7278,4_planet,False,,360,0,0
7278,5_planet,False,,360,0,0
7278,7_planet,False,,360,0,0
7279,4_planet,False,,360,0,0
7279,5_planet,False,,360,0,0
7279,7_planet,False,,360,0,0
7280,4_planet,False,,360,0,0
7280,5_planet,False,,360,0,0
7280,7_planet,False,,360,0,0
7281,4_planet,False,,360,0,0
7281,5_planet,False,,360,0,0
7281,7_planet,False,,360,0,0
7282,4_planet,False,,360,0,0
7282,5_planet,False,,360,0,0
7282,7_planet,False,,360,0,0
7283,4_planet,False,,360,0,0
7283,5_planet,False,,360,0,0
7283,7_planet,False,,360,0,0
7284,4_planet,False,,360,0,0
7284,5_planet,False,,360,0,0
7284,7_planet,False,,360,0,0
7285,4_planet,False,,360,0,0
7285,5_planet,False,,360,0,0
7285,7_planet,False,,360,0,0
7286,4_planet,False,,360,0,0
7286,5_planet,False,,360,0,0
7286,7_planet,False,,360,0,0
7287,4_planet,False,,360,0,0
7287,5_planet,False,,360,0,0
7287,7_planet,False,,360,0,0
7288,4_planet,False,,360,0,0
7288,5_planet,False,,360,0,0
7288,7_planet,False,,360,0,0
7289,4_planet,False,,360,0,0
7289,5_planet,False,,360,0,0
7289,7_planet,False,,360,0,0
7290,4_planet,False,,360,0,0
7290,5_planet,False,,360,0,0
7290,7_planet,False,,360,0,0
7291,4_planet,False,,360,0,0
7291,5_planet,False,,360,0,0
7291,7_planet,False,,360,0,0
7292,4_planet,False,,360,0,0
7292,5_planet,False,,360,0,0
7292,7_planet,False,,360,0,0
7293,4_planet,False,,360,0,0
7293,5_planet,False,,360,0,0
7293,7_planet,False,,360,0,0
7294,4_planet,False,,360,0,0
7294,5_planet,False,,360,0,0
7294,7_planet,False,,360,0,0
7295,4_planet,False,,360,0,0
7295,5_planet,False,,360,0,0
7295,7_planet,False,,360,0,0
7296,4_planet,False,,360,0,0
7296,5_planet,False,,360,0,0
7296,7_planet,False,,360,0,0
7297,4_planet,False,,360,0,0
7297,5_planet,False,,360,0,0
7297,7_planet,False,,360,0,0
7298,4_planet,False,,360,0,0
7298,5_planet,False,,360,0,0
7298,7_planet,False,,360,0,0
7299,4_planet,False,,360,0,0
7299,5_planet,False,,360,0,0
7299,7_planet,False,,360,0,0
7300,4_planet,False,,360,0,0
7300,5_planet,False,,360,0,0
7300,7_planet,False,,360,0,0
7301,4_planet,False,,360,0,0
7301,5_planet,False,,360,0,0
7301,7_planet,False,,360,0,0
7302,4_planet,False,,360,0,0
7302,5_planet,False,,360,0,0
7302,7_planet,False,,360,0,0
7303,4_planet,False,,360,0,0
7303,5_planet,False,,360,0,0
7303,7_planet,False,,360,0,0
7304,4_planet,False,,360,0,0
7304,5_planet,False,,360,0,0
7304,7_planet,False,,360,0,0
7305,4_planet,False,,360,0,0
7305,5_planet,False,,360,0,0
7305,7_planet,False,,360,0,0
7306,4_planet,False,,360,0,0
7306,5_planet,False,,360,0,0
7306,7_planet,False,,360,0,0
7307,4_planet,False,,360,0,0
7307,5_planet,False,,360,0,0
7307,7_planet,False,,360,0,0
7308,4_planet,False,,360,0,0
7308,5_planet,False,,360,0,0
7308,7_planet,False,,360,0,0
7309,4_planet,False,,360,0,0
7309,5_planet,False,,360,0,0
7309,7_planet,False,,360,0,0
7310,4_planet,False,,360,0,0
7310,5_planet,False,,360,0,0
7310,7_planet,False,,360,0,0
7311,4_planet,False,,360,0,0
7311,5_planet,False,,360,0,0
7311,7_planet,False,,360,0,0
7312,4_planet,False,,360,0,0
7312,5_planet,False,,360,0,0
7312,7_planet,False,,360,0,0
7313,4_planet,False,,360,0,0
7313,5_planet,False,,360,0,0
7313,7_planet,False,,360,0,0
7314,4_planet,False,,360,0,0
7314,5_planet,False,,360,0,0
7314,7_planet,False,,360,0,0
7315,4_planet,False,,360,0,0
7315,5_planet,False,,360,0,0
7315,7_planet,False,,360,0,0
7316,4_planet,False,,360,0,0
7316,5_planet,False,,360,0,0
7316,7_planet,False,,360,0,0
7317,4_planet,False,,360,0,0
7317,5_planet,False,,360,0,0
7317,7_planet,False,,360,0,0
7318,4_planet,False,,360,0,0
7318,5_planet,False,,360,0,0
7318,7_planet,False,,360,0,0
7319,4_planet,False,,360,0,0
7319,5_planet,False,,360,0,0
7319,7_planet,False,,360,0,0
7320,4_planet,False,,360,0,0
7320,5_planet,False,,360,0,0
7320,7_planet,False,,360,0,0
7321,4_planet,False,,360,0,0
7321,5_planet,False,,360,0,0
7321,7_planet,False,,360,0,0
7322,4_planet,False,,360,0,0
7322,5_planet,False,,360,0,0
7322,7_planet,False,,360,0,0
7323,4_planet,False,,360,0,0
7323,5_planet,False,,360,0,0
7323,7_planet,False,,360,0,0
7324,4_planet,False,,360,0,0
7324,5_planet,False,,360,0,0
7324,7_planet,False,,360,0,0
7325,4_planet,False,,360,0,0
7325,5_planet,False,,360,0,0
7325,7_planet,False,,360,0,0
7326,4_planet,False,,360,0,0
7326,5_planet,False,,360,0,0
7326,7_planet,False,,360,0,0
7327,4_planet,False,,360,0,0
7327,5_planet,False,,360,0,0
7327,7_planet,False,,360,0,0
7328,4_planet,False,,360,0,0
7328,5_planet,False,,360,0,0
7328,7_planet,False,,360,0,0
7329,4_planet,False,,360,0,0
7329,5_planet,False,,360,0,0
7329,7_planet,False,,360,0,0
7330,4_planet,False,,360,0,0
7330,5_planet,False,,360,0,0
7330,7_planet,False,,360,0,0
7331,4_planet,False,,360,0,0
7331,5_planet,False,,360,0,0
7331,7_planet,False,,360,0,0
7332,4_planet,False,,360,0,0
7332,5_planet,False,,360,0,0
7332,7_planet,False,,360,0,0
7333,4_planet,False,,360,0,0
7333,5_planet,False,,360,0,0
7333,7_planet,False,,360,0,0
7334,4_planet,False,,360,0,0
7334,5_planet,False,,360,0,0
7334,7_planet,False,,360,0,0
7335,4_planet,False,,360,0,0
7335,5_planet,False,,360,0,0
7335,7_planet,False,,360,0,0
7336,4_planet,False,,360,0,0
7336,5_planet,False,,360,0,0
7336,7_planet,False,,360,0,0
7337,4_planet,False,,360,0,0
7337,5_planet,False,,360,0,0
7337,7_planet,False,,360,0,0
7338,4_planet,False,,360,0,0
7338,5_planet,False,,360,0,0
7338,7_planet,False,,360,0,0
7339,4_planet,False,,360,0,0
7339,5_planet,False,,360,0,0
7339,7_planet,False,,360,0,0
7340,4_planet,False,,360,0,0
7340,5_planet,False,,360,0,0
7340,7_planet,False,,360,0,0
7341,4_planet,False,,360,0,0
7341,5_planet,False,,360,0,0
7341,7_planet,False,,360,0,0
7342,4_planet,False,,360,0,0
7342,5_planet,False,,360,0,0
7342,7_planet,False,,360,0,0
7343,4_planet,False,,360,0,0
7343,5_planet,False,,360,0,0
7343,7_planet,False,,360,0,0
7344,4_planet,False,,360,0,0
7344,5_planet,False,,360,0,0
7344,7_planet,False,,360,0,0
7345,4_planet,False,,360,0,0
7345,5_planet,False,,360,0,0
7345,7_planet,False,,360,0,0
7346,4_planet,False,,360,0,0
7346,5_planet,False,,360,0,0
7346,7_planet,False,,360,0,0
7347,4_planet,False,,360,0,0
7347,5_planet,False,,360,0,0
7347,7_planet,False,,360,0,0
7348,4_planet,False,,360,0,0
7348,5_planet,False,,360,0,0
7348,7_planet,False,,360,0,0
7349,4_planet,False,,360,0,0
7349,5_planet,False,,360,0,0
7349,7_planet,False,,360,0,0
7350,4_planet,False,,360,0,0
7350,5_planet,False,,360,0,0
7350,7_planet,False,,360,0,0
7351,4_planet,False,,360,0,0
7351,5_planet,False,,360,0,0
7351,7_planet,False,,360,0,0
7352,4_planet,False,,360,0,0
7352,5_planet,False,,360,0,0
7352,7_planet,False,,360,0,0
7353,4_planet,False,,360,0,0
7353,5_planet,False,,360,0,0
7353,7_planet,False,,360,0,0
7354,4_planet,False,,360,0,0
7354,5_planet,False,,360,0,0
7354,7_planet,False,,360,0,0
7355,4_planet,False,,360,0,0
7355,5_planet,False,,360,0,0
7355,7_planet,False,,360,0,0
7356,4_planet,False,,360,0,0
7356,5_planet,False,,360,0,0
7356,7_planet,False,,360,0,0
7357,4_planet,False,,360,0,0
7357,5_planet,False,,360,0,0
7357,7_planet,False,,360,0,0
7358,4_planet,False,,360,0,0
7358,5_planet,False,,360,0,0
7358,7_planet,False,,360,0,0
7359,4_planet,False,,360,0,0
7359,5_planet,False,,360,0,0
7359,7_planet,False,,360,0,0
7360,4_planet,False,,360,0,0
7360,5_planet,False,,360,0,0
7360,7_planet,False,,360,0,0
7361,4_planet,False,,360,0,0
7361,5_planet,False,,360,0,0
7361,7_planet,False,,360,0,0
7362,4_planet,False,,360,0,0
7362,5_planet,False,,360,0,0
7362,7_planet,False,,360,0,0
7363,4_planet,False,,360,0,0
7363,5_planet,False,,360,0,0
7363,7_planet,False,,360,0,0
7364,4_planet,False,,360,0,0
7364,5_planet,False,,360,0,0
7364,7_planet,False,,360,0,0
7365,4_planet,False,,360,0,0
7365,5_planet,False,,360,0,0
7365,7_planet,False,,360,0,0
7366,4_planet,False,,360,0,0
7366,5_planet,False,,360,0,0
7366,7_planet,False,,360,0,0
7367,4_planet,False,,360,0,0
7367,5_planet,False,,360,0,0
7367,7_planet,False,,360,0,0
7368,4_planet,False,,360,0,0
7368,5_planet,False,,360,0,0
7368,7_planet,False,,360,0,0
7369,4_planet,False,,360,0,0
7369,5_planet,False,,360,0,0
7369,7_planet,False,,360,0,0
7370,4_planet,False,,360,0,0
7370,5_planet,False,,360,0,0
7370,7_planet,False,,360,0,0
7371,4_planet,False,,360,0,0
7371,5_planet,False,,360,0,0
7371,7_planet,False,,360,0,0
7372,4_planet,False,,360,0,0
7372,5_planet,False,,360,0,0
7372,7_planet,False,,360,0,0
7373,4_planet,False,,360,0,0
7373,5_planet,False,,360,0,0
7373,7_planet,False,,360,0,0
7374,4_planet,False,,360,0,0
7374,5_planet,False,,360,0,0
7374,7_planet,False,,360,0,0
7375,4_planet,False,,360,0,0
7375,5_planet,False,,360,0,0
7375,7_planet,False,,360,0,0
7376,4_planet,False,,360,0,0
7376,5_planet,False,,360,0,0
7376,7_planet,False,,360,0,0
7377,4_planet,False,,360,0,0
7377,5_planet,False,,360,0,0
7377,7_planet,False,,360,0,0
7378,4_planet,False,,360,0,0
7378,5_planet,False,,360,0,0
7378,7_planet,False,,360,0,0
7379,4_planet,False,,360,0,0
7379,5_planet,False,,360,0,0
7379,7_planet,False,,360,0,0
7380,4_planet,False,,360,0,0
7380,5_planet,False,,360,0,0
7380,7_planet,False,,360,0,0
7381,4_planet,False,,360,0,0
7381,5_planet,False,,360,0,0
7381,7_planet,False,,360,0,0
7382,4_planet,False,,360,0,0
7382,5_planet,False,,360,0,0
7382,7_planet,False,,360,0,0
7383,4_planet,False,,360,0,0
7383,5_planet,False,,360,0,0
7383,7_planet,False,,360,0,0
7384,4_planet,False,,360,0,0
7384,5_planet,False,,360,0,0
7384,7_planet,False,,360,0,0
7385,4_planet,False,,360,0,0
7385,5_planet,False,,360,0,0
7385,7_planet,False,,360,0,0
7386,4_planet,False,,360,0,0
7386,5_planet,False,,360,0,0
7386,7_planet,False,,360,0,0
7387,4_planet,False,,360,0,0
7387,5_planet,False,,360,0,0
7387,7_planet,False,,360,0,0
7388,4_planet,False,,360,0,0
7388,5_planet,False,,360,0,0
7388,7_planet,False,,360,0,0
7389,4_planet,False,,360,0,0
7389,5_planet,False,,360,0,0
7389,7_planet,False,,360,0,0
7390,4_planet,False,,360,0,0
7390,5_planet,False,,360,0,0
7390,7_planet,False,,360,0,0
7391,4_planet,False,,360,0,0
7391,5_planet,False,,360,0,0
7391,7_planet,False,,360,0,0
7392,4_planet,False,,360,0,0
7392,5_planet,False,,360,0,0
7392,7_planet,False,,360,0,0
7393,4_planet,False,,360,0,0
7393,5_planet,False,,360,0,0
7393,7_planet,False,,360,0,0
7394,4_planet,False,,360,0,0
7394,5_planet,False,,360,0,0
7394,7_planet,False,,360,0,0
7395,4_planet,False,,360,0,0
7395,5_planet,False,,360,0,0
7395,7_planet,False,,360,0,0
7396,4_planet,False,,360,0,0
7396,5_planet,False,,360,0,0
7396,7_planet,False,,360,0,0
7397,4_planet,False,,360,0,0
7397,5_planet,False,,360,0,0
7397,7_planet,False,,360,0,0
7398,4_planet,False,,360,0,0
7398,5_planet,False,,360,0,0
7398,7_planet,False,,360,0,0
7399,4_planet,False,,360,0,0
7399,5_planet,False,,360,0,0
7399,7_planet,False,,360,0,0
7400,4_planet,False,,360,0,0
7400,5_planet,False,,360,0,0
7400,7_planet,False,,360,0,0
7401,4_planet,False,,360,0,0
7401,5_planet,False,,360,0,0
7401,7_planet,False,,360,0,0
7402,4_planet,False,,360,0,0
7402,5_planet,False,,360,0,0
7402,7_planet,False,,360,0,0
7403,4_planet,False,,360,0,0
7403,5_planet,False,,360,0,0
7403,7_planet,False,,360,0,0
7404,4_planet,False,,360,0,0
7404,5_planet,False,,360,0,0
7404,7_planet,False,,360,0,0
7405,4_planet,False,,360,0,0
7405,5_planet,False,,360,0,0
7405,7_planet,False,,360,0,0
7406,4_planet,False,,360,0,0
7406,5_planet,False,,360,0,0
7406,7_planet,False,,360,0,0
7407,4_planet,False,,360,0,0
7407,5_planet,False,,360,0,0
7407,7_planet,False,,360,0,0
7408,4_planet,False,,360,0,0
7408,5_planet,False,,360,0,0
7408,7_planet,False,,360,0,0
7409,4_planet,False,,360,0,0
7409,5_planet,False,,360,0,0
7409,7_planet,False,,360,0,0
7410,4_planet,False,,360,0,0
7410,5_planet,False,,360,0,0
7410,7_planet,False,,360,0,0
7411,4_planet,False,,360,0,0
7411,5_planet,False,,360,0,0
7411,7_planet,False,,360,0,0
7412,4_planet,False,,360,0,0
7412,5_planet,False,,360,0,0
7412,7_planet,False,,360,0,0
7413,4_planet,False,,360,0,0
7413,5_planet,False,,360,0,0
7413,7_planet,False,,360,0,0
7414,4_planet,False,,360,0,0
7414,5_planet,False,,360,0,0
7414,7_planet,False,,360,0,0
7415,4_planet,False,,360,0,0
7415,5_planet,False,,360,0,0
7415,7_planet,False,,360,0,0
7416,4_planet,False,,360,0,0
7416,5_planet,False,,360,0,0
7416,7_planet,False,,360,0,0
7417,4_planet,False,,360,0,0
7417,5_planet,False,,360,0,0
7417,7_planet,False,,360,0,0
7418,4_planet,False,,360,0,0
7418,5_planet,False,,360,0,0
7418,7_planet,False,,360,0,0
7419,4_planet,False,,360,0,0
7419,5_planet,False,,360,0,0
7419,7_planet,False,,360,0,0
7420,4_planet,False,,360,0,0
7420,5_planet,False,,360,0,0
7420,7_planet,False,,360,0,0
7421,4_planet,False,,360,0,0
7421,5_planet,False,,360,0,0
7421,7_planet,False,,360,0,0
7422,4_planet,False,,360,0,0
7422,5_planet,False,,360,0,0
7422,7_planet,False,,360,0,0
7423,4_planet,False,,360,0,0
7423,5_planet,False,,360,0,0
7423,7_planet,False,,360,0,0
7424,4_planet,False,,360,0,0
7424,5_planet,False,,360,0,0
7424,7_planet,False,,360,0,0
7425,4_planet,False,,360,0,0
7425,5_planet,False,,360,0,0
7425,7_planet,False,,360,0,0
7426,4_planet,False,,360,0,0
7426,5_planet,False,,360,0,0
7426,7_planet,False,,360,0,0
7427,4_planet,False,,360,0,0
7427,5_planet,False,,360,0,0
7427,7_planet,False,,360,0,0
7428,4_planet,False,,360,0,0
7428,5_planet,False,,360,0,0
7428,7_planet,False,,360,0,0
7429,4_planet,False,,360,0,0
7429,5_planet,False,,360,0,0
7429,7_planet,False,,360,0,0
7430,4_planet,False,,360,0,0
7430,5_planet,False,,360,0,0
7430,7_planet,False,,360,0,0
7431,4_planet,False,,360,0,0
7431,5_planet,False,,360,0,0
7431,7_planet,False,,360,0,0
7432,4_planet,False,,360,0,0
7432,5_planet,False,,360,0,0
7432,7_planet,False,,360,0,0
7433,4_planet,False,,360,0,0
7433,5_planet,False,,360,0,0
7433,7_planet,False,,360,0,0
7434,4_planet,False,,360,0,0
7434,5_planet,False,,360,0,0
7434,7_planet,False,,360,0,0
7435,4_planet,False,,360,0,0
7435,5_planet,False,,360,0,0
7435,7_planet,False,,360,0,0
7436,4_planet,False,,360,0,0
7436,5_planet,False,,360,0,0
7436,7_planet,False,,360,0,0
7437,4_planet,False,,360,0,0
7437,5_planet,False,,360,0,0
7437,7_planet,False,,360,0,0
7438,4_planet,False,,360,0,0
7438,5_planet,False,,360,0,0
7438,7_planet,False,,360,0,0
7439,4_planet,False,,360,0,0
7439,5_planet,False,,360,0,0
7439,7_planet,False,,360,0,0
7440,4_planet,False,,360,0,0
7440,5_planet,False,,360,0,0
7440,7_planet,False,,360,0,0
7441,4_planet,False,,360,0,0
7441,5_planet,False,,360,0,0
7441,7_planet,False,,360,0,0
7442,4_planet,False,,360,0,0
7442,5_planet,False,,360,0,0
7442,7_planet,False,,360,0,0
7443,4_planet,False,,360,0,0
7443,5_planet,False,,360,0,0
7443,7_planet,False,,360,0,0
7444,4_planet,False,,360,0,0
7444,5_planet,False,,360,0,0
7444,7_planet,False,,360,0,0
7445,4_planet,False,,360,0,0
7445,5_planet,False,,360,0,0
7445,7_planet,False,,360,0,0
7446,4_planet,False,,360,0,0
7446,5_planet,False,,360,0,0
7446,7_planet,False,,360,0,0
7447,4_planet,False,,360,0,0
7447,5_planet,False,,360,0,0
7447,7_planet,False,,360,0,0
7448,4_planet,False,,360,0,0
7448,5_planet,False,,360,0,0
7448,7_planet,False,,360,0,0
7449,4_planet,False,,360,0,0
7449,5_planet,False,,360,0,0
7449,7_planet,False,,360,0,0
7450,4_planet,False,,360,0,0
7450,5_planet,False,,360,0,0
7450,7_planet,False,,360,0,0
7451,4_planet,False,,360,0,0
7451,5_planet,False,,360,0,0
7451,7_planet,False,,360,0,0
7452,4_planet,False,,360,0,0
7452,5_planet,False,,360,0,0
7452,7_planet,False,,360,0,0
7453,4_planet,False,,360,0,0
7453,5_planet,False,,360,0,0
7453,7_planet,False,,360,0,0
7454,4_planet,False,,360,0,0
7454,5_planet,False,,360,0,0
7454,7_planet,False,,360,0,0
7455,4_planet,False,,360,0,0
7455,5_planet,False,,360,0,0
7455,7_planet,True,"Saturn, Jupiter, Mars, Sun, Venus, Mercury, Moon",59.91,0.15,21.43
7456,4_planet,False,,360,0,0
7456,5_planet,False,,360,0,0
7456,7_planet,False,,360,0,0
7457,4_planet,False,,360,0,0
7457,5_planet,False,,360,0,0
7457,7_planet,False,,360,0,0
7458,4_planet,False,,360,0,0
7458,5_planet,False,,360,0,0
7458,7_planet,False,,360,0,0
7459,4_planet,False,,360,0,0
7459,5_planet,False,,360,0,0
7459,7_planet,False,,360,0,0
7460,4_planet,False,,360,0,0
7460,5_planet,False,,360,0,0
7460,7_planet,False,,360,0,0
7461,4_planet,False,,360,0,0
7461,5_planet,False,,360,0,0
7461,7_planet,False,,360,0,0
7462,4_planet,False,,360,0,0
7462,5_planet,False,,360,0,0
7462,7_planet,False,,360,0,0
7463,4_planet,False,,360,0,0
7463,5_planet,False,,360,0,0
7463,7_planet,False,,360,0,0
7464,4_planet,False,,360,0,0
7464,5_planet,False,,360,0,0
7464,7_planet,False,,360,0,0
7465,4_planet,False,,360,0,0
7465,5_planet,False,,360,0,0
7465,7_planet,False,,360,0,0
7466,4_planet,False,,360,0,0
7466,5_planet,False,,360,0,0
7466,7_planet,False,,360,0,0
7467,4_planet,False,,360,0,0
7467,5_planet,False,,360,0,0
7467,7_planet,False,,360,0,0
7468,4_planet,False,,360,0,0
7468,5_planet,False,,360,0,0
7468,7_planet,False,,360,0,0
7469,4_planet,False,,360,0,0
7469,5_planet,False,,360,0,0
7469,7_planet,False,,360,0,0
7470,4_planet,False,,360,0,0
7470,5_planet,False,,360,0,0
7470,7_planet,False,,360,0,0
7471,4_planet,False,,360,0,0
7471,5_planet,False,,360,0,0
7471,7_planet,False,,360,0,0
7472,4_planet,False,,360,0,0
7472,5_planet,False,,360,0,0
7472,7_planet,False,,360,0,0
7473,4_planet,False,,360,0,0
7473,5_planet,False,,360,0,0
7473,7_planet,False,,360,0,0
7474,4_planet,False,,360,0,0
7474,5_planet,False,,360,0,0
7474,7_planet,False,,360,0,0
7475,4_planet,False,,360,0,0
7475,5_planet,False,,360,0,0
7475,7_planet,False,,360,0,0
7476,4_planet,False,,360,0,0
7476,5_planet,False,,360,0,0
7476,7_planet,False,,360,0,0
7477,4_planet,False,,360,0,0
7477,5_planet,False,,360,0,0
7477,7_planet,False,,360,0,0
7478,4_planet,False,,360,0,0
7478,5_planet,False,,360,0,0
7478,7_planet,False,,360,0,0
7479,4_planet,False,,360,0,0
7479,5_planet,False,,360,0,0
7479,7_planet,False,,360,0,0
7480,4_planet,False,,360,0,0
7480,5_planet,False,,360,0,0
7480,7_planet,False,,360,0,0
7481,4_planet,False,,360,0,0
7481,5_planet,False,,360,0,0
7481,7_planet,False,,360,0,0
7482,4_planet,False,,360,0,0
7482,5_planet,False,,360,0,0
7482,7_planet,False,,360,0,0
7483,4_planet,False,,360,0,0
7483,5_planet,False,,360,0,0
7483,7_planet,False,,360,0,0
7484,4_planet,False,,360,0,0
7484,5_planet,False,,360,0,0
7484,7_planet,False,,360,0,0
7485,4_planet,False,,360,0,0
7485,5_planet,False,,360,0,0
7485,7_planet,False,,360,0,0
7486,4_planet,False,,360,0,0
7486,5_planet,False,,360,0,0
7486,7_planet,False,,360,0,0
7487,4_planet,False,,360,0,0
7487,5_planet,False,,360,0,0
7487,7_planet,False,,360,0,0
7488,4_planet,False,,360,0,0
7488,5_planet,False,,360,0,0
7488,7_planet,False,,360,0,0
7489,4_planet,False,,360,0,0
7489,5_planet,False,,360,0,0
7489,7_planet,False,,360,0,0
7490,4_planet,False,,360,0,0
7490,5_planet,False,,360,0,0
7490,7_planet,False,,360,0,0
7491,4_planet,False,,360,0,0
7491,5_planet,False,,360,0,0
7491,7_planet,False,,360,0,0
7492,4_planet,False,,360,0,0
7492,5_planet,False,,360,0,0
7492,7_planet,False,,360,0,0
7493,4_planet,False,,360,0,0
7493,5_planet,False,,360,0,0
7493,7_planet,False,,360,0,0
7494,4_planet,False,,360,0,0
7494,5_planet,False,,360,0,0
7494,7_planet,False,,360,0,0
7495,4_planet,False,,360,0,0
7495,5_planet,False,,360,0,0
7495,7_planet,False,,360,0,0
7496,4_planet,False,,360,0,0
7496,5_planet,False,,360,0,0
7496,7_planet,False,,360,0,0
7497,4_planet,False,,360,0,0
7497,5_planet,False,,360,0,0
7497,7_planet,False,,360,0,0
7498,4_planet,False,,360,0,0
7498,5_planet,False,,360,0,0
7498,7_planet,False,,360,0,0
7499,4_planet,False,,360,0,0
7499,5_planet,False,,360,0,0
7499,7_planet,False,,360,0,0
7500,4_planet,False,,360,0,0
7500,5_planet,False,,360,0,0
7500,7_planet,False,,360,0,0
7501,4_planet,False,,360,0,0
7501,5_planet,False,,360,0,0
7501,7_planet,False,,360,0,0
7502,4_planet,False,,360,0,0
7502,5_planet,False,,360,0,0
7502,7_planet,False,,360,0,0
7503,4_planet,False,,360,0,0
7503,5_planet,False,,360,0,0
7503,7_planet,False,,360,0,0
7504,4_planet,False,,360,0,0
7504,5_planet,False,,360,0,0
7504,7_planet,False,,360,0,0
7505,4_planet,False,,360,0,0
7505,5_planet,False,,360,0,0
7505,7_planet,False,,360,0,0
7506,4_planet,False,,360,0,0
7506,5_planet,False,,360,0,0
7506,7_planet,False,,360,0,0
7507,4_planet,False,,360,0,0
7507,5_planet,False,,360,0,0
7507,7_planet,False,,360,0,0
7508,4_planet,False,,360,0,0
7508,5_planet,False,,360,0,0
7508,7_planet,False,,360,0,0
7509,4_planet,False,,360,0,0
7509,5_planet,False,,360,0,0
7509,7_planet,False,,360,0,0
7510,4_planet,False,,360,0,0
7510,5_planet,False,,360,0,0
7510,7_planet,False,,360,0,0
7511,4_planet,False,,360,0,0
7511,5_planet,False,,360,0,0
7511,7_planet,False,,360,0,0
7512,4_planet,False,,360,0,0
7512,5_planet,False,,360,0,0
7512,7_planet,False,,360,0,0
7513,4_planet,False,,360,0,0
7513,5_planet,False,,360,0,0
7513,7_planet,False,,360,0,0
7514,4_planet,False,,360,0,0
7514,5_planet,False,,360,0,0
7514,7_planet,False,,360,0,0
7515,4_planet,False,,360,0,0
7515,5_planet,False,,360,0,0
7515,7_planet,False,,360,0,0
7516,4_planet,False,,360,0,0
7516,5_planet,False,,360,0,0
7516,7_planet,False,,360,0,0
7517,4_planet,False,,360,0,0
7517,5_planet,False,,360,0,0
7517,7_planet,False,,360,0,0
7518,4_planet,False,,360,0,0
7518,5_planet,False,,360,0,0
7518,7_planet,False,,360,0,0
7519,4_planet,False,,360,0,0
7519,5_planet,False,,360,0,0
7519,7_planet,False,,360,0,0
7520,4_planet,False,,360,0,0
7520,5_planet,False,,360,0,0
7520,7_planet,False,,360,0,0
7521,4_planet,False,,360,0,0
7521,5_planet,False,,360,0,0
7521,7_planet,False,,360,0,0
7522,4_planet,False,,360,0,0
7522,5_planet,False,,360,0,0
7522,7_planet,False,,360,0,0
7523,4_planet,False,,360,0,0
7523,5_planet,False,,360,0,0
7523,7_planet,False,,360,0,0
7524,4_planet,False,,360,0,0
7524,5_planet,False,,360,0,0
7524,7_planet,False,,360,0,0
7525,4_planet,False,,360,0,0
7525,5_planet,False,,360,0,0
7525,7_planet,False,,360,0,0
7526,4_planet,False,,360,0,0
7526,5_planet,False,,360,0,0
7526,7_planet,False,,360,0,0
7527,4_planet,False,,360,0,0
7527,5_planet,False,,360,0,0
7527,7_planet,False,,360,0,0
7528,4_planet,False,,360,0,0
7528,5_planet,False,,360,0,0
7528,7_planet,False,,360,0,0
7529,4_planet,False,,360,0,0
7529,5_planet,False,,360,0,0
7529,7_planet,False,,360,0,0
7530,4_planet,False,,360,0,0
7530,5_planet,False,,360,0,0
7530,7_planet,False,,360,0,0
7531,4_planet,False,,360,0,0
7531,5_planet,False,,360,0,0
7531,7_planet,False,,360,0,0
7532,4_planet,False,,360,0,0
7532,5_planet,False,,360,0,0
7532,7_planet,False,,360,0,0
7533,4_planet,False,,360,0,0
7533,5_planet,False,,360,0,0
7533,7_planet,False,,360,0,0
7534,4_planet,False,,360,0,0
7534,5_planet,False,,360,0,0
7534,7_planet,False,,360,0,0
7535,4_planet,False,,360,0,0
7535,5_planet,False,,360,0,0
7535,7_planet,False,,360,0,0
7536,4_planet,False,,360,0,0
7536,5_planet,False,,360,0,0
7536,7_planet,False,,360,0,0
7537,4_planet,False,,360,0,0
7537,5_planet,False,,360,0,0
7537,7_planet,False,,360,0,0
7538,4_planet,False,,360,0,0
7538,5_planet,False,,360,0,0
7538,7_planet,False,,360,0,0
7539,4_planet,False,,360,0,0
7539,5_planet,False,,360,0,0
7539,7_planet,False,,360,0,0
7540,4_planet,False,,360,0,0
7540,5_planet,False,,360,0,0
7540,7_planet,False,,360,0,0
7541,4_planet,False,,360,0,0
7541,5_planet,False,,360,0,0
7541,7_planet,False,,360,0,0
7542,4_planet,False,,360,0,0
7542,5_planet,False,,360,0,0
7542,7_planet,False,,360,0,0
7543,4_planet,False,,360,0,0
7543,5_planet,False,,360,0,0
7543,7_planet,False,,360,0,0
7544,4_planet,False,,360,0,0
7544,5_planet,False,,360,0,0
7544,7_planet,False,,360,0,0
7545,4_planet,False,,360,0,0
7545,5_planet,False,,360,0,0
7545,7_planet,False,,360,0,0
7546,4_planet,False,,360,0,0
7546,5_planet,False,,360,0,0
7546,7_planet,False,,360,0,0
7547,4_planet,False,,360,0,0
7547,5_planet,False,,360,0,0
7547,7_planet,False,,360,0,0
7548,4_planet,False,,360,0,0
7548,5_planet,False,,360,0,0
7548,7_planet,False,,360,0,0
7549,4_planet,False,,360,0,0
7549,5_planet,False,,360,0,0
7549,7_planet,False,,360,0,0
7550,4_planet,False,,360,0,0
7550,5_planet,False,,360,0,0
7550,7_planet,False,,360,0,0
7551,4_planet,False,,360,0,0
7551,5_planet,False,,360,0,0
7551,7_planet,False,,360,0,0
7552,4_planet,False,,360,0,0
7552,5_planet,False,,360,0,0
7552,7_planet,False,,360,0,0
7553,4_planet,False,,360,0,0
7553,5_planet,False,,360,0,0
7553,7_planet,False,,360,0,0
7554,4_planet,False,,360,0,0
7554,5_planet,False,,360,0,0
7554,7_planet,False,,360,0,0
7555,4_planet,False,,360,0,0
7555,5_planet,False,,360,0,0
7555,7_planet,False,,360,0,0
7556,4_planet,False,,360,0,0
7556,5_planet,False,,360,0,0
7556,7_planet,False,,360,0,0
7557,4_planet,False,,360,0,0
7557,5_planet,False,,360,0,0
7557,7_planet,False,,360,0,0
7558,4_planet,False,,360,0,0
7558,5_planet,False,,360,0,0
7558,7_planet,False,,360,0,0
7559,4_planet,False,,360,0,0
7559,5_planet,False,,360,0,0
7559,7_planet,False,,360,0,0
7560,4_planet,False,,360,0,0
7560,5_planet,False,,360,0,0
7560,7_planet,False,,360,0,0
7561,4_planet,False,,360,0,0
7561,5_planet,False,,360,0,0
7561,7_planet,False,,360,0,0
7562,4_planet,False,,360,0,0
7562,5_planet,False,,360,0,0
7562,7_planet,False,,360,0,0
7563,4_planet,False,,360,0,0
7563,5_planet,False,,360,0,0
7563,7_planet,False,,360,0,0
7564,4_planet,False,,360,0,0
7564,5_planet,False,,360,0,0
7564,7_planet,False,,360,0,0
7565,4_planet,False,,360,0,0
7565,5_planet,False,,360,0,0
7565,7_planet,False,,360,0,0
7566,4_planet,False,,360,0,0
7566,5_planet,False,,360,0,0
7566,7_planet,False,,360,0,0
7567,4_planet,False,,360,0,0
7567,5_planet,False,,360,0,0
7567,7_planet,False,,360,0,0
7568,4_planet,False,,360,0,0
7568,5_planet,False,,360,0,0
7568,7_planet,False,,360,0,0
7569,4_planet,False,,360,0,0
7569,5_planet,False,,360,0,0
7569,7_planet,False,,360,0,0
7570,4_planet,False,,360,0,0
7570,5_planet,False,,360,0,0
7570,7_planet,False,,360,0,0
7571,4_planet,False,,360,0,0
7571,5_planet,False,,360,0,0
7571,7_planet,False,,360,0,0
7572,4_planet,False,,360,0,0
7572,5_planet,False,,360,0,0
7572,7_planet,False,,360,0,0
7573,4_planet,False,,360,0,0
7573,5_planet,False,,360,0,0
7573,7_planet,False,,360,0,0
7574,4_planet,False,,360,0,0
7574,5_planet,False,,360,0,0
7574,7_planet,False,,360,0,0
7575,4_planet,False,,360,0,0
7575,5_planet,False,,360,0,0
7575,7_planet,False,,360,0,0
7576,4_planet,False,,360,0,0
7576,5_planet,False,,360,0,0
7576,7_planet,False,,360,0,0
7577,4_planet,False,,360,0,0
7577,5_planet,False,,360,0,0
7577,7_planet,False,,360,0,0
7578,4_planet,False,,360,0,0
7578,5_planet,False,,360,0,0
7578,7_planet,False,,360,0,0
7579,4_planet,False,,360,0,0
7579,5_planet,False,,360,0,0
7579,7_planet,False,,360,0,0
7580,4_planet,False,,360,0,0
7580,5_planet,False,,360,0,0
7580,7_planet,False,,360,0,0
7581,4_planet,False,,360,0,0
7581,5_planet,False,,360,0,0
7581,7_planet,False,,360,0,0
7582,4_planet,False,,360,0,0
7582,5_planet,False,,360,0,0
7582,7_planet,False,,360,0,0
7583,4_planet,False,,360,0,0
7583,5_planet,False,,360,0,0
7583,7_planet,False,,360,0,0
7584,4_planet,False,,360,0,0
7584,5_planet,False,,360,0,0
7584,7_planet,False,,360,0,0
7585,4_planet,False,,360,0,0
7585,5_planet,False,,360,0,0
7585,7_planet,False,,360,0,0
7586,4_planet,False,,360,0,0
7586,5_planet,False,,360,0,0
7586,7_planet,False,,360,0,0
7587,4_planet,False,,360,0,0
7587,5_planet,False,,360,0,0
7587,7_planet,False,,360,0,0
7588,4_planet,False,,360,0,0
7588,5_planet,False,,360,0,0
7588,7_planet,False,,360,0,0
7589,4_planet,False,,360,0,0
7589,5_planet,False,,360,0,0
7589,7_planet,False,,360,0,0
7590,4_planet,False,,360,0,0
7590,5_planet,False,,360,0,0
7590,7_planet,False,,360,0,0
7591,4_planet,False,,360,0,0
7591,5_planet,False,,360,0,0
7591,7_planet,False,,360,0,0
7592,4_planet,False,,360,0,0
7592,5_planet,False,,360,0,0
7592,7_planet,False,,360,0,0
7593,4_planet,False,,360,0,0
7593,5_planet,False,,360,0,0
7593,7_planet,False,,360,0,0
7594,4_planet,False,,360,0,0
7594,5_planet,False,,360,0,0
7594,7_planet,False,,360,0,0
7595,4_planet,False,,360,0,0
7595,5_planet,False,,360,0,0
7595,7_planet,False,,360,0,0
7596,4_planet,False,,360,0,0
7596,5_planet,False,,360,0,0
7596,7_planet,False,,360,0,0
7597,4_planet,False,,360,0,0
7597,5_planet,False,,360,0,0
7597,7_planet,False,,360,0,0
7598,4_planet,False,,360,0,0
7598,5_planet,False,,360,0,0
7598,7_planet,False,,360,0,0
7599,4_planet,False,,360,0,0
7599,5_planet,False,,360,0,0
7599,7_planet,False,,360,0,0
7600,4_planet,False,,360,0,0
7600,5_planet,False,,360,0,0
7600,7_planet,False,,360,0,0
7601,4_planet,False,,360,0,0
7601,5_planet,False,,360,0,0
7601,7_planet,False,,360,0,0
7602,4_planet,False,,360,0,0
7602,5_planet,False,,360,0,0
7602,7_planet,False,,360,0,0
7603,4_planet,False,,360,0,0
7603,5_planet,False,,360,0,0
7603,7_planet,False,,360,0,0
7604,4_planet,False,,360,0,0
7604,5_planet,False,,360,0,0
7604,7_planet,False,,360,0,0
7605,4_planet,False,,360,0,0
7605,5_planet,False,,360,0,0
7605,7_planet,False,,360,0,0
7606,4_planet,False,,360,0,0
7606,5_planet,False,,360,0,0
7606,7_planet,False,,360,0,0
7607,4_planet,False,,360,0,0
7607,5_planet,False,,360,0,0
7607,7_planet,False,,360,0,0
7608,4_planet,False,,360,0,0
7608,5_planet,False,,360,0,0
7608,7_planet,False,,360,0,0
7609,4_planet,False,,360,0,0
7609,5_planet,False,,360,0,0
7609,7_planet,False,,360,0,0
7610,4_planet,False,,360,0,0
7610,5_planet,False,,360,0,0
7610,7_planet,False,,360,0,0
7611,4_planet,False,,360,0,0
7611,5_planet,False,,360,0,0
7611,7_planet,False,,360,0,0
7612,4_planet,False,,360,0,0
7612,5_planet,False,,360,0,0
7612,7_planet,False,,360,0,0
7613,4_planet,False,,360,0,0
7613,5_planet,False,,360,0,0
7613,7_planet,False,,360,0,0
7614,4_planet,False,,360,0,0
7614,5_planet,False,,360,0,0
7614,7_planet,False,,360,0,0
7615,4_planet,False,,360,0,0
7615,5_planet,False,,360,0,0
7615,7_planet,False,,360,0,0
7616,4_planet,False,,360,0,0
7616,5_planet,False,,360,0,0
7616,7_planet,False,,360,0,0
7617,4_planet,False,,360,0,0
7617,5_planet,False,,360,0,0
7617,7_planet,False,,360,0,0
7618,4_planet,False,,360,0,0
7618,5_planet,False,,360,0,0
7618,7_planet,False,,360,0,0
7619,4_planet,False,,360,0,0
7619,5_planet,False,,360,0,0
7619,7_planet,False,,360,0,0
7620,4_planet,False,,360,0,0
7620,5_planet,False,,360,0,0
7620,7_planet,False,,360,0,0
7621,4_planet,False,,360,0,0
7621,5_planet,False,,360,0,0
7621,7_planet,False,,360,0,0
7622,4_planet,False,,360,0,0
7622,5_planet,False,,360,0,0
7622,7_planet,False,,360,0,0
7623,4_planet,False,,360,0,0
7623,5_planet,False,,360,0,0
7623,7_planet,False,,360,0,0
7624,4_planet,False,,360,0,0
7624,5_planet,False,,360,0,0
7624,7_planet,False,,360,0,0
7625,4_planet,False,,360,0,0
7625,5_planet,False,,360,0,0
7625,7_planet,False,,360,0,0
7626,4_planet,False,,360,0,0
7626,5_planet,False,,360,0,0
7626,7_planet,False,,360,0,0
7627,4_planet,False,,360,0,0
7627,5_planet,False,,360,0,0
7627,7_planet,False,,360,0,0
7628,4_planet,False,,360,0,0
7628,5_planet,False,,360,0,0
7628,7_planet,False,,360,0,0
7629,4_planet,False,,360,0,0
7629,5_planet,False,,360,0,0
7629,7_planet,False,,360,0,0
7630,4_planet,False,,360,0,0
7630,5_planet,False,,360,0,0
7630,7_planet,False,,360,0,0
7631,4_planet,False,,360,0,0
7631,5_planet,False,,360,0,0
7631,7_planet,False,,360,0,0
7632,4_planet,False,,360,0,0
7632,5_planet,False,,360,0,0
7632,7_planet,False,,360,0,0
7633,4_planet,False,,360,0,0
7633,5_planet,False,,360,0,0
7633,7_planet,False,,360,0,0
7634,4_planet,False,,360,0,0
7634,5_planet,False,,360,0,0
7634,7_planet,False,,360,0,0
7635,4_planet,False,,360,0,0
7635,5_planet,False,,360,0,0
7635,7_planet,False,,360,0,0
7636,4_planet,False,,360,0,0
7636,5_planet,False,,360,0,0
7636,7_planet,False,,360,0,0
7637,4_planet,False,,360,0,0
7637,5_planet,False,,360,0,0
7637,7_planet,False,,360,0,0
7638,4_planet,False,,360,0,0
7638,5_planet,False,,360,0,0
7638,7_planet,False,,360,0,0
7639,4_planet,False,,360,0,0
7639,5_planet,False,,360,0,0
7639,7_planet,False,,360,0,0
7640,4_planet,False,,360,0,0
7640,5_planet,False,,360,0,0
7640,7_planet,False,,360,0,0
7641,4_planet,False,,360,0,0
7641,5_planet,False,,360,0,0
7641,7_planet,False,,360,0,0
7642,4_planet,False,,360,0,0
7642,5_planet,False,,360,0,0
7642,7_planet,False,,360,0,0
7643,4_planet,False,,360,0,0
7643,5_planet,False,,360,0,0
7643,7_planet,False,,360,0,0
7644,4_planet,False,,360,0,0
7644,5_planet,False,,360,0,0
7644,7_planet,False,,360,0,0
7645,4_planet,False,,360,0,0
7645,5_planet,False,,360,0,0
7645,7_planet,False,,360,0,0
7646,4_planet,False,,360,0,0
7646,5_planet,False,,360,0,0
7646,7_planet,False,,360,0,0
7647,4_planet,False,,360,0,0
7647,5_planet,False,,360,0,0
7647,7_planet,False,,360,0,0
7648,4_planet,False,,360,0,0
7648,5_planet,False,,360,0,0
7648,7_planet,False,,360,0,0
7649,4_planet,False,,360,0,0
7649,5_planet,False,,360,0,0
7649,7_planet,False,,360,0,0
7650,4_planet,False,,360,0,0
7650,5_planet,False,,360,0,0
7650,7_planet,False,,360,0,0
7651,4_planet,False,,360,0,0
7651,5_planet,False,,360,0,0
7651,7_planet,False,,360,0,0
7652,4_planet,False,,360,0,0
7652,5_planet,False,,360,0,0
7652,7_planet,False,,360,0,0
7653,4_planet,False,,360,0,0
7653,5_planet,False,,360,0,0
7653,7_planet,False,,360,0,0
7654,4_planet,False,,360,0,0
7654,5_planet,False,,360,0,0
7654,7_planet,False,,360,0,0
7655,4_planet,False,,360,0,0
7655,5_planet,False,,360,0,0
7655,7_planet,False,,360,0,0
7656,4_planet,False,,360,0,0
7656,5_planet,False,,360,0,0
7656,7_planet,False,,360,0,0
7657,4_planet,False,,360,0,0
7657,5_planet,False,,360,0,0
7657,7_planet,False,,360,0,0
7658,4_planet,False,,360,0,0
7658,5_planet,False,,360,0,0
7658,7_planet,False,,360,0,0
7659,4_planet,False,,360,0,0
7659,5_planet,False,,360,0,0
7659,7_planet,False,,360,0,0
7660,4_planet,False,,360,0,0
7660,5_planet,False,,360,0,0
7660,7_planet,False,,360,0,0
7661,4_planet,False,,360,0,0
7661,5_planet,False,,360,0,0
7661,7_planet,False,,360,0,0
7662,4_planet,False,,360,0,0
7662,5_planet,False,,360,0,0
7662,7_planet,False,,360,0,0
7663,4_planet,False,,360,0,0
7663,5_planet,False,,360,0,0
7663,7_planet,False,,360,0,0
7664,4_planet,False,,360,0,0
7664,5_planet,False,,360,0,0
7664,7_planet,False,,360,0,0
7665,4_planet,False,,360,0,0
7665,5_planet,False,,360,0,0
7665,7_planet,False,,360,0,0
7666,4_planet,False,,360,0,0
7666,5_planet,False,,360,0,0
7666,7_planet,False,,360,0,0
7667,4_planet,False,,360,0,0
7667,5_planet,False,,360,0,0
7667,7_planet,False,,360,0,0
7668,4_planet,False,,360,0,0
7668,5_planet,False,,360,0,0
7668,7_planet,False,,360,0,0
7669,4_planet,False,,360,0,0
7669,5_planet,False,,360,0,0
7669,7_planet,False,,360,0,0
7670,4_planet,False,,360,0,0
7670,5_planet,False,,360,0,0
7670,7_planet,False,,360,0,0
7671,4_planet,False,,360,0,0
7671,5_planet,False,,360,0,0
7671,7_planet,False,,360,0,0
7672,4_planet,False,,360,0,0
7672,5_planet,False,,360,0,0
7672,7_planet,False,,360,0,0
7673,4_planet,False,,360,0,0
7673,5_planet,False,,360,0,0
7673,7_planet,False,,360,0,0
7674,4_planet,False,,360,0,0
7674,5_planet,False,,360,0,0
7674,7_planet,False,,360,0,0
7675,4_planet,False,,360,0,0
7675,5_planet,False,,360,0,0
7675,7_planet,False,,360,0,0
7676,4_planet,False,,360,0,0
7676,5_planet,False,,360,0,0
7676,7_planet,False,,360,0,0
7677,4_planet,False,,360,0,0
7677,5_planet,False,,360,0,0
7677,7_planet,False,,360,0,0
7678,4_planet,False,,360,0,0
7678,5_planet,False,,360,0,0
7678,7_planet,False,,360,0,0
7679,4_planet,False,,360,0,0
7679,5_planet,False,,360,0,0
7679,7_planet,False,,360,0,0
7680,4_planet,False,,360,0,0
7680,5_planet,False,,360,0,0
7680,7_planet,False,,360,0,0
7681,4_planet,False,,360,0,0
7681,5_planet,False,,360,0,0
7681,7_planet,False,,360,0,0
7682,4_planet,False,,360,0,0
7682,5_planet,False,,360,0,0
7682,7_planet,False,,360,0,0
7683,4_planet,False,,360,0,0
7683,5_planet,False,,360,0,0
7683,7_planet,False,,360,0,0
7684,4_planet,False,,360,0,0
7684,5_planet,False,,360,0,0
7684,7_planet,False,,360,0,0
7685,4_planet,False,,360,0,0
7685,5_planet,False,,360,0,0
7685,7_planet,False,,360,0,0
7686,4_planet,False,,360,0,0
7686,5_planet,False,,360,0,0
7686,7_planet,False,,360,0,0
7687,4_planet,False,,360,0,0
7687,5_planet,False,,360,0,0
7687,7_planet,False,,360,0,0
7688,4_planet,False,,360,0,0
7688,5_planet,False,,360,0,0
7688,7_planet,False,,360,0,0
7689,4_planet,False,,360,0,0
7689,5_planet,False,,360,0,0
7689,7_planet,False,,360,0,0
7690,4_planet,False,,360,0,0
7690,5_planet,False,,360,0,0
7690,7_planet,False,,360,0,0
7691,4_planet,False,,360,0,0
7691,5_planet,False,,360,0,0
7691,7_planet,False,,360,0,0
7692,4_planet,False,,360,0,0
7692,5_planet,False,,360,0,0
7692,7_planet,False,,360,0,0
7693,4_planet,False,,360,0,0
7693,5_planet,False,,360,0,0
7693,7_planet,False,,360,0,0
7694,4_planet,False,,360,0,0
7694,5_planet,False,,360,0,0
7694,7_planet,False,,360,0,0
7695,4_planet,False,,360,0,0
7695,5_planet,False,,360,0,0
7695,7_planet,False,,360,0,0
7696,4_planet,False,,360,0,0
7696,5_planet,False,,360,0,0
7696,7_planet,False,,360,0,0
7697,4_planet,False,,360,0,0
7697,5_planet,False,,360,0,0
7697,7_planet,False,,360,0,0
7698,4_planet,False,,360,0,0
7698,5_planet,False,,360,0,0
7698,7_planet,False,,360,0,0
7699,4_planet,False,,360,0,0
7699,5_planet,False,,360,0,0
7699,7_planet,False,,360,0,0
7700,4_planet,False,,360,0,0
7700,5_planet,False,,360,0,0
7700,7_planet,False,,360,0,0
7701,4_planet,False,,360,0,0
7701,5_planet,False,,360,0,0
7701,7_planet,False,,360,0,0
7702,4_planet,False,,360,0,0
7702,5_planet,False,,360,0,0
7702,7_planet,False,,360,0,0
7703,4_planet,False,,360,0,0
7703,5_planet,False,,360,0,0
7703,7_planet,False,,360,0,0
7704,4_planet,False,,360,0,0
7704,5_planet,False,,360,0,0
7704,7_planet,False,,360,0,0
7705,4_planet,False,,360,0,0
7705,5_planet,False,,360,0,0
7705,7_planet,False,,360,0,0
7706,4_planet,False,,360,0,0
7706,5_planet,False,,360,0,0
7706,7_planet,False,,360,0,0
7707,4_planet,False,,360,0,0
7707,5_planet,False,,360,0,0
7707,7_planet,False,,360,0,0
7708,4_planet,False,,360,0,0
7708,5_planet,False,,360,0,0
7708,7_planet,False,,360,0,0
7709,4_planet,False,,360,0,0
7709,5_planet,False,,360,0,0
7709,7_planet,False,,360,0,0
7710,4_planet,False,,360,0,0
7710,5_planet,False,,360,0,0
7710,7_planet,False,,360,0,0
7711,4_planet,False,,360,0,0
7711,5_planet,False,,360,0,0
7711,7_planet,False,,360,0,0
7712,4_planet,False,,360,0,0
7712,5_planet,False,,360,0,0
7712,7_planet,False,,360,0,0
7713,4_planet,False,,360,0,0
7713,5_planet,False,,360,0,0
7713,7_planet,False,,360,0,0
7714,4_planet,False,,360,0,0
7714,5_planet,False,,360,0,0
7714,7_planet,False,,360,0,0
7715,4_planet,False,,360,0,0
7715,5_planet,False,,360,0,0
7715,7_planet,False,,360,0,0
7716,4_planet,False,,360,0,0
7716,5_planet,False,,360,0,0
7716,7_planet,False,,360,0,0
7717,4_planet,False,,360,0,0
7717,5_planet,False,,360,0,0
7717,7_planet,False,,360,0,0
7718,4_planet,False,,360,0,0
7718,5_planet,False,,360,0,0
7718,7_planet,False,,360,0,0
7719,4_planet,False,,360,0,0
7719,5_planet,False,,360,0,0
7719,7_planet,False,,360,0,0
7720,4_planet,False,,360,0,0
7720,5_planet,False,,360,0,0
7720,7_planet,False,,360,0,0
7721,4_planet,False,,360,0,0
7721,5_planet,False,,360,0,0
7721,7_planet,False,,360,0,0
7722,4_planet,False,,360,0,0
7722,5_planet,False,,360,0,0
7722,7_planet,False,,360,0,0
7723,4_planet,False,,360,0,0
7723,5_planet,False,,360,0,0
7723,7_planet,False,,360,0,0
7724,4_planet,False,,360,0,0
7724,5_planet,False,,360,0,0
7724,7_planet,False,,360,0,0
7725,4_planet,False,,360,0,0
7725,5_planet,False,,360,0,0
7725,7_planet,False,,360,0,0
7726,4_planet,False,,360,0,0
7726,5_planet,False,,360,0,0
7726,7_planet,False,,360,0,0
7727,4_planet,False,,360,0,0
7727,5_planet,False,,360,0,0
7727,7_planet,False,,360,0,0
7728,4_planet,False,,360,0,0
7728,5_planet,False,,360,0,0
7728,7_planet,False,,360,0,0
7729,4_planet,False,,360,0,0
7729,5_planet,False,,360,0,0
7729,7_planet,False,,360,0,0
7730,4_planet,False,,360,0,0
7730,5_planet,False,,360,0,0
7730,7_planet,False,,360,0,0
7731,4_planet,False,,360,0,0
7731,5_planet,False,,360,0,0
7731,7_planet,False,,360,0,0
7732,4_planet,False,,360,0,0
7732,5_planet,False,,360,0,0
7732,7_planet,False,,360,0,0
7733,4_planet,False,,360,0,0
7733,5_planet,False,,360,0,0
7733,7_planet,False,,360,0,0
7734,4_planet,False,,360,0,0
7734,5_planet,False,,360,0,0
7734,7_planet,False,,360,0,0
7735,4_planet,False,,360,0,0
7735,5_planet,False,,360,0,0
7735,7_planet,False,,360,0,0
7736,4_planet,False,,360,0,0
7736,5_planet,False,,360,0,0
7736,7_planet,False,,360,0,0
7737,4_planet,False,,360,0,0
7737,5_planet,False,,360,0,0
7737,7_planet,False,,360,0,0
7738,4_planet,False,,360,0,0
7738,5_planet,False,,360,0,0
7738,7_planet,False,,360,0,0
7739,4_planet,False,,360,0,0
7739,5_planet,False,,360,0,0
7739,7_planet,False,,360,0,0
7740,4_planet,False,,360,0,0
7740,5_planet,False,,360,0,0
7740,7_planet,False,,360,0,0
7741,4_planet,False,,360,0,0
7741,5_planet,False,,360,0,0
7741,7_planet,False,,360,0,0
7742,4_planet,False,,360,0,0
7742,5_planet,False,,360,0,0
7742,7_planet,False,,360,0,0
7743,4_planet,False,,360,0,0
7743,5_planet,False,,360,0,0
7743,7_planet,False,,360,0,0
7744,4_planet,False,,360,0,0
7744,5_planet,False,,360,0,0
7744,7_planet,False,,360,0,0
7745,4_planet,False,,360,0,0
7745,5_planet,False,,360,0,0
7745,7_planet,False,,360,0,0
7746,4_planet,False,,360,0,0
7746,5_planet,False,,360,0,0
7746,7_planet,False,,360,0,0
7747,4_planet,False,,360,0,0
7747,5_planet,False,,360,0,0
7747,7_planet,False,,360,0,0
7748,4_planet,False,,360,0,0
7748,5_planet,False,,360,0,0
7748,7_planet,False,,360,0,0
7749,4_planet,False,,360,0,0
7749,5_planet,False,,360,0,0
7749,7_planet,False,,360,0,0
7750,4_planet,False,,360,0,0
7750,5_planet,False,,360,0,0
7750,7_planet,False,,360,0,0
7751,4_planet,False,,360,0,0
7751,5_planet,False,,360,0,0
7751,7_planet,False,,360,0,0
7752,4_planet,False,,360,0,0
7752,5_planet,False,,360,0,0
7752,7_planet,False,,360,0,0
7753,4_planet,False,,360,0,0
7753,5_planet,False,,360,0,0
7753,7_planet,False,,360,0,0
7754,4_planet,False,,360,0,0
7754,5_planet,False,,360,0,0
7754,7_planet,False,,360,0,0
7755,4_planet,False,,360,0,0
7755,5_planet,False,,360,0,0
7755,7_planet,False,,360,0,0
7756,4_planet,False,,360,0,0
7756,5_planet,False,,360,0,0
7756,7_planet,False,,360,0,0
7757,4_planet,False,,360,0,0
7757,5_planet,False,,360,0,0
7757,7_planet,False,,360,0,0
7758,4_planet,False,,360,0,0
7758,5_planet,False,,360,0,0
7758,7_planet,False,,360,0,0
7759,4_planet,False,,360,0,0
7759,5_planet,False,,360,0,0
7759,7_planet,False,,360,0,0
7760,4_planet,False,,360,0,0
7760,5_planet,False,,360,0,0
7760,7_planet,False,,360,0,0
7761,4_planet,False,,360,0,0
7761,5_planet,False,,360,0,0
7761,7_planet,False,,360,0,0
7762,4_planet,False,,360,0,0
7762,5_planet,False,,360,0,0
7762,7_planet,False,,360,0,0
7763,4_planet,False,,360,0,0
7763,5_planet,False,,360,0,0
7763,7_planet,False,,360,0,0
7764,4_planet,False,,360,0,0
7764,5_planet,False,,360,0,0
7764,7_planet,False,,360,0,0
7765,4_planet,False,,360,0,0
7765,5_planet,False,,360,0,0
7765,7_planet,False,,360,0,0
7766,4_planet,False,,360,0,0
7766,5_planet,False,,360,0,0
7766,7_planet,False,,360,0,0
7767,4_planet,False,,360,0,0
7767,5_planet,False,,360,0,0
7767,7_planet,False,,360,0,0
7768,4_planet,False,,360,0,0
7768,5_planet,False,,360,0,0
7768,7_planet,False,,360,0,0
7769,4_planet,False,,360,0,0
7769,5_planet,False,,360,0,0
7769,7_planet,False,,360,0,0
7770,4_planet,False,,360,0,0
7770,5_planet,False,,360,0,0
7770,7_planet,False,,360,0,0
7771,4_planet,False,,360,0,0
7771,5_planet,False,,360,0,0
7771,7_planet,False,,360,0,0
7772,4_planet,False,,360,0,0
7772,5_planet,False,,360,0,0
7772,7_planet,False,,360,0,0
7773,4_planet,False,,360,0,0
7773,5_planet,False,,360,0,0
7773,7_planet,False,,360,0,0
7774,4_planet,False,,360,0,0
7774,5_planet,False,,360,0,0
7774,7_planet,False,,360,0,0
7775,4_planet,False,,360,0,0
7775,5_planet,False,,360,0,0
7775,7_planet,False,,360,0,0
7776,4_planet,False,,360,0,0
7776,5_planet,False,,360,0,0
7776,7_planet,False,,360,0,0
7777,4_planet,False,,360,0,0
7777,5_planet,False,,360,0,0
7777,7_planet,False,,360,0,0
7778,4_planet,False,,360,0,0
7778,5_planet,False,,360,0,0
7778,7_planet,False,,360,0,0
7779,4_planet,False,,360,0,0
7779,5_planet,False,,360,0,0
7779,7_planet,False,,360,0,0
7780,4_planet,False,,360,0,0
7780,5_planet,False,,360,0,0
7780,7_planet,False,,360,0,0
7781,4_planet,False,,360,0,0
7781,5_planet,False,,360,0,0
7781,7_planet,False,,360,0,0
7782,4_planet,False,,360,0,0
7782,5_planet,False,,360,0,0
7782,7_planet,False,,360,0,0
7783,4_planet,False,,360,0,0
7783,5_planet,False,,360,0,0
7783,7_planet,False,,360,0,0
7784,4_planet,False,,360,0,0
7784,5_planet,False,,360,0,0
7784,7_planet,False,,360,0,0
7785,4_planet,False,,360,0,0
7785,5_planet,False,,360,0,0
7785,7_planet,False,,360,0,0
7786,4_planet,False,,360,0,0
7786,5_planet,False,,360,0,0
7786,7_planet,False,,360,0,0
7787,4_planet,False,,360,0,0
7787,5_planet,False,,360,0,0
7787,7_planet,False,,360,0,0
7788,4_planet,False,,360,0,0
7788,5_planet,False,,360,0,0
7788,7_planet,False,,360,0,0
7789,4_planet,False,,360,0,0
7789,5_planet,False,,360,0,0
7789,7_planet,False,,360,0,0
7790,4_planet,False,,360,0,0
7790,5_planet,False,,360,0,0
7790,7_planet,False,,360,0,0
7791,4_planet,False,,360,0,0
7791,5_planet,False,,360,0,0
7791,7_planet,False,,360,0,0
7792,4_planet,False,,360,0,0
7792,5_planet,False,,360,0,0
7792,7_planet,False,,360,0,0
7793,4_planet,False,,360,0,0
7793,5_planet,False,,360,0,0
7793,7_planet,False,,360,0,0
7794,4_planet,False,,360,0,0
7794,5_planet,False,,360,0,0
7794,7_planet,False,,360,0,0
7795,4_planet,False,,360,0,0
7795,5_planet,False,,360,0,0
7795,7_planet,True,"Saturn, Venus, Jupiter, Mercury, Mars, Moon, Sun",59.64,0.6,60.71
7796,4_planet,False,,360,0,0
7796,5_planet,False,,360,0,0
7796,7_planet,False,,360,0,0
7797,4_planet,False,,360,0,0
7797,5_planet,False,,360,0,0
7797,7_planet,False,,360,0,0
7798,4_planet,False,,360,0,0
7798,5_planet,False,,360,0,0
7798,7_planet,False,,360,0,0
7799,4_planet,False,,360,0,0
7799,5_planet,False,,360,0,0
7799,7_planet,False,,360,0,0
7800,4_planet,False,,360,0,0
7800,5_planet,False,,360,0,0
7800,7_planet,False,,360,0,0
7801,4_planet,False,,360,0,0
7801,5_planet,False,,360,0,0
7801,7_planet,False,,360,0,0
7802,4_planet,False,,360,0,0
7802,5_planet,False,,360,0,0
7802,7_planet,False,,360,0,0
7803,4_planet,False,,360,0,0
7803,5_planet,False,,360,0,0
7803,7_planet,False,,360,0,0
7804,4_planet,False,,360,0,0
7804,5_planet,False,,360,0,0
7804,7_planet,False,,360,0,0
7805,4_planet,False,,360,0,0
7805,5_planet,False,,360,0,0
7805,7_planet,False,,360,0,0
7806,4_planet,False,,360,0,0
7806,5_planet,False,,360,0,0
7806,7_planet,False,,360,0,0
7807,4_planet,False,,360,0,0
7807,5_planet,False,,360,0,0
7807,7_planet,False,,360,0,0
7808,4_planet,False,,360,0,0
7808,5_planet,False,,360,0,0
7808,7_planet,False,,360,0,0
7809,4_planet,False,,360,0,0
7809,5_planet,False,,360,0,0
7809,7_planet,False,,360,0,0
7810,4_planet,False,,360,0,0
7810,5_planet,False,,360,0,0
7810,7_planet,False,,360,0,0
7811,4_planet,False,,360,0,0
7811,5_planet,False,,360,0,0
7811,7_planet,False,,360,0,0
7812,4_planet,False,,360,0,0
7812,5_planet,False,,360,0,0
7812,7_planet,False,,360,0,0
7813,4_planet,False,,360,0,0
7813,5_planet,False,,360,0,0
7813,7_planet,False,,360,0,0
7814,4_planet,False,,360,0,0
7814,5_planet,False,,360,0,0
7814,7_planet,False,,360,0,0
7815,4_planet,False,,360,0,0
7815,5_planet,False,,360,0,0
7815,7_planet,False,,360,0,0
7816,4_planet,False,,360,0,0
7816,5_planet,False,,360,0,0
7816,7_planet,False,,360,0,0
7817,4_planet,False,,360,0,0
7817,5_planet,False,,360,0,0
7817,7_planet,False,,360,0,0
7818,4_planet,False,,360,0,0
7818,5_planet,False,,360,0,0
7818,7_planet,False,,360,0,0
7819,4_planet,False,,360,0,0
7819,5_planet,False,,360,0,0
7819,7_planet,False,,360,0,0
7820,4_planet,False,,360,0,0
7820,5_planet,False,,360,0,0
7820,7_planet,False,,360,0,0
7821,4_planet,False,,360,0,0
7821,5_planet,False,,360,0,0
7821,7_planet,False,,360,0,0
7822,4_planet,False,,360,0,0
7822,5_planet,False,,360,0,0
7822,7_planet,False,,360,0,0
7823,4_planet,False,,360,0,0
7823,5_planet,False,,360,0,0
7823,7_planet,False,,360,0,0
7824,4_planet,False,,360,0,0
7824,5_planet,False,,360,0,0
7824,7_planet,False,,360,0,0
7825,4_planet,False,,360,0,0
7825,5_planet,False,,360,0,0
7825,7_planet,False,,360,0,0
7826,4_planet,False,,360,0,0
7826,5_planet,False,,360,0,0
7826,7_planet,False,,360,0,0
7827,4_planet,False,,360,0,0
7827,5_planet,False,,360,0,0
7827,7_planet,False,,360,0,0
7828,4_planet,False,,360,0,0
7828,5_planet,False,,360,0,0
7828,7_planet,False,,360,0,0
7829,4_planet,False,,360,0,0
7829,5_planet,False,,360,0,0
7829,7_planet,False,,360,0,0
7830,4_planet,False,,360,0,0
7830,5_planet,False,,360,0,0
7830,7_planet,False,,360,0,0
7831,4_planet,False,,360,0,0
7831,5_planet,False,,360,0,0
7831,7_planet,False,,360,0,0
7832,4_planet,False,,360,0,0
7832,5_planet,False,,360,0,0
7832,7_planet,False,,360,0,0
7833,4_planet,False,,360,0,0
7833,5_planet,False,,360,0,0
7833,7_planet,False,,360,0,0
7834,4_planet,False,,360,0,0
7834,5_planet,False,,360,0,0
7834,7_planet,False,,360,0,0
7835,4_planet,False,,360,0,0
7835,5_planet,False,,360,0,0
7835,7_planet,False,,360,0,0
7836,4_planet,False,,360,0,0
7836,5_planet,False,,360,0,0
7836,7_planet,False,,360,0,0
7837,4_planet,False,,360,0,0
7837,5_planet,False,,360,0,0
7837,7_planet,False,,360,0,0
7838,4_planet,False,,360,0,0
7838,5_planet,False,,360,0,0
7838,7_planet,False,,360,0,0
7839,4_planet,False,,360,0,0
7839,5_planet,False,,360,0,0
7839,7_planet,False,,360,0,0
7840,4_planet,False,,360,0,0
7840,5_planet,False,,360,0,0
7840,7_planet,False,,360,0,0
7841,4_planet,False,,360,0,0
7841,5_planet,False,,360,0,0
7841,7_planet,False,,360,0,0
7842,4_planet,False,,360,0,0
7842,5_planet,False,,360,0,0
7842,7_planet,False,,360,0,0
7843,4_planet,False,,360,0,0
7843,5_planet,False,,360,0,0
7843,7_planet,False,,360,0,0
7844,4_planet,False,,360,0,0
7844,5_planet,False,,360,0,0
7844,7_planet,False,,360,0,0
7845,4_planet,False,,360,0,0
7845,5_planet,False,,360,0,0
7845,7_planet,False,,360,0,0
7846,4_planet,False,,360,0,0
7846,5_planet,False,,360,0,0
7846,7_planet,False,,360,0,0
7847,4_planet,False,,360,0,0
7847,5_planet,False,,360,0,0
7847,7_planet,False,,360,0,0
7848,4_planet,False,,360,0,0
7848,5_planet,False,,360,0,0
7848,7_planet,False,,360,0,0
7849,4_planet,False,,360,0,0
7849,5_planet,False,,360,0,0
7849,7_planet,False,,360,0,0
7850,4_planet,False,,360,0,0
7850,5_planet,False,,360,0,0
7850,7_planet,False,,360,0,0
7851,4_planet,False,,360,0,0
7851,5_planet,False,,360,0,0
7851,7_planet,False,,360,0,0
7852,4_planet,False,,360,0,0
7852,5_planet,False,,360,0,0
7852,7_planet,False,,360,0,0
7853,4_planet,False,,360,0,0
7853,5_planet,False,,360,0,0
7853,7_planet,False,,360,0,0
7854,4_planet,False,,360,0,0
7854,5_planet,False,,360,0,0
7854,7_planet,False,,360,0,0
7855,4_planet,False,,360,0,0
7855,5_planet,False,,360,0,0
7855,7_planet,False,,360,0,0
7856,4_planet,False,,360,0,0
7856,5_planet,False,,360,0,0
7856,7_planet,False,,360,0,0
7857,4_planet,False,,360,0,0
7857,5_planet,False,,360,0,0
7857,7_planet,False,,360,0,0
7858,4_planet,False,,360,0,0
7858,5_planet,False,,360,0,0
7858,7_planet,False,,360,0,0
7859,4_planet,False,,360,0,0
7859,5_planet,False,,360,0,0
7859,7_planet,False,,360,0,0
7860,4_planet,False,,360,0,0
7860,5_planet,False,,360,0,0
7860,7_planet,False,,360,0,0
7861,4_planet,False,,360,0,0
7861,5_planet,False,,360,0,0
7861,7_planet,False,,360,0,0
7862,4_planet,False,,360,0,0
7862,5_planet,False,,360,0,0
7862,7_planet,False,,360,0,0
7863,4_planet,False,,360,0,0
7863,5_planet,False,,360,0,0
7863,7_planet,False,,360,0,0
7864,4_planet,False,,360,0,0
7864,5_planet,False,,360,0,0
7864,7_planet,False,,360,0,0
7865,4_planet,False,,360,0,0
7865,5_planet,False,,360,0,0
7865,7_planet,False,,360,0,0
7866,4_planet,False,,360,0,0
7866,5_planet,False,,360,0,0
7866,7_planet,False,,360,0,0
7867,4_planet,False,,360,0,0
7867,5_planet,False,,360,0,0
7867,7_planet,False,,360,0,0
7868,4_planet,False,,360,0,0
7868,5_planet,False,,360,0,0
7868,7_planet,False,,360,0,0
7869,4_planet,False,,360,0,0
7869,5_planet,False,,360,0,0
7869,7_planet,False,,360,0,0
7870,4_planet,False,,360,0,0
7870,5_planet,False,,360,0,0
7870,7_planet,False,,360,0,0
7871,4_planet,False,,360,0,0
7871,5_planet,False,,360,0,0
7871,7_planet,False,,360,0,0
7872,4_planet,False,,360,0,0
7872,5_planet,False,,360,0,0
7872,7_planet,False,,360,0,0
7873,4_planet,False,,360,0,0
7873,5_planet,False,,360,0,0
7873,7_planet,False,,360,0,0
7874,4_planet,False,,360,0,0
7874,5_planet,False,,360,0,0
7874,7_planet,False,,360,0,0
7875,4_planet,False,,360,0,0
7875,5_planet,False,,360,0,0
7875,7_planet,False,,360,0,0
7876,4_planet,False,,360,0,0
7876,5_planet,False,,360,0,0
7876,7_planet,False,,360,0,0
7877,4_planet,False,,360,0,0
7877,5_planet,False,,360,0,0
7877,7_planet,False,,360,0,0
7878,4_planet,False,,360,0,0
7878,5_planet,False,,360,0,0
7878,7_planet,False,,360,0,0
7879,4_planet,False,,360,0,0
7879,5_planet,False,,360,0,0
7879,7_planet,False,,360,0,0
7880,4_planet,False,,360,0,0
7880,5_planet,False,,360,0,0
7880,7_planet,False,,360,0,0
7881,4_planet,False,,360,0,0
7881,5_planet,False,,360,0,0
7881,7_planet,False,,360,0,0
7882,4_planet,False,,360,0,0
7882,5_planet,False,,360,0,0
7882,7_planet,False,,360,0,0
7883,4_planet,False,,360,0,0
7883,5_planet,False,,360,0,0
7883,7_planet,False,,360,0,0
7884,4_planet,False,,360,0,0
7884,5_planet,False,,360,0,0
7884,7_planet,False,,360,0,0
7885,4_planet,False,,360,0,0
7885,5_planet,False,,360,0,0
7885,7_planet,False,,360,0,0
7886,4_planet,False,,360,0,0
7886,5_planet,False,,360,0,0
7886,7_planet,False,,360,0,0
7887,4_planet,False,,360,0,0
7887,5_planet,False,,360,0,0
7887,7_planet,False,,360,0,0
7888,4_planet,False,,360,0,0
7888,5_planet,False,,360,0,0
7888,7_planet,False,,360,0,0
7889,4_planet,False,,360,0,0
7889,5_planet,False,,360,0,0
7889,7_planet,False,,360,0,0
7890,4_planet,False,,360,0,0
7890,5_planet,False,,360,0,0
7890,7_planet,False,,360,0,0
7891,4_planet,False,,360,0,0
7891,5_planet,False,,360,0,0
7891,7_planet,False,,360,0,0
7892,4_planet,False,,360,0,0
7892,5_planet,False,,360,0,0
7892,7_planet,False,,360,0,0
7893,4_planet,False,,360,0,0
7893,5_planet,False,,360,0,0
7893,7_planet,False,,360,0,0
7894,4_planet,False,,360,0,0
7894,5_planet,False,,360,0,0
7894,7_planet,False,,360,0,0
7895,4_planet,False,,360,0,0
7895,5_planet,False,,360,0,0
7895,7_planet,False,,360,0,0
7896,4_planet,False,,360,0,0
7896,5_planet,False,,360,0,0
7896,7_planet,False,,360,0,0
7897,4_planet,False,,360,0,0
7897,5_planet,False,,360,0,0
7897,7_planet,False,,360,0,0
7898,4_planet,False,,360,0,0
7898,5_planet,False,,360,0,0
7898,7_planet,False,,360,0,0
7899,4_planet,False,,360,0,0
7899,5_planet,False,,360,0,0
7899,7_planet,False,,360,0,0
7900,4_planet,False,,360,0,0
7900,5_planet,False,,360,0,0
7900,7_planet,False,,360,0,0
7901,4_planet,False,,360,0,0
7901,5_planet,False,,360,0,0
7901,7_planet,False,,360,0,0
7902,4_planet,False,,360,0,0
7902,5_planet,False,,360,0,0
7902,7_planet,False,,360,0,0
7903,4_planet,False,,360,0,0
7903,5_planet,False,,360,0,0
7903,7_planet,False,,360,0,0
7904,4_planet,False,,360,0,0
7904,5_planet,False,,360,0,0
7904,7_planet,False,,360,0,0
7905,4_planet,False,,360,0,0
7905,5_planet,False,,360,0,0
7905,7_planet,False,,360,0,0
7906,4_planet,False,,360,0,0
7906,5_planet,False,,360,0,0
7906,7_planet,False,,360,0,0
7907,4_planet,False,,360,0,0
7907,5_planet,False,,360,0,0
7907,7_planet,False,,360,0,0
7908,4_planet,False,,360,0,0
7908,5_planet,False,,360,0,0
7908,7_planet,False,,360,0,0
7909,4_planet,False,,360,0,0
7909,5_planet,False,,360,0,0
7909,7_planet,False,,360,0,0
7910,4_planet,False,,360,0,0
7910,5_planet,False,,360,0,0
7910,7_planet,False,,360,0,0
7911,4_planet,False,,360,0,0
7911,5_planet,False,,360,0,0
7911,7_planet,False,,360,0,0
7912,4_planet,False,,360,0,0
7912,5_planet,False,,360,0,0
7912,7_planet,False,,360,0,0
7913,4_planet,False,,360,0,0
7913,5_planet,False,,360,0,0
7913,7_planet,False,,360,0,0
7914,4_planet,False,,360,0,0
7914,5_planet,False,,360,0,0
7914,7_planet,False,,360,0,0
7915,4_planet,False,,360,0,0
7915,5_planet,False,,360,0,0
7915,7_planet,False,,360,0,0
7916,4_planet,False,,360,0,0
7916,5_planet,False,,360,0,0
7916,7_planet,False,,360,0,0
7917,4_planet,False,,360,0,0
7917,5_planet,False,,360,0,0
7917,7_planet,False,,360,0,0
7918,4_planet,False,,360,0,0
7918,5_planet,False,,360,0,0
7918,7_planet,False,,360,0,0
7919,4_planet,False,,360,0,0
7919,5_planet,False,,360,0,0
7919,7_planet,False,,360,0,0
7920,4_planet,False,,360,0,0
7920,5_planet,False,,360,0,0
7920,7_planet,False,,360,0,0
7921,4_planet,False,,360,0,0
7921,5_planet,False,,360,0,0
7921,7_planet,False,,360,0,0
7922,4_planet,False,,360,0,0
7922,5_planet,False,,360,0,0
7922,7_planet,False,,360,0,0
7923,4_planet,False,,360,0,0
7923,5_planet,False,,360,0,0
7923,7_planet,False,,360,0,0
7924,4_planet,False,,360,0,0
7924,5_planet,False,,360,0,0
7924,7_planet,False,,360,0,0
7925,4_planet,False,,360,0,0
7925,5_planet,False,,360,0,0
7925,7_planet,False,,360,0,0
7926,4_planet,False,,360,0,0
7926,5_planet,False,,360,0,0
7926,7_planet,False,,360,0,0
7927,4_planet,False,,360,0,0
7927,5_planet,False,,360,0,0
7927,7_planet,False,,360,0,0
7928,4_planet,False,,360,0,0
7928,5_planet,False,,360,0,0
7928,7_planet,False,,360,0,0
7929,4_planet,False,,360,0,0
7929,5_planet,False,,360,0,0
7929,7_planet,False,,360,0,0
7930,4_planet,False,,360,0,0
7930,5_planet,False,,360,0,0
7930,7_planet,False,,360,0,0
7931,4_planet,False,,360,0,0
7931,5_planet,False,,360,0,0
7931,7_planet,False,,360,0,0
7932,4_planet,False,,360,0,0
7932,5_planet,False,,360,0,0
7932,7_planet,False,,360,0,0
7933,4_planet,False,,360,0,0
7933,5_planet,False,,360,0,0
7933,7_planet,False,,360,0,0
7934,4_planet,False,,360,0,0
7934,5_planet,False,,360,0,0
7934,7_planet,False,,360,0,0
7935,4_planet,False,,360,0,0
7935,5_planet,False,,360,0,0
7935,7_planet,False,,360,0,0
7936,4_planet,False,,360,0,0
7936,5_planet,False,,360,0,0
7936,7_planet,False,,360,0,0
7937,4_planet,False,,360,0,0
7937,5_planet,False,,360,0,0
7937,7_planet,False,,360,0,0
7938,4_planet,False,,360,0,0
7938,5_planet,False,,360,0,0
7938,7_planet,False,,360,0,0
7939,4_planet,False,,360,0,0
7939,5_planet,False,,360,0,0
7939,7_planet,False,,360,0,0
7940,4_planet,False,,360,0,0
7940,5_planet,False,,360,0,0
7940,7_planet,False,,360,0,0
7941,4_planet,False,,360,0,0
7941,5_planet,False,,360,0,0
7941,7_planet,False,,360,0,0
7942,4_planet,False,,360,0,0
7942,5_planet,False,,360,0,0
7942,7_planet,False,,360,0,0
7943,4_planet,False,,360,0,0
7943,5_planet,False,,360,0,0
7943,7_planet,False,,360,0,0
7944,4_planet,False,,360,0,0
7944,5_planet,False,,360,0,0
7944,7_planet,False,,360,0,0
7945,4_planet,False,,360,0,0
7945,5_planet,False,,360,0,0
7945,7_planet,False,,360,0,0
7946,4_planet,False,,360,0,0
7946,5_planet,False,,360,0,0
7946,7_planet,False,,360,0,0
7947,4_planet,False,,360,0,0
7947,5_planet,False,,360,0,0
7947,7_planet,False,,360,0,0
7948,4_planet,False,,360,0,0
7948,5_planet,False,,360,0,0
7948,7_planet,False,,360,0,0
7949,4_planet,False,,360,0,0
7949,5_planet,False,,360,0,0
7949,7_planet,False,,360,0,0
7950,4_planet,False,,360,0,0
7950,5_planet,False,,360,0,0
7950,7_planet,False,,360,0,0
7951,4_planet,False,,360,0,0
7951,5_planet,False,,360,0,0
7951,7_planet,False,,360,0,0
7952,4_planet,False,,360,0,0
7952,5_planet,False,,360,0,0
7952,7_planet,False,,360,0,0
7953,4_planet,False,,360,0,0
7953,5_planet,False,,360,0,0
7953,7_planet,False,,360,0,0
7954,4_planet,False,,360,0,0
7954,5_planet,False,,360,0,0
7954,7_planet,False,,360,0,0
7955,4_planet,False,,360,0,0
7955,5_planet,False,,360,0,0
7955,7_planet,False,,360,0,0
7956,4_planet,False,,360,0,0
7956,5_planet,False,,360,0,0
7956,7_planet,False,,360,0,0
7957,4_planet,False,,360,0,0
7957,5_planet,False,,360,0,0
7957,7_planet,False,,360,0,0
7958,4_planet,False,,360,0,0
7958,5_planet,False,,360,0,0
7958,7_planet,False,,360,0,0
7959,4_planet,False,,360,0,0
7959,5_planet,False,,360,0,0
7959,7_planet,False,,360,0,0
7960,4_planet,False,,360,0,0
7960,5_planet,False,,360,0,0
7960,7_planet,False,,360,0,0
7961,4_planet,False,,360,0,0
7961,5_planet,False,,360,0,0
7961,7_planet,False,,360,0,0
7962,4_planet,False,,360,0,0
7962,5_planet,False,,360,0,0
7962,7_planet,False,,360,0,0
7963,4_planet,False,,360,0,0
7963,5_planet,False,,360,0,0
7963,7_planet,False,,360,0,0
7964,4_planet,False,,360,0,0
7964,5_planet,False,,360,0,0
7964,7_planet,False,,360,0,0
7965,4_planet,False,,360,0,0
7965,5_planet,False,,360,0,0
7965,7_planet,False,,360,0,0
7966,4_planet,False,,360,0,0
7966,5_planet,False,,360,0,0
7966,7_planet,False,,360,0,0
7967,4_planet,False,,360,0,0
7967,5_planet,False,,360,0,0
7967,7_planet,False,,360,0,0
7968,4_planet,False,,360,0,0
7968,5_planet,False,,360,0,0
7968,7_planet,False,,360,0,0
7969,4_planet,False,,360,0,0
7969,5_planet,False,,360,0,0
7969,7_planet,False,,360,0,0
7970,4_planet,False,,360,0,0
7970,5_planet,False,,360,0,0
7970,7_planet,False,,360,0,0
7971,4_planet,False,,360,0,0
7971,5_planet,False,,360,0,0
7971,7_planet,False,,360,0,0
7972,4_planet,False,,360,0,0
7972,5_planet,False,,360,0,0
7972,7_planet,False,,360,0,0
7973,4_planet,False,,360,0,0
7973,5_planet,False,,360,0,0
7973,7_planet,False,,360,0,0
7974,4_planet,False,,360,0,0
7974,5_planet,False,,360,0,0
7974,7_planet,False,,360,0,0
7975,4_planet,False,,360,0,0
7975,5_planet,False,,360,0,0
7975,7_planet,False,,360,0,0
7976,4_planet,False,,360,0,0
7976,5_planet,False,,360,0,0
7976,7_planet,False,,360,0,0
7977,4_planet,False,,360,0,0
7977,5_planet,False,,360,0,0
7977,7_planet,False,,360,0,0
7978,4_planet,False,,360,0,0
7978,5_planet,False,,360,0,0
7978,7_planet,False,,360,0,0
7979,4_planet,False,,360,0,0
7979,5_planet,False,,360,0,0
7979,7_planet,False,,360,0,0
7980,4_planet,False,,360,0,0
7980,5_planet,False,,360,0,0
7980,7_planet,False,,360,0,0
7981,4_planet,False,,360,0,0
7981,5_planet,False,,360,0,0
7981,7_planet,False,,360,0,0
7982,4_planet,False,,360,0,0
7982,5_planet,False,,360,0,0
7982,7_planet,False,,360,0,0
7983,4_planet,False,,360,0,0
7983,5_planet,False,,360,0,0
7983,7_planet,False,,360,0,0
7984,4_planet,False,,360,0,0
7984,5_planet,False,,360,0,0
7984,7_planet,False,,360,0,0
7985,4_planet,False,,360,0,0
7985,5_planet,False,,360,0,0
7985,7_planet,False,,360,0,0
7986,4_planet,False,,360,0,0
7986,5_planet,False,,360,0,0
7986,7_planet,False,,360,0,0
7987,4_planet,False,,360,0,0
7987,5_planet,False,,360,0,0
7987,7_planet,False,,360,0,0
7988,4_planet,False,,360,0,0
7988,5_planet,False,,360,0,0
7988,7_planet,False,,360,0,0
7989,4_planet,False,,360,0,0
7989,5_planet,False,,360,0,0
7989,7_planet,False,,360,0,0
7990,4_planet,False,,360,0,0
7990,5_planet,False,,360,0,0
7990,7_planet,False,,360,0,0
7991,4_planet,False,,360,0,0
7991,5_planet,False,,360,0,0
7991,7_planet,False,,360,0,0
7992,4_planet,False,,360,0,0
7992,5_planet,False,,360,0,0
7992,7_planet,False,,360,0,0
7993,4_planet,False,,360,0,0
7993,5_planet,False,,360,0,0
7993,7_planet,False,,360,0,0
7994,4_planet,False,,360,0,0
7994,5_planet,False,,360,0,0
7994,7_planet,False,,360,0,0
7995,4_planet,False,,360,0,0
7995,5_planet,False,,360,0,0
7995,7_planet,False,,360,0,0
7996,4_planet,False,,360,0,0
7996,5_planet,False,,360,0,0
7996,7_planet,False,,360,0,0
7997,4_planet,False,,360,0,0
7997,5_planet,False,,360,0,0
7997,7_planet,False,,360,0,0
7998,4_planet,False,,360,0,0
7998,5_planet,False,,360,0,0
7998,7_planet,False,,360,0,0
7999,4_planet,False,,360,0,0
7999,5_planet,False,,360,0,0
7999,7_planet,False,,360,0,0
8000,4_planet,False,,360,0,0
8000,5_planet,False,,360,0,0
8000,7_planet,False,,360,0,0
8001,4_planet,False,,360,0,0
8001,5_planet,False,,360,0,0
8001,7_planet,False,,360,0,0
8002,4_planet,False,,360,0,0
8002,5_planet,False,,360,0,0
8002,7_planet,False,,360,0,0
8003,4_planet,False,,360,0,0
8003,5_planet,False,,360,0,0
8003,7_planet,True,"Saturn, Mars, Venus, Moon, Jupiter, Sun, Mercury",58.09,3.18,21.43
8004,4_planet,False,,360,0,0
8004,5_planet,False,,360,0,0
8004,7_planet,False,,360,0,0
8005,4_planet,False,,360,0,0
8005,5_planet,False,,360,0,0
8005,7_planet,False,,360,0,0
8006,4_planet,False,,360,0,0
8006,5_planet,False,,360,0,0
8006,7_planet,False,,360,0,0
8007,4_planet,False,,360,0,0
8007,5_planet,False,,360,0,0
8007,7_planet,False,,360,0,0
8008,4_planet,False,,360,0,0
8008,5_planet,False,,360,0,0
8008,7_planet,False,,360,0,0
8009,4_planet,False,,360,0,0
8009,5_planet,False,,360,0,0
8009,7_planet,False,,360,0,0
8010,4_planet,False,,360,0,0
8010,5_planet,False,,360,0,0
8010,7_planet,False,,360,0,0
8011,4_planet,False,,360,0,0
8011,5_planet,False,,360,0,0
8011,7_planet,False,,360,0,0
8012,4_planet,False,,360,0,0
8012,5_planet,False,,360,0,0
8012,7_planet,False,,360,0,0
8013,4_planet,False,,360,0,0
8013,5_planet,False,,360,0,0
8013,7_planet,False,,360,0,0
8014,4_planet,False,,360,0,0
8014,5_planet,False,,360,0,0
8014,7_planet,False,,360,0,0
8015,4_planet,False,,360,0,0
8015,5_planet,False,,360,0,0
8015,7_planet,False,,360,0,0
8016,4_planet,False,,360,0,0
8016,5_planet,False,,360,0,0
8016,7_planet,False,,360,0,0
8017,4_planet,False,,360,0,0
8017,5_planet,False,,360,0,0
8017,7_planet,False,,360,0,0
8018,4_planet,False,,360,0,0
8018,5_planet,False,,360,0,0
8018,7_planet,False,,360,0,0
8019,4_planet,False,,360,0,0
8019,5_planet,False,,360,0,0
8019,7_planet,False,,360,0,0
8020,4_planet,False,,360,0,0
8020,5_planet,False,,360,0,0
8020,7_planet,False,,360,0,0
8021,4_planet,False,,360,0,0
8021,5_planet,False,,360,0,0
8021,7_planet,False,,360,0,0
8022,4_planet,False,,360,0,0
8022,5_planet,False,,360,0,0
8022,7_planet,False,,360,0,0
8023,4_planet,False,,360,0,0
8023,5_planet,False,,360,0,0
8023,7_planet,False,,360,0,0
8024,4_planet,False,,360,0,0
8024,5_planet,False,,360,0,0
8024,7_planet,False,,360,0,0
8025,4_planet,False,,360,0,0
8025,5_planet,False,,360,0,0
8025,7_planet,False,,360,0,0
8026,4_planet,False,,360,0,0
8026,5_planet,False,,360,0,0
8026,7_planet,False,,360,0,0
8027,4_planet,False,,360,0,0
8027,5_planet,False,,360,0,0
8027,7_planet,False,,360,0,0
8028,4_planet,False,,360,0,0
8028,5_planet,False,,360,0,0
8028,7_planet,False,,360,0,0
8029,4_planet,False,,360,0,0
8029,5_planet,False,,360,0,0
8029,7_planet,False,,360,0,0
8030,4_planet,False,,360,0,0
8030,5_planet,False,,360,0,0
8030,7_planet,False,,360,0,0
8031,4_planet,False,,360,0,0
8031,5_planet,False,,360,0,0
8031,7_planet,False,,360,0,0
8032,4_planet,False,,360,0,0
8032,5_planet,False,,360,0,0
8032,7_planet,False,,360,0,0
8033,4_planet,False,,360,0,0
8033,5_planet,False,,360,0,0
8033,7_planet,False,,360,0,0
8034,4_planet,False,,360,0,0
8034,5_planet,False,,360,0,0
8034,7_planet,False,,360,0,0
8035,4_planet,False,,360,0,0
8035,5_planet,False,,360,0,0
8035,7_planet,False,,360,0,0
8036,4_planet,False,,360,0,0
8036,5_planet,False,,360,0,0
8036,7_planet,False,,360,0,0
8037,4_planet,False,,360,0,0
8037,5_planet,False,,360,0,0
8037,7_planet,False,,360,0,0
8038,4_planet,False,,360,0,0
8038,5_planet,False,,360,0,0
8038,7_planet,False,,360,0,0
8039,4_planet,False,,360,0,0
8039,5_planet,False,,360,0,0
8039,7_planet,False,,360,0,0
8040,4_planet,False,,360,0,0
8040,5_planet,False,,360,0,0
8040,7_planet,False,,360,0,0
8041,4_planet,False,,360,0,0
8041,5_planet,False,,360,0,0
8041,7_planet,False,,360,0,0
8042,4_planet,False,,360,0,0
8042,5_planet,False,,360,0,0
8042,7_planet,False,,360,0,0
8043,4_planet,False,,360,0,0
8043,5_planet,False,,360,0,0
8043,7_planet,False,,360,0,0
8044,4_planet,False,,360,0,0
8044,5_planet,False,,360,0,0
8044,7_planet,False,,360,0,0
8045,4_planet,False,,360,0,0
8045,5_planet,False,,360,0,0
8045,7_planet,False,,360,0,0
8046,4_planet,False,,360,0,0
8046,5_planet,False,,360,0,0
8046,7_planet,False,,360,0,0
8047,4_planet,False,,360,0,0
8047,5_planet,False,,360,0,0
8047,7_planet,False,,360,0,0
8048,4_planet,False,,360,0,0
8048,5_planet,False,,360,0,0
8048,7_planet,False,,360,0,0
8049,4_planet,False,,360,0,0
8049,5_planet,False,,360,0,0
8049,7_planet,False,,360,0,0
8050,4_planet,False,,360,0,0
8050,5_planet,False,,360,0,0
8050,7_planet,False,,360,0,0
8051,4_planet,False,,360,0,0
8051,5_planet,False,,360,0,0
8051,7_planet,False,,360,0,0
8052,4_planet,False,,360,0,0
8052,5_planet,False,,360,0,0
8052,7_planet,False,,360,0,0
8053,4_planet,False,,360,0,0
8053,5_planet,False,,360,0,0
8053,7_planet,False,,360,0,0
8054,4_planet,False,,360,0,0
8054,5_planet,False,,360,0,0
8054,7_planet,False,,360,0,0
8055,4_planet,False,,360,0,0
8055,5_planet,False,,360,0,0
8055,7_planet,False,,360,0,0
8056,4_planet,False,,360,0,0
8056,5_planet,False,,360,0,0
8056,7_planet,False,,360,0,0
8057,4_planet,False,,360,0,0
8057,5_planet,False,,360,0,0
8057,7_planet,False,,360,0,0
8058,4_planet,False,,360,0,0
8058,5_planet,False,,360,0,0
8058,7_planet,False,,360,0,0
8059,4_planet,False,,360,0,0
8059,5_planet,False,,360,0,0
8059,7_planet,False,,360,0,0
8060,4_planet,False,,360,0,0
8060,5_planet,False,,360,0,0
8060,7_planet,False,,360,0,0
8061,4_planet,False,,360,0,0
8061,5_planet,False,,360,0,0
8061,7_planet,False,,360,0,0
8062,4_planet,False,,360,0,0
8062,5_planet,False,,360,0,0
8062,7_planet,False,,360,0,0
8063,4_planet,False,,360,0,0
8063,5_planet,False,,360,0,0
8063,7_planet,False,,360,0,0
8064,4_planet,False,,360,0,0
8064,5_planet,False,,360,0,0
8064,7_planet,False,,360,0,0
8065,4_planet,False,,360,0,0
8065,5_planet,False,,360,0,0
8065,7_planet,False,,360,0,0
8066,4_planet,False,,360,0,0
8066,5_planet,False,,360,0,0
8066,7_planet,False,,360,0,0
8067,4_planet,False,,360,0,0
8067,5_planet,False,,360,0,0
8067,7_planet,False,,360,0,0
8068,4_planet,False,,360,0,0
8068,5_planet,False,,360,0,0
8068,7_planet,False,,360,0,0
8069,4_planet,False,,360,0,0
8069,5_planet,False,,360,0,0
8069,7_planet,False,,360,0,0
8070,4_planet,False,,360,0,0
8070,5_planet,False,,360,0,0
8070,7_planet,False,,360,0,0
8071,4_planet,False,,360,0,0
8071,5_planet,False,,360,0,0
8071,7_planet,False,,360,0,0
8072,4_planet,False,,360,0,0
8072,5_planet,False,,360,0,0
8072,7_planet,False,,360,0,0
8073,4_planet,False,,360,0,0
8073,5_planet,False,,360,0,0
8073,7_planet,False,,360,0,0
8074,4_planet,False,,360,0,0
8074,5_planet,False,,360,0,0
8074,7_planet,False,,360,0,0
8075,4_planet,False,,360,0,0
8075,5_planet,False,,360,0,0
8075,7_planet,False,,360,0,0
8076,4_planet,False,,360,0,0
8076,5_planet,False,,360,0,0
8076,7_planet,False,,360,0,0
8077,4_planet,False,,360,0,0
8077,5_planet,False,,360,0,0
8077,7_planet,False,,360,0,0
8078,4_planet,False,,360,0,0
8078,5_planet,False,,360,0,0
8078,7_planet,False,,360,0,0
8079,4_planet,False,,360,0,0
8079,5_planet,False,,360,0,0
8079,7_planet,False,,360,0,0
8080,4_planet,False,,360,0,0
8080,5_planet,False,,360,0,0
8080,7_planet,False,,360,0,0
8081,4_planet,False,,360,0,0
8081,5_planet,False,,360,0,0
8081,7_planet,False,,360,0,0
8082,4_planet,False,,360,0,0
8082,5_planet,False,,360,0,0
8082,7_planet,False,,360,0,0
8083,4_planet,False,,360,0,0
8083,5_planet,False,,360,0,0
8083,7_planet,False,,360,0,0
8084,4_planet,False,,360,0,0
8084,5_planet,False,,360,0,0
8084,7_planet,False,,360,0,0
8085,4_planet,False,,360,0,0
8085,5_planet,False,,360,0,0
8085,7_planet,False,,360,0,0
8086,4_planet,False,,360,0,0
8086,5_planet,False,,360,0,0
8086,7_planet,False,,360,0,0
8087,4_planet,False,,360,0,0
8087,5_planet,False,,360,0,0
8087,7_planet,False,,360,0,0
8088,4_planet,False,,360,0,0
8088,5_planet,False,,360,0,0
8088,7_planet,False,,360,0,0
8089,4_planet,False,,360,0,0
8089,5_planet,False,,360,0,0
8089,7_planet,False,,360,0,0
8090,4_planet,False,,360,0,0
8090,5_planet,False,,360,0,0
8090,7_planet,False,,360,0,0
8091,4_planet,False,,360,0,0
8091,5_planet,False,,360,0,0
8091,7_planet,False,,360,0,0
8092,4_planet,False,,360,0,0
8092,5_planet,False,,360,0,0
8092,7_planet,False,,360,0,0
8093,4_planet,False,,360,0,0
8093,5_planet,False,,360,0,0
8093,7_planet,False,,360,0,0
8094,4_planet,False,,360,0,0
8094,5_planet,False,,360,0,0
8094,7_planet,False,,360,0,0
8095,4_planet,False,,360,0,0
8095,5_planet,False,,360,0,0
8095,7_planet,False,,360,0,0
8096,4_planet,False,,360,0,0
8096,5_planet,False,,360,0,0
8096,7_planet,False,,360,0,0
8097,4_planet,False,,360,0,0
8097,5_planet,False,,360,0,0
8097,7_planet,False,,360,0,0
8098,4_planet,False,,360,0,0
8098,5_planet,False,,360,0,0
8098,7_planet,False,,360,0,0
8099,4_planet,False,,360,0,0
8099,5_planet,False,,360,0,0
8099,7_planet,False,,360,0,0
8100,4_planet,False,,360,0,0
8100,5_planet,False,,360,0,0
8100,7_planet,False,,360,0,0
8101,4_planet,False,,360,0,0
8101,5_planet,False,,360,0,0
8101,7_planet,False,,360,0,0
8102,4_planet,False,,360,0,0
8102,5_planet,False,,360,0,0
8102,7_planet,False,,360,0,0
8103,4_planet,False,,360,0,0
8103,5_planet,False,,360,0,0
8103,7_planet,False,,360,0,0
8104,4_planet,False,,360,0,0
8104,5_planet,False,,360,0,0
8104,7_planet,False,,360,0,0
8105,4_planet,False,,360,0,0
8105,5_planet,False,,360,0,0
8105,7_planet,False,,360,0,0
8106,4_planet,False,,360,0,0
8106,5_planet,False,,360,0,0
8106,7_planet,False,,360,0,0
8107,4_planet,False,,360,0,0
8107,5_planet,False,,360,0,0
8107,7_planet,False,,360,0,0
8108,4_planet,False,,360,0,0
8108,5_planet,False,,360,0,0
8108,7_planet,False,,360,0,0
8109,4_planet,False,,360,0,0
8109,5_planet,False,,360,0,0
8109,7_planet,False,,360,0,0
8110,4_planet,False,,360,0,0
8110,5_planet,False,,360,0,0
8110,7_planet,False,,360,0,0
8111,4_planet,False,,360,0,0
8111,5_planet,False,,360,0,0
8111,7_planet,False,,360,0,0
8112,4_planet,False,,360,0,0
8112,5_planet,False,,360,0,0
8112,7_planet,False,,360,0,0
8113,4_planet,False,,360,0,0
8113,5_planet,False,,360,0,0
8113,7_planet,False,,360,0,0
8114,4_planet,False,,360,0,0
8114,5_planet,False,,360,0,0
8114,7_planet,False,,360,0,0
8115,4_planet,False,,360,0,0
8115,5_planet,False,,360,0,0
8115,7_planet,False,,360,0,0
8116,4_planet,False,,360,0,0
8116,5_planet,False,,360,0,0
8116,7_planet,False,,360,0,0
8117,4_planet,False,,360,0,0
8117,5_planet,False,,360,0,0
8117,7_planet,False,,360,0,0
8118,4_planet,False,,360,0,0
8118,5_planet,False,,360,0,0
8118,7_planet,False,,360,0,0
8119,4_planet,False,,360,0,0
8119,5_planet,False,,360,0,0
8119,7_planet,False,,360,0,0
8120,4_planet,False,,360,0,0
8120,5_planet,False,,360,0,0
8120,7_planet,False,,360,0,0
8121,4_planet,False,,360,0,0
8121,5_planet,False,,360,0,0
8121,7_planet,False,,360,0,0
8122,4_planet,False,,360,0,0
8122,5_planet,False,,360,0,0
8122,7_planet,False,,360,0,0
8123,4_planet,False,,360,0,0
8123,5_planet,False,,360,0,0
8123,7_planet,True,"Saturn, Venus, Jupiter, Mercury, Mars, Moon, Sun",54.74,8.77,75.0
8124,4_planet,False,,360,0,0
8124,5_planet,False,,360,0,0
8124,7_planet,False,,360,0,0
8125,4_planet,False,,360,0,0
8125,5_planet,False,,360,0,0
8125,7_planet,False,,360,0,0
8126,4_planet,False,,360,0,0
8126,5_planet,False,,360,0,0
8126,7_planet,False,,360,0,0
8127,4_planet,False,,360,0,0
8127,5_planet,False,,360,0,0
8127,7_planet,False,,360,0,0
8128,4_planet,False,,360,0,0
8128,5_planet,False,,360,0,0
8128,7_planet,False,,360,0,0
8129,4_planet,False,,360,0,0
8129,5_planet,False,,360,0,0
8129,7_planet,False,,360,0,0
8130,4_planet,False,,360,0,0
8130,5_planet,False,,360,0,0
8130,7_planet,False,,360,0,0
8131,4_planet,False,,360,0,0
8131,5_planet,False,,360,0,0
8131,7_planet,False,,360,0,0
8132,4_planet,False,,360,0,0
8132,5_planet,False,,360,0,0
8132,7_planet,False,,360,0,0
8133,4_planet,False,,360,0,0
8133,5_planet,False,,360,0,0
8133,7_planet,False,,360,0,0
8134,4_planet,False,,360,0,0
8134,5_planet,False,,360,0,0
8134,7_planet,False,,360,0,0
8135,4_planet,False,,360,0,0
8135,5_planet,False,,360,0,0
8135,7_planet,False,,360,0,0
8136,4_planet,False,,360,0,0
8136,5_planet,False,,360,0,0
8136,7_planet,False,,360,0,0
8137,4_planet,False,,360,0,0
8137,5_planet,False,,360,0,0
8137,7_planet,False,,360,0,0
8138,4_planet,False,,360,0,0
8138,5_planet,False,,360,0,0
8138,7_planet,False,,360,0,0
8139,4_planet,False,,360,0,0
8139,5_planet,False,,360,0,0
8139,7_planet,False,,360,0,0
8140,4_planet,False,,360,0,0
8140,5_planet,False,,360,0,0
8140,7_planet,False,,360,0,0
8141,4_planet,False,,360,0,0
8141,5_planet,False,,360,0,0
8141,7_planet,False,,360,0,0
8142,4_planet,False,,360,0,0
8142,5_planet,False,,360,0,0
8142,7_planet,False,,360,0,0
8143,4_planet,False,,360,0,0
8143,5_planet,False,,360,0,0
8143,7_planet,False,,360,0,0
8144,4_planet,False,,360,0,0
8144,5_planet,False,,360,0,0
8144,7_planet,False,,360,0,0
8145,4_planet,False,,360,0,0
8145,5_planet,False,,360,0,0
8145,7_planet,False,,360,0,0
8146,4_planet,False,,360,0,0
8146,5_planet,False,,360,0,0
8146,7_planet,False,,360,0,0
8147,4_planet,False,,360,0,0
8147,5_planet,False,,360,0,0
8147,7_planet,False,,360,0,0
8148,4_planet,False,,360,0,0
8148,5_planet,False,,360,0,0
8148,7_planet,False,,360,0,0
8149,4_planet,False,,360,0,0
8149,5_planet,False,,360,0,0
8149,7_planet,False,,360,0,0
8150,4_planet,False,,360,0,0
8150,5_planet,False,,360,0,0
8150,7_planet,False,,360,0,0
8151,4_planet,False,,360,0,0
8151,5_planet,False,,360,0,0
8151,7_planet,False,,360,0,0
8152,4_planet,False,,360,0,0
8152,5_planet,False,,360,0,0
8152,7_planet,False,,360,0,0
8153,4_planet,False,,360,0,0
8153,5_planet,False,,360,0,0
8153,7_planet,False,,360,0,0
8154,4_planet,False,,360,0,0
8154,5_planet,False,,360,0,0
8154,7_planet,False,,360,0,0
8155,4_planet,False,,360,0,0
8155,5_planet,False,,360,0,0
8155,7_planet,False,,360,0,0
8156,4_planet,False,,360,0,0
8156,5_planet,False,,360,0,0
8156,7_planet,False,,360,0,0
8157,4_planet,False,,360,0,0
8157,5_planet,False,,360,0,0
8157,7_planet,False,,360,0,0
8158,4_planet,False,,360,0,0
8158,5_planet,False,,360,0,0
8158,7_planet,False,,360,0,0
8159,4_planet,False,,360,0,0
8159,5_planet,False,,360,0,0
8159,7_planet,False,,360,0,0
8160,4_planet,False,,360,0,0
8160,5_planet,False,,360,0,0
8160,7_planet,False,,360,0,0
8161,4_planet,False,,360,0,0
8161,5_planet,False,,360,0,0
8161,7_planet,False,,360,0,0
8162,4_planet,False,,360,0,0
8162,5_planet,False,,360,0,0
8162,7_planet,False,,360,0,0
8163,4_planet,False,,360,0,0
8163,5_planet,False,,360,0,0
8163,7_planet,False,,360,0,0
8164,4_planet,False,,360,0,0
8164,5_planet,False,,360,0,0
8164,7_planet,False,,360,0,0
8165,4_planet,False,,360,0,0
8165,5_planet,False,,360,0,0
8165,7_planet,False,,360,0,0
8166,4_planet,False,,360,0,0
8166,5_planet,False,,360,0,0
8166,7_planet,False,,360,0,0
8167,4_planet,False,,360,0,0
8167,5_planet,False,,360,0,0
8167,7_planet,False,,360,0,0
8168,4_planet,False,,360,0,0
8168,5_planet,False,,360,0,0
8168,7_planet,False,,360,0,0
8169,4_planet,False,,360,0,0
8169,5_planet,False,,360,0,0
8169,7_planet,False,,360,0,0
8170,4_planet,False,,360,0,0
8170,5_planet,False,,360,0,0
8170,7_planet,False,,360,0,0
8171,4_planet,False,,360,0,0
8171,5_planet,False,,360,0,0
8171,7_planet,False,,360,0,0
8172,4_planet,False,,360,0,0
8172,5_planet,False,,360,0,0
8172,7_planet,False,,360,0,0
8173,4_planet,False,,360,0,0
8173,5_planet,False,,360,0,0
8173,7_planet,False,,360,0,0
8174,4_planet,False,,360,0,0
8174,5_planet,False,,360,0,0
8174,7_planet,False,,360,0,0
8175,4_planet,False,,360,0,0
8175,5_planet,False,,360,0,0
8175,7_planet,False,,360,0,0
8176,4_planet,False,,360,0,0
8176,5_planet,False,,360,0,0
8176,7_planet,False,,360,0,0
8177,4_planet,False,,360,0,0
8177,5_planet,False,,360,0,0
8177,7_planet,False,,360,0,0
8178,4_planet,False,,360,0,0
8178,5_planet,False,,360,0,0
8178,7_planet,False,,360,0,0
8179,4_planet,False,,360,0,0
8179,5_planet,False,,360,0,0
8179,7_planet,False,,360,0,0
8180,4_planet,False,,360,0,0
8180,5_planet,False,,360,0,0
8180,7_planet,False,,360,0,0
8181,4_planet,False,,360,0,0
8181,5_planet,False,,360,0,0
8181,7_planet,False,,360,0,0
8182,4_planet,False,,360,0,0
8182,5_planet,False,,360,0,0
8182,7_planet,False,,360,0,0
8183,4_planet,False,,360,0,0
8183,5_planet,False,,360,0,0
8183,7_planet,False,,360,0,0
8184,4_planet,False,,360,0,0
8184,5_planet,False,,360,0,0
8184,7_planet,False,,360,0,0
8185,4_planet,False,,360,0,0
8185,5_planet,False,,360,0,0
8185,7_planet,False,,360,0,0
8186,4_planet,False,,360,0,0
8186,5_planet,False,,360,0,0
8186,7_planet,False,,360,0,0
8187,4_planet,False,,360,0,0
8187,5_planet,False,,360,0,0
8187,7_planet,False,,360,0,0
8188,4_planet,False,,360,0,0
8188,5_planet,False,,360,0,0
8188,7_planet,False,,360,0,0
8189,4_planet,False,,360,0,0
8189,5_planet,False,,360,0,0
8189,7_planet,False,,360,0,0
8190,4_planet,False,,360,0,0
8190,5_planet,False,,360,0,0
8190,7_planet,False,,360,0,0
8191,4_planet,False,,360,0,0
8191,5_planet,False,,360,0,0
8191,7_planet,False,,360,0,0
8192,4_planet,False,,360,0,0
8192,5_planet,False,,360,0,0
8192,7_planet,False,,360,0,0
8193,4_planet,False,,360,0,0
8193,5_planet,False,,360,0,0
8193,7_planet,False,,360,0,0
8194,4_planet,False,,360,0,0
8194,5_planet,False,,360,0,0
8194,7_planet,False,,360,0,0
8195,4_planet,False,,360,0,0
8195,5_planet,False,,360,0,0
8195,7_planet,False,,360,0,0
8196,4_planet,False,,360,0,0
8196,5_planet,False,,360,0,0
8196,7_planet,False,,360,0,0
8197,4_planet,False,,360,0,0
8197,5_planet,False,,360,0,0
8197,7_planet,False,,360,0,0
8198,4_planet,False,,360,0,0
8198,5_planet,False,,360,0,0
8198,7_planet,False,,360,0,0
8199,4_planet,False,,360,0,0
8199,5_planet,False,,360,0,0
8199,7_planet,False,,360,0,0
8200,4_planet,False,,360,0,0
8200,5_planet,False,,360,0,0
8200,7_planet,False,,360,0,0
8201,4_planet,False,,360,0,0
8201,5_planet,False,,360,0,0
8201,7_planet,False,,360,0,0
8202,4_planet,False,,360,0,0
8202,5_planet,False,,360,0,0
8202,7_planet,False,,360,0,0
8203,4_planet,False,,360,0,0
8203,5_planet,False,,360,0,0
8203,7_planet,False,,360,0,0
8204,4_planet,False,,360,0,0
8204,5_planet,False,,360,0,0
8204,7_planet,False,,360,0,0
8205,4_planet,False,,360,0,0
8205,5_planet,False,,360,0,0
8205,7_planet,False,,360,0,0
8206,4_planet,False,,360,0,0
8206,5_planet,False,,360,0,0
8206,7_planet,False,,360,0,0
8207,4_planet,False,,360,0,0
8207,5_planet,False,,360,0,0
8207,7_planet,False,,360,0,0
8208,4_planet,False,,360,0,0
8208,5_planet,False,,360,0,0
8208,7_planet,False,,360,0,0
8209,4_planet,False,,360,0,0
8209,5_planet,False,,360,0,0
8209,7_planet,False,,360,0,0
8210,4_planet,False,,360,0,0
8210,5_planet,False,,360,0,0
8210,7_planet,False,,360,0,0
8211,4_planet,False,,360,0,0
8211,5_planet,False,,360,0,0
8211,7_planet,False,,360,0,0
8212,4_planet,False,,360,0,0
8212,5_planet,False,,360,0,0
8212,7_planet,False,,360,0,0
8213,4_planet,False,,360,0,0
8213,5_planet,False,,360,0,0
8213,7_planet,False,,360,0,0
8214,4_planet,False,,360,0,0
8214,5_planet,False,,360,0,0
8214,7_planet,False,,360,0,0
8215,4_planet,False,,360,0,0
8215,5_planet,False,,360,0,0
8215,7_planet,False,,360,0,0
8216,4_planet,False,,360,0,0
8216,5_planet,False,,360,0,0
8216,7_planet,False,,360,0,0
8217,4_planet,False,,360,0,0
8217,5_planet,False,,360,0,0
8217,7_planet,False,,360,0,0
8218,4_planet,False,,360,0,0
8218,5_planet,False,,360,0,0
8218,7_planet,False,,360,0,0
8219,4_planet,False,,360,0,0
8219,5_planet,False,,360,0,0
8219,7_planet,False,,360,0,0
8220,4_planet,False,,360,0,0
8220,5_planet,False,,360,0,0
8220,7_planet,False,,360,0,0
8221,4_planet,False,,360,0,0
8221,5_planet,False,,360,0,0
8221,7_planet,False,,360,0,0
8222,4_planet,False,,360,0,0
8222,5_planet,False,,360,0,0
8222,7_planet,False,,360,0,0
8223,4_planet,False,,360,0,0
8223,5_planet,False,,360,0,0
8223,7_planet,False,,360,0,0
8224,4_planet,False,,360,0,0
8224,5_planet,False,,360,0,0
8224,7_planet,False,,360,0,0
8225,4_planet,False,,360,0,0
8225,5_planet,False,,360,0,0
8225,7_planet,False,,360,0,0
8226,4_planet,False,,360,0,0
8226,5_planet,False,,360,0,0
8226,7_planet,False,,360,0,0
8227,4_planet,False,,360,0,0
8227,5_planet,False,,360,0,0
8227,7_planet,False,,360,0,0
8228,4_planet,False,,360,0,0
8228,5_planet,False,,360,0,0
8228,7_planet,False,,360,0,0
8229,4_planet,False,,360,0,0
8229,5_planet,False,,360,0,0
8229,7_planet,False,,360,0,0
8230,4_planet,False,,360,0,0
8230,5_planet,False,,360,0,0
8230,7_planet,False,,360,0,0
8231,4_planet,False,,360,0,0
8231,5_planet,False,,360,0,0
8231,7_planet,False,,360,0,0
8232,4_planet,False,,360,0,0
8232,5_planet,False,,360,0,0
8232,7_planet,False,,360,0,0
8233,4_planet,False,,360,0,0
8233,5_planet,False,,360,0,0
8233,7_planet,False,,360,0,0
8234,4_planet,False,,360,0,0
8234,5_planet,False,,360,0,0
8234,7_planet,False,,360,0,0
8235,4_planet,False,,360,0,0
8235,5_planet,False,,360,0,0
8235,7_planet,False,,360,0,0
8236,4_planet,False,,360,0,0
8236,5_planet,False,,360,0,0
8236,7_planet,False,,360,0,0
8237,4_planet,False,,360,0,0
8237,5_planet,False,,360,0,0
8237,7_planet,False,,360,0,0
8238,4_planet,False,,360,0,0
8238,5_planet,False,,360,0,0
8238,7_planet,False,,360,0,0
8239,4_planet,False,,360,0,0
8239,5_planet,False,,360,0,0
8239,7_planet,False,,360,0,0
8240,4_planet,False,,360,0,0
8240,5_planet,False,,360,0,0
8240,7_planet,False,,360,0,0
8241,4_planet,False,,360,0,0
8241,5_planet,False,,360,0,0
8241,7_planet,False,,360,0,0
8242,4_planet,False,,360,0,0
8242,5_planet,False,,360,0,0
8242,7_planet,False,,360,0,0
8243,4_planet,False,,360,0,0
8243,5_planet,False,,360,0,0
8243,7_planet,False,,360,0,0
8244,4_planet,False,,360,0,0
8244,5_planet,False,,360,0,0
8244,7_planet,False,,360,0,0
8245,4_planet,False,,360,0,0
8245,5_planet,False,,360,0,0
8245,7_planet,False,,360,0,0
8246,4_planet,False,,360,0,0
8246,5_planet,False,,360,0,0
8246,7_planet,False,,360,0,0
8247,4_planet,False,,360,0,0
8247,5_planet,False,,360,0,0
8247,7_planet,False,,360,0,0
8248,4_planet,False,,360,0,0
8248,5_planet,False,,360,0,0
8248,7_planet,False,,360,0,0
8249,4_planet,False,,360,0,0
8249,5_planet,False,,360,0,0
8249,7_planet,False,,360,0,0
8250,4_planet,False,,360,0,0
8250,5_planet,False,,360,0,0
8250,7_planet,False,,360,0,0
8251,4_planet,False,,360,0,0
8251,5_planet,False,,360,0,0
8251,7_planet,False,,360,0,0
8252,4_planet,False,,360,0,0
8252,5_planet,False,,360,0,0
8252,7_planet,False,,360,0,0
8253,4_planet,False,,360,0,0
8253,5_planet,False,,360,0,0
8253,7_planet,False,,360,0,0
8254,4_planet,False,,360,0,0
8254,5_planet,False,,360,0,0
8254,7_planet,False,,360,0,0
8255,4_planet,False,,360,0,0
8255,5_planet,False,,360,0,0
8255,7_planet,False,,360,0,0
8256,4_planet,False,,360,0,0
8256,5_planet,False,,360,0,0
8256,7_planet,False,,360,0,0
8257,4_planet,False,,360,0,0
8257,5_planet,False,,360,0,0
8257,7_planet,False,,360,0,0
8258,4_planet,False,,360,0,0
8258,5_planet,False,,360,0,0
8258,7_planet,False,,360,0,0
8259,4_planet,False,,360,0,0
8259,5_planet,False,,360,0,0
8259,7_planet,False,,360,0,0
8260,4_planet,False,,360,0,0
8260,5_planet,False,,360,0,0
8260,7_planet,False,,360,0,0
8261,4_planet,False,,360,0,0
8261,5_planet,False,,360,0,0
8261,7_planet,False,,360,0,0
8262,4_planet,False,,360,0,0
8262,5_planet,False,,360,0,0
8262,7_planet,False,,360,0,0
8263,4_planet,False,,360,0,0
8263,5_planet,False,,360,0,0
8263,7_planet,False,,360,0,0
8264,4_planet,False,,360,0,0
8264,5_planet,False,,360,0,0
8264,7_planet,False,,360,0,0
8265,4_planet,False,,360,0,0
8265,5_planet,False,,360,0,0
8265,7_planet,False,,360,0,0
8266,4_planet,False,,360,0,0
8266,5_planet,False,,360,0,0
8266,7_planet,False,,360,0,0
8267,4_planet,False,,360,0,0
8267,5_planet,False,,360,0,0
8267,7_planet,False,,360,0,0
8268,4_planet,False,,360,0,0
8268,5_planet,False,,360,0,0
8268,7_planet,False,,360,0,0
8269,4_planet,False,,360,0,0
8269,5_planet,False,,360,0,0
8269,7_planet,False,,360,0,0
8270,4_planet,False,,360,0,0
8270,5_planet,False,,360,0,0
8270,7_planet,False,,360,0,0
8271,4_planet,False,,360,0,0
8271,5_planet,False,,360,0,0
8271,7_planet,False,,360,0,0
8272,4_planet,False,,360,0,0
8272,5_planet,False,,360,0,0
8272,7_planet,False,,360,0,0
8273,4_planet,False,,360,0,0
8273,5_planet,False,,360,0,0
8273,7_planet,False,,360,0,0
8274,4_planet,False,,360,0,0
8274,5_planet,False,,360,0,0
8274,7_planet,False,,360,0,0
8275,4_planet,False,,360,0,0
8275,5_planet,False,,360,0,0
8275,7_planet,False,,360,0,0
8276,4_planet,False,,360,0,0
8276,5_planet,False,,360,0,0
8276,7_planet,False,,360,0,0
8277,4_planet,False,,360,0,0
8277,5_planet,False,,360,0,0
8277,7_planet,False,,360,0,0
8278,4_planet,False,,360,0,0
8278,5_planet,False,,360,0,0
8278,7_planet,False,,360,0,0
8279,4_planet,False,,360,0,0
8279,5_planet,False,,360,0,0
8279,7_planet,False,,360,0,0
8280,4_planet,False,,360,0,0
8280,5_planet,False,,360,0,0
8280,7_planet,False,,360,0,0
8281,4_planet,False,,360,0,0
8281,5_planet,False,,360,0,0
8281,7_planet,False,,360,0,0
8282,4_planet,False,,360,0,0
8282,5_planet,False,,360,0,0
8282,7_planet,False,,360,0,0
8283,4_planet,False,,360,0,0
8283,5_planet,False,,360,0,0
8283,7_planet,False,,360,0,0
8284,4_planet,False,,360,0,0
8284,5_planet,False,,360,0,0
8284,7_planet,False,,360,0,0
8285,4_planet,False,,360,0,0
8285,5_planet,False,,360,0,0
8285,7_planet,False,,360,0,0
8286,4_planet,False,,360,0,0
8286,5_planet,False,,360,0,0
8286,7_planet,False,,360,0,0
8287,4_planet,False,,360,0,0
8287,5_planet,False,,360,0,0
8287,7_planet,False,,360,0,0
8288,4_planet,False,,360,0,0
8288,5_planet,False,,360,0,0
8288,7_planet,False,,360,0,0
8289,4_planet,False,,360,0,0
8289,5_planet,False,,360,0,0
8289,7_planet,False,,360,0,0
8290,4_planet,False,,360,0,0
8290,5_planet,False,,360,0,0
8290,7_planet,False,,360,0,0
8291,4_planet,False,,360,0,0
8291,5_planet,False,,360,0,0
8291,7_planet,False,,360,0,0
8292,4_planet,False,,360,0,0
8292,5_planet,False,,360,0,0
8292,7_planet,False,,360,0,0
8293,4_planet,False,,360,0,0
8293,5_planet,False,,360,0,0
8293,7_planet,False,,360,0,0
8294,4_planet,False,,360,0,0
8294,5_planet,False,,360,0,0
8294,7_planet,False,,360,0,0
8295,4_planet,False,,360,0,0
8295,5_planet,False,,360,0,0
8295,7_planet,False,,360,0,0
8296,4_planet,False,,360,0,0
8296,5_planet,False,,360,0,0
8296,7_planet,False,,360,0,0
8297,4_planet,False,,360,0,0
8297,5_planet,False,,360,0,0
8297,7_planet,False,,360,0,0
8298,4_planet,False,,360,0,0
8298,5_planet,False,,360,0,0
8298,7_planet,False,,360,0,0
8299,4_planet,False,,360,0,0
8299,5_planet,False,,360,0,0
8299,7_planet,False,,360,0,0
8300,4_planet,False,,360,0,0
8300,5_planet,False,,360,0,0
8300,7_planet,False,,360,0,0
8301,4_planet,False,,360,0,0
8301,5_planet,False,,360,0,0
8301,7_planet,False,,360,0,0
8302,4_planet,False,,360,0,0
8302,5_planet,False,,360,0,0
8302,7_planet,False,,360,0,0
8303,4_planet,False,,360,0,0
8303,5_planet,False,,360,0,0
8303,7_planet,False,,360,0,0
8304,4_planet,False,,360,0,0
8304,5_planet,False,,360,0,0
8304,7_planet,False,,360,0,0
8305,4_planet,False,,360,0,0
8305,5_planet,False,,360,0,0
8305,7_planet,False,,360,0,0
8306,4_planet,False,,360,0,0
8306,5_planet,False,,360,0,0
8306,7_planet,False,,360,0,0
8307,4_planet,False,,360,0,0
8307,5_planet,False,,360,0,0
8307,7_planet,False,,360,0,0
8308,4_planet,False,,360,0,0
8308,5_planet,False,,360,0,0
8308,7_planet,False,,360,0,0
8309,4_planet,False,,360,0,0
8309,5_planet,False,,360,0,0
8309,7_planet,False,,360,0,0
8310,4_planet,False,,360,0,0
8310,5_planet,False,,360,0,0
8310,7_planet,False,,360,0,0
8311,4_planet,False,,360,0,0
8311,5_planet,False,,360,0,0
8311,7_planet,False,,360,0,0
8312,4_planet,False,,360,0,0
8312,5_planet,False,,360,0,0
8312,7_planet,False,,360,0,0
8313,4_planet,False,,360,0,0
8313,5_planet,False,,360,0,0
8313,7_planet,False,,360,0,0
8314,4_planet,False,,360,0,0
8314,5_planet,False,,360,0,0
8314,7_planet,False,,360,0,0
8315,4_planet,False,,360,0,0
8315,5_planet,False,,360,0,0
8315,7_planet,False,,360,0,0
8316,4_planet,False,,360,0,0
8316,5_planet,False,,360,0,0
8316,7_planet,False,,360,0,0
8317,4_planet,False,,360,0,0
8317,5_planet,False,,360,0,0
8317,7_planet,False,,360,0,0
8318,4_planet,False,,360,0,0
8318,5_planet,False,,360,0,0
8318,7_planet,False,,360,0,0
8319,4_planet,False,,360,0,0
8319,5_planet,False,,360,0,0
8319,7_planet,False,,360,0,0
8320,4_planet,False,,360,0,0
8320,5_planet,False,,360,0,0
8320,7_planet,False,,360,0,0
8321,4_planet,False,,360,0,0
8321,5_planet,False,,360,0,0
8321,7_planet,False,,360,0,0
8322,4_planet,False,,360,0,0
8322,5_planet,False,,360,0,0
8322,7_planet,False,,360,0,0
8323,4_planet,False,,360,0,0
8323,5_planet,False,,360,0,0
8323,7_planet,False,,360,0,0
8324,4_planet,False,,360,0,0
8324,5_planet,False,,360,0,0
8324,7_planet,False,,360,0,0
8325,4_planet,False,,360,0,0
8325,5_planet,False,,360,0,0
8325,7_planet,False,,360,0,0
8326,4_planet,False,,360,0,0
8326,5_planet,False,,360,0,0
8326,7_planet,False,,360,0,0
8327,4_planet,False,,360,0,0
8327,5_planet,False,,360,0,0
8327,7_planet,False,,360,0,0
8328,4_planet,False,,360,0,0
8328,5_planet,False,,360,0,0
8328,7_planet,False,,360,0,0
8329,4_planet,False,,360,0,0
8329,5_planet,False,,360,0,0
8329,7_planet,False,,360,0,0
8330,4_planet,False,,360,0,0
8330,5_planet,False,,360,0,0
8330,7_planet,False,,360,0,0
8331,4_planet,False,,360,0,0
8331,5_planet,False,,360,0,0
8331,7_planet,False,,360,0,0
8332,4_planet,False,,360,0,0
8332,5_planet,False,,360,0,0
8332,7_planet,False,,360,0,0
8333,4_planet,False,,360,0,0
8333,5_planet,False,,360,0,0
8333,7_planet,False,,360,0,0
8334,4_planet,False,,360,0,0
8334,5_planet,False,,360,0,0
8334,7_planet,False,,360,0,0
8335,4_planet,False,,360,0,0
8335,5_planet,False,,360,0,0
8335,7_planet,False,,360,0,0
8336,4_planet,False,,360,0,0
8336,5_planet,False,,360,0,0
8336,7_planet,False,,360,0,0
8337,4_planet,False,,360,0,0
8337,5_planet,False,,360,0,0
8337,7_planet,False,,360,0,0
8338,4_planet,False,,360,0,0
8338,5_planet,False,,360,0,0
8338,7_planet,False,,360,0,0
8339,4_planet,False,,360,0,0
8339,5_planet,False,,360,0,0
8339,7_planet,False,,360,0,0
8340,4_planet,False,,360,0,0
8340,5_planet,False,,360,0,0
8340,7_planet,False,,360,0,0
8341,4_planet,False,,360,0,0
8341,5_planet,False,,360,0,0
8341,7_planet,False,,360,0,0
8342,4_planet,False,,360,0,0
8342,5_planet,False,,360,0,0
8342,7_planet,False,,360,0,0
8343,4_planet,False,,360,0,0
8343,5_planet,False,,360,0,0
8343,7_planet,False,,360,0,0
8344,4_planet,False,,360,0,0
8344,5_planet,False,,360,0,0
8344,7_planet,False,,360,0,0
8345,4_planet,False,,360,0,0
8345,5_planet,False,,360,0,0
8345,7_planet,False,,360,0,0
8346,4_planet,False,,360,0,0
8346,5_planet,False,,360,0,0
8346,7_planet,False,,360,0,0
8347,4_planet,False,,360,0,0
8347,5_planet,False,,360,0,0
8347,7_planet,False,,360,0,0
8348,4_planet,False,,360,0,0
8348,5_planet,False,,360,0,0
8348,7_planet,False,,360,0,0
8349,4_planet,False,,360,0,0
8349,5_planet,False,,360,0,0
8349,7_planet,False,,360,0,0
8350,4_planet,False,,360,0,0
8350,5_planet,False,,360,0,0
8350,7_planet,False,,360,0,0
8351,4_planet,False,,360,0,0
8351,5_planet,False,,360,0,0
8351,7_planet,False,,360,0,0
8352,4_planet,False,,360,0,0
8352,5_planet,False,,360,0,0
8352,7_planet,False,,360,0,0
8353,4_planet,False,,360,0,0
8353,5_planet,False,,360,0,0
8353,7_planet,False,,360,0,0
8354,4_planet,False,,360,0,0
8354,5_planet,False,,360,0,0
8354,7_planet,False,,360,0,0
8355,4_planet,False,,360,0,0
8355,5_planet,False,,360,0,0
8355,7_planet,False,,360,0,0
8356,4_planet,False,,360,0,0
8356,5_planet,False,,360,0,0
8356,7_planet,False,,360,0,0
8357,4_planet,False,,360,0,0
8357,5_planet,False,,360,0,0
8357,7_planet,False,,360,0,0
8358,4_planet,False,,360,0,0
8358,5_planet,False,,360,0,0
8358,7_planet,False,,360,0,0
8359,4_planet,False,,360,0,0
8359,5_planet,False,,360,0,0
8359,7_planet,False,,360,0,0
8360,4_planet,False,,360,0,0
8360,5_planet,False,,360,0,0
8360,7_planet,False,,360,0,0
8361,4_planet,False,,360,0,0
8361,5_planet,False,,360,0,0
8361,7_planet,False,,360,0,0
8362,4_planet,False,,360,0,0
8362,5_planet,False,,360,0,0
8362,7_planet,False,,360,0,0
8363,4_planet,False,,360,0,0
8363,5_planet,False,,360,0,0
8363,7_planet,False,,360,0,0
8364,4_planet,False,,360,0,0
8364,5_planet,False,,360,0,0
8364,7_planet,False,,360,0,0
8365,4_planet,False,,360,0,0
8365,5_planet,False,,360,0,0
8365,7_planet,False,,360,0,0
8366,4_planet,False,,360,0,0
8366,5_planet,False,,360,0,0
8366,7_planet,False,,360,0,0
8367,4_planet,False,,360,0,0
8367,5_planet,False,,360,0,0
8367,7_planet,False,,360,0,0
8368,4_planet,False,,360,0,0
8368,5_planet,False,,360,0,0
8368,7_planet,False,,360,0,0
8369,4_planet,False,,360,0,0
8369,5_planet,False,,360,0,0
8369,7_planet,False,,360,0,0
8370,4_planet,False,,360,0,0
8370,5_planet,False,,360,0,0
8370,7_planet,False,,360,0,0
8371,4_planet,False,,360,0,0
8371,5_planet,False,,360,0,0
8371,7_planet,False,,360,0,0
8372,4_planet,False,,360,0,0
8372,5_planet,False,,360,0,0
8372,7_planet,False,,360,0,0
8373,4_planet,False,,360,0,0
8373,5_planet,False,,360,0,0
8373,7_planet,False,,360,0,0
8374,4_planet,False,,360,0,0
8374,5_planet,False,,360,0,0
8374,7_planet,False,,360,0,0
8375,4_planet,False,,360,0,0
8375,5_planet,False,,360,0,0
8375,7_planet,False,,360,0,0
8376,4_planet,False,,360,0,0
8376,5_planet,False,,360,0,0
8376,7_planet,False,,360,0,0
8377,4_planet,False,,360,0,0
8377,5_planet,False,,360,0,0
8377,7_planet,False,,360,0,0
8378,4_planet,False,,360,0,0
8378,5_planet,False,,360,0,0
8378,7_planet,False,,360,0,0
8379,4_planet,False,,360,0,0
8379,5_planet,False,,360,0,0
8379,7_planet,False,,360,0,0
8380,4_planet,False,,360,0,0
8380,5_planet,False,,360,0,0
8380,7_planet,False,,360,0,0
8381,4_planet,False,,360,0,0
8381,5_planet,False,,360,0,0
8381,7_planet,False,,360,0,0
8382,4_planet,False,,360,0,0
8382,5_planet,False,,360,0,0
8382,7_planet,False,,360,0,0
8383,4_planet,False,,360,0,0
8383,5_planet,False,,360,0,0
8383,7_planet,False,,360,0,0
8384,4_planet,False,,360,0,0
8384,5_planet,False,,360,0,0
8384,7_planet,False,,360,0,0
8385,4_planet,False,,360,0,0
8385,5_planet,False,,360,0,0
8385,7_planet,False,,360,0,0
8386,4_planet,False,,360,0,0
8386,5_planet,False,,360,0,0
8386,7_planet,False,,360,0,0
8387,4_planet,False,,360,0,0
8387,5_planet,False,,360,0,0
8387,7_planet,False,,360,0,0
8388,4_planet,False,,360,0,0
8388,5_planet,False,,360,0,0
8388,7_planet,False,,360,0,0
8389,4_planet,False,,360,0,0
8389,5_planet,False,,360,0,0
8389,7_planet,False,,360,0,0
8390,4_planet,False,,360,0,0
8390,5_planet,False,,360,0,0
8390,7_planet,False,,360,0,0
8391,4_planet,False,,360,0,0
8391,5_planet,False,,360,0,0
8391,7_planet,False,,360,0,0
8392,4_planet,False,,360,0,0
8392,5_planet,False,,360,0,0
8392,7_planet,False,,360,0,0
8393,4_planet,False,,360,0,0
8393,5_planet,False,,360,0,0
8393,7_planet,False,,360,0,0
8394,4_planet,False,,360,0,0
8394,5_planet,False,,360,0,0
8394,7_planet,False,,360,0,0
8395,4_planet,False,,360,0,0
8395,5_planet,False,,360,0,0
8395,7_planet,False,,360,0,0
8396,4_planet,False,,360,0,0
8396,5_planet,False,,360,0,0
8396,7_planet,False,,360,0,0
8397,4_planet,False,,360,0,0
8397,5_planet,False,,360,0,0
8397,7_planet,False,,360,0,0
8398,4_planet,False,,360,0,0
8398,5_planet,False,,360,0,0
8398,7_planet,False,,360,0,0
8399,4_planet,False,,360,0,0
8399,5_planet,False,,360,0,0
8399,7_planet,False,,360,0,0
8400,4_planet,False,,360,0,0
8400,5_planet,False,,360,0,0
8400,7_planet,False,,360,0,0
8401,4_planet,False,,360,0,0
8401,5_planet,False,,360,0,0
8401,7_planet,False,,360,0,0
8402,4_planet,False,,360,0,0
8402,5_planet,False,,360,0,0
8402,7_planet,False,,360,0,0
8403,4_planet,False,,360,0,0
8403,5_planet,False,,360,0,0
8403,7_planet,False,,360,0,0
8404,4_planet,False,,360,0,0
8404,5_planet,False,,360,0,0
8404,7_planet,False,,360,0,0
8405,4_planet,False,,360,0,0
8405,5_planet,False,,360,0,0
8405,7_planet,False,,360,0,0
8406,4_planet,False,,360,0,0
8406,5_planet,False,,360,0,0
8406,7_planet,False,,360,0,0
8407,4_planet,False,,360,0,0
8407,5_planet,False,,360,0,0
8407,7_planet,False,,360,0,0
8408,4_planet,False,,360,0,0
8408,5_planet,False,,360,0,0
8408,7_planet,False,,360,0,0
8409,4_planet,False,,360,0,0
8409,5_planet,False,,360,0,0
8409,7_planet,False,,360,0,0
8410,4_planet,False,,360,0,0
8410,5_planet,False,,360,0,0
8410,7_planet,False,,360,0,0
8411,4_planet,False,,360,0,0
8411,5_planet,False,,360,0,0
8411,7_planet,False,,360,0,0
8412,4_planet,False,,360,0,0
8412,5_planet,False,,360,0,0
8412,7_planet,False,,360,0,0
8413,4_planet,False,,360,0,0
8413,5_planet,False,,360,0,0
8413,7_planet,False,,360,0,0
8414,4_planet,False,,360,0,0
8414,5_planet,False,,360,0,0
8414,7_planet,False,,360,0,0
8415,4_planet,False,,360,0,0
8415,5_planet,False,,360,0,0
8415,7_planet,False,,360,0,0
8416,4_planet,False,,360,0,0
8416,5_planet,False,,360,0,0
8416,7_planet,False,,360,0,0
8417,4_planet,False,,360,0,0
8417,5_planet,False,,360,0,0
8417,7_planet,False,,360,0,0
8418,4_planet,False,,360,0,0
8418,5_planet,False,,360,0,0
8418,7_planet,False,,360,0,0
8419,4_planet,False,,360,0,0
8419,5_planet,False,,360,0,0
8419,7_planet,False,,360,0,0
8420,4_planet,False,,360,0,0
8420,5_planet,False,,360,0,0
8420,7_planet,False,,360,0,0
8421,4_planet,False,,360,0,0
8421,5_planet,False,,360,0,0
8421,7_planet,False,,360,0,0
8422,4_planet,False,,360,0,0
8422,5_planet,False,,360,0,0
8422,7_planet,False,,360,0,0
8423,4_planet,False,,360,0,0
8423,5_planet,False,,360,0,0
8423,7_planet,False,,360,0,0
8424,4_planet,False,,360,0,0
8424,5_planet,False,,360,0,0
8424,7_planet,False,,360,0,0
8425,4_planet,False,,360,0,0
8425,5_planet,False,,360,0,0
8425,7_planet,False,,360,0,0
8426,4_planet,False,,360,0,0
8426,5_planet,False,,360,0,0
8426,7_planet,False,,360,0,0
8427,4_planet,False,,360,0,0
8427,5_planet,False,,360,0,0
8427,7_planet,False,,360,0,0
8428,4_planet,False,,360,0,0
8428,5_planet,False,,360,0,0
8428,7_planet,False,,360,0,0
8429,4_planet,False,,360,0,0
8429,5_planet,False,,360,0,0
8429,7_planet,False,,360,0,0
8430,4_planet,False,,360,0,0
8430,5_planet,False,,360,0,0
8430,7_planet,False,,360,0,0
8431,4_planet,False,,360,0,0
8431,5_planet,False,,360,0,0
8431,7_planet,False,,360,0,0
8432,4_planet,False,,360,0,0
8432,5_planet,False,,360,0,0
8432,7_planet,False,,360,0,0
8433,4_planet,False,,360,0,0
8433,5_planet,False,,360,0,0
8433,7_planet,False,,360,0,0
8434,4_planet,False,,360,0,0
8434,5_planet,False,,360,0,0
8434,7_planet,False,,360,0,0
8435,4_planet,False,,360,0,0
8435,5_planet,False,,360,0,0
8435,7_planet,False,,360,0,0
8436,4_planet,False,,360,0,0
8436,5_planet,False,,360,0,0
8436,7_planet,False,,360,0,0
8437,4_planet,False,,360,0,0
8437,5_planet,False,,360,0,0
8437,7_planet,False,,360,0,0
8438,4_planet,False,,360,0,0
8438,5_planet,False,,360,0,0
8438,7_planet,False,,360,0,0
8439,4_planet,False,,360,0,0
8439,5_planet,False,,360,0,0
8439,7_planet,False,,360,0,0
8440,4_planet,False,,360,0,0
8440,5_planet,False,,360,0,0
8440,7_planet,False,,360,0,0
8441,4_planet,False,,360,0,0
8441,5_planet,False,,360,0,0
8441,7_planet,False,,360,0,0
8442,4_planet,False,,360,0,0
8442,5_planet,False,,360,0,0
8442,7_planet,False,,360,0,0
8443,4_planet,False,,360,0,0
8443,5_planet,False,,360,0,0
8443,7_planet,False,,360,0,0
8444,4_planet,False,,360,0,0
8444,5_planet,False,,360,0,0
8444,7_planet,False,,360,0,0
8445,4_planet,False,,360,0,0
8445,5_planet,False,,360,0,0
8445,7_planet,False,,360,0,0
8446,4_planet,False,,360,0,0
8446,5_planet,False,,360,0,0
8446,7_planet,False,,360,0,0
8447,4_planet,False,,360,0,0
8447,5_planet,False,,360,0,0
8447,7_planet,False,,360,0,0
8448,4_planet,False,,360,0,0
8448,5_planet,False,,360,0,0
8448,7_planet,False,,360,0,0
8449,4_planet,False,,360,0,0
8449,5_planet,False,,360,0,0
8449,7_planet,False,,360,0,0
8450,4_planet,False,,360,0,0
8450,5_planet,False,,360,0,0
8450,7_planet,False,,360,0,0
8451,4_planet,False,,360,0,0
8451,5_planet,False,,360,0,0
8451,7_planet,False,,360,0,0
8452,4_planet,False,,360,0,0
8452,5_planet,False,,360,0,0
8452,7_planet,False,,360,0,0
8453,4_planet,False,,360,0,0
8453,5_planet,False,,360,0,0
8453,7_planet,False,,360,0,0
8454,4_planet,False,,360,0,0
8454,5_planet,False,,360,0,0
8454,7_planet,False,,360,0,0
8455,4_planet,False,,360,0,0
8455,5_planet,False,,360,0,0
8455,7_planet,False,,360,0,0
8456,4_planet,False,,360,0,0
8456,5_planet,False,,360,0,0
8456,7_planet,False,,360,0,0
8457,4_planet,False,,360,0,0
8457,5_planet,False,,360,0,0
8457,7_planet,False,,360,0,0
8458,4_planet,False,,360,0,0
8458,5_planet,False,,360,0,0
8458,7_planet,False,,360,0,0
8459,4_planet,False,,360,0,0
8459,5_planet,False,,360,0,0
8459,7_planet,False,,360,0,0
8460,4_planet,False,,360,0,0
8460,5_planet,False,,360,0,0
8460,7_planet,False,,360,0,0
8461,4_planet,False,,360,0,0
8461,5_planet,False,,360,0,0
8461,7_planet,False,,360,0,0
8462,4_planet,False,,360,0,0
8462,5_planet,False,,360,0,0
8462,7_planet,False,,360,0,0
8463,4_planet,False,,360,0,0
8463,5_planet,False,,360,0,0
8463,7_planet,False,,360,0,0
8464,4_planet,False,,360,0,0
8464,5_planet,False,,360,0,0
8464,7_planet,False,,360,0,0
8465,4_planet,False,,360,0,0
8465,5_planet,False,,360,0,0
8465,7_planet,False,,360,0,0
8466,4_planet,False,,360,0,0
8466,5_planet,False,,360,0,0
8466,7_planet,False,,360,0,0
8467,4_planet,False,,360,0,0
8467,5_planet,False,,360,0,0
8467,7_planet,False,,360,0,0
8468,4_planet,False,,360,0,0
8468,5_planet,False,,360,0,0
8468,7_planet,False,,360,0,0
8469,4_planet,False,,360,0,0
8469,5_planet,False,,360,0,0
8469,7_planet,False,,360,0,0
8470,4_planet,False,,360,0,0
8470,5_planet,False,,360,0,0
8470,7_planet,False,,360,0,0
8471,4_planet,False,,360,0,0
8471,5_planet,False,,360,0,0
8471,7_planet,False,,360,0,0
8472,4_planet,False,,360,0,0
8472,5_planet,False,,360,0,0
8472,7_planet,False,,360,0,0
8473,4_planet,False,,360,0,0
8473,5_planet,False,,360,0,0
8473,7_planet,False,,360,0,0
8474,4_planet,False,,360,0,0
8474,5_planet,False,,360,0,0
8474,7_planet,False,,360,0,0
8475,4_planet,False,,360,0,0
8475,5_planet,False,,360,0,0
8475,7_planet,False,,360,0,0
8476,4_planet,False,,360,0,0
8476,5_planet,False,,360,0,0
8476,7_planet,False,,360,0,0
8477,4_planet,False,,360,0,0
8477,5_planet,False,,360,0,0
8477,7_planet,False,,360,0,0
8478,4_planet,False,,360,0,0
8478,5_planet,False,,360,0,0
8478,7_planet,False,,360,0,0
8479,4_planet,False,,360,0,0
8479,5_planet,False,,360,0,0
8479,7_planet,False,,360,0,0
8480,4_planet,False,,360,0,0
8480,5_planet,False,,360,0,0
8480,7_planet,False,,360,0,0
8481,4_planet,False,,360,0,0
8481,5_planet,False,,360,0,0
8481,7_planet,False,,360,0,0
8482,4_planet,False,,360,0,0
8482,5_planet,False,,360,0,0
8482,7_planet,False,,360,0,0
8483,4_planet,False,,360,0,0
8483,5_planet,False,,360,0,0
8483,7_planet,False,,360,0,0
8484,4_planet,False,,360,0,0
8484,5_planet,False,,360,0,0
8484,7_planet,False,,360,0,0
8485,4_planet,False,,360,0,0
8485,5_planet,False,,360,0,0
8485,7_planet,False,,360,0,0
8486,4_planet,False,,360,0,0
8486,5_planet,False,,360,0,0
8486,7_planet,False,,360,0,0
8487,4_planet,False,,360,0,0
8487,5_planet,False,,360,0,0
8487,7_planet,False,,360,0,0
8488,4_planet,False,,360,0,0
8488,5_planet,False,,360,0,0
8488,7_planet,False,,360,0,0
8489,4_planet,False,,360,0,0
8489,5_planet,False,,360,0,0
8489,7_planet,False,,360,0,0
8490,4_planet,False,,360,0,0
8490,5_planet,False,,360,0,0
8490,7_planet,False,,360,0,0
8491,4_planet,False,,360,0,0
8491,5_planet,False,,360,0,0
8491,7_planet,False,,360,0,0
8492,4_planet,False,,360,0,0
8492,5_planet,False,,360,0,0
8492,7_planet,False,,360,0,0
8493,4_planet,False,,360,0,0
8493,5_planet,False,,360,0,0
8493,7_planet,False,,360,0,0
8494,4_planet,False,,360,0,0
8494,5_planet,False,,360,0,0
8494,7_planet,False,,360,0,0
8495,4_planet,False,,360,0,0
8495,5_planet,False,,360,0,0
8495,7_planet,False,,360,0,0
8496,4_planet,False,,360,0,0
8496,5_planet,False,,360,0,0
8496,7_planet,False,,360,0,0
8497,4_planet,False,,360,0,0
8497,5_planet,False,,360,0,0
8497,7_planet,False,,360,0,0
8498,4_planet,False,,360,0,0
8498,5_planet,False,,360,0,0
8498,7_planet,False,,360,0,0
8499,4_planet,False,,360,0,0
8499,5_planet,False,,360,0,0
8499,7_planet,False,,360,0,0
8500,4_planet,False,,360,0,0
8500,5_planet,False,,360,0,0
8500,7_planet,False,,360,0,0
8501,4_planet,False,,360,0,0
8501,5_planet,False,,360,0,0
8501,7_planet,False,,360,0,0
8502,4_planet,False,,360,0,0
8502,5_planet,False,,360,0,0
8502,7_planet,False,,360,0,0
8503,4_planet,False,,360,0,0
8503,5_planet,False,,360,0,0
8503,7_planet,False,,360,0,0
8504,4_planet,False,,360,0,0
8504,5_planet,False,,360,0,0
8504,7_planet,False,,360,0,0
8505,4_planet,False,,360,0,0
8505,5_planet,False,,360,0,0
8505,7_planet,False,,360,0,0
8506,4_planet,False,,360,0,0
8506,5_planet,False,,360,0,0
8506,7_planet,False,,360,0,0
8507,4_planet,False,,360,0,0
8507,5_planet,False,,360,0,0
8507,7_planet,False,,360,0,0
8508,4_planet,False,,360,0,0
8508,5_planet,False,,360,0,0
8508,7_planet,False,,360,0,0
8509,4_planet,False,,360,0,0
8509,5_planet,False,,360,0,0
8509,7_planet,False,,360,0,0
8510,4_planet,False,,360,0,0
8510,5_planet,False,,360,0,0
8510,7_planet,False,,360,0,0
8511,4_planet,False,,360,0,0
8511,5_planet,False,,360,0,0
8511,7_planet,False,,360,0,0
8512,4_planet,False,,360,0,0
8512,5_planet,False,,360,0,0
8512,7_planet,False,,360,0,0
8513,4_planet,False,,360,0,0
8513,5_planet,False,,360,0,0
8513,7_planet,False,,360,0,0
8514,4_planet,False,,360,0,0
8514,5_planet,False,,360,0,0
8514,7_planet,False,,360,0,0
8515,4_planet,False,,360,0,0
8515,5_planet,False,,360,0,0
8515,7_planet,False,,360,0,0
8516,4_planet,False,,360,0,0
8516,5_planet,False,,360,0,0
8516,7_planet,False,,360,0,0
8517,4_planet,False,,360,0,0
8517,5_planet,False,,360,0,0
8517,7_planet,False,,360,0,0
8518,4_planet,False,,360,0,0
8518,5_planet,False,,360,0,0
8518,7_planet,False,,360,0,0
8519,4_planet,False,,360,0,0
8519,5_planet,False,,360,0,0
8519,7_planet,False,,360,0,0
8520,4_planet,False,,360,0,0
8520,5_planet,False,,360,0,0
8520,7_planet,False,,360,0,0
8521,4_planet,False,,360,0,0
8521,5_planet,False,,360,0,0
8521,7_planet,False,,360,0,0
8522,4_planet,False,,360,0,0
8522,5_planet,False,,360,0,0
8522,7_planet,False,,360,0,0
8523,4_planet,False,,360,0,0
8523,5_planet,False,,360,0,0
8523,7_planet,False,,360,0,0
8524,4_planet,False,,360,0,0
8524,5_planet,False,,360,0,0
8524,7_planet,False,,360,0,0
8525,4_planet,False,,360,0,0
8525,5_planet,False,,360,0,0
8525,7_planet,False,,360,0,0
8526,4_planet,False,,360,0,0
8526,5_planet,False,,360,0,0
8526,7_planet,False,,360,0,0
8527,4_planet,False,,360,0,0
8527,5_planet,False,,360,0,0
8527,7_planet,False,,360,0,0
8528,4_planet,False,,360,0,0
8528,5_planet,False,,360,0,0
8528,7_planet,False,,360,0,0
8529,4_planet,False,,360,0,0
8529,5_planet,False,,360,0,0
8529,7_planet,False,,360,0,0
8530,4_planet,False,,360,0,0
8530,5_planet,False,,360,0,0
8530,7_planet,False,,360,0,0
8531,4_planet,False,,360,0,0
8531,5_planet,False,,360,0,0
8531,7_planet,False,,360,0,0
8532,4_planet,False,,360,0,0
8532,5_planet,False,,360,0,0
8532,7_planet,False,,360,0,0
8533,4_planet,False,,360,0,0
8533,5_planet,False,,360,0,0
8533,7_planet,False,,360,0,0
8534,4_planet,False,,360,0,0
8534,5_planet,False,,360,0,0
8534,7_planet,False,,360,0,0
8535,4_planet,False,,360,0,0
8535,5_planet,False,,360,0,0
8535,7_planet,False,,360,0,0
8536,4_planet,False,,360,0,0
8536,5_planet,False,,360,0,0
8536,7_planet,False,,360,0,0
8537,4_planet,False,,360,0,0
8537,5_planet,False,,360,0,0
8537,7_planet,False,,360,0,0
8538,4_planet,False,,360,0,0
8538,5_planet,False,,360,0,0
8538,7_planet,False,,360,0,0
8539,4_planet,False,,360,0,0
8539,5_planet,False,,360,0,0
8539,7_planet,False,,360,0,0
8540,4_planet,False,,360,0,0
8540,5_planet,False,,360,0,0
8540,7_planet,False,,360,0,0
8541,4_planet,False,,360,0,0
8541,5_planet,False,,360,0,0
8541,7_planet,False,,360,0,0
8542,4_planet,False,,360,0,0
8542,5_planet,False,,360,0,0
8542,7_planet,False,,360,0,0
8543,4_planet,False,,360,0,0
8543,5_planet,False,,360,0,0
8543,7_planet,False,,360,0,0
8544,4_planet,False,,360,0,0
8544,5_planet,False,,360,0,0
8544,7_planet,False,,360,0,0
8545,4_planet,False,,360,0,0
8545,5_planet,False,,360,0,0
8545,7_planet,False,,360,0,0
8546,4_planet,False,,360,0,0
8546,5_planet,False,,360,0,0
8546,7_planet,False,,360,0,0
8547,4_planet,False,,360,0,0
8547,5_planet,False,,360,0,0
8547,7_planet,False,,360,0,0
8548,4_planet,False,,360,0,0
8548,5_planet,False,,360,0,0
8548,7_planet,False,,360,0,0
8549,4_planet,False,,360,0,0
8549,5_planet,False,,360,0,0
8549,7_planet,False,,360,0,0
8550,4_planet,False,,360,0,0
8550,5_planet,False,,360,0,0
8550,7_planet,False,,360,0,0
8551,4_planet,False,,360,0,0
8551,5_planet,False,,360,0,0
8551,7_planet,False,,360,0,0
8552,4_planet,False,,360,0,0
8552,5_planet,False,,360,0,0
8552,7_planet,False,,360,0,0
8553,4_planet,False,,360,0,0
8553,5_planet,False,,360,0,0
8553,7_planet,False,,360,0,0
8554,4_planet,False,,360,0,0
8554,5_planet,False,,360,0,0
8554,7_planet,False,,360,0,0
8555,4_planet,False,,360,0,0
8555,5_planet,False,,360,0,0
8555,7_planet,False,,360,0,0
8556,4_planet,False,,360,0,0
8556,5_planet,False,,360,0,0
8556,7_planet,False,,360,0,0
8557,4_planet,False,,360,0,0
8557,5_planet,False,,360,0,0
8557,7_planet,True,"Saturn, Mars, Venus, Moon, Jupiter, Sun, Mercury",59.92,0.13,35.71
8558,4_planet,False,,360,0,0
8558,5_planet,False,,360,0,0
8558,7_planet,False,,360,0,0
8559,4_planet,False,,360,0,0
8559,5_planet,False,,360,0,0
8559,7_planet,False,,360,0,0
8560,4_planet,False,,360,0,0
8560,5_planet,False,,360,0,0
8560,7_planet,False,,360,0,0
8561,4_planet,False,,360,0,0
8561,5_planet,False,,360,0,0
8561,7_planet,False,,360,0,0
8562,4_planet,False,,360,0,0
8562,5_planet,False,,360,0,0
8562,7_planet,False,,360,0,0
8563,4_planet,False,,360,0,0
8563,5_planet,False,,360,0,0
8563,7_planet,False,,360,0,0
8564,4_planet,False,,360,0,0
8564,5_planet,False,,360,0,0
8564,7_planet,False,,360,0,0
8565,4_planet,False,,360,0,0
8565,5_planet,False,,360,0,0
8565,7_planet,False,,360,0,0
8566,4_planet,False,,360,0,0
8566,5_planet,False,,360,0,0
8566,7_planet,False,,360,0,0
8567,4_planet,False,,360,0,0
8567,5_planet,False,,360,0,0
8567,7_planet,False,,360,0,0
8568,4_planet,False,,360,0,0
8568,5_planet,False,,360,0,0
8568,7_planet,False,,360,0,0
8569,4_planet,False,,360,0,0
8569,5_planet,False,,360,0,0
8569,7_planet,False,,360,0,0
8570,4_planet,False,,360,0,0
8570,5_planet,False,,360,0,0
8570,7_planet,False,,360,0,0
8571,4_planet,False,,360,0,0
8571,5_planet,False,,360,0,0
8571,7_planet,False,,360,0,0
8572,4_planet,False,,360,0,0
8572,5_planet,False,,360,0,0
8572,7_planet,False,,360,0,0
8573,4_planet,False,,360,0,0
8573,5_planet,False,,360,0,0
8573,7_planet,False,,360,0,0
8574,4_planet,False,,360,0,0
8574,5_planet,False,,360,0,0
8574,7_planet,False,,360,0,0
8575,4_planet,False,,360,0,0
8575,5_planet,False,,360,0,0
8575,7_planet,False,,360,0,0
8576,4_planet,False,,360,0,0
8576,5_planet,False,,360,0,0
8576,7_planet,False,,360,0,0
8577,4_planet,False,,360,0,0
8577,5_planet,False,,360,0,0
8577,7_planet,False,,360,0,0
8578,4_planet,False,,360,0,0
8578,5_planet,False,,360,0,0
8578,7_planet,False,,360,0,0
8579,4_planet,False,,360,0,0
8579,5_planet,False,,360,0,0
8579,7_planet,False,,360,0,0
8580,4_planet,False,,360,0,0
8580,5_planet,False,,360,0,0
8580,7_planet,False,,360,0,0
8581,4_planet,False,,360,0,0
8581,5_planet,False,,360,0,0
8581,7_planet,False,,360,0,0
8582,4_planet,False,,360,0,0
8582,5_planet,False,,360,0,0
8582,7_planet,False,,360,0,0
8583,4_planet,False,,360,0,0
8583,5_planet,False,,360,0,0
8583,7_planet,False,,360,0,0
8584,4_planet,False,,360,0,0
8584,5_planet,False,,360,0,0
8584,7_planet,False,,360,0,0
8585,4_planet,False,,360,0,0
8585,5_planet,False,,360,0,0
8585,7_planet,False,,360,0,0
8586,4_planet,False,,360,0,0
8586,5_planet,False,,360,0,0
8586,7_planet,False,,360,0,0
8587,4_planet,False,,360,0,0
8587,5_planet,False,,360,0,0
8587,7_planet,False,,360,0,0
8588,4_planet,False,,360,0,0
8588,5_planet,False,,360,0,0
8588,7_planet,False,,360,0,0
8589,4_planet,False,,360,0,0
8589,5_planet,False,,360,0,0
8589,7_planet,False,,360,0,0
8590,4_planet,False,,360,0,0
8590,5_planet,False,,360,0,0
8590,7_planet,False,,360,0,0
8591,4_planet,False,,360,0,0
8591,5_planet,False,,360,0,0
8591,7_planet,False,,360,0,0
8592,4_planet,False,,360,0,0
8592,5_planet,False,,360,0,0
8592,7_planet,False,,360,0,0
8593,4_planet,False,,360,0,0
8593,5_planet,False,,360,0,0
8593,7_planet,False,,360,0,0
8594,4_planet,False,,360,0,0
8594,5_planet,False,,360,0,0
8594,7_planet,False,,360,0,0
8595,4_planet,False,,360,0,0
8595,5_planet,False,,360,0,0
8595,7_planet,False,,360,0,0
8596,4_planet,False,,360,0,0
8596,5_planet,False,,360,0,0
8596,7_planet,False,,360,0,0
8597,4_planet,False,,360,0,0
8597,5_planet,False,,360,0,0
8597,7_planet,False,,360,0,0
8598,4_planet,False,,360,0,0
8598,5_planet,False,,360,0,0
8598,7_planet,False,,360,0,0
8599,4_planet,False,,360,0,0
8599,5_planet,False,,360,0,0
8599,7_planet,False,,360,0,0
8600,4_planet,False,,360,0,0
8600,5_planet,False,,360,0,0
8600,7_planet,False,,360,0,0
8601,4_planet,False,,360,0,0
8601,5_planet,False,,360,0,0
8601,7_planet,False,,360,0,0
8602,4_planet,False,,360,0,0
8602,5_planet,False,,360,0,0
8602,7_planet,False,,360,0,0
8603,4_planet,False,,360,0,0
8603,5_planet,False,,360,0,0
8603,7_planet,False,,360,0,0
8604,4_planet,False,,360,0,0
8604,5_planet,False,,360,0,0
8604,7_planet,False,,360,0,0
8605,4_planet,False,,360,0,0
8605,5_planet,False,,360,0,0
8605,7_planet,False,,360,0,0
8606,4_planet,False,,360,0,0
8606,5_planet,False,,360,0,0
8606,7_planet,False,,360,0,0
8607,4_planet,False,,360,0,0
8607,5_planet,False,,360,0,0
8607,7_planet,False,,360,0,0
8608,4_planet,False,,360,0,0
8608,5_planet,False,,360,0,0
8608,7_planet,False,,360,0,0
8609,4_planet,False,,360,0,0
8609,5_planet,False,,360,0,0
8609,7_planet,False,,360,0,0
8610,4_planet,False,,360,0,0
8610,5_planet,False,,360,0,0
8610,7_planet,False,,360,0,0
8611,4_planet,False,,360,0,0
8611,5_planet,False,,360,0,0
8611,7_planet,False,,360,0,0
8612,4_planet,False,,360,0,0
8612,5_planet,False,,360,0,0
8612,7_planet,False,,360,0,0
8613,4_planet,False,,360,0,0
8613,5_planet,False,,360,0,0
8613,7_planet,False,,360,0,0
8614,4_planet,False,,360,0,0
8614,5_planet,False,,360,0,0
8614,7_planet,False,,360,0,0
8615,4_planet,False,,360,0,0
8615,5_planet,False,,360,0,0
8615,7_planet,False,,360,0,0
8616,4_planet,False,,360,0,0
8616,5_planet,False,,360,0,0
8616,7_planet,False,,360,0,0
8617,4_planet,False,,360,0,0
8617,5_planet,False,,360,0,0
8617,7_planet,False,,360,0,0
8618,4_planet,False,,360,0,0
8618,5_planet,False,,360,0,0
8618,7_planet,False,,360,0,0
8619,4_planet,False,,360,0,0
8619,5_planet,False,,360,0,0
8619,7_planet,False,,360,0,0
8620,4_planet,False,,360,0,0
8620,5_planet,False,,360,0,0
8620,7_planet,False,,360,0,0
8621,4_planet,False,,360,0,0
8621,5_planet,False,,360,0,0
8621,7_planet,False,,360,0,0
8622,4_planet,False,,360,0,0
8622,5_planet,False,,360,0,0
8622,7_planet,False,,360,0,0
8623,4_planet,False,,360,0,0
8623,5_planet,False,,360,0,0
8623,7_planet,False,,360,0,0
8624,4_planet,False,,360,0,0
8624,5_planet,False,,360,0,0
8624,7_planet,False,,360,0,0
8625,4_planet,False,,360,0,0
8625,5_planet,False,,360,0,0
8625,7_planet,False,,360,0,0
8626,4_planet,False,,360,0,0
8626,5_planet,False,,360,0,0
8626,7_planet,False,,360,0,0
8627,4_planet,False,,360,0,0
8627,5_planet,False,,360,0,0
8627,7_planet,False,,360,0,0
8628,4_planet,False,,360,0,0
8628,5_planet,False,,360,0,0
8628,7_planet,False,,360,0,0
8629,4_planet,False,,360,0,0
8629,5_planet,False,,360,0,0
8629,7_planet,False,,360,0,0
8630,4_planet,False,,360,0,0
8630,5_planet,False,,360,0,0
8630,7_planet,False,,360,0,0
8631,4_planet,False,,360,0,0
8631,5_planet,False,,360,0,0
8631,7_planet,False,,360,0,0
8632,4_planet,False,,360,0,0
8632,5_planet,False,,360,0,0
8632,7_planet,False,,360,0,0
8633,4_planet,False,,360,0,0
8633,5_planet,False,,360,0,0
8633,7_planet,False,,360,0,0
8634,4_planet,False,,360,0,0
8634,5_planet,False,,360,0,0
8634,7_planet,False,,360,0,0
8635,4_planet,False,,360,0,0
8635,5_planet,False,,360,0,0
8635,7_planet,False,,360,0,0
8636,4_planet,False,,360,0,0
8636,5_planet,False,,360,0,0
8636,7_planet,False,,360,0,0
8637,4_planet,False,,360,0,0
8637,5_planet,False,,360,0,0
8637,7_planet,False,,360,0,0
8638,4_planet,False,,360,0,0
8638,5_planet,False,,360,0,0
8638,7_planet,False,,360,0,0
8639,4_planet,False,,360,0,0
8639,5_planet,False,,360,0,0
8639,7_planet,False,,360,0,0
8640,4_planet,False,,360,0,0
8640,5_planet,False,,360,0,0
8640,7_planet,False,,360,0,0
8641,4_planet,False,,360,0,0
8641,5_planet,False,,360,0,0
8641,7_planet,False,,360,0,0
8642,4_planet,False,,360,0,0
8642,5_planet,False,,360,0,0
8642,7_planet,False,,360,0,0
8643,4_planet,False,,360,0,0
8643,5_planet,False,,360,0,0
8643,7_planet,False,,360,0,0
8644,4_planet,False,,360,0,0
8644,5_planet,False,,360,0,0
8644,7_planet,False,,360,0,0
8645,4_planet,False,,360,0,0
8645,5_planet,False,,360,0,0
8645,7_planet,False,,360,0,0
8646,4_planet,False,,360,0,0
8646,5_planet,False,,360,0,0
8646,7_planet,False,,360,0,0
8647,4_planet,False,,360,0,0
8647,5_planet,False,,360,0,0
8647,7_planet,False,,360,0,0
8648,4_planet,False,,360,0,0
8648,5_planet,False,,360,0,0
8648,7_planet,False,,360,0,0
8649,4_planet,False,,360,0,0
8649,5_planet,False,,360,0,0
8649,7_planet,False,,360,0,0
8650,4_planet,False,,360,0,0
8650,5_planet,False,,360,0,0
8650,7_planet,False,,360,0,0
8651,4_planet,False,,360,0,0
8651,5_planet,False,,360,0,0
8651,7_planet,False,,360,0,0
8652,4_planet,False,,360,0,0
8652,5_planet,False,,360,0,0
8652,7_planet,False,,360,0,0
8653,4_planet,False,,360,0,0
8653,5_planet,False,,360,0,0
8653,7_planet,False,,360,0,0
8654,4_planet,False,,360,0,0
8654,5_planet,False,,360,0,0
8654,7_planet,False,,360,0,0
8655,4_planet,False,,360,0,0
8655,5_planet,False,,360,0,0
8655,7_planet,False,,360,0,0
8656,4_planet,False,,360,0,0
8656,5_planet,False,,360,0,0
8656,7_planet,False,,360,0,0
8657,4_planet,False,,360,0,0
8657,5_planet,False,,360,0,0
8657,7_planet,False,,360,0,0
8658,4_planet,False,,360,0,0
8658,5_planet,False,,360,0,0
8658,7_planet,False,,360,0,0
8659,4_planet,False,,360,0,0
8659,5_planet,False,,360,0,0
8659,7_planet,False,,360,0,0
8660,4_planet,False,,360,0,0
8660,5_planet,False,,360,0,0
8660,7_planet,False,,360,0,0
8661,4_planet,False,,360,0,0
8661,5_planet,False,,360,0,0
8661,7_planet,False,,360,0,0
8662,4_planet,False,,360,0,0
8662,5_planet,False,,360,0,0
8662,7_planet,False,,360,0,0
8663,4_planet,False,,360,0,0
8663,5_planet,False,,360,0,0
8663,7_planet,False,,360,0,0
8664,4_planet,False,,360,0,0
8664,5_planet,False,,360,0,0
8664,7_planet,False,,360,0,0
8665,4_planet,False,,360,0,0
8665,5_planet,False,,360,0,0
8665,7_planet,False,,360,0,0
8666,4_planet,False,,360,0,0
8666,5_planet,False,,360,0,0
8666,7_planet,False,,360,0,0
8667,4_planet,False,,360,0,0
8667,5_planet,False,,360,0,0
8667,7_planet,False,,360,0,0
8668,4_planet,False,,360,0,0
8668,5_planet,False,,360,0,0
8668,7_planet,False,,360,0,0
8669,4_planet,False,,360,0,0
8669,5_planet,False,,360,0,0
8669,7_planet,False,,360,0,0
8670,4_planet,False,,360,0,0
8670,5_planet,False,,360,0,0
8670,7_planet,False,,360,0,0
8671,4_planet,False,,360,0,0
8671,5_planet,False,,360,0,0
8671,7_planet,False,,360,0,0
8672,4_planet,False,,360,0,0
8672,5_planet,False,,360,0,0
8672,7_planet,False,,360,0,0
8673,4_planet,False,,360,0,0
8673,5_planet,False,,360,0,0
8673,7_planet,False,,360,0,0
8674,4_planet,False,,360,0,0
8674,5_planet,False,,360,0,0
8674,7_planet,False,,360,0,0
8675,4_planet,False,,360,0,0
8675,5_planet,False,,360,0,0
8675,7_planet,False,,360,0,0
8676,4_planet,False,,360,0,0
8676,5_planet,False,,360,0,0
8676,7_planet,False,,360,0,0
8677,4_planet,False,,360,0,0
8677,5_planet,False,,360,0,0
8677,7_planet,False,,360,0,0
8678,4_planet,False,,360,0,0
8678,5_planet,False,,360,0,0
8678,7_planet,False,,360,0,0
8679,4_planet,False,,360,0,0
8679,5_planet,False,,360,0,0
8679,7_planet,False,,360,0,0
8680,4_planet,False,,360,0,0
8680,5_planet,False,,360,0,0
8680,7_planet,False,,360,0,0
8681,4_planet,False,,360,0,0
8681,5_planet,False,,360,0,0
8681,7_planet,False,,360,0,0
8682,4_planet,False,,360,0,0
8682,5_planet,False,,360,0,0
8682,7_planet,False,,360,0,0
8683,4_planet,False,,360,0,0
8683,5_planet,False,,360,0,0
8683,7_planet,False,,360,0,0
8684,4_planet,False,,360,0,0
8684,5_planet,False,,360,0,0
8684,7_planet,False,,360,0,0
8685,4_planet,False,,360,0,0
8685,5_planet,False,,360,0,0
8685,7_planet,False,,360,0,0
8686,4_planet,False,,360,0,0
8686,5_planet,False,,360,0,0
8686,7_planet,False,,360,0,0
8687,4_planet,False,,360,0,0
8687,5_planet,False,,360,0,0
8687,7_planet,False,,360,0,0
8688,4_planet,False,,360,0,0
8688,5_planet,False,,360,0,0
8688,7_planet,False,,360,0,0
8689,4_planet,False,,360,0,0
8689,5_planet,False,,360,0,0
8689,7_planet,False,,360,0,0
8690,4_planet,False,,360,0,0
8690,5_planet,False,,360,0,0
8690,7_planet,False,,360,0,0
8691,4_planet,False,,360,0,0
8691,5_planet,False,,360,0,0
8691,7_planet,False,,360,0,0
8692,4_planet,False,,360,0,0
8692,5_planet,False,,360,0,0
8692,7_planet,False,,360,0,0
8693,4_planet,False,,360,0,0
8693,5_planet,False,,360,0,0
8693,7_planet,False,,360,0,0
8694,4_planet,False,,360,0,0
8694,5_planet,False,,360,0,0
8694,7_planet,False,,360,0,0
8695,4_planet,False,,360,0,0
8695,5_planet,False,,360,0,0
8695,7_planet,False,,360,0,0
8696,4_planet,False,,360,0,0
8696,5_planet,False,,360,0,0
8696,7_planet,False,,360,0,0
8697,4_planet,False,,360,0,0
8697,5_planet,False,,360,0,0
8697,7_planet,False,,360,0,0
8698,4_planet,False,,360,0,0
8698,5_planet,False,,360,0,0
8698,7_planet,False,,360,0,0
8699,4_planet,False,,360,0,0
8699,5_planet,False,,360,0,0
8699,7_planet,False,,360,0,0
8700,4_planet,False,,360,0,0
8700,5_planet,False,,360,0,0
8700,7_planet,False,,360,0,0
8701,4_planet,False,,360,0,0
8701,5_planet,False,,360,0,0
8701,7_planet,False,,360,0,0
8702,4_planet,False,,360,0,0
8702,5_planet,False,,360,0,0
8702,7_planet,False,,360,0,0
8703,4_planet,False,,360,0,0
8703,5_planet,False,,360,0,0
8703,7_planet,False,,360,0,0
8704,4_planet,False,,360,0,0
8704,5_planet,False,,360,0,0
8704,7_planet,False,,360,0,0
8705,4_planet,False,,360,0,0
8705,5_planet,False,,360,0,0
8705,7_planet,False,,360,0,0
8706,4_planet,False,,360,0,0
8706,5_planet,False,,360,0,0
8706,7_planet,False,,360,0,0
8707,4_planet,False,,360,0,0
8707,5_planet,False,,360,0,0
8707,7_planet,False,,360,0,0
8708,4_planet,False,,360,0,0
8708,5_planet,False,,360,0,0
8708,7_planet,False,,360,0,0
8709,4_planet,False,,360,0,0
8709,5_planet,False,,360,0,0
8709,7_planet,False,,360,0,0
8710,4_planet,False,,360,0,0
8710,5_planet,False,,360,0,0
8710,7_planet,False,,360,0,0
8711,4_planet,False,,360,0,0
8711,5_planet,False,,360,0,0
8711,7_planet,False,,360,0,0
8712,4_planet,False,,360,0,0
8712,5_planet,False,,360,0,0
8712,7_planet,False,,360,0,0
8713,4_planet,False,,360,0,0
8713,5_planet,False,,360,0,0
8713,7_planet,False,,360,0,0
8714,4_planet,False,,360,0,0
8714,5_planet,False,,360,0,0
8714,7_planet,False,,360,0,0
8715,4_planet,False,,360,0,0
8715,5_planet,False,,360,0,0
8715,7_planet,False,,360,0,0
8716,4_planet,False,,360,0,0
8716,5_planet,False,,360,0,0
8716,7_planet,False,,360,0,0
8717,4_planet,False,,360,0,0
8717,5_planet,False,,360,0,0
8717,7_planet,False,,360,0,0
8718,4_planet,False,,360,0,0
8718,5_planet,False,,360,0,0
8718,7_planet,False,,360,0,0
8719,4_planet,False,,360,0,0
8719,5_planet,False,,360,0,0
8719,7_planet,False,,360,0,0
8720,4_planet,False,,360,0,0
8720,5_planet,False,,360,0,0
8720,7_planet,False,,360,0,0
8721,4_planet,False,,360,0,0
8721,5_planet,False,,360,0,0
8721,7_planet,False,,360,0,0
8722,4_planet,False,,360,0,0
8722,5_planet,False,,360,0,0
8722,7_planet,False,,360,0,0
8723,4_planet,False,,360,0,0
8723,5_planet,False,,360,0,0
8723,7_planet,False,,360,0,0
8724,4_planet,False,,360,0,0
8724,5_planet,False,,360,0,0
8724,7_planet,False,,360,0,0
8725,4_planet,False,,360,0,0
8725,5_planet,False,,360,0,0
8725,7_planet,False,,360,0,0
8726,4_planet,False,,360,0,0
8726,5_planet,False,,360,0,0
8726,7_planet,False,,360,0,0
8727,4_planet,False,,360,0,0
8727,5_planet,False,,360,0,0
8727,7_planet,False,,360,0,0
8728,4_planet,False,,360,0,0
8728,5_planet,False,,360,0,0
8728,7_planet,False,,360,0,0
8729,4_planet,False,,360,0,0
8729,5_planet,False,,360,0,0
8729,7_planet,False,,360,0,0
8730,4_planet,False,,360,0,0
8730,5_planet,False,,360,0,0
8730,7_planet,False,,360,0,0
8731,4_planet,False,,360,0,0
8731,5_planet,False,,360,0,0
8731,7_planet,False,,360,0,0
8732,4_planet,False,,360,0,0
8732,5_planet,False,,360,0,0
8732,7_planet,False,,360,0,0
8733,4_planet,False,,360,0,0
8733,5_planet,False,,360,0,0
8733,7_planet,False,,360,0,0
8734,4_planet,False,,360,0,0
8734,5_planet,False,,360,0,0
8734,7_planet,False,,360,0,0
8735,4_planet,False,,360,0,0
8735,5_planet,False,,360,0,0
8735,7_planet,False,,360,0,0
8736,4_planet,False,,360,0,0
8736,5_planet,False,,360,0,0
8736,7_planet,False,,360,0,0
8737,4_planet,False,,360,0,0
8737,5_planet,False,,360,0,0
8737,7_planet,False,,360,0,0
8738,4_planet,False,,360,0,0
8738,5_planet,False,,360,0,0
8738,7_planet,False,,360,0,0
8739,4_planet,False,,360,0,0
8739,5_planet,False,,360,0,0
8739,7_planet,False,,360,0,0
8740,4_planet,False,,360,0,0
8740,5_planet,False,,360,0,0
8740,7_planet,False,,360,0,0
8741,4_planet,False,,360,0,0
8741,5_planet,False,,360,0,0
8741,7_planet,False,,360,0,0
8742,4_planet,False,,360,0,0
8742,5_planet,False,,360,0,0
8742,7_planet,False,,360,0,0
8743,4_planet,False,,360,0,0
8743,5_planet,False,,360,0,0
8743,7_planet,False,,360,0,0
8744,4_planet,False,,360,0,0
8744,5_planet,False,,360,0,0
8744,7_planet,False,,360,0,0
8745,4_planet,False,,360,0,0
8745,5_planet,False,,360,0,0
8745,7_planet,False,,360,0,0
8746,4_planet,False,,360,0,0
8746,5_planet,False,,360,0,0
8746,7_planet,False,,360,0,0
8747,4_planet,False,,360,0,0
8747,5_planet,False,,360,0,0
8747,7_planet,False,,360,0,0
8748,4_planet,False,,360,0,0
8748,5_planet,False,,360,0,0
8748,7_planet,False,,360,0,0
8749,4_planet,False,,360,0,0
8749,5_planet,False,,360,0,0
8749,7_planet,False,,360,0,0
8750,4_planet,False,,360,0,0
8750,5_planet,False,,360,0,0
8750,7_planet,False,,360,0,0
8751,4_planet,False,,360,0,0
8751,5_planet,False,,360,0,0
8751,7_planet,False,,360,0,0
8752,4_planet,False,,360,0,0
8752,5_planet,False,,360,0,0
8752,7_planet,False,,360,0,0
8753,4_planet,False,,360,0,0
8753,5_planet,False,,360,0,0
8753,7_planet,False,,360,0,0
8754,4_planet,False,,360,0,0
8754,5_planet,False,,360,0,0
8754,7_planet,False,,360,0,0
8755,4_planet,False,,360,0,0
8755,5_planet,False,,360,0,0
8755,7_planet,False,,360,0,0
8756,4_planet,False,,360,0,0
8756,5_planet,False,,360,0,0
8756,7_planet,False,,360,0,0
8757,4_planet,False,,360,0,0
8757,5_planet,False,,360,0,0
8757,7_planet,False,,360,0,0
8758,4_planet,False,,360,0,0
8758,5_planet,False,,360,0,0
8758,7_planet,False,,360,0,0
8759,4_planet,False,,360,0,0
8759,5_planet,False,,360,0,0
8759,7_planet,False,,360,0,0
8760,4_planet,False,,360,0,0
8760,5_planet,False,,360,0,0
8760,7_planet,False,,360,0,0
8761,4_planet,False,,360,0,0
8761,5_planet,False,,360,0,0
8761,7_planet,False,,360,0,0
8762,4_planet,False,,360,0,0
8762,5_planet,False,,360,0,0
8762,7_planet,False,,360,0,0
8763,4_planet,False,,360,0,0
8763,5_planet,False,,360,0,0
8763,7_planet,False,,360,0,0
8764,4_planet,False,,360,0,0
8764,5_planet,False,,360,0,0
8764,7_planet,False,,360,0,0
8765,4_planet,False,,360,0,0
8765,5_planet,False,,360,0,0
8765,7_planet,False,,360,0,0
8766,4_planet,False,,360,0,0
8766,5_planet,False,,360,0,0
8766,7_planet,False,,360,0,0
8767,4_planet,False,,360,0,0
8767,5_planet,False,,360,0,0
8767,7_planet,False,,360,0,0
8768,4_planet,False,,360,0,0
8768,5_planet,False,,360,0,0
8768,7_planet,False,,360,0,0
8769,4_planet,False,,360,0,0
8769,5_planet,False,,360,0,0
8769,7_planet,False,,360,0,0
8770,4_planet,False,,360,0,0
8770,5_planet,False,,360,0,0
8770,7_planet,False,,360,0,0
8771,4_planet,False,,360,0,0
8771,5_planet,False,,360,0,0
8771,7_planet,False,,360,0,0
8772,4_planet,False,,360,0,0
8772,5_planet,False,,360,0,0
8772,7_planet,False,,360,0,0
8773,4_planet,False,,360,0,0
8773,5_planet,False,,360,0,0
8773,7_planet,False,,360,0,0
8774,4_planet,False,,360,0,0
8774,5_planet,False,,360,0,0
8774,7_planet,False,,360,0,0
8775,4_planet,False,,360,0,0
8775,5_planet,False,,360,0,0
8775,7_planet,False,,360,0,0
8776,4_planet,False,,360,0,0
8776,5_planet,False,,360,0,0
8776,7_planet,False,,360,0,0
8777,4_planet,False,,360,0,0
8777,5_planet,False,,360,0,0
8777,7_planet,False,,360,0,0
8778,4_planet,False,,360,0,0
8778,5_planet,False,,360,0,0
8778,7_planet,False,,360,0,0
8779,4_planet,False,,360,0,0
8779,5_planet,False,,360,0,0
8779,7_planet,False,,360,0,0
8780,4_planet,False,,360,0,0
8780,5_planet,False,,360,0,0
8780,7_planet,False,,360,0,0
8781,4_planet,False,,360,0,0
8781,5_planet,False,,360,0,0
8781,7_planet,False,,360,0,0
8782,4_planet,False,,360,0,0
8782,5_planet,False,,360,0,0
8782,7_planet,False,,360,0,0
8783,4_planet,False,,360,0,0
8783,5_planet,False,,360,0,0
8783,7_planet,False,,360,0,0
8784,4_planet,False,,360,0,0
8784,5_planet,False,,360,0,0
8784,7_planet,False,,360,0,0
8785,4_planet,False,,360,0,0
8785,5_planet,False,,360,0,0
8785,7_planet,False,,360,0,0
8786,4_planet,False,,360,0,0
8786,5_planet,False,,360,0,0
8786,7_planet,False,,360,0,0
8787,4_planet,False,,360,0,0
8787,5_planet,False,,360,0,0
8787,7_planet,False,,360,0,0
8788,4_planet,False,,360,0,0
8788,5_planet,False,,360,0,0
8788,7_planet,False,,360,0,0
8789,4_planet,False,,360,0,0
8789,5_planet,False,,360,0,0
8789,7_planet,False,,360,0,0
8790,4_planet,False,,360,0,0
8790,5_planet,False,,360,0,0
8790,7_planet,False,,360,0,0
8791,4_planet,False,,360,0,0
8791,5_planet,False,,360,0,0
8791,7_planet,False,,360,0,0
8792,4_planet,False,,360,0,0
8792,5_planet,False,,360,0,0
8792,7_planet,False,,360,0,0
8793,4_planet,False,,360,0,0
8793,5_planet,False,,360,0,0
8793,7_planet,False,,360,0,0
8794,4_planet,False,,360,0,0
8794,5_planet,False,,360,0,0
8794,7_planet,False,,360,0,0
8795,4_planet,False,,360,0,0
8795,5_planet,False,,360,0,0
8795,7_planet,False,,360,0,0
8796,4_planet,False,,360,0,0
8796,5_planet,False,,360,0,0
8796,7_planet,False,,360,0,0
8797,4_planet,False,,360,0,0
8797,5_planet,False,,360,0,0
8797,7_planet,False,,360,0,0
8798,4_planet,False,,360,0,0
8798,5_planet,False,,360,0,0
8798,7_planet,False,,360,0,0
8799,4_planet,False,,360,0,0
8799,5_planet,False,,360,0,0
8799,7_planet,False,,360,0,0
8800,4_planet,False,,360,0,0
8800,5_planet,False,,360,0,0
8800,7_planet,False,,360,0,0
8801,4_planet,False,,360,0,0
8801,5_planet,False,,360,0,0
8801,7_planet,False,,360,0,0
8802,4_planet,False,,360,0,0
8802,5_planet,False,,360,0,0
8802,7_planet,False,,360,0,0
8803,4_planet,False,,360,0,0
8803,5_planet,False,,360,0,0
8803,7_planet,False,,360,0,0
8804,4_planet,False,,360,0,0
8804,5_planet,False,,360,0,0
8804,7_planet,False,,360,0,0
8805,4_planet,False,,360,0,0
8805,5_planet,False,,360,0,0
8805,7_planet,False,,360,0,0
8806,4_planet,False,,360,0,0
8806,5_planet,False,,360,0,0
8806,7_planet,False,,360,0,0
8807,4_planet,False,,360,0,0
8807,5_planet,False,,360,0,0
8807,7_planet,False,,360,0,0
8808,4_planet,False,,360,0,0
8808,5_planet,False,,360,0,0
8808,7_planet,False,,360,0,0
8809,4_planet,False,,360,0,0
8809,5_planet,False,,360,0,0
8809,7_planet,False,,360,0,0
8810,4_planet,False,,360,0,0
8810,5_planet,False,,360,0,0
8810,7_planet,False,,360,0,0
8811,4_planet,False,,360,0,0
8811,5_planet,False,,360,0,0
8811,7_planet,False,,360,0,0
8812,4_planet,False,,360,0,0
8812,5_planet,False,,360,0,0
8812,7_planet,False,,360,0,0
8813,4_planet,False,,360,0,0
8813,5_planet,False,,360,0,0
8813,7_planet,False,,360,0,0
8814,4_planet,False,,360,0,0
8814,5_planet,False,,360,0,0
8814,7_planet,False,,360,0,0
8815,4_planet,False,,360,0,0
8815,5_planet,False,,360,0,0
8815,7_planet,False,,360,0,0
8816,4_planet,False,,360,0,0
8816,5_planet,False,,360,0,0
8816,7_planet,False,,360,0,0
8817,4_planet,False,,360,0,0
8817,5_planet,False,,360,0,0
8817,7_planet,False,,360,0,0
8818,4_planet,False,,360,0,0
8818,5_planet,False,,360,0,0
8818,7_planet,False,,360,0,0
8819,4_planet,False,,360,0,0
8819,5_planet,False,,360,0,0
8819,7_planet,False,,360,0,0
8820,4_planet,False,,360,0,0
8820,5_planet,False,,360,0,0
8820,7_planet,False,,360,0,0
8821,4_planet,False,,360,0,0
8821,5_planet,False,,360,0,0
8821,7_planet,False,,360,0,0
8822,4_planet,False,,360,0,0
8822,5_planet,False,,360,0,0
8822,7_planet,False,,360,0,0
8823,4_planet,False,,360,0,0
8823,5_planet,False,,360,0,0
8823,7_planet,False,,360,0,0
8824,4_planet,False,,360,0,0
8824,5_planet,False,,360,0,0
8824,7_planet,False,,360,0,0
8825,4_planet,False,,360,0,0
8825,5_planet,False,,360,0,0
8825,7_planet,False,,360,0,0
8826,4_planet,False,,360,0,0
8826,5_planet,False,,360,0,0
8826,7_planet,False,,360,0,0
8827,4_planet,False,,360,0,0
8827,5_planet,False,,360,0,0
8827,7_planet,False,,360,0,0
8828,4_planet,False,,360,0,0
8828,5_planet,False,,360,0,0
8828,7_planet,False,,360,0,0
8829,4_planet,False,,360,0,0
8829,5_planet,False,,360,0,0
8829,7_planet,False,,360,0,0
8830,4_planet,False,,360,0,0
8830,5_planet,False,,360,0,0
8830,7_planet,False,,360,0,0
8831,4_planet,False,,360,0,0
8831,5_planet,False,,360,0,0
8831,7_planet,False,,360,0,0
8832,4_planet,False,,360,0,0
8832,5_planet,False,,360,0,0
8832,7_planet,False,,360,0,0
8833,4_planet,False,,360,0,0
8833,5_planet,False,,360,0,0
8833,7_planet,False,,360,0,0
8834,4_planet,False,,360,0,0
8834,5_planet,False,,360,0,0
8834,7_planet,False,,360,0,0
8835,4_planet,False,,360,0,0
8835,5_planet,False,,360,0,0
8835,7_planet,False,,360,0,0
8836,4_planet,False,,360,0,0
8836,5_planet,False,,360,0,0
8836,7_planet,False,,360,0,0
8837,4_planet,False,,360,0,0
8837,5_planet,False,,360,0,0
8837,7_planet,False,,360,0,0
8838,4_planet,False,,360,0,0
8838,5_planet,False,,360,0,0
8838,7_planet,False,,360,0,0
8839,4_planet,False,,360,0,0
8839,5_planet,False,,360,0,0
8839,7_planet,False,,360,0,0
8840,4_planet,False,,360,0,0
8840,5_planet,False,,360,0,0
8840,7_planet,False,,360,0,0
8841,4_planet,False,,360,0,0
8841,5_planet,False,,360,0,0
8841,7_planet,False,,360,0,0
8842,4_planet,False,,360,0,0
8842,5_planet,False,,360,0,0
8842,7_planet,False,,360,0,0
8843,4_planet,False,,360,0,0
8843,5_planet,False,,360,0,0
8843,7_planet,False,,360,0,0
8844,4_planet,False,,360,0,0
8844,5_planet,False,,360,0,0
8844,7_planet,False,,360,0,0
8845,4_planet,False,,360,0,0
8845,5_planet,False,,360,0,0
8845,7_planet,False,,360,0,0
8846,4_planet,False,,360,0,0
8846,5_planet,False,,360,0,0
8846,7_planet,False,,360,0,0
8847,4_planet,False,,360,0,0
8847,5_planet,False,,360,0,0
8847,7_planet,False,,360,0,0
8848,4_planet,False,,360,0,0
8848,5_planet,False,,360,0,0
8848,7_planet,False,,360,0,0
8849,4_planet,False,,360,0,0
8849,5_planet,False,,360,0,0
8849,7_planet,False,,360,0,0
8850,4_planet,False,,360,0,0
8850,5_planet,False,,360,0,0
8850,7_planet,False,,360,0,0
8851,4_planet,False,,360,0,0
8851,5_planet,False,,360,0,0
8851,7_planet,False,,360,0,0
8852,4_planet,False,,360,0,0
8852,5_planet,False,,360,0,0
8852,7_planet,False,,360,0,0
8853,4_planet,False,,360,0,0
8853,5_planet,False,,360,0,0
8853,7_planet,False,,360,0,0
8854,4_planet,False,,360,0,0
8854,5_planet,False,,360,0,0
8854,7_planet,False,,360,0,0
8855,4_planet,False,,360,0,0
8855,5_planet,False,,360,0,0
8855,7_planet,False,,360,0,0
8856,4_planet,False,,360,0,0
8856,5_planet,False,,360,0,0
8856,7_planet,False,,360,0,0
8857,4_planet,False,,360,0,0
8857,5_planet,False,,360,0,0
8857,7_planet,False,,360,0,0
8858,4_planet,False,,360,0,0
8858,5_planet,False,,360,0,0
8858,7_planet,False,,360,0,0
8859,4_planet,False,,360,0,0
8859,5_planet,False,,360,0,0
8859,7_planet,False,,360,0,0
8860,4_planet,False,,360,0,0
8860,5_planet,False,,360,0,0
8860,7_planet,False,,360,0,0
8861,4_planet,False,,360,0,0
8861,5_planet,False,,360,0,0
8861,7_planet,False,,360,0,0
8862,4_planet,False,,360,0,0
8862,5_planet,False,,360,0,0
8862,7_planet,False,,360,0,0
8863,4_planet,False,,360,0,0
8863,5_planet,False,,360,0,0
8863,7_planet,False,,360,0,0
8864,4_planet,False,,360,0,0
8864,5_planet,False,,360,0,0
8864,7_planet,False,,360,0,0
8865,4_planet,False,,360,0,0
8865,5_planet,False,,360,0,0
8865,7_planet,False,,360,0,0
8866,4_planet,False,,360,0,0
8866,5_planet,False,,360,0,0
8866,7_planet,False,,360,0,0
8867,4_planet,False,,360,0,0
8867,5_planet,False,,360,0,0
8867,7_planet,False,,360,0,0
8868,4_planet,False,,360,0,0
8868,5_planet,False,,360,0,0
8868,7_planet,False,,360,0,0
8869,4_planet,False,,360,0,0
8869,5_planet,False,,360,0,0
8869,7_planet,False,,360,0,0
8870,4_planet,False,,360,0,0
8870,5_planet,False,,360,0,0
8870,7_planet,False,,360,0,0
8871,4_planet,False,,360,0,0
8871,5_planet,False,,360,0,0
8871,7_planet,False,,360,0,0
8872,4_planet,False,,360,0,0
8872,5_planet,False,,360,0,0
8872,7_planet,False,,360,0,0
8873,4_planet,False,,360,0,0
8873,5_planet,False,,360,0,0
8873,7_planet,False,,360,0,0
8874,4_planet,False,,360,0,0
8874,5_planet,False,,360,0,0
8874,7_planet,False,,360,0,0
8875,4_planet,False,,360,0,0
8875,5_planet,False,,360,0,0
8875,7_planet,False,,360,0,0
8876,4_planet,False,,360,0,0
8876,5_planet,False,,360,0,0
8876,7_planet,False,,360,0,0
8877,4_planet,False,,360,0,0
8877,5_planet,False,,360,0,0
8877,7_planet,False,,360,0,0
8878,4_planet,False,,360,0,0
8878,5_planet,False,,360,0,0
8878,7_planet,False,,360,0,0
8879,4_planet,False,,360,0,0
8879,5_planet,False,,360,0,0
8879,7_planet,False,,360,0,0
8880,4_planet,False,,360,0,0
8880,5_planet,False,,360,0,0
8880,7_planet,False,,360,0,0
8881,4_planet,False,,360,0,0
8881,5_planet,False,,360,0,0
8881,7_planet,False,,360,0,0
8882,4_planet,False,,360,0,0
8882,5_planet,False,,360,0,0
8882,7_planet,False,,360,0,0
8883,4_planet,False,,360,0,0
8883,5_planet,False,,360,0,0
8883,7_planet,False,,360,0,0
8884,4_planet,False,,360,0,0
8884,5_planet,False,,360,0,0
8884,7_planet,False,,360,0,0
8885,4_planet,False,,360,0,0
8885,5_planet,False,,360,0,0
8885,7_planet,False,,360,0,0
8886,4_planet,False,,360,0,0
8886,5_planet,False,,360,0,0
8886,7_planet,False,,360,0,0
8887,4_planet,False,,360,0,0
8887,5_planet,False,,360,0,0
8887,7_planet,False,,360,0,0
8888,4_planet,False,,360,0,0
8888,5_planet,False,,360,0,0
8888,7_planet,False,,360,0,0
8889,4_planet,False,,360,0,0
8889,5_planet,False,,360,0,0
8889,7_planet,False,,360,0,0
8890,4_planet,False,,360,0,0
8890,5_planet,False,,360,0,0
8890,7_planet,False,,360,0,0
8891,4_planet,False,,360,0,0
8891,5_planet,False,,360,0,0
8891,7_planet,False,,360,0,0
8892,4_planet,False,,360,0,0
8892,5_planet,False,,360,0,0
8892,7_planet,False,,360,0,0
8893,4_planet,False,,360,0,0
8893,5_planet,False,,360,0,0
8893,7_planet,False,,360,0,0
8894,4_planet,False,,360,0,0
8894,5_planet,False,,360,0,0
8894,7_planet,False,,360,0,0
8895,4_planet,False,,360,0,0
8895,5_planet,False,,360,0,0
8895,7_planet,False,,360,0,0
8896,4_planet,False,,360,0,0
8896,5_planet,False,,360,0,0
8896,7_planet,False,,360,0,0
8897,4_planet,False,,360,0,0
8897,5_planet,False,,360,0,0
8897,7_planet,False,,360,0,0
8898,4_planet,False,,360,0,0
8898,5_planet,False,,360,0,0
8898,7_planet,False,,360,0,0
8899,4_planet,False,,360,0,0
8899,5_planet,False,,360,0,0
8899,7_planet,False,,360,0,0
8900,4_planet,False,,360,0,0
8900,5_planet,False,,360,0,0
8900,7_planet,False,,360,0,0
8901,4_planet,False,,360,0,0
8901,5_planet,False,,360,0,0
8901,7_planet,False,,360,0,0
8902,4_planet,False,,360,0,0
8902,5_planet,False,,360,0,0
8902,7_planet,False,,360,0,0
8903,4_planet,False,,360,0,0
8903,5_planet,False,,360,0,0
8903,7_planet,False,,360,0,0
8904,4_planet,False,,360,0,0
8904,5_planet,False,,360,0,0
8904,7_planet,False,,360,0,0
8905,4_planet,False,,360,0,0
8905,5_planet,False,,360,0,0
8905,7_planet,False,,360,0,0
8906,4_planet,False,,360,0,0
8906,5_planet,False,,360,0,0
8906,7_planet,False,,360,0,0
8907,4_planet,False,,360,0,0
8907,5_planet,False,,360,0,0
8907,7_planet,False,,360,0,0
8908,4_planet,False,,360,0,0
8908,5_planet,False,,360,0,0
8908,7_planet,False,,360,0,0
8909,4_planet,False,,360,0,0
8909,5_planet,False,,360,0,0
8909,7_planet,False,,360,0,0
8910,4_planet,False,,360,0,0
8910,5_planet,False,,360,0,0
8910,7_planet,False,,360,0,0
8911,4_planet,False,,360,0,0
8911,5_planet,False,,360,0,0
8911,7_planet,False,,360,0,0
8912,4_planet,False,,360,0,0
8912,5_planet,False,,360,0,0
8912,7_planet,False,,360,0,0
8913,4_planet,False,,360,0,0
8913,5_planet,False,,360,0,0
8913,7_planet,False,,360,0,0
8914,4_planet,False,,360,0,0
8914,5_planet,False,,360,0,0
8914,7_planet,False,,360,0,0
8915,4_planet,False,,360,0,0
8915,5_planet,False,,360,0,0
8915,7_planet,False,,360,0,0
8916,4_planet,False,,360,0,0
8916,5_planet,False,,360,0,0
8916,7_planet,False,,360,0,0
8917,4_planet,False,,360,0,0
8917,5_planet,False,,360,0,0
8917,7_planet,False,,360,0,0
8918,4_planet,False,,360,0,0
8918,5_planet,False,,360,0,0
8918,7_planet,False,,360,0,0
8919,4_planet,False,,360,0,0
8919,5_planet,False,,360,0,0
8919,7_planet,False,,360,0,0
8920,4_planet,False,,360,0,0
8920,5_planet,False,,360,0,0
8920,7_planet,False,,360,0,0
8921,4_planet,False,,360,0,0
8921,5_planet,False,,360,0,0
8921,7_planet,False,,360,0,0
8922,4_planet,False,,360,0,0
8922,5_planet,False,,360,0,0
8922,7_planet,False,,360,0,0
8923,4_planet,False,,360,0,0
8923,5_planet,False,,360,0,0
8923,7_planet,False,,360,0,0
8924,4_planet,False,,360,0,0
8924,5_planet,False,,360,0,0
8924,7_planet,False,,360,0,0
8925,4_planet,False,,360,0,0
8925,5_planet,False,,360,0,0
8925,7_planet,False,,360,0,0
8926,4_planet,False,,360,0,0
8926,5_planet,False,,360,0,0
8926,7_planet,False,,360,0,0
8927,4_planet,False,,360,0,0
8927,5_planet,False,,360,0,0
8927,7_planet,False,,360,0,0
8928,4_planet,False,,360,0,0
8928,5_planet,False,,360,0,0
8928,7_planet,False,,360,0,0
8929,4_planet,False,,360,0,0
8929,5_planet,False,,360,0,0
8929,7_planet,False,,360,0,0
8930,4_planet,False,,360,0,0
8930,5_planet,False,,360,0,0
8930,7_planet,False,,360,0,0
8931,4_planet,False,,360,0,0
8931,5_planet,False,,360,0,0
8931,7_planet,False,,360,0,0
8932,4_planet,False,,360,0,0
8932,5_planet,False,,360,0,0
8932,7_planet,False,,360,0,0
8933,4_planet,False,,360,0,0
8933,5_planet,False,,360,0,0
8933,7_planet,False,,360,0,0
8934,4_planet,False,,360,0,0
8934,5_planet,False,,360,0,0
8934,7_planet,False,,360,0,0
8935,4_planet,False,,360,0,0
8935,5_planet,False,,360,0,0
8935,7_planet,False,,360,0,0
8936,4_planet,False,,360,0,0
8936,5_planet,False,,360,0,0
8936,7_planet,False,,360,0,0
8937,4_planet,False,,360,0,0
8937,5_planet,False,,360,0,0
8937,7_planet,False,,360,0,0
8938,4_planet,False,,360,0,0
8938,5_planet,False,,360,0,0
8938,7_planet,False,,360,0,0
8939,4_planet,False,,360,0,0
8939,5_planet,False,,360,0,0
8939,7_planet,False,,360,0,0
8940,4_planet,False,,360,0,0
8940,5_planet,False,,360,0,0
8940,7_planet,False,,360,0,0
8941,4_planet,False,,360,0,0
8941,5_planet,False,,360,0,0
8941,7_planet,False,,360,0,0
8942,4_planet,False,,360,0,0
8942,5_planet,False,,360,0,0
8942,7_planet,False,,360,0,0
8943,4_planet,False,,360,0,0
8943,5_planet,False,,360,0,0
8943,7_planet,False,,360,0,0
8944,4_planet,False,,360,0,0
8944,5_planet,False,,360,0,0
8944,7_planet,False,,360,0,0
8945,4_planet,False,,360,0,0
8945,5_planet,False,,360,0,0
8945,7_planet,False,,360,0,0
8946,4_planet,False,,360,0,0
8946,5_planet,False,,360,0,0
8946,7_planet,False,,360,0,0
8947,4_planet,False,,360,0,0
8947,5_planet,False,,360,0,0
8947,7_planet,False,,360,0,0
8948,4_planet,False,,360,0,0
8948,5_planet,False,,360,0,0
8948,7_planet,False,,360,0,0
8949,4_planet,False,,360,0,0
8949,5_planet,False,,360,0,0
8949,7_planet,False,,360,0,0
8950,4_planet,False,,360,0,0
8950,5_planet,False,,360,0,0
8950,7_planet,False,,360,0,0
8951,4_planet,False,,360,0,0
8951,5_planet,False,,360,0,0
8951,7_planet,False,,360,0,0
8952,4_planet,False,,360,0,0
8952,5_planet,False,,360,0,0
8952,7_planet,False,,360,0,0
8953,4_planet,False,,360,0,0
8953,5_planet,False,,360,0,0
8953,7_planet,False,,360,0,0
8954,4_planet,False,,360,0,0
8954,5_planet,False,,360,0,0
8954,7_planet,False,,360,0,0
8955,4_planet,False,,360,0,0
8955,5_planet,False,,360,0,0
8955,7_planet,False,,360,0,0
8956,4_planet,False,,360,0,0
8956,5_planet,False,,360,0,0
8956,7_planet,False,,360,0,0
8957,4_planet,False,,360,0,0
8957,5_planet,False,,360,0,0
8957,7_planet,False,,360,0,0
8958,4_planet,False,,360,0,0
8958,5_planet,False,,360,0,0
8958,7_planet,False,,360,0,0
8959,4_planet,False,,360,0,0
8959,5_planet,False,,360,0,0
8959,7_planet,False,,360,0,0
8960,4_planet,False,,360,0,0
8960,5_planet,False,,360,0,0
8960,7_planet,False,,360,0,0
8961,4_planet,False,,360,0,0
8961,5_planet,False,,360,0,0
8961,7_planet,False,,360,0,0
8962,4_planet,False,,360,0,0
8962,5_planet,False,,360,0,0
8962,7_planet,False,,360,0,0
8963,4_planet,False,,360,0,0
8963,5_planet,False,,360,0,0
8963,7_planet,False,,360,0,0
8964,4_planet,False,,360,0,0
8964,5_planet,False,,360,0,0
8964,7_planet,False,,360,0,0
8965,4_planet,False,,360,0,0
8965,5_planet,False,,360,0,0
8965,7_planet,False,,360,0,0
8966,4_planet,False,,360,0,0
8966,5_planet,False,,360,0,0
8966,7_planet,False,,360,0,0
8967,4_planet,False,,360,0,0
8967,5_planet,False,,360,0,0
8967,7_planet,False,,360,0,0
8968,4_planet,False,,360,0,0
8968,5_planet,False,,360,0,0
8968,7_planet,False,,360,0,0
8969,4_planet,False,,360,0,0
8969,5_planet,False,,360,0,0
8969,7_planet,False,,360,0,0
8970,4_planet,False,,360,0,0
8970,5_planet,False,,360,0,0
8970,7_planet,False,,360,0,0
8971,4_planet,False,,360,0,0
8971,5_planet,False,,360,0,0
8971,7_planet,False,,360,0,0
8972,4_planet,False,,360,0,0
8972,5_planet,False,,360,0,0
8972,7_planet,False,,360,0,0
8973,4_planet,False,,360,0,0
8973,5_planet,False,,360,0,0
8973,7_planet,False,,360,0,0
8974,4_planet,False,,360,0,0
8974,5_planet,False,,360,0,0
8974,7_planet,False,,360,0,0
8975,4_planet,False,,360,0,0
8975,5_planet,False,,360,0,0
8975,7_planet,False,,360,0,0
8976,4_planet,False,,360,0,0
8976,5_planet,False,,360,0,0
8976,7_planet,False,,360,0,0
8977,4_planet,False,,360,0,0
8977,5_planet,False,,360,0,0
8977,7_planet,False,,360,0,0
8978,4_planet,False,,360,0,0
8978,5_planet,False,,360,0,0
8978,7_planet,False,,360,0,0
8979,4_planet,False,,360,0,0
8979,5_planet,False,,360,0,0
8979,7_planet,False,,360,0,0
8980,4_planet,False,,360,0,0
8980,5_planet,False,,360,0,0
8980,7_planet,False,,360,0,0
8981,4_planet,False,,360,0,0
8981,5_planet,False,,360,0,0
8981,7_planet,False,,360,0,0
8982,4_planet,False,,360,0,0
8982,5_planet,False,,360,0,0
8982,7_planet,False,,360,0,0
8983,4_planet,False,,360,0,0
8983,5_planet,False,,360,0,0
8983,7_planet,False,,360,0,0
8984,4_planet,False,,360,0,0
8984,5_planet,False,,360,0,0
8984,7_planet,False,,360,0,0
8985,4_planet,False,,360,0,0
8985,5_planet,False,,360,0,0
8985,7_planet,False,,360,0,0
8986,4_planet,False,,360,0,0
8986,5_planet,False,,360,0,0
8986,7_planet,False,,360,0,0
8987,4_planet,False,,360,0,0
8987,5_planet,False,,360,0,0
8987,7_planet,False,,360,0,0
8988,4_planet,False,,360,0,0
8988,5_planet,False,,360,0,0
8988,7_planet,False,,360,0,0
8989,4_planet,False,,360,0,0
8989,5_planet,False,,360,0,0
8989,7_planet,False,,360,0,0
8990,4_planet,False,,360,0,0
8990,5_planet,False,,360,0,0
8990,7_planet,False,,360,0,0
8991,4_planet,False,,360,0,0
8991,5_planet,False,,360,0,0
8991,7_planet,False,,360,0,0
8992,4_planet,False,,360,0,0
8992,5_planet,False,,360,0,0
8992,7_planet,False,,360,0,0
8993,4_planet,False,,360,0,0
8993,5_planet,False,,360,0,0
8993,7_planet,False,,360,0,0
8994,4_planet,False,,360,0,0
8994,5_planet,False,,360,0,0
8994,7_planet,False,,360,0,0
8995,4_planet,False,,360,0,0
8995,5_planet,False,,360,0,0
8995,7_planet,False,,360,0,0
8996,4_planet,False,,360,0,0
8996,5_planet,False,,360,0,0
8996,7_planet,False,,360,0,0
8997,4_planet,False,,360,0,0
8997,5_planet,False,,360,0,0
8997,7_planet,False,,360,0,0
8998,4_planet,False,,360,0,0
8998,5_planet,False,,360,0,0
8998,7_planet,False,,360,0,0
8999,4_planet,False,,360,0,0
8999,5_planet,False,,360,0,0
8999,7_planet,False,,360,0,0
9000,4_planet,False,,360,0,0
9000,5_planet,False,,360,0,0
9000,7_planet,False,,360,0,0
9001,4_planet,False,,360,0,0
9001,5_planet,False,,360,0,0
9001,7_planet,False,,360,0,0
9002,4_planet,False,,360,0,0
9002,5_planet,False,,360,0,0
9002,7_planet,False,,360,0,0
9003,4_planet,False,,360,0,0
9003,5_planet,False,,360,0,0
9003,7_planet,False,,360,0,0
9004,4_planet,False,,360,0,0
9004,5_planet,False,,360,0,0
9004,7_planet,False,,360,0,0
9005,4_planet,False,,360,0,0
9005,5_planet,False,,360,0,0
9005,7_planet,False,,360,0,0
9006,4_planet,False,,360,0,0
9006,5_planet,False,,360,0,0
9006,7_planet,False,,360,0,0
9007,4_planet,False,,360,0,0
9007,5_planet,False,,360,0,0
9007,7_planet,False,,360,0,0
9008,4_planet,False,,360,0,0
9008,5_planet,False,,360,0,0
9008,7_planet,False,,360,0,0
9009,4_planet,False,,360,0,0
9009,5_planet,False,,360,0,0
9009,7_planet,False,,360,0,0
9010,4_planet,False,,360,0,0
9010,5_planet,False,,360,0,0
9010,7_planet,False,,360,0,0
9011,4_planet,False,,360,0,0
9011,5_planet,False,,360,0,0
9011,7_planet,False,,360,0,0
9012,4_planet,False,,360,0,0
9012,5_planet,False,,360,0,0
9012,7_planet,False,,360,0,0
9013,4_planet,False,,360,0,0
9013,5_planet,False,,360,0,0
9013,7_planet,False,,360,0,0
9014,4_planet,False,,360,0,0
9014,5_planet,False,,360,0,0
9014,7_planet,False,,360,0,0
9015,4_planet,False,,360,0,0
9015,5_planet,False,,360,0,0
9015,7_planet,False,,360,0,0
9016,4_planet,False,,360,0,0
9016,5_planet,False,,360,0,0
9016,7_planet,False,,360,0,0
9017,4_planet,False,,360,0,0
9017,5_planet,False,,360,0,0
9017,7_planet,False,,360,0,0
9018,4_planet,False,,360,0,0
9018,5_planet,False,,360,0,0
9018,7_planet,False,,360,0,0
9019,4_planet,False,,360,0,0
9019,5_planet,False,,360,0,0
9019,7_planet,False,,360,0,0
9020,4_planet,False,,360,0,0
9020,5_planet,False,,360,0,0
9020,7_planet,False,,360,0,0
9021,4_planet,False,,360,0,0
9021,5_planet,False,,360,0,0
9021,7_planet,False,,360,0,0
9022,4_planet,False,,360,0,0
9022,5_planet,False,,360,0,0
9022,7_planet,False,,360,0,0
9023,4_planet,False,,360,0,0
9023,5_planet,False,,360,0,0
9023,7_planet,False,,360,0,0
9024,4_planet,False,,360,0,0
9024,5_planet,False,,360,0,0
9024,7_planet,False,,360,0,0
9025,4_planet,False,,360,0,0
9025,5_planet,False,,360,0,0
9025,7_planet,False,,360,0,0
9026,4_planet,False,,360,0,0
9026,5_planet,False,,360,0,0
9026,7_planet,False,,360,0,0
9027,4_planet,False,,360,0,0
9027,5_planet,False,,360,0,0
9027,7_planet,False,,360,0,0
9028,4_planet,False,,360,0,0
9028,5_planet,False,,360,0,0
9028,7_planet,False,,360,0,0
9029,4_planet,False,,360,0,0
9029,5_planet,False,,360,0,0
9029,7_planet,False,,360,0,0
9030,4_planet,False,,360,0,0
9030,5_planet,False,,360,0,0
9030,7_planet,False,,360,0,0
9031,4_planet,False,,360,0,0
9031,5_planet,False,,360,0,0
9031,7_planet,False,,360,0,0
9032,4_planet,False,,360,0,0
9032,5_planet,False,,360,0,0
9032,7_planet,False,,360,0,0
9033,4_planet,False,,360,0,0
9033,5_planet,False,,360,0,0
9033,7_planet,False,,360,0,0
9034,4_planet,False,,360,0,0
9034,5_planet,False,,360,0,0
9034,7_planet,False,,360,0,0
9035,4_planet,False,,360,0,0
9035,5_planet,False,,360,0,0
9035,7_planet,False,,360,0,0
9036,4_planet,False,,360,0,0
9036,5_planet,False,,360,0,0
9036,7_planet,False,,360,0,0
9037,4_planet,False,,360,0,0
9037,5_planet,False,,360,0,0
9037,7_planet,False,,360,0,0
9038,4_planet,False,,360,0,0
9038,5_planet,False,,360,0,0
9038,7_planet,False,,360,0,0
9039,4_planet,False,,360,0,0
9039,5_planet,False,,360,0,0
9039,7_planet,False,,360,0,0
9040,4_planet,False,,360,0,0
9040,5_planet,False,,360,0,0
9040,7_planet,False,,360,0,0
9041,4_planet,False,,360,0,0
9041,5_planet,False,,360,0,0
9041,7_planet,False,,360,0,0
9042,4_planet,False,,360,0,0
9042,5_planet,False,,360,0,0
9042,7_planet,False,,360,0,0
9043,4_planet,False,,360,0,0
9043,5_planet,False,,360,0,0
9043,7_planet,False,,360,0,0
9044,4_planet,False,,360,0,0
9044,5_planet,False,,360,0,0
9044,7_planet,False,,360,0,0
9045,4_planet,False,,360,0,0
9045,5_planet,False,,360,0,0
9045,7_planet,False,,360,0,0
9046,4_planet,False,,360,0,0
9046,5_planet,False,,360,0,0
9046,7_planet,False,,360,0,0
9047,4_planet,False,,360,0,0
9047,5_planet,False,,360,0,0
9047,7_planet,False,,360,0,0
9048,4_planet,False,,360,0,0
9048,5_planet,False,,360,0,0
9048,7_planet,False,,360,0,0
9049,4_planet,False,,360,0,0
9049,5_planet,False,,360,0,0
9049,7_planet,False,,360,0,0
9050,4_planet,False,,360,0,0
9050,5_planet,False,,360,0,0
9050,7_planet,False,,360,0,0
9051,4_planet,False,,360,0,0
9051,5_planet,False,,360,0,0
9051,7_planet,False,,360,0,0
9052,4_planet,False,,360,0,0
9052,5_planet,False,,360,0,0
9052,7_planet,False,,360,0,0
9053,4_planet,False,,360,0,0
9053,5_planet,False,,360,0,0
9053,7_planet,False,,360,0,0
9054,4_planet,False,,360,0,0
9054,5_planet,False,,360,0,0
9054,7_planet,False,,360,0,0
9055,4_planet,False,,360,0,0
9055,5_planet,False,,360,0,0
9055,7_planet,False,,360,0,0
9056,4_planet,False,,360,0,0
9056,5_planet,False,,360,0,0
9056,7_planet,False,,360,0,0
9057,4_planet,False,,360,0,0
9057,5_planet,False,,360,0,0
9057,7_planet,False,,360,0,0
9058,4_planet,False,,360,0,0
9058,5_planet,False,,360,0,0
9058,7_planet,False,,360,0,0
9059,4_planet,False,,360,0,0
9059,5_planet,False,,360,0,0
9059,7_planet,False,,360,0,0
9060,4_planet,False,,360,0,0
9060,5_planet,False,,360,0,0
9060,7_planet,False,,360,0,0
9061,4_planet,False,,360,0,0
9061,5_planet,False,,360,0,0
9061,7_planet,False,,360,0,0
9062,4_planet,False,,360,0,0
9062,5_planet,False,,360,0,0
9062,7_planet,False,,360,0,0
9063,4_planet,False,,360,0,0
9063,5_planet,False,,360,0,0
9063,7_planet,False,,360,0,0
9064,4_planet,False,,360,0,0
9064,5_planet,False,,360,0,0
9064,7_planet,False,,360,0,0
9065,4_planet,False,,360,0,0
9065,5_planet,False,,360,0,0
9065,7_planet,False,,360,0,0
9066,4_planet,False,,360,0,0
9066,5_planet,False,,360,0,0
9066,7_planet,False,,360,0,0
9067,4_planet,False,,360,0,0
9067,5_planet,False,,360,0,0
9067,7_planet,False,,360,0,0
9068,4_planet,False,,360,0,0
9068,5_planet,False,,360,0,0
9068,7_planet,False,,360,0,0
9069,4_planet,False,,360,0,0
9069,5_planet,False,,360,0,0
9069,7_planet,False,,360,0,0
9070,4_planet,False,,360,0,0
9070,5_planet,False,,360,0,0
9070,7_planet,False,,360,0,0
9071,4_planet,False,,360,0,0
9071,5_planet,False,,360,0,0
9071,7_planet,False,,360,0,0
9072,4_planet,False,,360,0,0
9072,5_planet,False,,360,0,0
9072,7_planet,False,,360,0,0
9073,4_planet,False,,360,0,0
9073,5_planet,False,,360,0,0
9073,7_planet,False,,360,0,0
9074,4_planet,False,,360,0,0
9074,5_planet,False,,360,0,0
9074,7_planet,False,,360,0,0
9075,4_planet,False,,360,0,0
9075,5_planet,False,,360,0,0
9075,7_planet,False,,360,0,0
9076,4_planet,False,,360,0,0
9076,5_planet,False,,360,0,0
9076,7_planet,False,,360,0,0
9077,4_planet,False,,360,0,0
9077,5_planet,False,,360,0,0
9077,7_planet,False,,360,0,0
9078,4_planet,False,,360,0,0
9078,5_planet,False,,360,0,0
9078,7_planet,False,,360,0,0
9079,4_planet,False,,360,0,0
9079,5_planet,False,,360,0,0
9079,7_planet,False,,360,0,0
9080,4_planet,False,,360,0,0
9080,5_planet,False,,360,0,0
9080,7_planet,False,,360,0,0
9081,4_planet,False,,360,0,0
9081,5_planet,False,,360,0,0
9081,7_planet,False,,360,0,0
9082,4_planet,False,,360,0,0
9082,5_planet,False,,360,0,0
9082,7_planet,False,,360,0,0
9083,4_planet,False,,360,0,0
9083,5_planet,False,,360,0,0
9083,7_planet,False,,360,0,0
9084,4_planet,False,,360,0,0
9084,5_planet,False,,360,0,0
9084,7_planet,False,,360,0,0
9085,4_planet,False,,360,0,0
9085,5_planet,False,,360,0,0
9085,7_planet,False,,360,0,0
9086,4_planet,False,,360,0,0
9086,5_planet,False,,360,0,0
9086,7_planet,False,,360,0,0
9087,4_planet,False,,360,0,0
9087,5_planet,False,,360,0,0
9087,7_planet,False,,360,0,0
9088,4_planet,False,,360,0,0
9088,5_planet,False,,360,0,0
9088,7_planet,False,,360,0,0
9089,4_planet,False,,360,0,0
9089,5_planet,False,,360,0,0
9089,7_planet,False,,360,0,0
9090,4_planet,False,,360,0,0
9090,5_planet,False,,360,0,0
9090,7_planet,False,,360,0,0
9091,4_planet,False,,360,0,0
9091,5_planet,False,,360,0,0
9091,7_planet,False,,360,0,0
9092,4_planet,False,,360,0,0
9092,5_planet,False,,360,0,0
9092,7_planet,False,,360,0,0
9093,4_planet,False,,360,0,0
9093,5_planet,False,,360,0,0
9093,7_planet,False,,360,0,0
9094,4_planet,False,,360,0,0
9094,5_planet,False,,360,0,0
9094,7_planet,False,,360,0,0
9095,4_planet,False,,360,0,0
9095,5_planet,False,,360,0,0
9095,7_planet,False,,360,0,0
9096,4_planet,False,,360,0,0
9096,5_planet,False,,360,0,0
9096,7_planet,False,,360,0,0
9097,4_planet,False,,360,0,0
9097,5_planet,False,,360,0,0
9097,7_planet,False,,360,0,0
9098,4_planet,False,,360,0,0
9098,5_planet,False,,360,0,0
9098,7_planet,False,,360,0,0
9099,4_planet,False,,360,0,0
9099,5_planet,False,,360,0,0
9099,7_planet,False,,360,0,0
9100,4_planet,False,,360,0,0
9100,5_planet,False,,360,0,0
9100,7_planet,False,,360,0,0
9101,4_planet,False,,360,0,0
9101,5_planet,False,,360,0,0
9101,7_planet,False,,360,0,0
9102,4_planet,False,,360,0,0
9102,5_planet,False,,360,0,0
9102,7_planet,False,,360,0,0
9103,4_planet,False,,360,0,0
9103,5_planet,False,,360,0,0
9103,7_planet,False,,360,0,0
9104,4_planet,False,,360,0,0
9104,5_planet,False,,360,0,0
9104,7_planet,False,,360,0,0
9105,4_planet,False,,360,0,0
9105,5_planet,False,,360,0,0
9105,7_planet,False,,360,0,0
9106,4_planet,False,,360,0,0
9106,5_planet,False,,360,0,0
9106,7_planet,False,,360,0,0
9107,4_planet,False,,360,0,0
9107,5_planet,False,,360,0,0
9107,7_planet,False,,360,0,0
9108,4_planet,False,,360,0,0
9108,5_planet,False,,360,0,0
9108,7_planet,False,,360,0,0
9109,4_planet,False,,360,0,0
9109,5_planet,False,,360,0,0
9109,7_planet,False,,360,0,0
9110,4_planet,False,,360,0,0
9110,5_planet,False,,360,0,0
9110,7_planet,False,,360,0,0
9111,4_planet,False,,360,0,0
9111,5_planet,False,,360,0,0
9111,7_planet,False,,360,0,0
9112,4_planet,False,,360,0,0
9112,5_planet,False,,360,0,0
9112,7_planet,False,,360,0,0
9113,4_planet,False,,360,0,0
9113,5_planet,False,,360,0,0
9113,7_planet,False,,360,0,0
9114,4_planet,False,,360,0,0
9114,5_planet,False,,360,0,0
9114,7_planet,False,,360,0,0
9115,4_planet,False,,360,0,0
9115,5_planet,False,,360,0,0
9115,7_planet,False,,360,0,0
9116,4_planet,False,,360,0,0
9116,5_planet,False,,360,0,0
9116,7_planet,False,,360,0,0
9117,4_planet,False,,360,0,0
9117,5_planet,False,,360,0,0
9117,7_planet,False,,360,0,0
9118,4_planet,False,,360,0,0
9118,5_planet,False,,360,0,0
9118,7_planet,False,,360,0,0
9119,4_planet,False,,360,0,0
9119,5_planet,False,,360,0,0
9119,7_planet,False,,360,0,0
9120,4_planet,False,,360,0,0
9120,5_planet,False,,360,0,0
9120,7_planet,False,,360,0,0
9121,4_planet,False,,360,0,0
9121,5_planet,False,,360,0,0
9121,7_planet,False,,360,0,0
9122,4_planet,False,,360,0,0
9122,5_planet,False,,360,0,0
9122,7_planet,False,,360,0,0
9123,4_planet,False,,360,0,0
9123,5_planet,False,,360,0,0
9123,7_planet,False,,360,0,0
9124,4_planet,False,,360,0,0
9124,5_planet,False,,360,0,0
9124,7_planet,False,,360,0,0
9125,4_planet,False,,360,0,0
9125,5_planet,False,,360,0,0
9125,7_planet,False,,360,0,0
9126,4_planet,False,,360,0,0
9126,5_planet,False,,360,0,0
9126,7_planet,False,,360,0,0
9127,4_planet,False,,360,0,0
9127,5_planet,False,,360,0,0
9127,7_planet,False,,360,0,0
9128,4_planet,False,,360,0,0
9128,5_planet,False,,360,0,0
9128,7_planet,False,,360,0,0
9129,4_planet,False,,360,0,0
9129,5_planet,False,,360,0,0
9129,7_planet,False,,360,0,0
9130,4_planet,False,,360,0,0
9130,5_planet,False,,360,0,0
9130,7_planet,False,,360,0,0
9131,4_planet,False,,360,0,0
9131,5_planet,False,,360,0,0
9131,7_planet,False,,360,0,0
9132,4_planet,False,,360,0,0
9132,5_planet,False,,360,0,0
9132,7_planet,False,,360,0,0
9133,4_planet,False,,360,0,0
9133,5_planet,False,,360,0,0
9133,7_planet,False,,360,0,0
9134,4_planet,False,,360,0,0
9134,5_planet,False,,360,0,0
9134,7_planet,False,,360,0,0
9135,4_planet,False,,360,0,0
9135,5_planet,False,,360,0,0
9135,7_planet,False,,360,0,0
9136,4_planet,False,,360,0,0
9136,5_planet,False,,360,0,0
9136,7_planet,False,,360,0,0
9137,4_planet,False,,360,0,0
9137,5_planet,False,,360,0,0
9137,7_planet,False,,360,0,0
9138,4_planet,False,,360,0,0
9138,5_planet,False,,360,0,0
9138,7_planet,False,,360,0,0
9139,4_planet,False,,360,0,0
9139,5_planet,False,,360,0,0
9139,7_planet,False,,360,0,0
9140,4_planet,False,,360,0,0
9140,5_planet,False,,360,0,0
9140,7_planet,False,,360,0,0
9141,4_planet,False,,360,0,0
9141,5_planet,False,,360,0,0
9141,7_planet,False,,360,0,0
9142,4_planet,False,,360,0,0
9142,5_planet,False,,360,0,0
9142,7_planet,False,,360,0,0
9143,4_planet,False,,360,0,0
9143,5_planet,False,,360,0,0
9143,7_planet,False,,360,0,0
9144,4_planet,False,,360,0,0
9144,5_planet,False,,360,0,0
9144,7_planet,False,,360,0,0
9145,4_planet,False,,360,0,0
9145,5_planet,False,,360,0,0
9145,7_planet,False,,360,0,0
9146,4_planet,False,,360,0,0
9146,5_planet,False,,360,0,0
9146,7_planet,False,,360,0,0
9147,4_planet,False,,360,0,0
9147,5_planet,False,,360,0,0
9147,7_planet,False,,360,0,0
9148,4_planet,False,,360,0,0
9148,5_planet,False,,360,0,0
9148,7_planet,False,,360,0,0
9149,4_planet,False,,360,0,0
9149,5_planet,False,,360,0,0
9149,7_planet,False,,360,0,0
9150,4_planet,False,,360,0,0
9150,5_planet,False,,360,0,0
9150,7_planet,False,,360,0,0
9151,4_planet,False,,360,0,0
9151,5_planet,False,,360,0,0
9151,7_planet,False,,360,0,0
9152,4_planet,False,,360,0,0
9152,5_planet,False,,360,0,0
9152,7_planet,False,,360,0,0
9153,4_planet,False,,360,0,0
9153,5_planet,False,,360,0,0
9153,7_planet,False,,360,0,0
9154,4_planet,False,,360,0,0
9154,5_planet,False,,360,0,0
9154,7_planet,False,,360,0,0
9155,4_planet,False,,360,0,0
9155,5_planet,False,,360,0,0
9155,7_planet,False,,360,0,0
9156,4_planet,False,,360,0,0
9156,5_planet,False,,360,0,0
9156,7_planet,False,,360,0,0
9157,4_planet,False,,360,0,0
9157,5_planet,False,,360,0,0
9157,7_planet,False,,360,0,0
9158,4_planet,False,,360,0,0
9158,5_planet,False,,360,0,0
9158,7_planet,False,,360,0,0
9159,4_planet,False,,360,0,0
9159,5_planet,False,,360,0,0
9159,7_planet,False,,360,0,0
9160,4_planet,False,,360,0,0
9160,5_planet,False,,360,0,0
9160,7_planet,False,,360,0,0
9161,4_planet,False,,360,0,0
9161,5_planet,False,,360,0,0
9161,7_planet,False,,360,0,0
9162,4_planet,False,,360,0,0
9162,5_planet,False,,360,0,0
9162,7_planet,False,,360,0,0
9163,4_planet,False,,360,0,0
9163,5_planet,False,,360,0,0
9163,7_planet,False,,360,0,0
9164,4_planet,False,,360,0,0
9164,5_planet,False,,360,0,0
9164,7_planet,False,,360,0,0
9165,4_planet,False,,360,0,0
9165,5_planet,False,,360,0,0
9165,7_planet,False,,360,0,0
9166,4_planet,False,,360,0,0
9166,5_planet,False,,360,0,0
9166,7_planet,False,,360,0,0
9167,4_planet,False,,360,0,0
9167,5_planet,False,,360,0,0
9167,7_planet,False,,360,0,0
9168,4_planet,False,,360,0,0
9168,5_planet,False,,360,0,0
9168,7_planet,False,,360,0,0
9169,4_planet,False,,360,0,0
9169,5_planet,False,,360,0,0
9169,7_planet,False,,360,0,0
9170,4_planet,False,,360,0,0
9170,5_planet,False,,360,0,0
9170,7_planet,False,,360,0,0
9171,4_planet,False,,360,0,0
9171,5_planet,False,,360,0,0
9171,7_planet,False,,360,0,0
9172,4_planet,False,,360,0,0
9172,5_planet,False,,360,0,0
9172,7_planet,False,,360,0,0
9173,4_planet,False,,360,0,0
9173,5_planet,False,,360,0,0
9173,7_planet,False,,360,0,0
9174,4_planet,False,,360,0,0
9174,5_planet,False,,360,0,0
9174,7_planet,False,,360,0,0
9175,4_planet,False,,360,0,0
9175,5_planet,False,,360,0,0
9175,7_planet,False,,360,0,0
9176,4_planet,False,,360,0,0
9176,5_planet,False,,360,0,0
9176,7_planet,False,,360,0,0
9177,4_planet,False,,360,0,0
9177,5_planet,False,,360,0,0
9177,7_planet,False,,360,0,0
9178,4_planet,False,,360,0,0
9178,5_planet,False,,360,0,0
9178,7_planet,False,,360,0,0
9179,4_planet,False,,360,0,0
9179,5_planet,False,,360,0,0
9179,7_planet,False,,360,0,0
9180,4_planet,False,,360,0,0
9180,5_planet,False,,360,0,0
9180,7_planet,False,,360,0,0
9181,4_planet,False,,360,0,0
9181,5_planet,False,,360,0,0
9181,7_planet,False,,360,0,0
9182,4_planet,False,,360,0,0
9182,5_planet,False,,360,0,0
9182,7_planet,False,,360,0,0
9183,4_planet,False,,360,0,0
9183,5_planet,False,,360,0,0
9183,7_planet,False,,360,0,0
9184,4_planet,False,,360,0,0
9184,5_planet,False,,360,0,0
9184,7_planet,False,,360,0,0
9185,4_planet,False,,360,0,0
9185,5_planet,False,,360,0,0
9185,7_planet,False,,360,0,0
9186,4_planet,False,,360,0,0
9186,5_planet,False,,360,0,0
9186,7_planet,False,,360,0,0
9187,4_planet,False,,360,0,0
9187,5_planet,False,,360,0,0
9187,7_planet,False,,360,0,0
9188,4_planet,False,,360,0,0
9188,5_planet,False,,360,0,0
9188,7_planet,False,,360,0,0
9189,4_planet,False,,360,0,0
9189,5_planet,False,,360,0,0
9189,7_planet,False,,360,0,0
9190,4_planet,False,,360,0,0
9190,5_planet,False,,360,0,0
9190,7_planet,False,,360,0,0
9191,4_planet,False,,360,0,0
9191,5_planet,False,,360,0,0
9191,7_planet,False,,360,0,0
9192,4_planet,False,,360,0,0
9192,5_planet,False,,360,0,0
9192,7_planet,False,,360,0,0
9193,4_planet,False,,360,0,0
9193,5_planet,False,,360,0,0
9193,7_planet,False,,360,0,0
9194,4_planet,False,,360,0,0
9194,5_planet,False,,360,0,0
9194,7_planet,False,,360,0,0
9195,4_planet,False,,360,0,0
9195,5_planet,False,,360,0,0
9195,7_planet,False,,360,0,0
9196,4_planet,False,,360,0,0
9196,5_planet,False,,360,0,0
9196,7_planet,False,,360,0,0
9197,4_planet,False,,360,0,0
9197,5_planet,False,,360,0,0
9197,7_planet,False,,360,0,0
9198,4_planet,False,,360,0,0
9198,5_planet,False,,360,0,0
9198,7_planet,False,,360,0,0
9199,4_planet,False,,360,0,0
9199,5_planet,False,,360,0,0
9199,7_planet,False,,360,0,0
9200,4_planet,False,,360,0,0
9200,5_planet,False,,360,0,0
9200,7_planet,False,,360,0,0
9201,4_planet,False,,360,0,0
9201,5_planet,False,,360,0,0
9201,7_planet,False,,360,0,0
9202,4_planet,False,,360,0,0
9202,5_planet,False,,360,0,0
9202,7_planet,False,,360,0,0
9203,4_planet,False,,360,0,0
9203,5_planet,False,,360,0,0
9203,7_planet,False,,360,0,0
9204,4_planet,False,,360,0,0
9204,5_planet,False,,360,0,0
9204,7_planet,False,,360,0,0
9205,4_planet,False,,360,0,0
9205,5_planet,False,,360,0,0
9205,7_planet,False,,360,0,0
9206,4_planet,False,,360,0,0
9206,5_planet,False,,360,0,0
9206,7_planet,False,,360,0,0
9207,4_planet,False,,360,0,0
9207,5_planet,False,,360,0,0
9207,7_planet,False,,360,0,0
9208,4_planet,False,,360,0,0
9208,5_planet,False,,360,0,0
9208,7_planet,False,,360,0,0
9209,4_planet,False,,360,0,0
9209,5_planet,False,,360,0,0
9209,7_planet,True,"Saturn, Mars, Venus, Moon, Jupiter, Sun, Mercury",58.86,1.9,35.71
9210,4_planet,False,,360,0,0
9210,5_planet,False,,360,0,0
9210,7_planet,False,,360,0,0
9211,4_planet,False,,360,0,0
9211,5_planet,False,,360,0,0
9211,7_planet,False,,360,0,0
9212,4_planet,False,,360,0,0
9212,5_planet,False,,360,0,0
9212,7_planet,False,,360,0,0
9213,4_planet,False,,360,0,0
9213,5_planet,False,,360,0,0
9213,7_planet,False,,360,0,0
9214,4_planet,False,,360,0,0
9214,5_planet,False,,360,0,0
9214,7_planet,False,,360,0,0
9215,4_planet,False,,360,0,0
9215,5_planet,False,,360,0,0
9215,7_planet,False,,360,0,0
9216,4_planet,False,,360,0,0
9216,5_planet,False,,360,0,0
9216,7_planet,False,,360,0,0
9217,4_planet,False,,360,0,0
9217,5_planet,False,,360,0,0
9217,7_planet,False,,360,0,0
9218,4_planet,False,,360,0,0
9218,5_planet,False,,360,0,0
9218,7_planet,False,,360,0,0
9219,4_planet,False,,360,0,0
9219,5_planet,False,,360,0,0
9219,7_planet,False,,360,0,0
9220,4_planet,False,,360,0,0
9220,5_planet,False,,360,0,0
9220,7_planet,False,,360,0,0
9221,4_planet,False,,360,0,0
9221,5_planet,False,,360,0,0
9221,7_planet,False,,360,0,0
9222,4_planet,False,,360,0,0
9222,5_planet,False,,360,0,0
9222,7_planet,False,,360,0,0
9223,4_planet,False,,360,0,0
9223,5_planet,False,,360,0,0
9223,7_planet,False,,360,0,0
9224,4_planet,False,,360,0,0
9224,5_planet,False,,360,0,0
9224,7_planet,False,,360,0,0
9225,4_planet,False,,360,0,0
9225,5_planet,False,,360,0,0
9225,7_planet,False,,360,0,0
9226,4_planet,False,,360,0,0
9226,5_planet,False,,360,0,0
9226,7_planet,False,,360,0,0
9227,4_planet,False,,360,0,0
9227,5_planet,False,,360,0,0
9227,7_planet,False,,360,0,0
9228,4_planet,False,,360,0,0
9228,5_planet,False,,360,0,0
9228,7_planet,False,,360,0,0
9229,4_planet,False,,360,0,0
9229,5_planet,False,,360,0,0
9229,7_planet,False,,360,0,0
9230,4_planet,False,,360,0,0
9230,5_planet,False,,360,0,0
9230,7_planet,False,,360,0,0
9231,4_planet,False,,360,0,0
9231,5_planet,False,,360,0,0
9231,7_planet,False,,360,0,0
9232,4_planet,False,,360,0,0
9232,5_planet,False,,360,0,0
9232,7_planet,False,,360,0,0
9233,4_planet,False,,360,0,0
9233,5_planet,False,,360,0,0
9233,7_planet,False,,360,0,0
9234,4_planet,False,,360,0,0
9234,5_planet,False,,360,0,0
9234,7_planet,False,,360,0,0
9235,4_planet,False,,360,0,0
9235,5_planet,False,,360,0,0
9235,7_planet,False,,360,0,0
9236,4_planet,False,,360,0,0
9236,5_planet,False,,360,0,0
9236,7_planet,False,,360,0,0
9237,4_planet,False,,360,0,0
9237,5_planet,False,,360,0,0
9237,7_planet,False,,360,0,0
9238,4_planet,False,,360,0,0
9238,5_planet,False,,360,0,0
9238,7_planet,False,,360,0,0
9239,4_planet,False,,360,0,0
9239,5_planet,False,,360,0,0
9239,7_planet,False,,360,0,0
9240,4_planet,False,,360,0,0
9240,5_planet,False,,360,0,0
9240,7_planet,False,,360,0,0
9241,4_planet,False,,360,0,0
9241,5_planet,False,,360,0,0
9241,7_planet,False,,360,0,0
9242,4_planet,False,,360,0,0
9242,5_planet,False,,360,0,0
9242,7_planet,False,,360,0,0
9243,4_planet,False,,360,0,0
9243,5_planet,False,,360,0,0
9243,7_planet,False,,360,0,0
9244,4_planet,False,,360,0,0
9244,5_planet,False,,360,0,0
9244,7_planet,False,,360,0,0
9245,4_planet,False,,360,0,0
9245,5_planet,False,,360,0,0
9245,7_planet,False,,360,0,0
9246,4_planet,False,,360,0,0
9246,5_planet,False,,360,0,0
9246,7_planet,False,,360,0,0
9247,4_planet,False,,360,0,0
9247,5_planet,False,,360,0,0
9247,7_planet,False,,360,0,0
9248,4_planet,False,,360,0,0
9248,5_planet,False,,360,0,0
9248,7_planet,False,,360,0,0
9249,4_planet,False,,360,0,0
9249,5_planet,False,,360,0,0
9249,7_planet,False,,360,0,0
9250,4_planet,False,,360,0,0
9250,5_planet,False,,360,0,0
9250,7_planet,False,,360,0,0
9251,4_planet,False,,360,0,0
9251,5_planet,False,,360,0,0
9251,7_planet,False,,360,0,0
9252,4_planet,False,,360,0,0
9252,5_planet,False,,360,0,0
9252,7_planet,False,,360,0,0
9253,4_planet,False,,360,0,0
9253,5_planet,False,,360,0,0
9253,7_planet,False,,360,0,0
9254,4_planet,False,,360,0,0
9254,5_planet,False,,360,0,0
9254,7_planet,False,,360,0,0
9255,4_planet,False,,360,0,0
9255,5_planet,False,,360,0,0
9255,7_planet,False,,360,0,0
9256,4_planet,False,,360,0,0
9256,5_planet,False,,360,0,0
9256,7_planet,False,,360,0,0
9257,4_planet,False,,360,0,0
9257,5_planet,False,,360,0,0
9257,7_planet,False,,360,0,0
9258,4_planet,False,,360,0,0
9258,5_planet,False,,360,0,0
9258,7_planet,True,"Saturn, Mars, Venus, Moon, Jupiter, Sun, Mercury",59.11,1.48,35.71
9259,4_planet,False,,360,0,0
9259,5_planet,False,,360,0,0
9259,7_planet,False,,360,0,0
9260,4_planet,False,,360,0,0
9260,5_planet,False,,360,0,0
9260,7_planet,False,,360,0,0
9261,4_planet,False,,360,0,0
9261,5_planet,False,,360,0,0
9261,7_planet,False,,360,0,0
9262,4_planet,False,,360,0,0
9262,5_planet,False,,360,0,0
9262,7_planet,False,,360,0,0
9263,4_planet,False,,360,0,0
9263,5_planet,False,,360,0,0
9263,7_planet,False,,360,0,0
9264,4_planet,False,,360,0,0
9264,5_planet,False,,360,0,0
9264,7_planet,False,,360,0,0
9265,4_planet,False,,360,0,0
9265,5_planet,False,,360,0,0
9265,7_planet,False,,360,0,0
9266,4_planet,False,,360,0,0
9266,5_planet,False,,360,0,0
9266,7_planet,False,,360,0,0
9267,4_planet,False,,360,0,0
9267,5_planet,False,,360,0,0
9267,7_planet,False,,360,0,0
9268,4_planet,False,,360,0,0
9268,5_planet,False,,360,0,0
9268,7_planet,False,,360,0,0
9269,4_planet,False,,360,0,0
9269,5_planet,False,,360,0,0
9269,7_planet,False,,360,0,0
9270,4_planet,False,,360,0,0
9270,5_planet,False,,360,0,0
9270,7_planet,False,,360,0,0
9271,4_planet,False,,360,0,0
9271,5_planet,False,,360,0,0
9271,7_planet,False,,360,0,0
9272,4_planet,False,,360,0,0
9272,5_planet,False,,360,0,0
9272,7_planet,False,,360,0,0
9273,4_planet,False,,360,0,0
9273,5_planet,False,,360,0,0
9273,7_planet,False,,360,0,0
9274,4_planet,False,,360,0,0
9274,5_planet,False,,360,0,0
9274,7_planet,False,,360,0,0
9275,4_planet,False,,360,0,0
9275,5_planet,False,,360,0,0
9275,7_planet,False,,360,0,0
9276,4_planet,False,,360,0,0
9276,5_planet,False,,360,0,0
9276,7_planet,False,,360,0,0
9277,4_planet,False,,360,0,0
9277,5_planet,False,,360,0,0
9277,7_planet,False,,360,0,0
9278,4_planet,False,,360,0,0
9278,5_planet,False,,360,0,0
9278,7_planet,False,,360,0,0
9279,4_planet,False,,360,0,0
9279,5_planet,False,,360,0,0
9279,7_planet,False,,360,0,0
9280,4_planet,False,,360,0,0
9280,5_planet,False,,360,0,0
9280,7_planet,False,,360,0,0
9281,4_planet,False,,360,0,0
9281,5_planet,False,,360,0,0
9281,7_planet,False,,360,0,0
9282,4_planet,False,,360,0,0
9282,5_planet,False,,360,0,0
9282,7_planet,False,,360,0,0
9283,4_planet,False,,360,0,0
9283,5_planet,False,,360,0,0
9283,7_planet,False,,360,0,0
9284,4_planet,False,,360,0,0
9284,5_planet,False,,360,0,0
9284,7_planet,False,,360,0,0
9285,4_planet,False,,360,0,0
9285,5_planet,False,,360,0,0
9285,7_planet,False,,360,0,0
9286,4_planet,False,,360,0,0
9286,5_planet,False,,360,0,0
9286,7_planet,False,,360,0,0
9287,4_planet,False,,360,0,0
9287,5_planet,False,,360,0,0
9287,7_planet,False,,360,0,0
9288,4_planet,False,,360,0,0
9288,5_planet,False,,360,0,0
9288,7_planet,False,,360,0,0
9289,4_planet,False,,360,0,0
9289,5_planet,False,,360,0,0
9289,7_planet,False,,360,0,0
9290,4_planet,False,,360,0,0
9290,5_planet,False,,360,0,0
9290,7_planet,False,,360,0,0
9291,4_planet,False,,360,0,0
9291,5_planet,False,,360,0,0
9291,7_planet,False,,360,0,0
9292,4_planet,False,,360,0,0
9292,5_planet,False,,360,0,0
9292,7_planet,False,,360,0,0
9293,4_planet,False,,360,0,0
9293,5_planet,False,,360,0,0
9293,7_planet,False,,360,0,0
9294,4_planet,False,,360,0,0
9294,5_planet,False,,360,0,0
9294,7_planet,False,,360,0,0
9295,4_planet,False,,360,0,0
9295,5_planet,False,,360,0,0
9295,7_planet,False,,360,0,0
9296,4_planet,False,,360,0,0
9296,5_planet,False,,360,0,0
9296,7_planet,False,,360,0,0
9297,4_planet,False,,360,0,0
9297,5_planet,False,,360,0,0
9297,7_planet,False,,360,0,0
9298,4_planet,False,,360,0,0
9298,5_planet,False,,360,0,0
9298,7_planet,False,,360,0,0
9299,4_planet,False,,360,0,0
9299,5_planet,False,,360,0,0
9299,7_planet,False,,360,0,0
9300,4_planet,False,,360,0,0
9300,5_planet,False,,360,0,0
9300,7_planet,False,,360,0,0
9301,4_planet,False,,360,0,0
9301,5_planet,False,,360,0,0
9301,7_planet,False,,360,0,0
9302,4_planet,False,,360,0,0
9302,5_planet,False,,360,0,0
9302,7_planet,False,,360,0,0
9303,4_planet,False,,360,0,0
9303,5_planet,False,,360,0,0
9303,7_planet,False,,360,0,0
9304,4_planet,False,,360,0,0
9304,5_planet,False,,360,0,0
9304,7_planet,False,,360,0,0
9305,4_planet,False,,360,0,0
9305,5_planet,False,,360,0,0
9305,7_planet,False,,360,0,0
9306,4_planet,False,,360,0,0
9306,5_planet,False,,360,0,0
9306,7_planet,False,,360,0,0
9307,4_planet,False,,360,0,0
9307,5_planet,False,,360,0,0
9307,7_planet,False,,360,0,0
9308,4_planet,False,,360,0,0
9308,5_planet,False,,360,0,0
9308,7_planet,False,,360,0,0
9309,4_planet,False,,360,0,0
9309,5_planet,False,,360,0,0
9309,7_planet,False,,360,0,0
9310,4_planet,False,,360,0,0
9310,5_planet,False,,360,0,0
9310,7_planet,False,,360,0,0
9311,4_planet,False,,360,0,0
9311,5_planet,False,,360,0,0
9311,7_planet,False,,360,0,0
9312,4_planet,False,,360,0,0
9312,5_planet,False,,360,0,0
9312,7_planet,False,,360,0,0
9313,4_planet,False,,360,0,0
9313,5_planet,False,,360,0,0
9313,7_planet,False,,360,0,0
9314,4_planet,False,,360,0,0
9314,5_planet,False,,360,0,0
9314,7_planet,False,,360,0,0
9315,4_planet,False,,360,0,0
9315,5_planet,False,,360,0,0
9315,7_planet,False,,360,0,0
9316,4_planet,False,,360,0,0
9316,5_planet,False,,360,0,0
9316,7_planet,False,,360,0,0
9317,4_planet,False,,360,0,0
9317,5_planet,False,,360,0,0
9317,7_planet,False,,360,0,0
9318,4_planet,False,,360,0,0
9318,5_planet,False,,360,0,0
9318,7_planet,False,,360,0,0
9319,4_planet,False,,360,0,0
9319,5_planet,False,,360,0,0
9319,7_planet,False,,360,0,0
9320,4_planet,False,,360,0,0
9320,5_planet,False,,360,0,0
9320,7_planet,False,,360,0,0
9321,4_planet,False,,360,0,0
9321,5_planet,False,,360,0,0
9321,7_planet,False,,360,0,0
9322,4_planet,False,,360,0,0
9322,5_planet,False,,360,0,0
9322,7_planet,False,,360,0,0
9323,4_planet,False,,360,0,0
9323,5_planet,False,,360,0,0
9323,7_planet,False,,360,0,0
9324,4_planet,False,,360,0,0
9324,5_planet,False,,360,0,0
9324,7_planet,False,,360,0,0
9325,4_planet,False,,360,0,0
9325,5_planet,False,,360,0,0
9325,7_planet,False,,360,0,0
9326,4_planet,False,,360,0,0
9326,5_planet,False,,360,0,0
9326,7_planet,False,,360,0,0
9327,4_planet,False,,360,0,0
9327,5_planet,False,,360,0,0
9327,7_planet,False,,360,0,0
9328,4_planet,False,,360,0,0
9328,5_planet,False,,360,0,0
9328,7_planet,False,,360,0,0
9329,4_planet,False,,360,0,0
9329,5_planet,False,,360,0,0
9329,7_planet,False,,360,0,0
9330,4_planet,False,,360,0,0
9330,5_planet,False,,360,0,0
9330,7_planet,False,,360,0,0
9331,4_planet,False,,360,0,0
9331,5_planet,False,,360,0,0
9331,7_planet,False,,360,0,0
9332,4_planet,False,,360,0,0
9332,5_planet,False,,360,0,0
9332,7_planet,False,,360,0,0
9333,4_planet,False,,360,0,0
9333,5_planet,False,,360,0,0
9333,7_planet,False,,360,0,0
9334,4_planet,False,,360,0,0
9334,5_planet,False,,360,0,0
9334,7_planet,False,,360,0,0
9335,4_planet,False,,360,0,0
9335,5_planet,False,,360,0,0
9335,7_planet,False,,360,0,0
9336,4_planet,False,,360,0,0
9336,5_planet,False,,360,0,0
9336,7_planet,False,,360,0,0
9337,4_planet,False,,360,0,0
9337,5_planet,False,,360,0,0
9337,7_planet,False,,360,0,0
9338,4_planet,False,,360,0,0
9338,5_planet,False,,360,0,0
9338,7_planet,False,,360,0,0
9339,4_planet,False,,360,0,0
9339,5_planet,False,,360,0,0
9339,7_planet,False,,360,0,0
9340,4_planet,False,,360,0,0
9340,5_planet,False,,360,0,0
9340,7_planet,False,,360,0,0
9341,4_planet,False,,360,0,0
9341,5_planet,False,,360,0,0
9341,7_planet,False,,360,0,0
9342,4_planet,False,,360,0,0
9342,5_planet,False,,360,0,0
9342,7_planet,False,,360,0,0
9343,4_planet,False,,360,0,0
9343,5_planet,False,,360,0,0
9343,7_planet,False,,360,0,0
9344,4_planet,False,,360,0,0
9344,5_planet,False,,360,0,0
9344,7_planet,False,,360,0,0
9345,4_planet,False,,360,0,0
9345,5_planet,False,,360,0,0
9345,7_planet,False,,360,0,0
9346,4_planet,False,,360,0,0
9346,5_planet,False,,360,0,0
9346,7_planet,False,,360,0,0
9347,4_planet,False,,360,0,0
9347,5_planet,False,,360,0,0
9347,7_planet,False,,360,0,0
9348,4_planet,False,,360,0,0
9348,5_planet,False,,360,0,0
9348,7_planet,False,,360,0,0
9349,4_planet,False,,360,0,0
9349,5_planet,False,,360,0,0
9349,7_planet,False,,360,0,0
9350,4_planet,False,,360,0,0
9350,5_planet,False,,360,0,0
9350,7_planet,False,,360,0,0
9351,4_planet,False,,360,0,0
9351,5_planet,False,,360,0,0
9351,7_planet,False,,360,0,0
9352,4_planet,False,,360,0,0
9352,5_planet,False,,360,0,0
9352,7_planet,False,,360,0,0
9353,4_planet,False,,360,0,0
9353,5_planet,False,,360,0,0
9353,7_planet,False,,360,0,0
9354,4_planet,False,,360,0,0
9354,5_planet,False,,360,0,0
9354,7_planet,False,,360,0,0
9355,4_planet,False,,360,0,0
9355,5_planet,False,,360,0,0
9355,7_planet,False,,360,0,0
9356,4_planet,False,,360,0,0
9356,5_planet,False,,360,0,0
9356,7_planet,False,,360,0,0
9357,4_planet,False,,360,0,0
9357,5_planet,False,,360,0,0
9357,7_planet,False,,360,0,0
9358,4_planet,False,,360,0,0
9358,5_planet,False,,360,0,0
9358,7_planet,False,,360,0,0
9359,4_planet,False,,360,0,0
9359,5_planet,False,,360,0,0
9359,7_planet,False,,360,0,0
9360,4_planet,False,,360,0,0
9360,5_planet,False,,360,0,0
9360,7_planet,False,,360,0,0
9361,4_planet,False,,360,0,0
9361,5_planet,False,,360,0,0
9361,7_planet,False,,360,0,0
9362,4_planet,False,,360,0,0
9362,5_planet,False,,360,0,0
9362,7_planet,False,,360,0,0
9363,4_planet,False,,360,0,0
9363,5_planet,False,,360,0,0
9363,7_planet,False,,360,0,0
9364,4_planet,False,,360,0,0
9364,5_planet,False,,360,0,0
9364,7_planet,False,,360,0,0
9365,4_planet,False,,360,0,0
9365,5_planet,False,,360,0,0
9365,7_planet,False,,360,0,0
9366,4_planet,False,,360,0,0
9366,5_planet,False,,360,0,0
9366,7_planet,False,,360,0,0
9367,4_planet,False,,360,0,0
9367,5_planet,False,,360,0,0
9367,7_planet,False,,360,0,0
9368,4_planet,False,,360,0,0
9368,5_planet,False,,360,0,0
9368,7_planet,False,,360,0,0
9369,4_planet,False,,360,0,0
9369,5_planet,False,,360,0,0
9369,7_planet,False,,360,0,0
9370,4_planet,False,,360,0,0
9370,5_planet,False,,360,0,0
9370,7_planet,False,,360,0,0
9371,4_planet,False,,360,0,0
9371,5_planet,False,,360,0,0
9371,7_planet,False,,360,0,0
9372,4_planet,False,,360,0,0
9372,5_planet,False,,360,0,0
9372,7_planet,False,,360,0,0
9373,4_planet,False,,360,0,0
9373,5_planet,False,,360,0,0
9373,7_planet,False,,360,0,0
9374,4_planet,False,,360,0,0
9374,5_planet,False,,360,0,0
9374,7_planet,False,,360,0,0
9375,4_planet,False,,360,0,0
9375,5_planet,False,,360,0,0
9375,7_planet,False,,360,0,0
9376,4_planet,False,,360,0,0
9376,5_planet,False,,360,0,0
9376,7_planet,False,,360,0,0
9377,4_planet,False,,360,0,0
9377,5_planet,False,,360,0,0
9377,7_planet,False,,360,0,0
9378,4_planet,False,,360,0,0
9378,5_planet,False,,360,0,0
9378,7_planet,False,,360,0,0
9379,4_planet,False,,360,0,0
9379,5_planet,False,,360,0,0
9379,7_planet,False,,360,0,0
9380,4_planet,False,,360,0,0
9380,5_planet,False,,360,0,0
9380,7_planet,False,,360,0,0
9381,4_planet,False,,360,0,0
9381,5_planet,False,,360,0,0
9381,7_planet,False,,360,0,0
9382,4_planet,False,,360,0,0
9382,5_planet,False,,360,0,0
9382,7_planet,False,,360,0,0
9383,4_planet,False,,360,0,0
9383,5_planet,False,,360,0,0
9383,7_planet,True,"Saturn, Mercury, Sun, Jupiter, Moon, Venus, Mars",58.23,2.95,42.86
9384,4_planet,False,,360,0,0
9384,5_planet,False,,360,0,0
9384,7_planet,False,,360,0,0
9385,4_planet,False,,360,0,0
9385,5_planet,False,,360,0,0
9385,7_planet,False,,360,0,0
9386,4_planet,False,,360,0,0
9386,5_planet,False,,360,0,0
9386,7_planet,False,,360,0,0
9387,4_planet,False,,360,0,0
9387,5_planet,False,,360,0,0
9387,7_planet,False,,360,0,0
9388,4_planet,False,,360,0,0
9388,5_planet,False,,360,0,0
9388,7_planet,False,,360,0,0
9389,4_planet,False,,360,0,0
9389,5_planet,False,,360,0,0
9389,7_planet,False,,360,0,0
9390,4_planet,False,,360,0,0
9390,5_planet,False,,360,0,0
9390,7_planet,False,,360,0,0
9391,4_planet,False,,360,0,0
9391,5_planet,False,,360,0,0
9391,7_planet,False,,360,0,0
9392,4_planet,False,,360,0,0
9392,5_planet,False,,360,0,0
9392,7_planet,False,,360,0,0
9393,4_planet,False,,360,0,0
9393,5_planet,False,,360,0,0
9393,7_planet,False,,360,0,0
9394,4_planet,False,,360,0,0
9394,5_planet,False,,360,0,0
9394,7_planet,False,,360,0,0
9395,4_planet,False,,360,0,0
9395,5_planet,False,,360,0,0
9395,7_planet,False,,360,0,0
9396,4_planet,False,,360,0,0
9396,5_planet,False,,360,0,0
9396,7_planet,False,,360,0,0
9397,4_planet,False,,360,0,0
9397,5_planet,False,,360,0,0
9397,7_planet,False,,360,0,0
9398,4_planet,False,,360,0,0
9398,5_planet,False,,360,0,0
9398,7_planet,False,,360,0,0
9399,4_planet,False,,360,0,0
9399,5_planet,False,,360,0,0
9399,7_planet,False,,360,0,0
9400,4_planet,False,,360,0,0
9400,5_planet,False,,360,0,0
9400,7_planet,False,,360,0,0
9401,4_planet,False,,360,0,0
9401,5_planet,False,,360,0,0
9401,7_planet,False,,360,0,0
9402,4_planet,False,,360,0,0
9402,5_planet,False,,360,0,0
9402,7_planet,False,,360,0,0
9403,4_planet,False,,360,0,0
9403,5_planet,False,,360,0,0
9403,7_planet,False,,360,0,0
9404,4_planet,False,,360,0,0
9404,5_planet,False,,360,0,0
9404,7_planet,False,,360,0,0
9405,4_planet,False,,360,0,0
9405,5_planet,False,,360,0,0
9405,7_planet,False,,360,0,0
9406,4_planet,False,,360,0,0
9406,5_planet,False,,360,0,0
9406,7_planet,False,,360,0,0
9407,4_planet,False,,360,0,0
9407,5_planet,False,,360,0,0
9407,7_planet,False,,360,0,0
9408,4_planet,False,,360,0,0
9408,5_planet,False,,360,0,0
9408,7_planet,False,,360,0,0
9409,4_planet,False,,360,0,0
9409,5_planet,False,,360,0,0
9409,7_planet,False,,360,0,0
9410,4_planet,False,,360,0,0
9410,5_planet,False,,360,0,0
9410,7_planet,False,,360,0,0
9411,4_planet,False,,360,0,0
9411,5_planet,False,,360,0,0
9411,7_planet,False,,360,0,0
9412,4_planet,False,,360,0,0
9412,5_planet,False,,360,0,0
9412,7_planet,False,,360,0,0
9413,4_planet,False,,360,0,0
9413,5_planet,False,,360,0,0
9413,7_planet,False,,360,0,0
9414,4_planet,False,,360,0,0
9414,5_planet,False,,360,0,0
9414,7_planet,False,,360,0,0
9415,4_planet,False,,360,0,0
9415,5_planet,False,,360,0,0
9415,7_planet,False,,360,0,0
9416,4_planet,False,,360,0,0
9416,5_planet,False,,360,0,0
9416,7_planet,False,,360,0,0
9417,4_planet,False,,360,0,0
9417,5_planet,False,,360,0,0
9417,7_planet,False,,360,0,0
9418,4_planet,False,,360,0,0
9418,5_planet,False,,360,0,0
9418,7_planet,False,,360,0,0
9419,4_planet,False,,360,0,0
9419,5_planet,False,,360,0,0
9419,7_planet,False,,360,0,0
9420,4_planet,False,,360,0,0
9420,5_planet,False,,360,0,0
9420,7_planet,False,,360,0,0
9421,4_planet,False,,360,0,0
9421,5_planet,False,,360,0,0
9421,7_planet,False,,360,0,0
9422,4_planet,False,,360,0,0
9422,5_planet,False,,360,0,0
9422,7_planet,False,,360,0,0
9423,4_planet,False,,360,0,0
9423,5_planet,False,,360,0,0
9423,7_planet,False,,360,0,0
9424,4_planet,False,,360,0,0
9424,5_planet,False,,360,0,0
9424,7_planet,False,,360,0,0
9425,4_planet,False,,360,0,0
9425,5_planet,False,,360,0,0
9425,7_planet,False,,360,0,0
9426,4_planet,False,,360,0,0
9426,5_planet,False,,360,0,0
9426,7_planet,False,,360,0,0
9427,4_planet,False,,360,0,0
9427,5_planet,False,,360,0,0
9427,7_planet,False,,360,0,0
9428,4_planet,False,,360,0,0
9428,5_planet,False,,360,0,0
9428,7_planet,False,,360,0,0
9429,4_planet,False,,360,0,0
9429,5_planet,False,,360,0,0
9429,7_planet,False,,360,0,0
9430,4_planet,False,,360,0,0
9430,5_planet,False,,360,0,0
9430,7_planet,False,,360,0,0
9431,4_planet,False,,360,0,0
9431,5_planet,False,,360,0,0
9431,7_planet,False,,360,0,0
9432,4_planet,False,,360,0,0
9432,5_planet,False,,360,0,0
9432,7_planet,False,,360,0,0
9433,4_planet,False,,360,0,0
9433,5_planet,False,,360,0,0
9433,7_planet,False,,360,0,0
9434,4_planet,False,,360,0,0
9434,5_planet,False,,360,0,0
9434,7_planet,False,,360,0,0
9435,4_planet,False,,360,0,0
9435,5_planet,False,,360,0,0
9435,7_planet,False,,360,0,0
9436,4_planet,False,,360,0,0
9436,5_planet,False,,360,0,0
9436,7_planet,False,,360,0,0
9437,4_planet,False,,360,0,0
9437,5_planet,False,,360,0,0
9437,7_planet,False,,360,0,0
9438,4_planet,False,,360,0,0
9438,5_planet,False,,360,0,0
9438,7_planet,False,,360,0,0
9439,4_planet,False,,360,0,0
9439,5_planet,False,,360,0,0
9439,7_planet,False,,360,0,0
9440,4_planet,False,,360,0,0
9440,5_planet,False,,360,0,0
9440,7_planet,False,,360,0,0
9441,4_planet,False,,360,0,0
9441,5_planet,False,,360,0,0
9441,7_planet,False,,360,0,0
9442,4_planet,False,,360,0,0
9442,5_planet,False,,360,0,0
9442,7_planet,False,,360,0,0
9443,4_planet,False,,360,0,0
9443,5_planet,False,,360,0,0
9443,7_planet,False,,360,0,0
9444,4_planet,False,,360,0,0
9444,5_planet,False,,360,0,0
9444,7_planet,False,,360,0,0
9445,4_planet,False,,360,0,0
9445,5_planet,False,,360,0,0
9445,7_planet,False,,360,0,0
9446,4_planet,False,,360,0,0
9446,5_planet,False,,360,0,0
9446,7_planet,False,,360,0,0
9447,4_planet,False,,360,0,0
9447,5_planet,False,,360,0,0
9447,7_planet,False,,360,0,0
9448,4_planet,False,,360,0,0
9448,5_planet,False,,360,0,0
9448,7_planet,False,,360,0,0
9449,4_planet,False,,360,0,0
9449,5_planet,False,,360,0,0
9449,7_planet,False,,360,0,0
9450,4_planet,False,,360,0,0
9450,5_planet,False,,360,0,0
9450,7_planet,False,,360,0,0
9451,4_planet,False,,360,0,0
9451,5_planet,False,,360,0,0
9451,7_planet,False,,360,0,0
9452,4_planet,False,,360,0,0
9452,5_planet,False,,360,0,0
9452,7_planet,False,,360,0,0
9453,4_planet,False,,360,0,0
9453,5_planet,False,,360,0,0
9453,7_planet,False,,360,0,0
9454,4_planet,False,,360,0,0
9454,5_planet,False,,360,0,0
9454,7_planet,False,,360,0,0
9455,4_planet,False,,360,0,0
9455,5_planet,False,,360,0,0
9455,7_planet,False,,360,0,0
9456,4_planet,False,,360,0,0
9456,5_planet,False,,360,0,0
9456,7_planet,False,,360,0,0
9457,4_planet,False,,360,0,0
9457,5_planet,False,,360,0,0
9457,7_planet,False,,360,0,0
9458,4_planet,False,,360,0,0
9458,5_planet,False,,360,0,0
9458,7_planet,False,,360,0,0
9459,4_planet,False,,360,0,0
9459,5_planet,False,,360,0,0
9459,7_planet,False,,360,0,0
9460,4_planet,False,,360,0,0
9460,5_planet,False,,360,0,0
9460,7_planet,False,,360,0,0
9461,4_planet,False,,360,0,0
9461,5_planet,False,,360,0,0
9461,7_planet,False,,360,0,0
9462,4_planet,False,,360,0,0
9462,5_planet,False,,360,0,0
9462,7_planet,False,,360,0,0
9463,4_planet,False,,360,0,0
9463,5_planet,False,,360,0,0
9463,7_planet,False,,360,0,0
9464,4_planet,False,,360,0,0
9464,5_planet,False,,360,0,0
9464,7_planet,False,,360,0,0
9465,4_planet,False,,360,0,0
9465,5_planet,False,,360,0,0
9465,7_planet,False,,360,0,0
9466,4_planet,False,,360,0,0
9466,5_planet,False,,360,0,0
9466,7_planet,False,,360,0,0
9467,4_planet,False,,360,0,0
9467,5_planet,False,,360,0,0
9467,7_planet,False,,360,0,0
9468,4_planet,False,,360,0,0
9468,5_planet,False,,360,0,0
9468,7_planet,False,,360,0,0
9469,4_planet,False,,360,0,0
9469,5_planet,False,,360,0,0
9469,7_planet,False,,360,0,0
9470,4_planet,False,,360,0,0
9470,5_planet,False,,360,0,0
9470,7_planet,False,,360,0,0
9471,4_planet,False,,360,0,0
9471,5_planet,False,,360,0,0
9471,7_planet,False,,360,0,0
9472,4_planet,False,,360,0,0
9472,5_planet,False,,360,0,0
9472,7_planet,False,,360,0,0
9473,4_planet,False,,360,0,0
9473,5_planet,False,,360,0,0
9473,7_planet,False,,360,0,0
9474,4_planet,False,,360,0,0
9474,5_planet,False,,360,0,0
9474,7_planet,False,,360,0,0
9475,4_planet,False,,360,0,0
9475,5_planet,False,,360,0,0
9475,7_planet,False,,360,0,0
9476,4_planet,False,,360,0,0
9476,5_planet,False,,360,0,0
9476,7_planet,False,,360,0,0
9477,4_planet,False,,360,0,0
9477,5_planet,False,,360,0,0
9477,7_planet,False,,360,0,0
9478,4_planet,False,,360,0,0
9478,5_planet,False,,360,0,0
9478,7_planet,False,,360,0,0
9479,4_planet,False,,360,0,0
9479,5_planet,False,,360,0,0
9479,7_planet,False,,360,0,0
9480,4_planet,False,,360,0,0
9480,5_planet,False,,360,0,0
9480,7_planet,False,,360,0,0
9481,4_planet,False,,360,0,0
9481,5_planet,False,,360,0,0
9481,7_planet,False,,360,0,0
9482,4_planet,False,,360,0,0
9482,5_planet,False,,360,0,0
9482,7_planet,False,,360,0,0
9483,4_planet,False,,360,0,0
9483,5_planet,False,,360,0,0
9483,7_planet,False,,360,0,0
9484,4_planet,False,,360,0,0
9484,5_planet,False,,360,0,0
9484,7_planet,False,,360,0,0
9485,4_planet,False,,360,0,0
9485,5_planet,False,,360,0,0
9485,7_planet,False,,360,0,0
9486,4_planet,False,,360,0,0
9486,5_planet,False,,360,0,0
9486,7_planet,False,,360,0,0
9487,4_planet,False,,360,0,0
9487,5_planet,False,,360,0,0
9487,7_planet,False,,360,0,0
9488,4_planet,False,,360,0,0
9488,5_planet,False,,360,0,0
9488,7_planet,False,,360,0,0
9489,4_planet,False,,360,0,0
9489,5_planet,False,,360,0,0
9489,7_planet,False,,360,0,0
9490,4_planet,False,,360,0,0
9490,5_planet,False,,360,0,0
9490,7_planet,False,,360,0,0
9491,4_planet,False,,360,0,0
9491,5_planet,False,,360,0,0
9491,7_planet,False,,360,0,0
9492,4_planet,False,,360,0,0
9492,5_planet,False,,360,0,0
9492,7_planet,False,,360,0,0
9493,4_planet,False,,360,0,0
9493,5_planet,False,,360,0,0
9493,7_planet,False,,360,0,0
9494,4_planet,False,,360,0,0
9494,5_planet,False,,360,0,0
9494,7_planet,False,,360,0,0
9495,4_planet,False,,360,0,0
9495,5_planet,False,,360,0,0
9495,7_planet,False,,360,0,0
9496,4_planet,False,,360,0,0
9496,5_planet,False,,360,0,0
9496,7_planet,False,,360,0,0
9497,4_planet,False,,360,0,0
9497,5_planet,False,,360,0,0
9497,7_planet,False,,360,0,0
9498,4_planet,False,,360,0,0
9498,5_planet,False,,360,0,0
9498,7_planet,False,,360,0,0
9499,4_planet,False,,360,0,0
9499,5_planet,False,,360,0,0
9499,7_planet,False,,360,0,0
9500,4_planet,False,,360,0,0
9500,5_planet,False,,360,0,0
9500,7_planet,False,,360,0,0
9501,4_planet,False,,360,0,0
9501,5_planet,False,,360,0,0
9501,7_planet,False,,360,0,0
9502,4_planet,False,,360,0,0
9502,5_planet,False,,360,0,0
9502,7_planet,False,,360,0,0
9503,4_planet,False,,360,0,0
9503,5_planet,False,,360,0,0
9503,7_planet,False,,360,0,0
9504,4_planet,False,,360,0,0
9504,5_planet,False,,360,0,0
9504,7_planet,False,,360,0,0
9505,4_planet,False,,360,0,0
9505,5_planet,False,,360,0,0
9505,7_planet,False,,360,0,0
9506,4_planet,False,,360,0,0
9506,5_planet,False,,360,0,0
9506,7_planet,False,,360,0,0
9507,4_planet,False,,360,0,0
9507,5_planet,False,,360,0,0
9507,7_planet,False,,360,0,0
9508,4_planet,False,,360,0,0
9508,5_planet,False,,360,0,0
9508,7_planet,False,,360,0,0
9509,4_planet,False,,360,0,0
9509,5_planet,False,,360,0,0
9509,7_planet,False,,360,0,0
9510,4_planet,False,,360,0,0
9510,5_planet,False,,360,0,0
9510,7_planet,False,,360,0,0
9511,4_planet,False,,360,0,0
9511,5_planet,False,,360,0,0
9511,7_planet,False,,360,0,0
9512,4_planet,False,,360,0,0
9512,5_planet,False,,360,0,0
9512,7_planet,False,,360,0,0
9513,4_planet,False,,360,0,0
9513,5_planet,False,,360,0,0
9513,7_planet,False,,360,0,0
9514,4_planet,False,,360,0,0
9514,5_planet,False,,360,0,0
9514,7_planet,False,,360,0,0
9515,4_planet,False,,360,0,0
9515,5_planet,False,,360,0,0
9515,7_planet,False,,360,0,0
9516,4_planet,False,,360,0,0
9516,5_planet,False,,360,0,0
9516,7_planet,False,,360,0,0
9517,4_planet,False,,360,0,0
9517,5_planet,False,,360,0,0
9517,7_planet,False,,360,0,0
9518,4_planet,False,,360,0,0
9518,5_planet,False,,360,0,0
9518,7_planet,False,,360,0,0
9519,4_planet,False,,360,0,0
9519,5_planet,False,,360,0,0
9519,7_planet,False,,360,0,0
9520,4_planet,False,,360,0,0
9520,5_planet,False,,360,0,0
9520,7_planet,False,,360,0,0
9521,4_planet,False,,360,0,0
9521,5_planet,False,,360,0,0
9521,7_planet,False,,360,0,0
9522,4_planet,False,,360,0,0
9522,5_planet,False,,360,0,0
9522,7_planet,False,,360,0,0
9523,4_planet,False,,360,0,0
9523,5_planet,False,,360,0,0
9523,7_planet,False,,360,0,0
9524,4_planet,False,,360,0,0
9524,5_planet,False,,360,0,0
9524,7_planet,False,,360,0,0
9525,4_planet,False,,360,0,0
9525,5_planet,False,,360,0,0
9525,7_planet,False,,360,0,0
9526,4_planet,False,,360,0,0
9526,5_planet,False,,360,0,0
9526,7_planet,False,,360,0,0
9527,4_planet,False,,360,0,0
9527,5_planet,False,,360,0,0
9527,7_planet,False,,360,0,0
9528,4_planet,False,,360,0,0
9528,5_planet,False,,360,0,0
9528,7_planet,False,,360,0,0
9529,4_planet,False,,360,0,0
9529,5_planet,False,,360,0,0
9529,7_planet,False,,360,0,0
9530,4_planet,False,,360,0,0
9530,5_planet,False,,360,0,0
9530,7_planet,False,,360,0,0
9531,4_planet,False,,360,0,0
9531,5_planet,False,,360,0,0
9531,7_planet,False,,360,0,0
9532,4_planet,False,,360,0,0
9532,5_planet,False,,360,0,0
9532,7_planet,False,,360,0,0
9533,4_planet,False,,360,0,0
9533,5_planet,False,,360,0,0
9533,7_planet,False,,360,0,0
9534,4_planet,False,,360,0,0
9534,5_planet,False,,360,0,0
9534,7_planet,False,,360,0,0
9535,4_planet,False,,360,0,0
9535,5_planet,False,,360,0,0
9535,7_planet,False,,360,0,0
9536,4_planet,False,,360,0,0
9536,5_planet,False,,360,0,0
9536,7_planet,False,,360,0,0
9537,4_planet,False,,360,0,0
9537,5_planet,False,,360,0,0
9537,7_planet,False,,360,0,0
9538,4_planet,False,,360,0,0
9538,5_planet,False,,360,0,0
9538,7_planet,False,,360,0,0
9539,4_planet,False,,360,0,0
9539,5_planet,False,,360,0,0
9539,7_planet,False,,360,0,0
9540,4_planet,False,,360,0,0
9540,5_planet,False,,360,0,0
9540,7_planet,False,,360,0,0
9541,4_planet,False,,360,0,0
9541,5_planet,False,,360,0,0
9541,7_planet,False,,360,0,0
9542,4_planet,False,,360,0,0
9542,5_planet,False,,360,0,0
9542,7_planet,False,,360,0,0
9543,4_planet,False,,360,0,0
9543,5_planet,False,,360,0,0
9543,7_planet,False,,360,0,0
9544,4_planet,False,,360,0,0
9544,5_planet,False,,360,0,0
9544,7_planet,False,,360,0,0
9545,4_planet,False,,360,0,0
9545,5_planet,False,,360,0,0
9545,7_planet,False,,360,0,0
9546,4_planet,False,,360,0,0
9546,5_planet,False,,360,0,0
9546,7_planet,False,,360,0,0
9547,4_planet,False,,360,0,0
9547,5_planet,False,,360,0,0
9547,7_planet,False,,360,0,0
9548,4_planet,False,,360,0,0
9548,5_planet,False,,360,0,0
9548,7_planet,False,,360,0,0
9549,4_planet,False,,360,0,0
9549,5_planet,False,,360,0,0
9549,7_planet,False,,360,0,0
9550,4_planet,False,,360,0,0
9550,5_planet,False,,360,0,0
9550,7_planet,False,,360,0,0
9551,4_planet,False,,360,0,0
9551,5_planet,False,,360,0,0
9551,7_planet,False,,360,0,0
9552,4_planet,False,,360,0,0
9552,5_planet,False,,360,0,0
9552,7_planet,False,,360,0,0
9553,4_planet,False,,360,0,0
9553,5_planet,False,,360,0,0
9553,7_planet,False,,360,0,0
9554,4_planet,False,,360,0,0
9554,5_planet,False,,360,0,0
9554,7_planet,False,,360,0,0
9555,4_planet,False,,360,0,0
9555,5_planet,False,,360,0,0
9555,7_planet,False,,360,0,0
9556,4_planet,False,,360,0,0
9556,5_planet,False,,360,0,0
9556,7_planet,False,,360,0,0
9557,4_planet,False,,360,0,0
9557,5_planet,False,,360,0,0
9557,7_planet,False,,360,0,0
9558,4_planet,False,,360,0,0
9558,5_planet,False,,360,0,0
9558,7_planet,False,,360,0,0
9559,4_planet,False,,360,0,0
9559,5_planet,False,,360,0,0
9559,7_planet,False,,360,0,0
9560,4_planet,False,,360,0,0
9560,5_planet,False,,360,0,0
9560,7_planet,False,,360,0,0
9561,4_planet,False,,360,0,0
9561,5_planet,False,,360,0,0
9561,7_planet,False,,360,0,0
9562,4_planet,False,,360,0,0
9562,5_planet,False,,360,0,0
9562,7_planet,False,,360,0,0
9563,4_planet,False,,360,0,0
9563,5_planet,False,,360,0,0
9563,7_planet,False,,360,0,0
9564,4_planet,False,,360,0,0
9564,5_planet,False,,360,0,0
9564,7_planet,False,,360,0,0
9565,4_planet,False,,360,0,0
9565,5_planet,False,,360,0,0
9565,7_planet,False,,360,0,0
9566,4_planet,False,,360,0,0
9566,5_planet,False,,360,0,0
9566,7_planet,False,,360,0,0
9567,4_planet,False,,360,0,0
9567,5_planet,False,,360,0,0
9567,7_planet,False,,360,0,0
9568,4_planet,False,,360,0,0
9568,5_planet,False,,360,0,0
9568,7_planet,False,,360,0,0
9569,4_planet,False,,360,0,0
9569,5_planet,False,,360,0,0
9569,7_planet,False,,360,0,0
9570,4_planet,False,,360,0,0
9570,5_planet,False,,360,0,0
9570,7_planet,False,,360,0,0
9571,4_planet,False,,360,0,0
9571,5_planet,False,,360,0,0
9571,7_planet,False,,360,0,0
9572,4_planet,False,,360,0,0
9572,5_planet,False,,360,0,0
9572,7_planet,False,,360,0,0
9573,4_planet,False,,360,0,0
9573,5_planet,False,,360,0,0
9573,7_planet,False,,360,0,0
9574,4_planet,False,,360,0,0
9574,5_planet,False,,360,0,0
9574,7_planet,False,,360,0,0
9575,4_planet,False,,360,0,0
9575,5_planet,False,,360,0,0
9575,7_planet,False,,360,0,0
9576,4_planet,False,,360,0,0
9576,5_planet,False,,360,0,0
9576,7_planet,False,,360,0,0
9577,4_planet,False,,360,0,0
9577,5_planet,False,,360,0,0
9577,7_planet,False,,360,0,0
9578,4_planet,False,,360,0,0
9578,5_planet,False,,360,0,0
9578,7_planet,False,,360,0,0
9579,4_planet,False,,360,0,0
9579,5_planet,False,,360,0,0
9579,7_planet,False,,360,0,0
9580,4_planet,False,,360,0,0
9580,5_planet,False,,360,0,0
9580,7_planet,False,,360,0,0
9581,4_planet,False,,360,0,0
9581,5_planet,False,,360,0,0
9581,7_planet,False,,360,0,0
9582,4_planet,False,,360,0,0
9582,5_planet,False,,360,0,0
9582,7_planet,False,,360,0,0
9583,4_planet,False,,360,0,0
9583,5_planet,False,,360,0,0
9583,7_planet,False,,360,0,0
9584,4_planet,False,,360,0,0
9584,5_planet,False,,360,0,0
9584,7_planet,False,,360,0,0
9585,4_planet,False,,360,0,0
9585,5_planet,False,,360,0,0
9585,7_planet,False,,360,0,0
9586,4_planet,False,,360,0,0
9586,5_planet,False,,360,0,0
9586,7_planet,False,,360,0,0
9587,4_planet,False,,360,0,0
9587,5_planet,False,,360,0,0
9587,7_planet,False,,360,0,0
9588,4_planet,False,,360,0,0
9588,5_planet,False,,360,0,0
9588,7_planet,False,,360,0,0
9589,4_planet,False,,360,0,0
9589,5_planet,False,,360,0,0
9589,7_planet,False,,360,0,0
9590,4_planet,False,,360,0,0
9590,5_planet,False,,360,0,0
9590,7_planet,False,,360,0,0
9591,4_planet,False,,360,0,0
9591,5_planet,False,,360,0,0
9591,7_planet,False,,360,0,0
9592,4_planet,False,,360,0,0
9592,5_planet,False,,360,0,0
9592,7_planet,False,,360,0,0
9593,4_planet,False,,360,0,0
9593,5_planet,False,,360,0,0
9593,7_planet,False,,360,0,0
9594,4_planet,False,,360,0,0
9594,5_planet,False,,360,0,0
9594,7_planet,False,,360,0,0
9595,4_planet,False,,360,0,0
9595,5_planet,False,,360,0,0
9595,7_planet,False,,360,0,0
9596,4_planet,False,,360,0,0
9596,5_planet,False,,360,0,0
9596,7_planet,False,,360,0,0
9597,4_planet,False,,360,0,0
9597,5_planet,False,,360,0,0
9597,7_planet,False,,360,0,0
9598,4_planet,False,,360,0,0
9598,5_planet,False,,360,0,0
9598,7_planet,False,,360,0,0
9599,4_planet,False,,360,0,0
9599,5_planet,False,,360,0,0
9599,7_planet,False,,360,0,0
9600,4_planet,False,,360,0,0
9600,5_planet,False,,360,0,0
9600,7_planet,False,,360,0,0
9601,4_planet,False,,360,0,0
9601,5_planet,False,,360,0,0
9601,7_planet,False,,360,0,0
9602,4_planet,False,,360,0,0
9602,5_planet,False,,360,0,0
9602,7_planet,False,,360,0,0
9603,4_planet,False,,360,0,0
9603,5_planet,False,,360,0,0
9603,7_planet,False,,360,0,0
9604,4_planet,False,,360,0,0
9604,5_planet,False,,360,0,0
9604,7_planet,False,,360,0,0
9605,4_planet,False,,360,0,0
9605,5_planet,False,,360,0,0
9605,7_planet,False,,360,0,0
9606,4_planet,False,,360,0,0
9606,5_planet,False,,360,0,0
9606,7_planet,False,,360,0,0
9607,4_planet,False,,360,0,0
9607,5_planet,False,,360,0,0
9607,7_planet,False,,360,0,0
9608,4_planet,False,,360,0,0
9608,5_planet,False,,360,0,0
9608,7_planet,False,,360,0,0
9609,4_planet,False,,360,0,0
9609,5_planet,False,,360,0,0
9609,7_planet,False,,360,0,0
9610,4_planet,False,,360,0,0
9610,5_planet,False,,360,0,0
9610,7_planet,False,,360,0,0
9611,4_planet,False,,360,0,0
9611,5_planet,False,,360,0,0
9611,7_planet,False,,360,0,0
9612,4_planet,False,,360,0,0
9612,5_planet,False,,360,0,0
9612,7_planet,False,,360,0,0
9613,4_planet,False,,360,0,0
9613,5_planet,False,,360,0,0
9613,7_planet,False,,360,0,0
9614,4_planet,False,,360,0,0
9614,5_planet,False,,360,0,0
9614,7_planet,False,,360,0,0
9615,4_planet,False,,360,0,0
9615,5_planet,False,,360,0,0
9615,7_planet,False,,360,0,0
9616,4_planet,False,,360,0,0
9616,5_planet,False,,360,0,0
9616,7_planet,False,,360,0,0
9617,4_planet,False,,360,0,0
9617,5_planet,False,,360,0,0
9617,7_planet,False,,360,0,0
9618,4_planet,False,,360,0,0
9618,5_planet,False,,360,0,0
9618,7_planet,False,,360,0,0
9619,4_planet,False,,360,0,0
9619,5_planet,False,,360,0,0
9619,7_planet,False,,360,0,0
9620,4_planet,False,,360,0,0
9620,5_planet,False,,360,0,0
9620,7_planet,False,,360,0,0
9621,4_planet,False,,360,0,0
9621,5_planet,False,,360,0,0
9621,7_planet,False,,360,0,0
9622,4_planet,False,,360,0,0
9622,5_planet,False,,360,0,0
9622,7_planet,False,,360,0,0
9623,4_planet,False,,360,0,0
9623,5_planet,False,,360,0,0
9623,7_planet,False,,360,0,0
9624,4_planet,False,,360,0,0
9624,5_planet,False,,360,0,0
9624,7_planet,False,,360,0,0
9625,4_planet,False,,360,0,0
9625,5_planet,False,,360,0,0
9625,7_planet,False,,360,0,0
9626,4_planet,False,,360,0,0
9626,5_planet,False,,360,0,0
9626,7_planet,False,,360,0,0
9627,4_planet,False,,360,0,0
9627,5_planet,False,,360,0,0
9627,7_planet,False,,360,0,0
9628,4_planet,False,,360,0,0
9628,5_planet,False,,360,0,0
9628,7_planet,False,,360,0,0
9629,4_planet,False,,360,0,0
9629,5_planet,False,,360,0,0
9629,7_planet,False,,360,0,0
9630,4_planet,False,,360,0,0
9630,5_planet,False,,360,0,0
9630,7_planet,False,,360,0,0
9631,4_planet,False,,360,0,0
9631,5_planet,False,,360,0,0
9631,7_planet,False,,360,0,0
9632,4_planet,False,,360,0,0
9632,5_planet,False,,360,0,0
9632,7_planet,False,,360,0,0
9633,4_planet,False,,360,0,0
9633,5_planet,False,,360,0,0
9633,7_planet,False,,360,0,0
9634,4_planet,False,,360,0,0
9634,5_planet,False,,360,0,0
9634,7_planet,False,,360,0,0
9635,4_planet,False,,360,0,0
9635,5_planet,False,,360,0,0
9635,7_planet,False,,360,0,0
9636,4_planet,False,,360,0,0
9636,5_planet,False,,360,0,0
9636,7_planet,False,,360,0,0
9637,4_planet,False,,360,0,0
9637,5_planet,False,,360,0,0
9637,7_planet,False,,360,0,0
9638,4_planet,False,,360,0,0
9638,5_planet,False,,360,0,0
9638,7_planet,False,,360,0,0
9639,4_planet,False,,360,0,0
9639,5_planet,False,,360,0,0
9639,7_planet,False,,360,0,0
9640,4_planet,False,,360,0,0
9640,5_planet,False,,360,0,0
9640,7_planet,False,,360,0,0
9641,4_planet,False,,360,0,0
9641,5_planet,False,,360,0,0
9641,7_planet,False,,360,0,0
9642,4_planet,False,,360,0,0
9642,5_planet,False,,360,0,0
9642,7_planet,False,,360,0,0
9643,4_planet,False,,360,0,0
9643,5_planet,False,,360,0,0
9643,7_planet,False,,360,0,0
9644,4_planet,False,,360,0,0
9644,5_planet,False,,360,0,0
9644,7_planet,False,,360,0,0
9645,4_planet,False,,360,0,0
9645,5_planet,False,,360,0,0
9645,7_planet,False,,360,0,0
9646,4_planet,False,,360,0,0
9646,5_planet,False,,360,0,0
9646,7_planet,False,,360,0,0
9647,4_planet,False,,360,0,0
9647,5_planet,False,,360,0,0
9647,7_planet,False,,360,0,0
9648,4_planet,False,,360,0,0
9648,5_planet,False,,360,0,0
9648,7_planet,False,,360,0,0
9649,4_planet,False,,360,0,0
9649,5_planet,False,,360,0,0
9649,7_planet,False,,360,0,0
9650,4_planet,False,,360,0,0
9650,5_planet,False,,360,0,0
9650,7_planet,False,,360,0,0
9651,4_planet,False,,360,0,0
9651,5_planet,False,,360,0,0
9651,7_planet,False,,360,0,0
9652,4_planet,False,,360,0,0
9652,5_planet,False,,360,0,0
9652,7_planet,False,,360,0,0
9653,4_planet,False,,360,0,0
9653,5_planet,False,,360,0,0
9653,7_planet,False,,360,0,0
9654,4_planet,False,,360,0,0
9654,5_planet,False,,360,0,0
9654,7_planet,False,,360,0,0
9655,4_planet,False,,360,0,0
9655,5_planet,False,,360,0,0
9655,7_planet,False,,360,0,0
9656,4_planet,False,,360,0,0
9656,5_planet,False,,360,0,0
9656,7_planet,False,,360,0,0
9657,4_planet,False,,360,0,0
9657,5_planet,False,,360,0,0
9657,7_planet,False,,360,0,0
9658,4_planet,False,,360,0,0
9658,5_planet,False,,360,0,0
9658,7_planet,False,,360,0,0
9659,4_planet,False,,360,0,0
9659,5_planet,False,,360,0,0
9659,7_planet,False,,360,0,0
9660,4_planet,False,,360,0,0
9660,5_planet,False,,360,0,0
9660,7_planet,False,,360,0,0
9661,4_planet,False,,360,0,0
9661,5_planet,False,,360,0,0
9661,7_planet,False,,360,0,0
9662,4_planet,False,,360,0,0
9662,5_planet,False,,360,0,0
9662,7_planet,False,,360,0,0
9663,4_planet,False,,360,0,0
9663,5_planet,False,,360,0,0
9663,7_planet,False,,360,0,0
9664,4_planet,False,,360,0,0
9664,5_planet,False,,360,0,0
9664,7_planet,False,,360,0,0
9665,4_planet,False,,360,0,0
9665,5_planet,False,,360,0,0
9665,7_planet,False,,360,0,0
9666,4_planet,False,,360,0,0
9666,5_planet,False,,360,0,0
9666,7_planet,False,,360,0,0
9667,4_planet,False,,360,0,0
9667,5_planet,False,,360,0,0
9667,7_planet,False,,360,0,0
9668,4_planet,False,,360,0,0
9668,5_planet,False,,360,0,0
9668,7_planet,False,,360,0,0
9669,4_planet,False,,360,0,0
9669,5_planet,False,,360,0,0
9669,7_planet,False,,360,0,0
9670,4_planet,False,,360,0,0
9670,5_planet,False,,360,0,0
9670,7_planet,False,,360,0,0
9671,4_planet,False,,360,0,0
9671,5_planet,False,,360,0,0
9671,7_planet,False,,360,0,0
9672,4_planet,False,,360,0,0
9672,5_planet,False,,360,0,0
9672,7_planet,False,,360,0,0
9673,4_planet,False,,360,0,0
9673,5_planet,False,,360,0,0
9673,7_planet,False,,360,0,0
9674,4_planet,False,,360,0,0
9674,5_planet,False,,360,0,0
9674,7_planet,False,,360,0,0
9675,4_planet,False,,360,0,0
9675,5_planet,False,,360,0,0
9675,7_planet,False,,360,0,0
9676,4_planet,False,,360,0,0
9676,5_planet,False,,360,0,0
9676,7_planet,False,,360,0,0
9677,4_planet,False,,360,0,0
9677,5_planet,False,,360,0,0
9677,7_planet,False,,360,0,0
9678,4_planet,False,,360,0,0
9678,5_planet,False,,360,0,0
9678,7_planet,False,,360,0,0
9679,4_planet,False,,360,0,0
9679,5_planet,False,,360,0,0
9679,7_planet,False,,360,0,0
9680,4_planet,False,,360,0,0
9680,5_planet,False,,360,0,0
9680,7_planet,False,,360,0,0
9681,4_planet,False,,360,0,0
9681,5_planet,False,,360,0,0
9681,7_planet,False,,360,0,0
9682,4_planet,False,,360,0,0
9682,5_planet,False,,360,0,0
9682,7_planet,False,,360,0,0
9683,4_planet,False,,360,0,0
9683,5_planet,False,,360,0,0
9683,7_planet,False,,360,0,0
9684,4_planet,False,,360,0,0
9684,5_planet,False,,360,0,0
9684,7_planet,False,,360,0,0
9685,4_planet,False,,360,0,0
9685,5_planet,False,,360,0,0
9685,7_planet,False,,360,0,0
9686,4_planet,False,,360,0,0
9686,5_planet,False,,360,0,0
9686,7_planet,False,,360,0,0
9687,4_planet,False,,360,0,0
9687,5_planet,False,,360,0,0
9687,7_planet,False,,360,0,0
9688,4_planet,False,,360,0,0
9688,5_planet,False,,360,0,0
9688,7_planet,False,,360,0,0
9689,4_planet,False,,360,0,0
9689,5_planet,False,,360,0,0
9689,7_planet,False,,360,0,0
9690,4_planet,False,,360,0,0
9690,5_planet,False,,360,0,0
9690,7_planet,False,,360,0,0
9691,4_planet,False,,360,0,0
9691,5_planet,False,,360,0,0
9691,7_planet,False,,360,0,0
9692,4_planet,False,,360,0,0
9692,5_planet,False,,360,0,0
9692,7_planet,False,,360,0,0
9693,4_planet,False,,360,0,0
9693,5_planet,False,,360,0,0
9693,7_planet,False,,360,0,0
9694,4_planet,False,,360,0,0
9694,5_planet,False,,360,0,0
9694,7_planet,False,,360,0,0
9695,4_planet,False,,360,0,0
9695,5_planet,False,,360,0,0
9695,7_planet,False,,360,0,0
9696,4_planet,False,,360,0,0
9696,5_planet,False,,360,0,0
9696,7_planet,False,,360,0,0
9697,4_planet,False,,360,0,0
9697,5_planet,False,,360,0,0
9697,7_planet,False,,360,0,0
9698,4_planet,False,,360,0,0
9698,5_planet,False,,360,0,0
9698,7_planet,False,,360,0,0
9699,4_planet,False,,360,0,0
9699,5_planet,False,,360,0,0
9699,7_planet,False,,360,0,0
9700,4_planet,False,,360,0,0
9700,5_planet,False,,360,0,0
9700,7_planet,False,,360,0,0
9701,4_planet,False,,360,0,0
9701,5_planet,False,,360,0,0
9701,7_planet,False,,360,0,0
9702,4_planet,False,,360,0,0
9702,5_planet,False,,360,0,0
9702,7_planet,False,,360,0,0
9703,4_planet,False,,360,0,0
9703,5_planet,False,,360,0,0
9703,7_planet,False,,360,0,0
9704,4_planet,False,,360,0,0
9704,5_planet,False,,360,0,0
9704,7_planet,False,,360,0,0
9705,4_planet,False,,360,0,0
9705,5_planet,False,,360,0,0
9705,7_planet,False,,360,0,0
9706,4_planet,False,,360,0,0
9706,5_planet,False,,360,0,0
9706,7_planet,False,,360,0,0
9707,4_planet,False,,360,0,0
9707,5_planet,False,,360,0,0
9707,7_planet,False,,360,0,0
9708,4_planet,False,,360,0,0
9708,5_planet,False,,360,0,0
9708,7_planet,False,,360,0,0
9709,4_planet,False,,360,0,0
9709,5_planet,False,,360,0,0
9709,7_planet,False,,360,0,0
9710,4_planet,False,,360,0,0
9710,5_planet,False,,360,0,0
9710,7_planet,False,,360,0,0
9711,4_planet,False,,360,0,0
9711,5_planet,False,,360,0,0
9711,7_planet,False,,360,0,0
9712,4_planet,False,,360,0,0
9712,5_planet,False,,360,0,0
9712,7_planet,False,,360,0,0
9713,4_planet,False,,360,0,0
9713,5_planet,False,,360,0,0
9713,7_planet,False,,360,0,0
9714,4_planet,False,,360,0,0
9714,5_planet,False,,360,0,0
9714,7_planet,False,,360,0,0
9715,4_planet,False,,360,0,0
9715,5_planet,False,,360,0,0
9715,7_planet,False,,360,0,0
9716,4_planet,False,,360,0,0
9716,5_planet,False,,360,0,0
9716,7_planet,False,,360,0,0
9717,4_planet,False,,360,0,0
9717,5_planet,False,,360,0,0
9717,7_planet,False,,360,0,0
9718,4_planet,False,,360,0,0
9718,5_planet,False,,360,0,0
9718,7_planet,False,,360,0,0
9719,4_planet,False,,360,0,0
9719,5_planet,False,,360,0,0
9719,7_planet,False,,360,0,0
9720,4_planet,False,,360,0,0
9720,5_planet,False,,360,0,0
9720,7_planet,False,,360,0,0
9721,4_planet,False,,360,0,0
9721,5_planet,False,,360,0,0
9721,7_planet,False,,360,0,0
9722,4_planet,False,,360,0,0
9722,5_planet,False,,360,0,0
9722,7_planet,False,,360,0,0
9723,4_planet,False,,360,0,0
9723,5_planet,False,,360,0,0
9723,7_planet,False,,360,0,0
9724,4_planet,False,,360,0,0
9724,5_planet,False,,360,0,0
9724,7_planet,False,,360,0,0
9725,4_planet,False,,360,0,0
9725,5_planet,False,,360,0,0
9725,7_planet,False,,360,0,0
9726,4_planet,False,,360,0,0
9726,5_planet,False,,360,0,0
9726,7_planet,False,,360,0,0
9727,4_planet,False,,360,0,0
9727,5_planet,False,,360,0,0
9727,7_planet,False,,360,0,0
9728,4_planet,False,,360,0,0
9728,5_planet,False,,360,0,0
9728,7_planet,False,,360,0,0
9729,4_planet,False,,360,0,0
9729,5_planet,False,,360,0,0
9729,7_planet,False,,360,0,0
9730,4_planet,False,,360,0,0
9730,5_planet,False,,360,0,0
9730,7_planet,False,,360,0,0
9731,4_planet,False,,360,0,0
9731,5_planet,False,,360,0,0
9731,7_planet,False,,360,0,0
9732,4_planet,False,,360,0,0
9732,5_planet,False,,360,0,0
9732,7_planet,False,,360,0,0
9733,4_planet,False,,360,0,0
9733,5_planet,False,,360,0,0
9733,7_planet,False,,360,0,0
9734,4_planet,False,,360,0,0
9734,5_planet,False,,360,0,0
9734,7_planet,False,,360,0,0
9735,4_planet,False,,360,0,0
9735,5_planet,False,,360,0,0
9735,7_planet,False,,360,0,0
9736,4_planet,False,,360,0,0
9736,5_planet,False,,360,0,0
9736,7_planet,False,,360,0,0
9737,4_planet,False,,360,0,0
9737,5_planet,False,,360,0,0
9737,7_planet,False,,360,0,0
9738,4_planet,False,,360,0,0
9738,5_planet,False,,360,0,0
9738,7_planet,False,,360,0,0
9739,4_planet,False,,360,0,0
9739,5_planet,False,,360,0,0
9739,7_planet,False,,360,0,0
9740,4_planet,False,,360,0,0
9740,5_planet,False,,360,0,0
9740,7_planet,False,,360,0,0
9741,4_planet,False,,360,0,0
9741,5_planet,False,,360,0,0
9741,7_planet,False,,360,0,0
9742,4_planet,False,,360,0,0
9742,5_planet,False,,360,0,0
9742,7_planet,False,,360,0,0
9743,4_planet,False,,360,0,0
9743,5_planet,False,,360,0,0
9743,7_planet,False,,360,0,0
9744,4_planet,False,,360,0,0
9744,5_planet,False,,360,0,0
9744,7_planet,False,,360,0,0
9745,4_planet,False,,360,0,0
9745,5_planet,False,,360,0,0
9745,7_planet,False,,360,0,0
9746,4_planet,False,,360,0,0
9746,5_planet,False,,360,0,0
9746,7_planet,False,,360,0,0
9747,4_planet,False,,360,0,0
9747,5_planet,False,,360,0,0
9747,7_planet,False,,360,0,0
9748,4_planet,False,,360,0,0
9748,5_planet,False,,360,0,0
9748,7_planet,False,,360,0,0
9749,4_planet,False,,360,0,0
9749,5_planet,False,,360,0,0
9749,7_planet,False,,360,0,0
9750,4_planet,False,,360,0,0
9750,5_planet,False,,360,0,0
9750,7_planet,False,,360,0,0
9751,4_planet,False,,360,0,0
9751,5_planet,False,,360,0,0
9751,7_planet,False,,360,0,0
9752,4_planet,False,,360,0,0
9752,5_planet,False,,360,0,0
9752,7_planet,False,,360,0,0
9753,4_planet,False,,360,0,0
9753,5_planet,False,,360,0,0
9753,7_planet,False,,360,0,0
9754,4_planet,False,,360,0,0
9754,5_planet,False,,360,0,0
9754,7_planet,False,,360,0,0
9755,4_planet,False,,360,0,0
9755,5_planet,False,,360,0,0
9755,7_planet,False,,360,0,0
9756,4_planet,False,,360,0,0
9756,5_planet,False,,360,0,0
9756,7_planet,False,,360,0,0
9757,4_planet,False,,360,0,0
9757,5_planet,False,,360,0,0
9757,7_planet,False,,360,0,0
9758,4_planet,False,,360,0,0
9758,5_planet,False,,360,0,0
9758,7_planet,False,,360,0,0
9759,4_planet,False,,360,0,0
9759,5_planet,False,,360,0,0
9759,7_planet,False,,360,0,0
9760,4_planet,False,,360,0,0
9760,5_planet,False,,360,0,0
9760,7_planet,False,,360,0,0
9761,4_planet,False,,360,0,0
9761,5_planet,False,,360,0,0
9761,7_planet,False,,360,0,0
9762,4_planet,False,,360,0,0
9762,5_planet,False,,360,0,0
9762,7_planet,False,,360,0,0
9763,4_planet,False,,360,0,0
9763,5_planet,False,,360,0,0
9763,7_planet,False,,360,0,0
9764,4_planet,False,,360,0,0
9764,5_planet,False,,360,0,0
9764,7_planet,False,,360,0,0
9765,4_planet,False,,360,0,0
9765,5_planet,False,,360,0,0
9765,7_planet,False,,360,0,0
9766,4_planet,False,,360,0,0
9766,5_planet,False,,360,0,0
9766,7_planet,False,,360,0,0
9767,4_planet,False,,360,0,0
9767,5_planet,False,,360,0,0
9767,7_planet,False,,360,0,0
9768,4_planet,False,,360,0,0
9768,5_planet,False,,360,0,0
9768,7_planet,False,,360,0,0
9769,4_planet,False,,360,0,0
9769,5_planet,False,,360,0,0
9769,7_planet,False,,360,0,0
9770,4_planet,False,,360,0,0
9770,5_planet,False,,360,0,0
9770,7_planet,False,,360,0,0
9771,4_planet,False,,360,0,0
9771,5_planet,False,,360,0,0
9771,7_planet,False,,360,0,0
9772,4_planet,False,,360,0,0
9772,5_planet,False,,360,0,0
9772,7_planet,False,,360,0,0
9773,4_planet,False,,360,0,0
9773,5_planet,False,,360,0,0
9773,7_planet,False,,360,0,0
9774,4_planet,False,,360,0,0
9774,5_planet,False,,360,0,0
9774,7_planet,False,,360,0,0
9775,4_planet,False,,360,0,0
9775,5_planet,False,,360,0,0
9775,7_planet,False,,360,0,0
9776,4_planet,False,,360,0,0
9776,5_planet,False,,360,0,0
9776,7_planet,False,,360,0,0
9777,4_planet,False,,360,0,0
9777,5_planet,False,,360,0,0
9777,7_planet,False,,360,0,0
9778,4_planet,False,,360,0,0
9778,5_planet,False,,360,0,0
9778,7_planet,False,,360,0,0
9779,4_planet,False,,360,0,0
9779,5_planet,False,,360,0,0
9779,7_planet,False,,360,0,0
9780,4_planet,False,,360,0,0
9780,5_planet,False,,360,0,0
9780,7_planet,False,,360,0,0
9781,4_planet,False,,360,0,0
9781,5_planet,False,,360,0,0
9781,7_planet,False,,360,0,0
9782,4_planet,False,,360,0,0
9782,5_planet,False,,360,0,0
9782,7_planet,False,,360,0,0
9783,4_planet,False,,360,0,0
9783,5_planet,False,,360,0,0
9783,7_planet,False,,360,0,0
9784,4_planet,False,,360,0,0
9784,5_planet,False,,360,0,0
9784,7_planet,False,,360,0,0
9785,4_planet,False,,360,0,0
9785,5_planet,False,,360,0,0
9785,7_planet,False,,360,0,0
9786,4_planet,False,,360,0,0
9786,5_planet,False,,360,0,0
9786,7_planet,False,,360,0,0
9787,4_planet,False,,360,0,0
9787,5_planet,False,,360,0,0
9787,7_planet,False,,360,0,0
9788,4_planet,False,,360,0,0
9788,5_planet,False,,360,0,0
9788,7_planet,False,,360,0,0
9789,4_planet,False,,360,0,0
9789,5_planet,False,,360,0,0
9789,7_planet,False,,360,0,0
9790,4_planet,False,,360,0,0
9790,5_planet,False,,360,0,0
9790,7_planet,False,,360,0,0
9791,4_planet,False,,360,0,0
9791,5_planet,False,,360,0,0
9791,7_planet,False,,360,0,0
9792,4_planet,False,,360,0,0
9792,5_planet,False,,360,0,0
9792,7_planet,False,,360,0,0
9793,4_planet,False,,360,0,0
9793,5_planet,False,,360,0,0
9793,7_planet,False,,360,0,0
9794,4_planet,False,,360,0,0
9794,5_planet,False,,360,0,0
9794,7_planet,False,,360,0,0
9795,4_planet,False,,360,0,0
9795,5_planet,False,,360,0,0
9795,7_planet,False,,360,0,0
9796,4_planet,False,,360,0,0
9796,5_planet,False,,360,0,0
9796,7_planet,False,,360,0,0
9797,4_planet,False,,360,0,0
9797,5_planet,False,,360,0,0
9797,7_planet,False,,360,0,0
9798,4_planet,False,,360,0,0
9798,5_planet,False,,360,0,0
9798,7_planet,False,,360,0,0
9799,4_planet,False,,360,0,0
9799,5_planet,False,,360,0,0
9799,7_planet,False,,360,0,0
9800,4_planet,False,,360,0,0
9800,5_planet,False,,360,0,0
9800,7_planet,False,,360,0,0
9801,4_planet,False,,360,0,0
9801,5_planet,False,,360,0,0
9801,7_planet,False,,360,0,0
9802,4_planet,False,,360,0,0
9802,5_planet,False,,360,0,0
9802,7_planet,False,,360,0,0
9803,4_planet,False,,360,0,0
9803,5_planet,False,,360,0,0
9803,7_planet,False,,360,0,0
9804,4_planet,False,,360,0,0
9804,5_planet,False,,360,0,0
9804,7_planet,False,,360,0,0
9805,4_planet,False,,360,0,0
9805,5_planet,False,,360,0,0
9805,7_planet,False,,360,0,0
9806,4_planet,False,,360,0,0
9806,5_planet,False,,360,0,0
9806,7_planet,False,,360,0,0
9807,4_planet,False,,360,0,0
9807,5_planet,False,,360,0,0
9807,7_planet,False,,360,0,0
9808,4_planet,False,,360,0,0
9808,5_planet,False,,360,0,0
9808,7_planet,False,,360,0,0
9809,4_planet,False,,360,0,0
9809,5_planet,False,,360,0,0
9809,7_planet,False,,360,0,0
9810,4_planet,False,,360,0,0
9810,5_planet,False,,360,0,0
9810,7_planet,False,,360,0,0
9811,4_planet,False,,360,0,0
9811,5_planet,False,,360,0,0
9811,7_planet,False,,360,0,0
9812,4_planet,False,,360,0,0
9812,5_planet,False,,360,0,0
9812,7_planet,False,,360,0,0
9813,4_planet,False,,360,0,0
9813,5_planet,False,,360,0,0
9813,7_planet,False,,360,0,0
9814,4_planet,False,,360,0,0
9814,5_planet,False,,360,0,0
9814,7_planet,False,,360,0,0
9815,4_planet,False,,360,0,0
9815,5_planet,False,,360,0,0
9815,7_planet,False,,360,0,0
9816,4_planet,False,,360,0,0
9816,5_planet,False,,360,0,0
9816,7_planet,False,,360,0,0
9817,4_planet,False,,360,0,0
9817,5_planet,False,,360,0,0
9817,7_planet,False,,360,0,0
9818,4_planet,False,,360,0,0
9818,5_planet,False,,360,0,0
9818,7_planet,False,,360,0,0
9819,4_planet,False,,360,0,0
9819,5_planet,False,,360,0,0
9819,7_planet,False,,360,0,0
9820,4_planet,False,,360,0,0
9820,5_planet,False,,360,0,0
9820,7_planet,False,,360,0,0
9821,4_planet,False,,360,0,0
9821,5_planet,False,,360,0,0
9821,7_planet,False,,360,0,0
9822,4_planet,False,,360,0,0
9822,5_planet,False,,360,0,0
9822,7_planet,False,,360,0,0
9823,4_planet,False,,360,0,0
9823,5_planet,False,,360,0,0
9823,7_planet,False,,360,0,0
9824,4_planet,False,,360,0,0
9824,5_planet,False,,360,0,0
9824,7_planet,False,,360,0,0
9825,4_planet,False,,360,0,0
9825,5_planet,False,,360,0,0
9825,7_planet,False,,360,0,0
9826,4_planet,False,,360,0,0
9826,5_planet,False,,360,0,0
9826,7_planet,False,,360,0,0
9827,4_planet,False,,360,0,0
9827,5_planet,False,,360,0,0
9827,7_planet,False,,360,0,0
9828,4_planet,False,,360,0,0
9828,5_planet,False,,360,0,0
9828,7_planet,False,,360,0,0
9829,4_planet,False,,360,0,0
9829,5_planet,False,,360,0,0
9829,7_planet,False,,360,0,0
9830,4_planet,False,,360,0,0
9830,5_planet,False,,360,0,0
9830,7_planet,False,,360,0,0
9831,4_planet,False,,360,0,0
9831,5_planet,False,,360,0,0
9831,7_planet,False,,360,0,0
9832,4_planet,False,,360,0,0
9832,5_planet,False,,360,0,0
9832,7_planet,False,,360,0,0
9833,4_planet,False,,360,0,0
9833,5_planet,False,,360,0,0
9833,7_planet,False,,360,0,0
9834,4_planet,False,,360,0,0
9834,5_planet,False,,360,0,0
9834,7_planet,False,,360,0,0
9835,4_planet,False,,360,0,0
9835,5_planet,False,,360,0,0
9835,7_planet,False,,360,0,0
9836,4_planet,False,,360,0,0
9836,5_planet,False,,360,0,0
9836,7_planet,False,,360,0,0
9837,4_planet,False,,360,0,0
9837,5_planet,False,,360,0,0
9837,7_planet,False,,360,0,0
9838,4_planet,False,,360,0,0
9838,5_planet,False,,360,0,0
9838,7_planet,False,,360,0,0
9839,4_planet,False,,360,0,0
9839,5_planet,False,,360,0,0
9839,7_planet,False,,360,0,0
9840,4_planet,False,,360,0,0
9840,5_planet,False,,360,0,0
9840,7_planet,True,"Saturn, Mercury, Sun, Jupiter, Moon, Venus, Mars",58.84,1.93,21.43
9841,4_planet,False,,360,0,0
9841,5_planet,False,,360,0,0
9841,7_planet,False,,360,0,0
9842,4_planet,False,,360,0,0
9842,5_planet,False,,360,0,0
9842,7_planet,False,,360,0,0
9843,4_planet,False,,360,0,0
9843,5_planet,False,,360,0,0
9843,7_planet,False,,360,0,0
9844,4_planet,False,,360,0,0
9844,5_planet,False,,360,0,0
9844,7_planet,False,,360,0,0
9845,4_planet,False,,360,0,0
9845,5_planet,False,,360,0,0
9845,7_planet,False,,360,0,0
9846,4_planet,False,,360,0,0
9846,5_planet,False,,360,0,0
9846,7_planet,False,,360,0,0
9847,4_planet,False,,360,0,0
9847,5_planet,False,,360,0,0
9847,7_planet,False,,360,0,0
9848,4_planet,False,,360,0,0
9848,5_planet,False,,360,0,0
9848,7_planet,False,,360,0,0
9849,4_planet,False,,360,0,0
9849,5_planet,False,,360,0,0
9849,7_planet,False,,360,0,0
9850,4_planet,False,,360,0,0
9850,5_planet,False,,360,0,0
9850,7_planet,False,,360,0,0
9851,4_planet,False,,360,0,0
9851,5_planet,False,,360,0,0
9851,7_planet,False,,360,0,0
9852,4_planet,False,,360,0,0
9852,5_planet,False,,360,0,0
9852,7_planet,False,,360,0,0
9853,4_planet,False,,360,0,0
9853,5_planet,False,,360,0,0
9853,7_planet,False,,360,0,0
9854,4_planet,False,,360,0,0
9854,5_planet,False,,360,0,0
9854,7_planet,False,,360,0,0
9855,4_planet,False,,360,0,0
9855,5_planet,False,,360,0,0
9855,7_planet,False,,360,0,0
9856,4_planet,False,,360,0,0
9856,5_planet,False,,360,0,0
9856,7_planet,False,,360,0,0
9857,4_planet,False,,360,0,0
9857,5_planet,False,,360,0,0
9857,7_planet,False,,360,0,0
9858,4_planet,False,,360,0,0
9858,5_planet,False,,360,0,0
9858,7_planet,False,,360,0,0
9859,4_planet,False,,360,0,0
9859,5_planet,False,,360,0,0
9859,7_planet,False,,360,0,0
9860,4_planet,False,,360,0,0
9860,5_planet,False,,360,0,0
9860,7_planet,False,,360,0,0
9861,4_planet,False,,360,0,0
9861,5_planet,False,,360,0,0
9861,7_planet,False,,360,0,0
9862,4_planet,False,,360,0,0
9862,5_planet,False,,360,0,0
9862,7_planet,False,,360,0,0
9863,4_planet,False,,360,0,0
9863,5_planet,False,,360,0,0
9863,7_planet,False,,360,0,0
9864,4_planet,False,,360,0,0
9864,5_planet,False,,360,0,0
9864,7_planet,False,,360,0,0
9865,4_planet,False,,360,0,0
9865,5_planet,False,,360,0,0
9865,7_planet,False,,360,0,0
9866,4_planet,False,,360,0,0
9866,5_planet,False,,360,0,0
9866,7_planet,False,,360,0,0
9867,4_planet,False,,360,0,0
9867,5_planet,False,,360,0,0
9867,7_planet,False,,360,0,0
9868,4_planet,False,,360,0,0
9868,5_planet,False,,360,0,0
9868,7_planet,False,,360,0,0
9869,4_planet,False,,360,0,0
9869,5_planet,False,,360,0,0
9869,7_planet,False,,360,0,0
9870,4_planet,False,,360,0,0
9870,5_planet,False,,360,0,0
9870,7_planet,False,,360,0,0
9871,4_planet,False,,360,0,0
9871,5_planet,False,,360,0,0
9871,7_planet,False,,360,0,0
9872,4_planet,False,,360,0,0
9872,5_planet,False,,360,0,0
9872,7_planet,False,,360,0,0
9873,4_planet,False,,360,0,0
9873,5_planet,False,,360,0,0
9873,7_planet,False,,360,0,0
9874,4_planet,False,,360,0,0
9874,5_planet,False,,360,0,0
9874,7_planet,False,,360,0,0
9875,4_planet,False,,360,0,0
9875,5_planet,False,,360,0,0
9875,7_planet,False,,360,0,0
9876,4_planet,False,,360,0,0
9876,5_planet,False,,360,0,0
9876,7_planet,False,,360,0,0
9877,4_planet,False,,360,0,0
9877,5_planet,False,,360,0,0
9877,7_planet,False,,360,0,0
9878,4_planet,False,,360,0,0
9878,5_planet,False,,360,0,0
9878,7_planet,False,,360,0,0
9879,4_planet,False,,360,0,0
9879,5_planet,False,,360,0,0
9879,7_planet,False,,360,0,0
9880,4_planet,False,,360,0,0
9880,5_planet,False,,360,0,0
9880,7_planet,False,,360,0,0
9881,4_planet,False,,360,0,0
9881,5_planet,False,,360,0,0
9881,7_planet,False,,360,0,0
9882,4_planet,False,,360,0,0
9882,5_planet,False,,360,0,0
9882,7_planet,False,,360,0,0
9883,4_planet,False,,360,0,0
9883,5_planet,False,,360,0,0
9883,7_planet,False,,360,0,0
9884,4_planet,False,,360,0,0
9884,5_planet,False,,360,0,0
9884,7_planet,False,,360,0,0
9885,4_planet,False,,360,0,0
9885,5_planet,False,,360,0,0
9885,7_planet,False,,360,0,0
9886,4_planet,False,,360,0,0
9886,5_planet,False,,360,0,0
9886,7_planet,False,,360,0,0
9887,4_planet,False,,360,0,0
9887,5_planet,False,,360,0,0
9887,7_planet,False,,360,0,0
9888,4_planet,False,,360,0,0
9888,5_planet,False,,360,0,0
9888,7_planet,True,"Saturn, Sun, Moon, Mars, Mercury, Jupiter, Venus",59.21,1.32,57.14
9889,4_planet,False,,360,0,0
9889,5_planet,False,,360,0,0
9889,7_planet,False,,360,0,0
9890,4_planet,False,,360,0,0
9890,5_planet,False,,360,0,0
9890,7_planet,False,,360,0,0
9891,4_planet,False,,360,0,0
9891,5_planet,False,,360,0,0
9891,7_planet,False,,360,0,0
9892,4_planet,False,,360,0,0
9892,5_planet,False,,360,0,0
9892,7_planet,False,,360,0,0
9893,4_planet,False,,360,0,0
9893,5_planet,False,,360,0,0
9893,7_planet,False,,360,0,0
9894,4_planet,False,,360,0,0
9894,5_planet,False,,360,0,0
9894,7_planet,False,,360,0,0
9895,4_planet,False,,360,0,0
9895,5_planet,False,,360,0,0
9895,7_planet,False,,360,0,0
9896,4_planet,False,,360,0,0
9896,5_planet,False,,360,0,0
9896,7_planet,False,,360,0,0
9897,4_planet,False,,360,0,0
9897,5_planet,False,,360,0,0
9897,7_planet,False,,360,0,0
9898,4_planet,False,,360,0,0
9898,5_planet,False,,360,0,0
9898,7_planet,False,,360,0,0
9899,4_planet,False,,360,0,0
9899,5_planet,False,,360,0,0
9899,7_planet,False,,360,0,0
9900,4_planet,False,,360,0,0
9900,5_planet,False,,360,0,0
9900,7_planet,False,,360,0,0
9901,4_planet,False,,360,0,0
9901,5_planet,False,,360,0,0
9901,7_planet,False,,360,0,0
9902,4_planet,False,,360,0,0
9902,5_planet,False,,360,0,0
9902,7_planet,False,,360,0,0
9903,4_planet,False,,360,0,0
9903,5_planet,False,,360,0,0
9903,7_planet,False,,360,0,0
9904,4_planet,False,,360,0,0
9904,5_planet,False,,360,0,0
9904,7_planet,False,,360,0,0
9905,4_planet,False,,360,0,0
9905,5_planet,False,,360,0,0
9905,7_planet,False,,360,0,0
9906,4_planet,False,,360,0,0
9906,5_planet,False,,360,0,0
9906,7_planet,False,,360,0,0
9907,4_planet,False,,360,0,0
9907,5_planet,False,,360,0,0
9907,7_planet,False,,360,0,0
9908,4_planet,False,,360,0,0
9908,5_planet,False,,360,0,0
9908,7_planet,False,,360,0,0
9909,4_planet,False,,360,0,0
9909,5_planet,False,,360,0,0
9909,7_planet,False,,360,0,0
9910,4_planet,False,,360,0,0
9910,5_planet,False,,360,0,0
9910,7_planet,False,,360,0,0
9911,4_planet,False,,360,0,0
9911,5_planet,False,,360,0,0
9911,7_planet,False,,360,0,0
9912,4_planet,False,,360,0,0
9912,5_planet,False,,360,0,0
9912,7_planet,False,,360,0,0
9913,4_planet,False,,360,0,0
9913,5_planet,False,,360,0,0
9913,7_planet,False,,360,0,0
9914,4_planet,False,,360,0,0
9914,5_planet,False,,360,0,0
9914,7_planet,False,,360,0,0
9915,4_planet,False,,360,0,0
9915,5_planet,False,,360,0,0
9915,7_planet,False,,360,0,0
9916,4_planet,False,,360,0,0
9916,5_planet,False,,360,0,0
9916,7_planet,False,,360,0,0
9917,4_planet,False,,360,0,0
9917,5_planet,False,,360,0,0
9917,7_planet,False,,360,0,0
9918,4_planet,False,,360,0,0
9918,5_planet,False,,360,0,0
9918,7_planet,False,,360,0,0
9919,4_planet,False,,360,0,0
9919,5_planet,False,,360,0,0
9919,7_planet,False,,360,0,0
9920,4_planet,False,,360,0,0
9920,5_planet,False,,360,0,0
9920,7_planet,False,,360,0,0
9921,4_planet,False,,360,0,0
9921,5_planet,False,,360,0,0
9921,7_planet,False,,360,0,0
9922,4_planet,False,,360,0,0
9922,5_planet,False,,360,0,0
9922,7_planet,False,,360,0,0
9923,4_planet,False,,360,0,0
9923,5_planet,False,,360,0,0
9923,7_planet,False,,360,0,0
9924,4_planet,False,,360,0,0
9924,5_planet,False,,360,0,0
9924,7_planet,False,,360,0,0
9925,4_planet,False,,360,0,0
9925,5_planet,False,,360,0,0
9925,7_planet,False,,360,0,0
9926,4_planet,False,,360,0,0
9926,5_planet,False,,360,0,0
9926,7_planet,False,,360,0,0
9927,4_planet,False,,360,0,0
9927,5_planet,False,,360,0,0
9927,7_planet,False,,360,0,0
9928,4_planet,False,,360,0,0
9928,5_planet,False,,360,0,0
9928,7_planet,False,,360,0,0
9929,4_planet,False,,360,0,0
9929,5_planet,False,,360,0,0
9929,7_planet,False,,360,0,0
9930,4_planet,False,,360,0,0
9930,5_planet,False,,360,0,0
9930,7_planet,False,,360,0,0
9931,4_planet,False,,360,0,0
9931,5_planet,False,,360,0,0
9931,7_planet,False,,360,0,0
9932,4_planet,False,,360,0,0
9932,5_planet,False,,360,0,0
9932,7_planet,False,,360,0,0
9933,4_planet,False,,360,0,0
9933,5_planet,False,,360,0,0
9933,7_planet,False,,360,0,0
9934,4_planet,False,,360,0,0
9934,5_planet,False,,360,0,0
9934,7_planet,False,,360,0,0
9935,4_planet,False,,360,0,0
9935,5_planet,False,,360,0,0
9935,7_planet,False,,360,0,0
9936,4_planet,False,,360,0,0
9936,5_planet,False,,360,0,0
9936,7_planet,False,,360,0,0
9937,4_planet,False,,360,0,0
9937,5_planet,False,,360,0,0
9937,7_planet,False,,360,0,0
9938,4_planet,False,,360,0,0
9938,5_planet,False,,360,0,0
9938,7_planet,False,,360,0,0
9939,4_planet,False,,360,0,0
9939,5_planet,False,,360,0,0
9939,7_planet,False,,360,0,0
9940,4_planet,False,,360,0,0
9940,5_planet,False,,360,0,0
9940,7_planet,False,,360,0,0
9941,4_planet,False,,360,0,0
9941,5_planet,False,,360,0,0
9941,7_planet,False,,360,0,0
9942,4_planet,False,,360,0,0
9942,5_planet,False,,360,0,0
9942,7_planet,False,,360,0,0
9943,4_planet,False,,360,0,0
9943,5_planet,False,,360,0,0
9943,7_planet,False,,360,0,0
9944,4_planet,False,,360,0,0
9944,5_planet,False,,360,0,0
9944,7_planet,False,,360,0,0
9945,4_planet,False,,360,0,0
9945,5_planet,False,,360,0,0
9945,7_planet,False,,360,0,0
9946,4_planet,False,,360,0,0
9946,5_planet,False,,360,0,0
9946,7_planet,False,,360,0,0
9947,4_planet,False,,360,0,0
9947,5_planet,False,,360,0,0
9947,7_planet,False,,360,0,0
9948,4_planet,False,,360,0,0
9948,5_planet,False,,360,0,0
9948,7_planet,False,,360,0,0
9949,4_planet,False,,360,0,0
9949,5_planet,False,,360,0,0
9949,7_planet,False,,360,0,0
9950,4_planet,False,,360,0,0
9950,5_planet,False,,360,0,0
9950,7_planet,False,,360,0,0
9951,4_planet,False,,360,0,0
9951,5_planet,False,,360,0,0
9951,7_planet,False,,360,0,0
9952,4_planet,False,,360,0,0
9952,5_planet,False,,360,0,0
9952,7_planet,False,,360,0,0
9953,4_planet,False,,360,0,0
9953,5_planet,False,,360,0,0
9953,7_planet,False,,360,0,0
9954,4_planet,False,,360,0,0
9954,5_planet,False,,360,0,0
9954,7_planet,False,,360,0,0
9955,4_planet,False,,360,0,0
9955,5_planet,False,,360,0,0
9955,7_planet,False,,360,0,0
9956,4_planet,False,,360,0,0
9956,5_planet,False,,360,0,0
9956,7_planet,False,,360,0,0
9957,4_planet,False,,360,0,0
9957,5_planet,False,,360,0,0
9957,7_planet,False,,360,0,0
9958,4_planet,False,,360,0,0
9958,5_planet,False,,360,0,0
9958,7_planet,False,,360,0,0
9959,4_planet,False,,360,0,0
9959,5_planet,False,,360,0,0
9959,7_planet,False,,360,0,0
9960,4_planet,False,,360,0,0
9960,5_planet,False,,360,0,0
9960,7_planet,False,,360,0,0
9961,4_planet,False,,360,0,0
9961,5_planet,False,,360,0,0
9961,7_planet,False,,360,0,0
9962,4_planet,False,,360,0,0
9962,5_planet,False,,360,0,0
9962,7_planet,False,,360,0,0
9963,4_planet,False,,360,0,0
9963,5_planet,False,,360,0,0
9963,7_planet,False,,360,0,0
9964,4_planet,False,,360,0,0
9964,5_planet,False,,360,0,0
9964,7_planet,False,,360,0,0
9965,4_planet,False,,360,0,0
9965,5_planet,False,,360,0,0
9965,7_planet,False,,360,0,0
9966,4_planet,False,,360,0,0
9966,5_planet,False,,360,0,0
9966,7_planet,False,,360,0,0
9967,4_planet,False,,360,0,0
9967,5_planet,False,,360,0,0
9967,7_planet,False,,360,0,0
9968,4_planet,False,,360,0,0
9968,5_planet,False,,360,0,0
9968,7_planet,False,,360,0,0
9969,4_planet,False,,360,0,0
9969,5_planet,False,,360,0,0
9969,7_planet,False,,360,0,0
9970,4_planet,False,,360,0,0
9970,5_planet,False,,360,0,0
9970,7_planet,False,,360,0,0
9971,4_planet,False,,360,0,0
9971,5_planet,False,,360,0,0
9971,7_planet,False,,360,0,0
9972,4_planet,False,,360,0,0
9972,5_planet,False,,360,0,0
9972,7_planet,False,,360,0,0
9973,4_planet,False,,360,0,0
9973,5_planet,False,,360,0,0
9973,7_planet,False,,360,0,0
9974,4_planet,False,,360,0,0
9974,5_planet,False,,360,0,0
9974,7_planet,False,,360,0,0
9975,4_planet,False,,360,0,0
9975,5_planet,False,,360,0,0
9975,7_planet,False,,360,0,0
9976,4_planet,False,,360,0,0
9976,5_planet,False,,360,0,0
9976,7_planet,False,,360,0,0
9977,4_planet,False,,360,0,0
9977,5_planet,False,,360,0,0
9977,7_planet,False,,360,0,0
9978,4_planet,False,,360,0,0
9978,5_planet,False,,360,0,0
9978,7_planet,False,,360,0,0
9979,4_planet,False,,360,0,0
9979,5_planet,False,,360,0,0
9979,7_planet,False,,360,0,0
9980,4_planet,False,,360,0,0
9980,5_planet,False,,360,0,0
9980,7_planet,False,,360,0,0
9981,4_planet,False,,360,0,0
9981,5_planet,False,,360,0,0
9981,7_planet,True,"Saturn, Sun, Moon, Mars, Mercury, Jupiter, Venus",58.18,3.03,57.14
9982,4_planet,False,,360,0,0
9982,5_planet,False,,360,0,0
9982,7_planet,False,,360,0,0
9983,4_planet,False,,360,0,0
9983,5_planet,False,,360,0,0
9983,7_planet,False,,360,0,0
9984,4_planet,False,,360,0,0
9984,5_planet,False,,360,0,0
9984,7_planet,False,,360,0,0
9985,4_planet,False,,360,0,0
9985,5_planet,False,,360,0,0
9985,7_planet,False,,360,0,0
9986,4_planet,False,,360,0,0
9986,5_planet,False,,360,0,0
9986,7_planet,False,,360,0,0
9987,4_planet,False,,360,0,0
9987,5_planet,False,,360,0,0
9987,7_planet,False,,360,0,0
9988,4_planet,False,,360,0,0
9988,5_planet,False,,360,0,0
9988,7_planet,False,,360,0,0
9989,4_planet,False,,360,0,0
9989,5_planet,False,,360,0,0
9989,7_planet,False,,360,0,0
9990,4_planet,False,,360,0,0
9990,5_planet,False,,360,0,0
9990,7_planet,False,,360,0,0
9991,4_planet,False,,360,0,0
9991,5_planet,False,,360,0,0
9991,7_planet,False,,360,0,0
9992,4_planet,False,,360,0,0
9992,5_planet,False,,360,0,0
9992,7_planet,False,,360,0,0
9993,4_planet,False,,360,0,0
9993,5_planet,False,,360,0,0
9993,7_planet,False,,360,0,0
9994,4_planet,False,,360,0,0
9994,5_planet,False,,360,0,0
9994,7_planet,False,,360,0,0
9995,4_planet,False,,360,0,0
9995,5_planet,False,,360,0,0
9995,7_planet,False,,360,0,0
9996,4_planet,False,,360,0,0
9996,5_planet,False,,360,0,0
9996,7_planet,False,,360,0,0
9997,4_planet,False,,360,0,0
9997,5_planet,False,,360,0,0
9997,7_planet,False,,360,0,0
9998,4_planet,False,,360,0,0
9998,5_planet,False,,360,0,0
9998,7_planet,False,,360,0,0
9999,4_planet,False,,360,0,0
9999,5_planet,False,,360,0,0
9999,7_planet,False,,360,0,0
10000,4_planet,False,,360,0,0
10000,5_planet,False,,360,0,0
10000,7_planet,False,,360,0,0
