Full Name,Birth Date (YYYY-MM-DD),Birth City,Birth State/Province (if applicable),Birth Country,Primary Profession,Primary Research Area,Major Contribution
Pierre0 Wang,1926-09-14,Copenhagen,,Denmark,Research Fellow,Advanced Brand Equity and Valuation Research,Consumer Hedonic Motivation and Experiential Luxury
Nathalie1 Cacharel,1928-03-23,Copenhagen,,Denmark,Luxury Branding Academic,Academic Research in Consumer Psychology,Luxury Scarcity and Veblen Effect Modeling
Li2 Weber,1907-05-02,Vancouver,British Columbia,Canada,Luxury Brand Strategist,Luxury Brand Management & Prestige Positioning,Cross-National Consumer Behavior Analysis
Jin3 Vuitton,1960-02-27,Vienna,,Austria,Research Fellow,Digital Innovation in Luxury Goods Markets,Digital Transformation of Heritage Luxury Houses
Miguel4 Wang,1954-10-09,Paris,,France,Principal Investigator,Advanced Brand Equity and Valuation Research,Luxury Scarcity and Veblen Effect Modeling
Nathalie5 Aoki,1924-02-20,Tokyo,,Japan,Principal Investigator,Academic Research in Consumer Psychology,Digital Transformation of Heritage Luxury Houses
Klaus6 Rossi,1938-01-14,Zurich,,Switzerland,Luxury Fashion Business Expert,Cross-Cultural Luxury Consumption Patterns,Empirical Frameworks for Academic Marketing Research
Isabella7 Hermes,1911-12-15,Berlin,,Germany,Academic Researcher,Digital Innovation in Luxury Goods Markets,Prestige Brand Architecture and Identity Construction
Hiroshi8 Weber,1933-03-16,Paris,,France,Luxury Branding Academic,Luxury Brand Management & Prestige Positioning,Neuromarketing Insights in Premium Brand Loyalty
Frederic9 Guerlain,1951-01-21,London,,United Kingdom,Principal Investigator,Empirical Marketing Science & Academic Scholarship,Luxury Scarcity and Veblen Effect Modeling
Kenji10 Chen,1914-08-13,Vancouver,British Columbia,Canada,Principal Investigator,Retail Strategy & Premium Customer Experience,Luxury Scarcity and Veblen Effect Modeling
Nathalie11 Cartier,1934-07-18,London,,United Kingdom,Principal Investigator,Academic Research in Consumer Psychology,Consumer Hedonic Motivation and Experiential Luxury
Pierre12 Jansen,1904-07-23,Tokyo,,Japan,Academic Researcher,Cross-Cultural Luxury Consumption Patterns,Neuromarketing Insights in Premium Brand Loyalty
Frederic13 Cacharel,1972-01-26,Barcelona,Catalonia,Spain,Luxury Retail Researcher,Luxury Brand Management & Prestige Positioning,Cross-National Consumer Behavior Analysis
Elena14 Kowalski,1920-11-07,Singapore,,Singapore,Luxury Branding Academic,Empirical Marketing Science & Academic Scholarship,Luxury Scarcity and Veblen Effect Modeling
Frederic15 Kawakubo,1964-09-17,Berlin,,Germany,Distinguished Scholar,Luxury Consumer Behavior & Hedonic Consumption,Empirical Frameworks for Academic Marketing Research
Sarah16 Wang,1959-11-09,Paris,,France,Academic Researcher,Cross-Cultural Luxury Consumption Patterns,Digital Transformation of Heritage Luxury Houses
Akiko17 Aoki,1945-05-04,Copenhagen,,Denmark,Distinguished Scholar,Advanced Brand Equity and Valuation Research,Consumer Hedonic Motivation and Experiential Luxury
Hiroshi18 Novak,1957-02-23,Copenhagen,,Denmark,Academic Researcher,Luxury Consumer Behavior & Hedonic Consumption,Empirical Frameworks for Academic Marketing Research
Beatrice19 Castellano,1936-04-15,Milan,,Italy,Research Professor,Academic Research in Consumer Psychology,Digital Transformation of Heritage Luxury Houses
Stefan20 Wang,1919-07-13,Vienna,,Austria,Luxury Fashion Business Expert,Academic Research in Consumer Psychology,Sustainable Luxury Goods Supply Chain Strategy
Beatrice21 Balmain,1919-12-19,Copenhagen,,Denmark,Luxury Retail Researcher,Luxury Brand Management & Prestige Positioning,Digital Transformation of Heritage Luxury Houses
Hans22 MacDonald,1977-02-08,Vancouver,British Columbia,Canada,Principal Investigator,Cross-Cultural Luxury Consumption Patterns,Sustainable Luxury Goods Supply Chain Strategy
Thierry23 Rabanne,1920-01-05,Berlin,,Germany,Premium Brand Consultant,Digital Innovation in Luxury Goods Markets,Consumer Hedonic Motivation and Experiential Luxury
Marco24 Jansen,1909-04-20,Amsterdam,,Netherlands,Premium Brand Consultant,Cross-Cultural Luxury Consumption Patterns,Prestige Brand Architecture and Identity Construction
Alessandra25 Cartier,1908-08-16,Vancouver,British Columbia,Canada,Luxury Retail Researcher,Luxury Consumer Behavior & Hedonic Consumption,Cross-National Consumer Behavior Analysis
Stefan26 Tanaka,1945-03-27,Singapore,,Singapore,Luxury Retail Researcher,Empirical Marketing Science & Academic Scholarship,Neuromarketing Insights in Premium Brand Loyalty
Isabella27 Aoki,1941-02-24,Milan,,Italy,Luxury Brand Strategist,Cross-Cultural Luxury Consumption Patterns,Neuromarketing Insights in Premium Brand Loyalty
Miguel28 Yamamoto,1952-06-13,Zurich,,Switzerland,Luxury Marketing Expert,Luxury Brand Management & Prestige Positioning,Empirical Frameworks for Academic Marketing Research
Gianluca29 Hermes,1925-11-18,Berlin,,Germany,Academic Researcher,Retail Strategy & Premium Customer Experience,Sustainable Luxury Goods Supply Chain Strategy
Miguel30 Novak,1964-09-01,Singapore,,Singapore,Premium Brand Consultant,Advanced Brand Equity and Valuation Research,Empirical Frameworks for Academic Marketing Research
Olivier31 Castellano,1927-09-28,Copenhagen,,Denmark,Premium Brand Consultant,Cross-Cultural Luxury Consumption Patterns,Neuromarketing Insights in Premium Brand Loyalty
Jonathan32 Van Der Berg,1943-03-25,Sydney,New South Wales,Australia,Luxury Fashion Business Expert,Luxury Brand Management & Prestige Positioning,Sustainable Luxury Goods Supply Chain Strategy
Mei33 Vettori,1964-12-22,Madrid,,Spain,Luxury Retail Researcher,Advanced Brand Equity and Valuation Research,Prestige Brand Architecture and Identity Construction
Jonathan34 Jansen,1919-11-06,Singapore,,Singapore,Premium Brand Consultant,Empirical Marketing Science & Academic Scholarship,Digital Transformation of Heritage Luxury Houses
Gianluca35 Dumas,1922-11-02,Vienna,,Austria,Luxury Brand Strategist,Retail Strategy & Premium Customer Experience,Digital Transformation of Heritage Luxury Houses
Carlos36 Tanaka,1900-05-24,Zurich,,Switzerland,Luxury Fashion Business Expert,Luxury Brand Management & Prestige Positioning,Empirical Frameworks for Academic Marketing Research
Nathalie37 Chopard,1958-04-24,Paris,,France,Academic Researcher,Luxury Consumer Behavior & Hedonic Consumption,Consumer Hedonic Motivation and Experiential Luxury
Jean38 Lefevre,1975-05-18,Madrid,,Spain,Distinguished Scholar,Cross-Cultural Luxury Consumption Patterns,Empirical Frameworks for Academic Marketing Research
Nathalie39 Arnault,1974-12-13,Munich,Bavaria,Germany,Luxury Marketing Expert,Academic Research in Consumer Psychology,Cross-National Consumer Behavior Analysis
Klaus40 Wang,1952-09-25,London,,United Kingdom,Research Professor,Academic Research in Consumer Psychology,Sustainable Luxury Goods Supply Chain Strategy
Camille41 Bettencourt,1957-03-10,Amsterdam,,Netherlands,Luxury Retail Researcher,Retail Strategy & Premium Customer Experience,Cross-National Consumer Behavior Analysis
Elena42 Conti,1976-01-25,New York City,New York,United States,Premium Brand Consultant,Retail Strategy & Premium Customer Experience,Neuromarketing Insights in Premium Brand Loyalty
Mei43 Boucheron,1940-05-11,Zurich,,Switzerland,Principal Investigator,Retail Strategy & Premium Customer Experience,Sustainable Luxury Goods Supply Chain Strategy
Elizabeth44 Wang,1945-12-02,Madrid,,Spain,Premium Brand Consultant,Cross-Cultural Luxury Consumption Patterns,Luxury Scarcity and Veblen Effect Modeling
Laurent45 Bettencourt,1906-01-09,Paris,,France,Luxury Brand Strategist,Empirical Marketing Science & Academic Scholarship,Cross-National Consumer Behavior Analysis
David46 Kowalski,1934-05-22,Paris,,France,Research Fellow,Digital Innovation in Luxury Goods Markets,Cross-National Consumer Behavior Analysis
Alessandra47 Kawakubo,1921-04-11,Stockholm,,Sweden,Research Professor,Retail Strategy & Premium Customer Experience,Cross-National Consumer Behavior Analysis
Li48 Rossi,1910-06-04,Berlin,,Germany,Academic Researcher,Luxury Consumer Behavior & Hedonic Consumption,Sustainable Luxury Goods Supply Chain Strategy
Nathalie49 Rabanne,1917-01-02,Copenhagen,,Denmark,Research Professor,Digital Innovation in Luxury Goods Markets,Empirical Frameworks for Academic Marketing Research
Giovanni50 Rossi,1923-01-10,Milan,,Italy,Luxury Branding Academic,Digital Innovation in Luxury Goods Markets,Empirical Frameworks for Academic Marketing Research
Akiko51 Balmain,1962-12-14,Geneva,,Switzerland,Luxury Branding Academic,Empirical Marketing Science & Academic Scholarship,Consumer Hedonic Motivation and Experiential Luxury
Miguel52 Chen,1908-03-17,Paris,,France,Research Fellow,Empirical Marketing Science & Academic Scholarship,Luxury Scarcity and Veblen Effect Modeling
Nathalie53 Riva,1978-08-09,Montreal,Quebec,Canada,Research Professor,Luxury Consumer Behavior & Hedonic Consumption,Empirical Frameworks for Academic Marketing Research
Hiroshi54 Weber,1915-11-24,London,,United Kingdom,Distinguished Scholar,Advanced Brand Equity and Valuation Research,Empirical Frameworks for Academic Marketing Research
Akiko55 Bettencourt,1963-07-10,Montreal,Quebec,Canada,Research Fellow,Digital Innovation in Luxury Goods Markets,Luxury Scarcity and Veblen Effect Modeling
Pierre56 Novak,1972-09-15,Barcelona,Catalonia,Spain,Luxury Fashion Business Expert,Academic Research in Consumer Psychology,Prestige Brand Architecture and Identity Construction
Gianluca57 Cacharel,1970-07-27,Vienna,,Austria,Research Professor,Empirical Marketing Science & Academic Scholarship,Empirical Frameworks for Academic Marketing Research
Jonathan58 Muller,1965-06-14,Sydney,New South Wales,Australia,Luxury Brand Strategist,Luxury Brand Management & Prestige Positioning,Neuromarketing Insights in Premium Brand Loyalty
Thierry59 Kawakubo,1966-12-28,Geneva,,Switzerland,Luxury Marketing Expert,Academic Research in Consumer Psychology,Digital Transformation of Heritage Luxury Houses
Klaus60 Horvath,1945-08-23,Madrid,,Spain,Luxury Brand Strategist,Retail Strategy & Premium Customer Experience,Sustainable Luxury Goods Supply Chain Strategy
Jin61 Cartier,1902-03-11,Barcelona,Catalonia,Spain,Research Fellow,Empirical Marketing Science & Academic Scholarship,Consumer Hedonic Motivation and Experiential Luxury
Miguel62 Lefevre,1963-06-01,Vancouver,British Columbia,Canada,Research Professor,Luxury Brand Management & Prestige Positioning,Empirical Frameworks for Academic Marketing Research
Kenzo63 Vuitton,1959-10-18,Barcelona,Catalonia,Spain,Distinguished Scholar,Advanced Brand Equity and Valuation Research,Cross-National Consumer Behavior Analysis
Sarah64 Jansen,1904-04-28,Sydney,New South Wales,Australia,Premium Brand Consultant,Advanced Brand Equity and Valuation Research,Digital Transformation of Heritage Luxury Houses
Akiko65 Pinault,1910-10-06,Geneva,,Switzerland,Academic Researcher,Luxury Brand Management & Prestige Positioning,Prestige Brand Architecture and Identity Construction
Wei66 Novak,1948-10-10,London,,United Kingdom,Luxury Marketing Expert,Retail Strategy & Premium Customer Experience,Empirical Frameworks for Academic Marketing Research
Alessandra67 Hermes,1972-05-26,Milan,,Italy,Luxury Retail Researcher,Luxury Brand Management & Prestige Positioning,Cross-National Consumer Behavior Analysis
Hiroshi68 MacDonald,1935-01-09,Montreal,Quebec,Canada,Research Professor,Cross-Cultural Luxury Consumption Patterns,Cross-National Consumer Behavior Analysis
Francesca69 Balmain,1961-06-17,Tokyo,,Japan,Luxury Brand Strategist,Empirical Marketing Science & Academic Scholarship,Consumer Hedonic Motivation and Experiential Luxury
Kenji70 Novak,1916-06-22,London,,United Kingdom,Luxury Fashion Business Expert,Retail Strategy & Premium Customer Experience,Digital Transformation of Heritage Luxury Houses
Sophie71 Arnault,1950-05-24,Milan,,Italy,Luxury Fashion Business Expert,Cross-Cultural Luxury Consumption Patterns,Consumer Hedonic Motivation and Experiential Luxury
Maria72 Weber,1916-12-07,New York City,New York,United States,Distinguished Scholar,Retail Strategy & Premium Customer Experience,Prestige Brand Architecture and Identity Construction
Mei73 Miyake,1925-10-21,Berlin,,Germany,Luxury Brand Strategist,Retail Strategy & Premium Customer Experience,Empirical Frameworks for Academic Marketing Research
David74 Wang,1948-09-10,Munich,Bavaria,Germany,Distinguished Scholar,Academic Research in Consumer Psychology,Prestige Brand Architecture and Identity Construction
Kenzo75 Vettori,1941-11-04,Paris,,France,Principal Investigator,Advanced Brand Equity and Valuation Research,Neuromarketing Insights in Premium Brand Loyalty
Hans76 O'Connor,1914-11-24,Milan,,Italy,Research Professor,Retail Strategy & Premium Customer Experience,Prestige Brand Architecture and Identity Construction
Laurent77 Dumas,1973-12-07,Zurich,,Switzerland,Academic Researcher,Advanced Brand Equity and Valuation Research,Sustainable Luxury Goods Supply Chain Strategy
Klaus78 Schmidt,1919-12-05,Montreal,Quebec,Canada,Research Fellow,Cross-Cultural Luxury Consumption Patterns,Luxury Scarcity and Veblen Effect Modeling
Nathalie79 Pinault,1928-09-24,Tokyo,,Japan,Principal Investigator,Retail Strategy & Premium Customer Experience,Consumer Hedonic Motivation and Experiential Luxury
Marco80 Santos,1927-03-23,Stockholm,,Sweden,Distinguished Scholar,Academic Research in Consumer Psychology,Sustainable Luxury Goods Supply Chain Strategy
Laurent81 Chopard,1923-05-27,New York City,New York,United States,Principal Investigator,Academic Research in Consumer Psychology,Prestige Brand Architecture and Identity Construction
Elizabeth82 Jansen,1915-10-04,Singapore,,Singapore,Luxury Brand Strategist,Digital Innovation in Luxury Goods Markets,Prestige Brand Architecture and Identity Construction
Sophie83 Cacharel,1927-05-12,Singapore,,Singapore,Distinguished Scholar,Cross-Cultural Luxury Consumption Patterns,Cross-National Consumer Behavior Analysis
Sarah84 MacDonald,1978-03-07,Geneva,,Switzerland,Luxury Brand Strategist,Luxury Brand Management & Prestige Positioning,Cross-National Consumer Behavior Analysis
Francesca85 Kawakubo,1931-01-19,Paris,,France,Luxury Fashion Business Expert,Luxury Consumer Behavior & Hedonic Consumption,Digital Transformation of Heritage Luxury Houses
Klaus86 Yamamoto,1933-04-06,Vienna,,Austria,Distinguished Scholar,Empirical Marketing Science & Academic Scholarship,Neuromarketing Insights in Premium Brand Loyalty
Elena87 Vuitton,1902-06-05,Copenhagen,,Denmark,Research Professor,Empirical Marketing Science & Academic Scholarship,Sustainable Luxury Goods Supply Chain Strategy
Hans88 Kowalski,1963-11-01,Paris,,France,Principal Investigator,Luxury Consumer Behavior & Hedonic Consumption,Consumer Hedonic Motivation and Experiential Luxury
Guillaume89 Cacharel,1938-02-06,Vienna,,Austria,Luxury Retail Researcher,Luxury Consumer Behavior & Hedonic Consumption,Neuromarketing Insights in Premium Brand Loyalty
Sarah90 Jansen,1962-11-07,London,,United Kingdom,Premium Brand Consultant,Digital Innovation in Luxury Goods Markets,Sustainable Luxury Goods Supply Chain Strategy
Francesca91 Rabanne,1968-08-07,Paris,,France,Premium Brand Consultant,Empirical Marketing Science & Academic Scholarship,Luxury Scarcity and Veblen Effect Modeling
Kenji92 Novak,1968-06-18,Montreal,Quebec,Canada,Luxury Retail Researcher,Empirical Marketing Science & Academic Scholarship,Cross-National Consumer Behavior Analysis
Akiko93 Hermes,1929-07-20,Singapore,,Singapore,Distinguished Scholar,Retail Strategy & Premium Customer Experience,Luxury Scarcity and Veblen Effect Modeling
Elizabeth94 O'Connor,1913-04-01,Stockholm,,Sweden,Research Professor,Luxury Brand Management & Prestige Positioning,Empirical Frameworks for Academic Marketing Research
Elena95 Riva,1948-11-19,Sydney,New South Wales,Australia,Distinguished Scholar,Retail Strategy & Premium Customer Experience,Cross-National Consumer Behavior Analysis
Maria96 Silva,1919-08-06,Zurich,,Switzerland,Principal Investigator,Academic Research in Consumer Psychology,Empirical Frameworks for Academic Marketing Research
Francesca97 Cartier,1973-04-15,London,,United Kingdom,University Professor,Cross-Cultural Luxury Consumption Patterns,Sustainable Luxury Goods Supply Chain Strategy
Li98 Horvath,1942-10-17,Montreal,Quebec,Canada,Premium Brand Consultant,Cross-Cultural Luxury Consumption Patterns,Prestige Brand Architecture and Identity Construction
Gianluca99 Rabanne,1956-05-02,Zurich,,Switzerland,Research Professor,Academic Research in Consumer Psychology,Prestige Brand Architecture and Identity Construction
Stefan100 Horvath,1969-03-03,Geneva,,Switzerland,Luxury Brand Strategist,Advanced Brand Equity and Valuation Research,Prestige Brand Architecture and Identity Construction
Gianluca101 Vuitton,1943-12-09,Geneva,,Switzerland,Luxury Fashion Business Expert,Cross-Cultural Luxury Consumption Patterns,Digital Transformation of Heritage Luxury Houses
Hiroshi102 Tanaka,1917-11-18,Stockholm,,Sweden,Research Professor,Retail Strategy & Premium Customer Experience,Neuromarketing Insights in Premium Brand Loyalty
Olivier103 Castellano,1934-05-12,Tokyo,,Japan,Distinguished Scholar,Academic Research in Consumer Psychology,Empirical Frameworks for Academic Marketing Research
Stefan104 Kowalski,1960-04-04,Vancouver,British Columbia,Canada,Academic Researcher,Empirical Marketing Science & Academic Scholarship,Digital Transformation of Heritage Luxury Houses
Camille105 Cartier,1916-09-24,Sydney,New South Wales,Australia,Luxury Brand Strategist,Luxury Brand Management & Prestige Positioning,Luxury Scarcity and Veblen Effect Modeling
Jean106 Santos,1972-07-19,Montreal,Quebec,Canada,Luxury Fashion Business Expert,Digital Innovation in Luxury Goods Markets,Digital Transformation of Heritage Luxury Houses
Matteo107 Bettencourt,1909-12-18,Montreal,Quebec,Canada,Distinguished Scholar,Luxury Consumer Behavior & Hedonic Consumption,Neuromarketing Insights in Premium Brand Loyalty
Miguel108 Novak,1961-12-16,Stockholm,,Sweden,Luxury Retail Researcher,Retail Strategy & Premium Customer Experience,Digital Transformation of Heritage Luxury Houses
Francesca109 Cacharel,1948-02-25,Montreal,Quebec,Canada,Distinguished Scholar,Retail Strategy & Premium Customer Experience,Prestige Brand Architecture and Identity Construction
Jonathan110 Novak,1978-08-22,Barcelona,Catalonia,Spain,Research Fellow,Retail Strategy & Premium Customer Experience,Cross-National Consumer Behavior Analysis
Camille111 Miyake,1972-08-16,Singapore,,Singapore,Luxury Branding Academic,Cross-Cultural Luxury Consumption Patterns,Neuromarketing Insights in Premium Brand Loyalty
Sarah112 O'Connor,1971-11-08,Amsterdam,,Netherlands,Research Professor,Cross-Cultural Luxury Consumption Patterns,Prestige Brand Architecture and Identity Construction
Akiko113 Hermes,1971-09-12,Singapore,,Singapore,Luxury Fashion Business Expert,Luxury Consumer Behavior & Hedonic Consumption,Sustainable Luxury Goods Supply Chain Strategy
Klaus114 Yamamoto,1914-11-07,Copenhagen,,Denmark,Research Fellow,Empirical Marketing Science & Academic Scholarship,Luxury Scarcity and Veblen Effect Modeling
Mei115 Pinault,1939-09-01,Paris,,France,Principal Investigator,Retail Strategy & Premium Customer Experience,Empirical Frameworks for Academic Marketing Research
Hans116 Weber,1965-11-05,Madrid,,Spain,Luxury Fashion Business Expert,Advanced Brand Equity and Valuation Research,Digital Transformation of Heritage Luxury Houses
Mei117 Hermes,1957-05-19,Barcelona,Catalonia,Spain,Principal Investigator,Cross-Cultural Luxury Consumption Patterns,Prestige Brand Architecture and Identity Construction
Elizabeth118 O'Connor,1935-12-13,Tokyo,,Japan,Distinguished Scholar,Advanced Brand Equity and Valuation Research,Empirical Frameworks for Academic Marketing Research
Camille119 Castellano,1945-12-06,Geneva,,Switzerland,Luxury Brand Strategist,Advanced Brand Equity and Valuation Research,Consumer Hedonic Motivation and Experiential Luxury
Klaus120 Lefevre,1917-01-04,Munich,Bavaria,Germany,Research Professor,Advanced Brand Equity and Valuation Research,Empirical Frameworks for Academic Marketing Research
Nathalie121 Pinault,1927-12-02,Madrid,,Spain,Luxury Marketing Expert,Cross-Cultural Luxury Consumption Patterns,Prestige Brand Architecture and Identity Construction
Li122 Dubois,1972-12-22,Vancouver,British Columbia,Canada,Luxury Marketing Expert,Luxury Brand Management & Prestige Positioning,Sustainable Luxury Goods Supply Chain Strategy
Mei123 Vettori,1942-03-25,Montreal,Quebec,Canada,Luxury Fashion Business Expert,Cross-Cultural Luxury Consumption Patterns,Cross-National Consumer Behavior Analysis
Sarah124 Tanaka,1944-01-19,Zurich,,Switzerland,University Professor,Academic Research in Consumer Psychology,Luxury Scarcity and Veblen Effect Modeling
Thierry125 Riva,1934-07-15,Copenhagen,,Denmark,Luxury Fashion Business Expert,Luxury Consumer Behavior & Hedonic Consumption,Luxury Scarcity and Veblen Effect Modeling
Elena126 Yamamoto,1955-08-25,Vienna,,Austria,Research Fellow,Cross-Cultural Luxury Consumption Patterns,Consumer Hedonic Motivation and Experiential Luxury
Guillaume127 Rabanne,1922-04-06,Melbourne,Victoria,Australia,Research Professor,Luxury Consumer Behavior & Hedonic Consumption,Digital Transformation of Heritage Luxury Houses
David128 Van Der Berg,1934-10-09,New York City,New York,United States,Luxury Branding Academic,Luxury Brand Management & Prestige Positioning,Prestige Brand Architecture and Identity Construction
Gianluca129 Dumas,1958-07-25,Vancouver,British Columbia,Canada,Academic Researcher,Retail Strategy & Premium Customer Experience,Prestige Brand Architecture and Identity Construction
Hans130 Lefevre,1945-09-11,Geneva,,Switzerland,Luxury Branding Academic,Academic Research in Consumer Psychology,Luxury Scarcity and Veblen Effect Modeling
Olivier131 Balmain,1947-02-19,Sydney,New South Wales,Australia,Research Professor,Empirical Marketing Science & Academic Scholarship,Neuromarketing Insights in Premium Brand Loyalty
Klaus132 Jansen,1915-01-12,Stockholm,,Sweden,Luxury Brand Strategist,Luxury Consumer Behavior & Hedonic Consumption,Prestige Brand Architecture and Identity Construction
Camille133 Miyake,1924-10-16,Zurich,,Switzerland,Luxury Brand Strategist,Digital Innovation in Luxury Goods Markets,Sustainable Luxury Goods Supply Chain Strategy
Sarah134 MacDonald,1904-11-09,Copenhagen,,Denmark,Luxury Marketing Expert,Luxury Consumer Behavior & Hedonic Consumption,Consumer Hedonic Motivation and Experiential Luxury
Elena135 Castellano,1956-09-06,Munich,Bavaria,Germany,Luxury Fashion Business Expert,Digital Innovation in Luxury Goods Markets,Sustainable Luxury Goods Supply Chain Strategy
Wei136 Horvath,1954-02-18,Copenhagen,,Denmark,Luxury Brand Strategist,Academic Research in Consumer Psychology,Sustainable Luxury Goods Supply Chain Strategy
Elena137 Kawakubo,1963-05-21,Amsterdam,,Netherlands,Luxury Brand Strategist,Retail Strategy & Premium Customer Experience,Consumer Hedonic Motivation and Experiential Luxury
Wei138 Wang,1962-07-13,Madrid,,Spain,Principal Investigator,Retail Strategy & Premium Customer Experience,Digital Transformation of Heritage Luxury Houses
Camille139 Hermes,1946-04-16,New York City,New York,United States,Luxury Fashion Business Expert,Luxury Brand Management & Prestige Positioning,Luxury Scarcity and Veblen Effect Modeling
Giovanni140 Yamamoto,1916-03-02,Sydney,New South Wales,Australia,Research Professor,Advanced Brand Equity and Valuation Research,Luxury Scarcity and Veblen Effect Modeling
Camille141 Guerlain,1903-10-06,Milan,,Italy,Luxury Fashion Business Expert,Advanced Brand Equity and Valuation Research,Consumer Hedonic Motivation and Experiential Luxury
Carlos142 Tanaka,1907-08-01,Paris,,France,University Professor,Retail Strategy & Premium Customer Experience,Digital Transformation of Heritage Luxury Houses
Frederic143 Miyake,1923-07-24,Munich,Bavaria,Germany,Premium Brand Consultant,Luxury Consumer Behavior & Hedonic Consumption,Sustainable Luxury Goods Supply Chain Strategy
Sarah144 Weber,1968-06-12,Milan,,Italy,Research Fellow,Luxury Brand Management & Prestige Positioning,Digital Transformation of Heritage Luxury Houses
Olivier145 Vuitton,1932-12-06,Zurich,,Switzerland,Luxury Retail Researcher,Digital Innovation in Luxury Goods Markets,Cross-National Consumer Behavior Analysis
Kenji146 Weber,1963-11-08,Melbourne,Victoria,Australia,Research Professor,Digital Innovation in Luxury Goods Markets,Luxury Scarcity and Veblen Effect Modeling
Gianluca147 Hermes,1943-07-27,Stockholm,,Sweden,Premium Brand Consultant,Retail Strategy & Premium Customer Experience,Cross-National Consumer Behavior Analysis
Marco148 Santos,1914-01-15,Sydney,New South Wales,Australia,Luxury Brand Strategist,Advanced Brand Equity and Valuation Research,Prestige Brand Architecture and Identity Construction
Alessandra149 Castellano,1903-01-16,Milan,,Italy,Research Fellow,Luxury Consumer Behavior & Hedonic Consumption,Digital Transformation of Heritage Luxury Houses
Jonathan150 Weber,1903-01-09,Vienna,,Austria,Academic Researcher,Luxury Consumer Behavior & Hedonic Consumption,Neuromarketing Insights in Premium Brand Loyalty
Beatrice151 Lanvin,1912-08-10,Vancouver,British Columbia,Canada,Academic Researcher,Retail Strategy & Premium Customer Experience,Digital Transformation of Heritage Luxury Houses
Hiroshi152 Van Der Berg,1978-09-01,Zurich,,Switzerland,Academic Researcher,Retail Strategy & Premium Customer Experience,Digital Transformation of Heritage Luxury Houses
Jin153 Arnault,1951-06-17,New York City,New York,United States,Luxury Retail Researcher,Cross-Cultural Luxury Consumption Patterns,Sustainable Luxury Goods Supply Chain Strategy
Marco154 Rossi,1906-12-11,Melbourne,Victoria,Australia,Distinguished Scholar,Luxury Consumer Behavior & Hedonic Consumption,Sustainable Luxury Goods Supply Chain Strategy
Olivier155 Vuitton,1934-05-03,Tokyo,,Japan,Principal Investigator,Luxury Brand Management & Prestige Positioning,Prestige Brand Architecture and Identity Construction
Giovanni156 Silva,1923-08-09,Vancouver,British Columbia,Canada,University Professor,Academic Research in Consumer Psychology,Prestige Brand Architecture and Identity Construction
Guillaume157 Vettori,1970-06-15,Barcelona,Catalonia,Spain,Principal Investigator,Luxury Consumer Behavior & Hedonic Consumption,Neuromarketing Insights in Premium Brand Loyalty
Hiroshi158 Kowalski,1935-10-13,Amsterdam,,Netherlands,Distinguished Scholar,Luxury Consumer Behavior & Hedonic Consumption,Sustainable Luxury Goods Supply Chain Strategy
Antoine159 Arnault,1905-10-01,Geneva,,Switzerland,Luxury Fashion Business Expert,Luxury Brand Management & Prestige Positioning,Prestige Brand Architecture and Identity Construction
Jean160 O'Connor,1920-10-03,Amsterdam,,Netherlands,Principal Investigator,Digital Innovation in Luxury Goods Markets,Prestige Brand Architecture and Identity Construction
Gianluca161 Dumas,1933-11-07,Vienna,,Austria,Luxury Brand Strategist,Luxury Brand Management & Prestige Positioning,Sustainable Luxury Goods Supply Chain Strategy
Elena162 Conti,1958-07-11,Milan,,Italy,Luxury Fashion Business Expert,Advanced Brand Equity and Valuation Research,Neuromarketing Insights in Premium Brand Loyalty
Sophie163 Bettencourt,1959-06-05,Zurich,,Switzerland,Luxury Branding Academic,Advanced Brand Equity and Valuation Research,Prestige Brand Architecture and Identity Construction
Pierre164 Wang,1921-05-19,Melbourne,Victoria,Australia,Principal Investigator,Cross-Cultural Luxury Consumption Patterns,Empirical Frameworks for Academic Marketing Research
Antoine165 Bettencourt,1962-05-14,New York City,New York,United States,Luxury Retail Researcher,Luxury Brand Management & Prestige Positioning,Luxury Scarcity and Veblen Effect Modeling
Jean166 Horvath,1924-08-22,Amsterdam,,Netherlands,Distinguished Scholar,Cross-Cultural Luxury Consumption Patterns,Luxury Scarcity and Veblen Effect Modeling
Gianluca167 Vettori,1951-04-15,Melbourne,Victoria,Australia,Distinguished Scholar,Academic Research in Consumer Psychology,Neuromarketing Insights in Premium Brand Loyalty
Kenji168 Silva,1951-06-01,Munich,Bavaria,Germany,Principal Investigator,Advanced Brand Equity and Valuation Research,Neuromarketing Insights in Premium Brand Loyalty
Nathalie169 Hermes,1975-02-23,Berlin,,Germany,Luxury Marketing Expert,Digital Innovation in Luxury Goods Markets,Cross-National Consumer Behavior Analysis
Hans170 Novak,1922-01-08,Singapore,,Singapore,Research Fellow,Advanced Brand Equity and Valuation Research,Digital Transformation of Heritage Luxury Houses
Francesca171 Castellano,1920-03-15,Vienna,,Austria,Principal Investigator,Retail Strategy & Premium Customer Experience,Sustainable Luxury Goods Supply Chain Strategy
Jonathan172 Wang,1954-06-24,Vienna,,Austria,Luxury Fashion Business Expert,Luxury Brand Management & Prestige Positioning,Consumer Hedonic Motivation and Experiential Luxury
Isabella173 Castellano,1926-11-20,Melbourne,Victoria,Australia,Luxury Brand Strategist,Luxury Brand Management & Prestige Positioning,Consumer Hedonic Motivation and Experiential Luxury
Sarah174 Jansen,1914-09-11,New York City,New York,United States,Luxury Brand Strategist,Advanced Brand Equity and Valuation Research,Consumer Hedonic Motivation and Experiential Luxury
Matteo175 Vuitton,1955-11-28,Madrid,,Spain,Academic Researcher,Digital Innovation in Luxury Goods Markets,Cross-National Consumer Behavior Analysis
Wei176 Silva,1957-11-09,Paris,,France,Luxury Branding Academic,Cross-Cultural Luxury Consumption Patterns,Luxury Scarcity and Veblen Effect Modeling
Camille177 Rabanne,1930-10-24,Copenhagen,,Denmark,Academic Researcher,Academic Research in Consumer Psychology,Neuromarketing Insights in Premium Brand Loyalty
Kenji178 Rossi,1907-06-16,Montreal,Quebec,Canada,Luxury Brand Strategist,Cross-Cultural Luxury Consumption Patterns,Luxury Scarcity and Veblen Effect Modeling
Francesca179 Miyake,1969-05-27,Vancouver,British Columbia,Canada,Premium Brand Consultant,Digital Innovation in Luxury Goods Markets,Consumer Hedonic Motivation and Experiential Luxury
David180 Novak,1907-08-27,Vienna,,Austria,Principal Investigator,Luxury Brand Management & Prestige Positioning,Digital Transformation of Heritage Luxury Houses
Alessandra181 Vettori,1938-04-28,Montreal,Quebec,Canada,Principal Investigator,Luxury Brand Management & Prestige Positioning,Luxury Scarcity and Veblen Effect Modeling
Jonathan182 Silva,1912-07-25,New York City,New York,United States,Luxury Branding Academic,Digital Innovation in Luxury Goods Markets,Sustainable Luxury Goods Supply Chain Strategy
Elena183 Vuitton,1946-01-01,Tokyo,,Japan,Research Professor,Academic Research in Consumer Psychology,Neuromarketing Insights in Premium Brand Loyalty
Stefan184 MacDonald,1943-04-20,Amsterdam,,Netherlands,University Professor,Academic Research in Consumer Psychology,Cross-National Consumer Behavior Analysis
Matteo185 Castellano,1911-05-25,Berlin,,Germany,Research Fellow,Cross-Cultural Luxury Consumption Patterns,Digital Transformation of Heritage Luxury Houses
Jean186 Horvath,1946-12-28,Singapore,,Singapore,Principal Investigator,Advanced Brand Equity and Valuation Research,Prestige Brand Architecture and Identity Construction
Antoine187 Pinault,1950-05-27,Munich,Bavaria,Germany,Distinguished Scholar,Luxury Consumer Behavior & Hedonic Consumption,Digital Transformation of Heritage Luxury Houses
Klaus188 Novak,1926-10-19,New York City,New York,United States,Distinguished Scholar,Digital Innovation in Luxury Goods Markets,Consumer Hedonic Motivation and Experiential Luxury
Francesca189 Lanvin,1922-06-05,Barcelona,Catalonia,Spain,Principal Investigator,Cross-Cultural Luxury Consumption Patterns,Sustainable Luxury Goods Supply Chain Strategy
Hiroshi190 Weber,1909-04-08,Singapore,,Singapore,Principal Investigator,Advanced Brand Equity and Valuation Research,Digital Transformation of Heritage Luxury Houses
Matteo191 Rabanne,1947-06-18,Vancouver,British Columbia,Canada,Luxury Branding Academic,Retail Strategy & Premium Customer Experience,Empirical Frameworks for Academic Marketing Research
Klaus192 Dubois,1940-01-20,Tokyo,,Japan,University Professor,Advanced Brand Equity and Valuation Research,Luxury Scarcity and Veblen Effect Modeling
Guillaume193 Chopard,1903-10-05,New York City,New York,United States,Premium Brand Consultant,Academic Research in Consumer Psychology,Prestige Brand Architecture and Identity Construction
Sarah194 Wang,1941-07-09,Amsterdam,,Netherlands,Premium Brand Consultant,Luxury Consumer Behavior & Hedonic Consumption,Digital Transformation of Heritage Luxury Houses
Guillaume195 Balmain,1966-10-22,Sydney,New South Wales,Australia,University Professor,Academic Research in Consumer Psychology,Cross-National Consumer Behavior Analysis
Jonathan196 MacDonald,1929-02-23,Barcelona,Catalonia,Spain,Research Fellow,Digital Innovation in Luxury Goods Markets,Digital Transformation of Heritage Luxury Houses
Jin197 Balmain,1969-11-20,Milan,,Italy,Luxury Retail Researcher,Retail Strategy & Premium Customer Experience,Cross-National Consumer Behavior Analysis
Maria198 Dubois,1950-06-17,London,,United Kingdom,Distinguished Scholar,Digital Innovation in Luxury Goods Markets,Luxury Scarcity and Veblen Effect Modeling
Francesca199 Dumas,1974-08-13,New York City,New York,United States,University Professor,Academic Research in Consumer Psychology,Neuromarketing Insights in Premium Brand Loyalty
Maria200 Dubois,1915-11-24,Amsterdam,,Netherlands,Luxury Marketing Expert,Luxury Brand Management & Prestige Positioning,Digital Transformation of Heritage Luxury Houses
Guillaume201 Vuitton,1906-04-03,Tokyo,,Japan,Academic Researcher,Retail Strategy & Premium Customer Experience,Digital Transformation of Heritage Luxury Houses
Giovanni202 Santos,1967-04-02,Amsterdam,,Netherlands,Luxury Brand Strategist,Academic Research in Consumer Psychology,Prestige Brand Architecture and Identity Construction
Gianluca203 Balmain,1935-08-27,Tokyo,,Japan,Research Professor,Luxury Brand Management & Prestige Positioning,Consumer Hedonic Motivation and Experiential Luxury
Carlos204 Horvath,1944-07-11,Copenhagen,,Denmark,Luxury Fashion Business Expert,Digital Innovation in Luxury Goods Markets,Sustainable Luxury Goods Supply Chain Strategy
Thierry205 Hermes,1931-03-09,Amsterdam,,Netherlands,University Professor,Empirical Marketing Science & Academic Scholarship,Sustainable Luxury Goods Supply Chain Strategy
Stefan206 Rossi,1927-03-07,Paris,,France,Luxury Branding Academic,Academic Research in Consumer Psychology,Consumer Hedonic Motivation and Experiential Luxury
Guillaume207 Boucheron,1970-12-24,Vienna,,Austria,Premium Brand Consultant,Academic Research in Consumer Psychology,Cross-National Consumer Behavior Analysis
Carlos208 MacDonald,1918-10-20,Copenhagen,,Denmark,Principal Investigator,Cross-Cultural Luxury Consumption Patterns,Luxury Scarcity and Veblen Effect Modeling
Matteo209 Hermes,1912-06-06,Tokyo,,Japan,Research Fellow,Academic Research in Consumer Psychology,Digital Transformation of Heritage Luxury Houses
Anna210 Jansen,1941-02-01,Amsterdam,,Netherlands,Luxury Fashion Business Expert,Advanced Brand Equity and Valuation Research,Empirical Frameworks for Academic Marketing Research
Nathalie211 Castellano,1946-01-19,New York City,New York,United States,Principal Investigator,Digital Innovation in Luxury Goods Markets,Consumer Hedonic Motivation and Experiential Luxury
Marco212 MacDonald,1937-07-12,Munich,Bavaria,Germany,Principal Investigator,Cross-Cultural Luxury Consumption Patterns,Consumer Hedonic Motivation and Experiential Luxury
Mei213 Aoki,1972-04-23,Zurich,,Switzerland,Luxury Branding Academic,Luxury Consumer Behavior & Hedonic Consumption,Empirical Frameworks for Academic Marketing Research
Jean214 Silva,1905-05-09,Vienna,,Austria,University Professor,Empirical Marketing Science & Academic Scholarship,Consumer Hedonic Motivation and Experiential Luxury
Mei215 Balmain,1935-09-21,Vienna,,Austria,Luxury Fashion Business Expert,Luxury Consumer Behavior & Hedonic Consumption,Neuromarketing Insights in Premium Brand Loyalty
Giovanni216 Conti,1971-02-24,London,,United Kingdom,University Professor,Empirical Marketing Science & Academic Scholarship,Consumer Hedonic Motivation and Experiential Luxury
Francesca217 Pinault,1912-09-26,Milan,,Italy,Luxury Fashion Business Expert,Academic Research in Consumer Psychology,Consumer Hedonic Motivation and Experiential Luxury
David218 Horvath,1976-11-13,Copenhagen,,Denmark,Premium Brand Consultant,Luxury Brand Management & Prestige Positioning,Neuromarketing Insights in Premium Brand Loyalty
Alessandra219 Lanvin,1976-12-07,London,,United Kingdom,Academic Researcher,Cross-Cultural Luxury Consumption Patterns,Neuromarketing Insights in Premium Brand Loyalty
Wei220 Dubois,1949-04-22,New York City,New York,United States,Research Professor,Advanced Brand Equity and Valuation Research,Luxury Scarcity and Veblen Effect Modeling
Elena221 Castellano,1938-04-13,Paris,,France,Luxury Retail Researcher,Retail Strategy & Premium Customer Experience,Prestige Brand Architecture and Identity Construction
Li222 MacDonald,1913-08-13,Singapore,,Singapore,Academic Researcher,Advanced Brand Equity and Valuation Research,Neuromarketing Insights in Premium Brand Loyalty
Guillaume223 Boucheron,1900-03-15,Vancouver,British Columbia,Canada,Academic Researcher,Empirical Marketing Science & Academic Scholarship,Digital Transformation of Heritage Luxury Houses
Pierre224 Chen,1967-10-13,Sydney,New South Wales,Australia,Research Professor,Empirical Marketing Science & Academic Scholarship,Sustainable Luxury Goods Supply Chain Strategy
Isabella225 Bettencourt,1942-01-07,Amsterdam,,Netherlands,Luxury Marketing Expert,Advanced Brand Equity and Valuation Research,Digital Transformation of Heritage Luxury Houses
Kenji226 Weber,1905-10-04,Amsterdam,,Netherlands,Research Fellow,Advanced Brand Equity and Valuation Research,Cross-National Consumer Behavior Analysis
Matteo227 Bettencourt,1936-09-18,Paris,,France,Research Fellow,Digital Innovation in Luxury Goods Markets,Empirical Frameworks for Academic Marketing Research
Elena228 Weber,1970-10-09,Stockholm,,Sweden,Luxury Branding Academic,Empirical Marketing Science & Academic Scholarship,Digital Transformation of Heritage Luxury Houses
Matteo229 Guerlain,1901-05-19,Barcelona,Catalonia,Spain,Luxury Brand Strategist,Advanced Brand Equity and Valuation Research,Luxury Scarcity and Veblen Effect Modeling
Klaus230 Tanaka,1971-01-01,Vienna,,Austria,Premium Brand Consultant,Luxury Consumer Behavior & Hedonic Consumption,Luxury Scarcity and Veblen Effect Modeling
Akiko231 Vuitton,1941-04-17,Singapore,,Singapore,Research Professor,Luxury Brand Management & Prestige Positioning,Neuromarketing Insights in Premium Brand Loyalty
Maria232 Silva,1944-06-24,Barcelona,Catalonia,Spain,Principal Investigator,Empirical Marketing Science & Academic Scholarship,Consumer Hedonic Motivation and Experiential Luxury
Gianluca233 Vettori,1932-10-15,Stockholm,,Sweden,Luxury Fashion Business Expert,Cross-Cultural Luxury Consumption Patterns,Sustainable Luxury Goods Supply Chain Strategy
Anna234 Silva,1939-10-10,Munich,Bavaria,Germany,Luxury Brand Strategist,Luxury Brand Management & Prestige Positioning,Empirical Frameworks for Academic Marketing Research
Akiko235 Aoki,1926-11-06,Paris,,France,Luxury Retail Researcher,Academic Research in Consumer Psychology,Luxury Scarcity and Veblen Effect Modeling
Pierre236 Kowalski,1944-03-02,Zurich,,Switzerland,Research Fellow,Empirical Marketing Science & Academic Scholarship,Empirical Frameworks for Academic Marketing Research
Laurent237 Aoki,1933-09-22,Munich,Bavaria,Germany,Premium Brand Consultant,Cross-Cultural Luxury Consumption Patterns,Empirical Frameworks for Academic Marketing Research
David238 Muller,1900-01-22,Melbourne,Victoria,Australia,Luxury Branding Academic,Academic Research in Consumer Psychology,Prestige Brand Architecture and Identity Construction
Camille239 Cartier,1931-07-18,Amsterdam,,Netherlands,Principal Investigator,Advanced Brand Equity and Valuation Research,Sustainable Luxury Goods Supply Chain Strategy
Hans240 Santos,1953-05-02,New York City,New York,United States,Principal Investigator,Academic Research in Consumer Psychology,Sustainable Luxury Goods Supply Chain Strategy
Jin241 Pinault,1944-11-07,Sydney,New South Wales,Australia,Luxury Fashion Business Expert,Advanced Brand Equity and Valuation Research,Sustainable Luxury Goods Supply Chain Strategy
Sarah242 Kowalski,1938-06-27,Tokyo,,Japan,Research Professor,Advanced Brand Equity and Valuation Research,Neuromarketing Insights in Premium Brand Loyalty
Kenzo243 Hermes,1903-07-16,Stockholm,,Sweden,Distinguished Scholar,Retail Strategy & Premium Customer Experience,Prestige Brand Architecture and Identity Construction
Pierre244 Tanaka,1962-09-22,Milan,,Italy,University Professor,Luxury Consumer Behavior & Hedonic Consumption,Cross-National Consumer Behavior Analysis
Laurent245 Cacharel,1931-10-27,Melbourne,Victoria,Australia,Research Fellow,Cross-Cultural Luxury Consumption Patterns,Cross-National Consumer Behavior Analysis
Jean246 Silva,1922-09-03,Munich,Bavaria,Germany,Principal Investigator,Advanced Brand Equity and Valuation Research,Cross-National Consumer Behavior Analysis
Nathalie247 Castellano,1979-06-11,Madrid,,Spain,Luxury Marketing Expert,Academic Research in Consumer Psychology,Luxury Scarcity and Veblen Effect Modeling
Carlos248 MacDonald,1934-01-21,New York City,New York,United States,Luxury Brand Strategist,Empirical Marketing Science & Academic Scholarship,Neuromarketing Insights in Premium Brand Loyalty
Kenzo249 Vuitton,1936-12-10,Amsterdam,,Netherlands,Premium Brand Consultant,Digital Innovation in Luxury Goods Markets,Digital Transformation of Heritage Luxury Houses
Stefan250 Schmidt,1945-10-04,Copenhagen,,Denmark,Premium Brand Consultant,Luxury Consumer Behavior & Hedonic Consumption,Digital Transformation of Heritage Luxury Houses
Akiko251 Cartier,1901-05-01,New York City,New York,United States,Luxury Fashion Business Expert,Retail Strategy & Premium Customer Experience,Luxury Scarcity and Veblen Effect Modeling
Hiroshi252 Schmidt,1918-08-08,Stockholm,,Sweden,University Professor,Advanced Brand Equity and Valuation Research,Sustainable Luxury Goods Supply Chain Strategy
Olivier253 Cartier,1921-07-21,Munich,Bavaria,Germany,Luxury Branding Academic,Digital Innovation in Luxury Goods Markets,Neuromarketing Insights in Premium Brand Loyalty
Stefan254 Kowalski,1956-10-24,Milan,,Italy,Academic Researcher,Luxury Brand Management & Prestige Positioning,Prestige Brand Architecture and Identity Construction
Matteo255 Vettori,1975-05-02,New York City,New York,United States,Luxury Retail Researcher,Cross-Cultural Luxury Consumption Patterns,Prestige Brand Architecture and Identity Construction
Marco256 Schmidt,1918-08-26,Zurich,,Switzerland,Research Professor,Luxury Brand Management & Prestige Positioning,Neuromarketing Insights in Premium Brand Loyalty
Beatrice257 Kawakubo,1910-09-05,Copenhagen,,Denmark,Luxury Retail Researcher,Luxury Consumer Behavior & Hedonic Consumption,Luxury Scarcity and Veblen Effect Modeling
Pierre258 Kowalski,1957-05-23,Amsterdam,,Netherlands,University Professor,Cross-Cultural Luxury Consumption Patterns,Luxury Scarcity and Veblen Effect Modeling
Camille259 Miyake,1977-08-05,Barcelona,Catalonia,Spain,Research Professor,Cross-Cultural Luxury Consumption Patterns,Luxury Scarcity and Veblen Effect Modeling
Sarah260 Novak,1974-02-18,Paris,,France,Premium Brand Consultant,Academic Research in Consumer Psychology,Sustainable Luxury Goods Supply Chain Strategy
Alessandra261 Castellano,1943-01-18,Melbourne,Victoria,Australia,University Professor,Luxury Brand Management & Prestige Positioning,Digital Transformation of Heritage Luxury Houses
Carlos262 Kowalski,1937-07-14,Stockholm,,Sweden,Distinguished Scholar,Luxury Brand Management & Prestige Positioning,Empirical Frameworks for Academic Marketing Research
Beatrice263 Pinault,1966-04-19,Paris,,France,Luxury Branding Academic,Cross-Cultural Luxury Consumption Patterns,Empirical Frameworks for Academic Marketing Research
Maria264 Weber,1975-09-01,Stockholm,,Sweden,Research Fellow,Luxury Consumer Behavior & Hedonic Consumption,Cross-National Consumer Behavior Analysis
Antoine265 Cacharel,1955-09-20,London,,United Kingdom,Principal Investigator,Academic Research in Consumer Psychology,Digital Transformation of Heritage Luxury Houses
Marco266 Kowalski,1951-12-12,Vancouver,British Columbia,Canada,Luxury Branding Academic,Advanced Brand Equity and Valuation Research,Neuromarketing Insights in Premium Brand Loyalty
Antoine267 Balmain,1903-10-09,Vancouver,British Columbia,Canada,Academic Researcher,Luxury Consumer Behavior & Hedonic Consumption,Prestige Brand Architecture and Identity Construction
Anna268 Tanaka,1950-02-08,London,,United Kingdom,Distinguished Scholar,Digital Innovation in Luxury Goods Markets,Cross-National Consumer Behavior Analysis
Olivier269 Rabanne,1921-12-07,Barcelona,Catalonia,Spain,Luxury Brand Strategist,Academic Research in Consumer Psychology,Cross-National Consumer Behavior Analysis
Li270 Santos,1920-04-16,Geneva,,Switzerland,Luxury Brand Strategist,Luxury Consumer Behavior & Hedonic Consumption,Sustainable Luxury Goods Supply Chain Strategy
Antoine271 Cartier,1975-03-11,Singapore,,Singapore,Research Professor,Academic Research in Consumer Psychology,Prestige Brand Architecture and Identity Construction
David272 Lefevre,1954-09-11,London,,United Kingdom,Luxury Retail Researcher,Academic Research in Consumer Psychology,Consumer Hedonic Motivation and Experiential Luxury
Francesca273 Aoki,1949-04-22,Montreal,Quebec,Canada,Luxury Fashion Business Expert,Academic Research in Consumer Psychology,Prestige Brand Architecture and Identity Construction
Stefan274 Kowalski,1970-01-21,Tokyo,,Japan,Luxury Brand Strategist,Empirical Marketing Science & Academic Scholarship,Digital Transformation of Heritage Luxury Houses
Akiko275 Cacharel,1949-07-02,Berlin,,Germany,Research Fellow,Retail Strategy & Premium Customer Experience,Cross-National Consumer Behavior Analysis
Carlos276 Silva,1949-06-07,Vienna,,Austria,Research Professor,Luxury Consumer Behavior & Hedonic Consumption,Consumer Hedonic Motivation and Experiential Luxury
Isabella277 Lanvin,1947-05-24,Zurich,,Switzerland,Principal Investigator,Academic Research in Consumer Psychology,Cross-National Consumer Behavior Analysis
Elizabeth278 Weber,1911-11-15,Zurich,,Switzerland,Research Fellow,Academic Research in Consumer Psychology,Consumer Hedonic Motivation and Experiential Luxury
Thierry279 Bettencourt,1972-01-18,New York City,New York,United States,Luxury Brand Strategist,Empirical Marketing Science & Academic Scholarship,Sustainable Luxury Goods Supply Chain Strategy
Wei280 Muller,1963-02-22,Munich,Bavaria,Germany,University Professor,Luxury Brand Management & Prestige Positioning,Empirical Frameworks for Academic Marketing Research
Beatrice281 Dumas,1932-04-24,Milan,,Italy,Luxury Retail Researcher,Empirical Marketing Science & Academic Scholarship,Cross-National Consumer Behavior Analysis
Wei282 Lefevre,1943-04-12,Zurich,,Switzerland,Luxury Marketing Expert,Academic Research in Consumer Psychology,Cross-National Consumer Behavior Analysis
Gianluca283 Pinault,1953-09-16,New York City,New York,United States,Luxury Brand Strategist,Empirical Marketing Science & Academic Scholarship,Sustainable Luxury Goods Supply Chain Strategy
Carlos284 O'Connor,1961-03-02,Tokyo,,Japan,Academic Researcher,Cross-Cultural Luxury Consumption Patterns,Digital Transformation of Heritage Luxury Houses
Olivier285 Pinault,1919-11-13,Barcelona,Catalonia,Spain,Luxury Brand Strategist,Retail Strategy & Premium Customer Experience,Neuromarketing Insights in Premium Brand Loyalty
Marco286 Jansen,1969-03-19,Munich,Bavaria,Germany,Luxury Branding Academic,Luxury Brand Management & Prestige Positioning,Empirical Frameworks for Academic Marketing Research
Francesca287 Chopard,1979-05-22,Zurich,,Switzerland,Luxury Fashion Business Expert,Empirical Marketing Science & Academic Scholarship,Digital Transformation of Heritage Luxury Houses
David288 Kowalski,1936-04-26,New York City,New York,United States,Luxury Branding Academic,Academic Research in Consumer Psychology,Cross-National Consumer Behavior Analysis
Francesca289 Vuitton,1970-12-17,Paris,,France,Distinguished Scholar,Academic Research in Consumer Psychology,Digital Transformation of Heritage Luxury Houses
Wei290 Kowalski,1973-05-21,Paris,,France,Research Fellow,Academic Research in Consumer Psychology,Consumer Hedonic Motivation and Experiential Luxury
Akiko291 Kawakubo,1906-08-27,Amsterdam,,Netherlands,Luxury Fashion Business Expert,Cross-Cultural Luxury Consumption Patterns,Prestige Brand Architecture and Identity Construction
Pierre292 Wang,1943-06-26,Madrid,,Spain,Premium Brand Consultant,Academic Research in Consumer Psychology,Digital Transformation of Heritage Luxury Houses
Elena293 Rabanne,1974-02-12,Berlin,,Germany,University Professor,Digital Innovation in Luxury Goods Markets,Digital Transformation of Heritage Luxury Houses
Elena294 Santos,1977-06-10,Barcelona,Catalonia,Spain,University Professor,Digital Innovation in Luxury Goods Markets,Prestige Brand Architecture and Identity Construction
Sophie295 Boucheron,1977-10-21,Geneva,,Switzerland,Luxury Marketing Expert,Cross-Cultural Luxury Consumption Patterns,Neuromarketing Insights in Premium Brand Loyalty
Giovanni296 Muller,1963-12-03,Vancouver,British Columbia,Canada,Distinguished Scholar,Luxury Consumer Behavior & Hedonic Consumption,Empirical Frameworks for Academic Marketing Research
Frederic297 Lanvin,1928-07-25,Milan,,Italy,University Professor,Cross-Cultural Luxury Consumption Patterns,Cross-National Consumer Behavior Analysis
Carlos298 Chen,1958-08-11,Zurich,,Switzerland,Luxury Branding Academic,Academic Research in Consumer Psychology,Sustainable Luxury Goods Supply Chain Strategy
Kenzo299 Pinault,1977-06-17,Paris,,France,Luxury Retail Researcher,Cross-Cultural Luxury Consumption Patterns,Neuromarketing Insights in Premium Brand Loyalty
Carlos300 O'Connor,1943-04-17,Montreal,Quebec,Canada,Luxury Marketing Expert,Academic Research in Consumer Psychology,Cross-National Consumer Behavior Analysis
Elena301 Hermes,1976-06-07,Melbourne,Victoria,Australia,University Professor,Retail Strategy & Premium Customer Experience,Consumer Hedonic Motivation and Experiential Luxury
Wei302 Schmidt,1940-03-11,Tokyo,,Japan,University Professor,Empirical Marketing Science & Academic Scholarship,Luxury Scarcity and Veblen Effect Modeling
Matteo303 Chopard,1927-05-23,Montreal,Quebec,Canada,Research Fellow,Academic Research in Consumer Psychology,Luxury Scarcity and Veblen Effect Modeling
David304 Novak,1972-04-08,Munich,Bavaria,Germany,Luxury Fashion Business Expert,Digital Innovation in Luxury Goods Markets,Neuromarketing Insights in Premium Brand Loyalty
Nathalie305 Guerlain,1977-11-19,Vienna,,Austria,Research Fellow,Luxury Consumer Behavior & Hedonic Consumption,Luxury Scarcity and Veblen Effect Modeling
Hiroshi306 Wang,1921-01-19,Montreal,Quebec,Canada,Luxury Brand Strategist,Luxury Consumer Behavior & Hedonic Consumption,Prestige Brand Architecture and Identity Construction
Elena307 Cacharel,1932-07-02,Vienna,,Austria,Luxury Marketing Expert,Empirical Marketing Science & Academic Scholarship,Prestige Brand Architecture and Identity Construction
Sarah308 Wang,1974-12-17,Melbourne,Victoria,Australia,Distinguished Scholar,Academic Research in Consumer Psychology,Digital Transformation of Heritage Luxury Houses
Matteo309 Bettencourt,1918-01-23,Vancouver,British Columbia,Canada,Distinguished Scholar,Retail Strategy & Premium Customer Experience,Prestige Brand Architecture and Identity Construction
Wei310 MacDonald,1919-11-05,Melbourne,Victoria,Australia,Luxury Brand Strategist,Luxury Consumer Behavior & Hedonic Consumption,Prestige Brand Architecture and Identity Construction
Francesca311 Vuitton,1931-09-14,Barcelona,Catalonia,Spain,Luxury Brand Strategist,Advanced Brand Equity and Valuation Research,Neuromarketing Insights in Premium Brand Loyalty
Marco312 Yamamoto,1952-08-03,Geneva,,Switzerland,Premium Brand Consultant,Cross-Cultural Luxury Consumption Patterns,Consumer Hedonic Motivation and Experiential Luxury
Thierry313 Aoki,1932-09-22,Tokyo,,Japan,Luxury Marketing Expert,Empirical Marketing Science & Academic Scholarship,Prestige Brand Architecture and Identity Construction
Hiroshi314 Weber,1935-11-17,Melbourne,Victoria,Australia,Research Professor,Empirical Marketing Science & Academic Scholarship,Luxury Scarcity and Veblen Effect Modeling
Sophie315 Pinault,1966-01-08,Vienna,,Austria,Luxury Brand Strategist,Academic Research in Consumer Psychology,Prestige Brand Architecture and Identity Construction
Sarah316 Muller,1927-11-17,Munich,Bavaria,Germany,Research Fellow,Digital Innovation in Luxury Goods Markets,Prestige Brand Architecture and Identity Construction
Mei317 Miyake,1931-12-13,Copenhagen,,Denmark,Luxury Retail Researcher,Luxury Brand Management & Prestige Positioning,Cross-National Consumer Behavior Analysis
Klaus318 Jansen,1948-02-08,Munich,Bavaria,Germany,Distinguished Scholar,Digital Innovation in Luxury Goods Markets,Cross-National Consumer Behavior Analysis
Francesca319 Boucheron,1934-04-07,Zurich,,Switzerland,University Professor,Empirical Marketing Science & Academic Scholarship,Empirical Frameworks for Academic Marketing Research
Giovanni320 Lefevre,1963-11-08,Tokyo,,Japan,Luxury Fashion Business Expert,Digital Innovation in Luxury Goods Markets,Neuromarketing Insights in Premium Brand Loyalty
Elena321 Castellano,1917-10-17,New York City,New York,United States,Luxury Brand Strategist,Retail Strategy & Premium Customer Experience,Empirical Frameworks for Academic Marketing Research
Jonathan322 Jansen,1961-03-04,Milan,,Italy,Luxury Marketing Expert,Digital Innovation in Luxury Goods Markets,Consumer Hedonic Motivation and Experiential Luxury
Isabella323 Rabanne,1914-07-27,Munich,Bavaria,Germany,Principal Investigator,Luxury Brand Management & Prestige Positioning,Digital Transformation of Heritage Luxury Houses
Anna324 Rossi,1903-09-12,Munich,Bavaria,Germany,Premium Brand Consultant,Retail Strategy & Premium Customer Experience,Empirical Frameworks for Academic Marketing Research
Guillaume325 Boucheron,1941-06-17,Sydney,New South Wales,Australia,Academic Researcher,Empirical Marketing Science & Academic Scholarship,Consumer Hedonic Motivation and Experiential Luxury
Wei326 Weber,1915-08-23,Vancouver,British Columbia,Canada,Luxury Retail Researcher,Advanced Brand Equity and Valuation Research,Luxury Scarcity and Veblen Effect Modeling
Gianluca327 Lanvin,1907-12-08,Tokyo,,Japan,Luxury Retail Researcher,Advanced Brand Equity and Valuation Research,Cross-National Consumer Behavior Analysis
Carlos328 Tanaka,1901-08-07,Melbourne,Victoria,Australia,Luxury Retail Researcher,Advanced Brand Equity and Valuation Research,Cross-National Consumer Behavior Analysis
Kenzo329 Guerlain,1976-08-22,Melbourne,Victoria,Australia,Premium Brand Consultant,Retail Strategy & Premium Customer Experience,Luxury Scarcity and Veblen Effect Modeling
Marco330 Rossi,1920-08-13,Stockholm,,Sweden,Academic Researcher,Luxury Brand Management & Prestige Positioning,Empirical Frameworks for Academic Marketing Research
Akiko331 Aoki,1947-04-08,Singapore,,Singapore,Luxury Marketing Expert,Cross-Cultural Luxury Consumption Patterns,Consumer Hedonic Motivation and Experiential Luxury
Jean332 Weber,1946-09-14,Singapore,,Singapore,Principal Investigator,Academic Research in Consumer Psychology,Luxury Scarcity and Veblen Effect Modeling
Laurent333 Aoki,1925-11-19,London,,United Kingdom,Research Professor,Cross-Cultural Luxury Consumption Patterns,Sustainable Luxury Goods Supply Chain Strategy
Hans334 Jansen,1941-08-13,Tokyo,,Japan,Distinguished Scholar,Luxury Consumer Behavior & Hedonic Consumption,Consumer Hedonic Motivation and Experiential Luxury
Frederic335 Kawakubo,1972-05-18,Copenhagen,,Denmark,Research Fellow,Luxury Brand Management & Prestige Positioning,Luxury Scarcity and Veblen Effect Modeling
Marco336 Rossi,1905-03-19,Zurich,,Switzerland,Luxury Marketing Expert,Advanced Brand Equity and Valuation Research,Empirical Frameworks for Academic Marketing Research
Guillaume337 Bettencourt,1942-10-06,Berlin,,Germany,Luxury Branding Academic,Empirical Marketing Science & Academic Scholarship,Prestige Brand Architecture and Identity Construction
Elizabeth338 Chen,1923-08-22,Paris,,France,Luxury Retail Researcher,Cross-Cultural Luxury Consumption Patterns,Sustainable Luxury Goods Supply Chain Strategy
Camille339 Aoki,1912-05-04,New York City,New York,United States,Luxury Retail Researcher,Retail Strategy & Premium Customer Experience,Digital Transformation of Heritage Luxury Houses
Hiroshi340 Silva,1970-04-02,Singapore,,Singapore,Luxury Fashion Business Expert,Digital Innovation in Luxury Goods Markets,Empirical Frameworks for Academic Marketing Research
Isabella341 Castellano,1906-03-03,Barcelona,Catalonia,Spain,Luxury Marketing Expert,Retail Strategy & Premium Customer Experience,Luxury Scarcity and Veblen Effect Modeling
Maria342 Chen,1936-06-01,Singapore,,Singapore,Luxury Retail Researcher,Digital Innovation in Luxury Goods Markets,Sustainable Luxury Goods Supply Chain Strategy
Nathalie343 Cacharel,1978-05-10,Sydney,New South Wales,Australia,Luxury Marketing Expert,Luxury Consumer Behavior & Hedonic Consumption,Sustainable Luxury Goods Supply Chain Strategy
Carlos344 Weber,1915-02-12,Madrid,,Spain,Luxury Fashion Business Expert,Retail Strategy & Premium Customer Experience,Digital Transformation of Heritage Luxury Houses
Matteo345 Cacharel,1920-04-01,Singapore,,Singapore,Academic Researcher,Advanced Brand Equity and Valuation Research,Cross-National Consumer Behavior Analysis
Jonathan346 Santos,1902-05-06,Barcelona,Catalonia,Spain,Distinguished Scholar,Digital Innovation in Luxury Goods Markets,Luxury Scarcity and Veblen Effect Modeling
Frederic347 Lanvin,1941-07-14,Sydney,New South Wales,Australia,Research Fellow,Digital Innovation in Luxury Goods Markets,Digital Transformation of Heritage Luxury Houses
Miguel348 Lefevre,1903-02-26,Vienna,,Austria,Research Fellow,Luxury Consumer Behavior & Hedonic Consumption,Cross-National Consumer Behavior Analysis
Laurent349 Aoki,1962-12-17,Stockholm,,Sweden,Research Fellow,Luxury Consumer Behavior & Hedonic Consumption,Neuromarketing Insights in Premium Brand Loyalty
Carlos350 Tanaka,1904-08-22,Munich,Bavaria,Germany,Research Professor,Academic Research in Consumer Psychology,Luxury Scarcity and Veblen Effect Modeling
Beatrice351 Castellano,1973-06-05,Milan,,Italy,Luxury Fashion Business Expert,Academic Research in Consumer Psychology,Luxury Scarcity and Veblen Effect Modeling
Anna352 Jansen,1927-03-28,Paris,,France,Luxury Retail Researcher,Empirical Marketing Science & Academic Scholarship,Empirical Frameworks for Academic Marketing Research
Nathalie353 Cacharel,1941-09-03,Amsterdam,,Netherlands,Luxury Fashion Business Expert,Cross-Cultural Luxury Consumption Patterns,Sustainable Luxury Goods Supply Chain Strategy
Miguel354 Yamamoto,1915-09-08,Paris,,France,Premium Brand Consultant,Academic Research in Consumer Psychology,Sustainable Luxury Goods Supply Chain Strategy
Camille355 Lanvin,1957-10-18,Tokyo,,Japan,Premium Brand Consultant,Digital Innovation in Luxury Goods Markets,Luxury Scarcity and Veblen Effect Modeling
Li356 Horvath,1936-03-27,Melbourne,Victoria,Australia,Principal Investigator,Luxury Brand Management & Prestige Positioning,Empirical Frameworks for Academic Marketing Research
Guillaume357 Vettori,1932-10-22,Stockholm,,Sweden,Luxury Brand Strategist,Academic Research in Consumer Psychology,Sustainable Luxury Goods Supply Chain Strategy
Hans358 Dubois,1943-08-24,Singapore,,Singapore,Research Fellow,Academic Research in Consumer Psychology,Consumer Hedonic Motivation and Experiential Luxury
Alessandra359 Vettori,1946-12-18,Zurich,,Switzerland,Academic Researcher,Academic Research in Consumer Psychology,Luxury Scarcity and Veblen Effect Modeling
Li360 O'Connor,1908-06-02,Berlin,,Germany,Academic Researcher,Cross-Cultural Luxury Consumption Patterns,Cross-National Consumer Behavior Analysis
Gianluca361 Lanvin,1925-03-02,Amsterdam,,Netherlands,Research Fellow,Luxury Brand Management & Prestige Positioning,Empirical Frameworks for Academic Marketing Research
Jean362 Yamamoto,1922-08-07,Geneva,,Switzerland,Research Professor,Empirical Marketing Science & Academic Scholarship,Luxury Scarcity and Veblen Effect Modeling
Kenzo363 Aoki,1925-07-09,Melbourne,Victoria,Australia,Luxury Branding Academic,Digital Innovation in Luxury Goods Markets,Consumer Hedonic Motivation and Experiential Luxury
Maria364 Dubois,1978-10-25,London,,United Kingdom,Research Professor,Retail Strategy & Premium Customer Experience,Sustainable Luxury Goods Supply Chain Strategy
Camille365 Castellano,1969-06-08,New York City,New York,United States,University Professor,Retail Strategy & Premium Customer Experience,Consumer Hedonic Motivation and Experiential Luxury
Stefan366 MacDonald,1941-10-22,Copenhagen,,Denmark,Luxury Fashion Business Expert,Empirical Marketing Science & Academic Scholarship,Empirical Frameworks for Academic Marketing Research
Camille367 Kawakubo,1908-04-26,Milan,,Italy,Research Professor,Retail Strategy & Premium Customer Experience,Sustainable Luxury Goods Supply Chain Strategy
Hans368 Schmidt,1903-10-05,Singapore,,Singapore,Luxury Retail Researcher,Luxury Consumer Behavior & Hedonic Consumption,Sustainable Luxury Goods Supply Chain Strategy
Guillaume369 Riva,1976-08-13,Vancouver,British Columbia,Canada,Luxury Retail Researcher,Digital Innovation in Luxury Goods Markets,Sustainable Luxury Goods Supply Chain Strategy
Sarah370 Novak,1910-01-25,Munich,Bavaria,Germany,Luxury Retail Researcher,Luxury Brand Management & Prestige Positioning,Empirical Frameworks for Academic Marketing Research
Jin371 Rabanne,1925-04-01,Barcelona,Catalonia,Spain,Distinguished Scholar,Empirical Marketing Science & Academic Scholarship,Luxury Scarcity and Veblen Effect Modeling
Li372 MacDonald,1973-12-14,Amsterdam,,Netherlands,Luxury Fashion Business Expert,Advanced Brand Equity and Valuation Research,Luxury Scarcity and Veblen Effect Modeling
Sophie373 Dumas,1930-02-01,Munich,Bavaria,Germany,Academic Researcher,Advanced Brand Equity and Valuation Research,Prestige Brand Architecture and Identity Construction
Kenji374 Rossi,1901-08-19,Copenhagen,,Denmark,Luxury Brand Strategist,Digital Innovation in Luxury Goods Markets,Empirical Frameworks for Academic Marketing Research
Nathalie375 Vuitton,1973-04-05,Stockholm,,Sweden,Research Professor,Retail Strategy & Premium Customer Experience,Sustainable Luxury Goods Supply Chain Strategy
Giovanni376 Muller,1945-08-27,New York City,New York,United States,Principal Investigator,Academic Research in Consumer Psychology,Luxury Scarcity and Veblen Effect Modeling
Sophie377 Riva,1916-02-22,Singapore,,Singapore,Luxury Branding Academic,Digital Innovation in Luxury Goods Markets,Empirical Frameworks for Academic Marketing Research
Pierre378 Novak,1918-09-28,London,,United Kingdom,Luxury Retail Researcher,Advanced Brand Equity and Valuation Research,Empirical Frameworks for Academic Marketing Research
Camille379 Aoki,1936-09-24,Tokyo,,Japan,University Professor,Academic Research in Consumer Psychology,Luxury Scarcity and Veblen Effect Modeling
Marco380 Weber,1969-08-13,Geneva,,Switzerland,University Professor,Luxury Consumer Behavior & Hedonic Consumption,Cross-National Consumer Behavior Analysis
Guillaume381 Arnault,1941-03-01,Milan,,Italy,Principal Investigator,Retail Strategy & Premium Customer Experience,Digital Transformation of Heritage Luxury Houses
Stefan382 Schmidt,1927-11-17,Munich,Bavaria,Germany,University Professor,Retail Strategy & Premium Customer Experience,Consumer Hedonic Motivation and Experiential Luxury
Olivier383 Riva,1974-06-13,Madrid,,Spain,Luxury Branding Academic,Digital Innovation in Luxury Goods Markets,Luxury Scarcity and Veblen Effect Modeling
Stefan384 Tanaka,1957-09-27,Sydney,New South Wales,Australia,Luxury Retail Researcher,Digital Innovation in Luxury Goods Markets,Empirical Frameworks for Academic Marketing Research
Gianluca385 Hermes,1923-02-04,Amsterdam,,Netherlands,University Professor,Academic Research in Consumer Psychology,Empirical Frameworks for Academic Marketing Research
Wei386 Muller,1946-04-07,Berlin,,Germany,Principal Investigator,Academic Research in Consumer Psychology,Digital Transformation of Heritage Luxury Houses
Matteo387 Boucheron,1972-02-18,Munich,Bavaria,Germany,Luxury Branding Academic,Advanced Brand Equity and Valuation Research,Luxury Scarcity and Veblen Effect Modeling
Hiroshi388 Horvath,1902-01-26,Madrid,,Spain,University Professor,Cross-Cultural Luxury Consumption Patterns,Cross-National Consumer Behavior Analysis
Nathalie389 Balmain,1950-08-28,London,,United Kingdom,Luxury Marketing Expert,Empirical Marketing Science & Academic Scholarship,Cross-National Consumer Behavior Analysis
Hiroshi390 Conti,1906-01-15,Berlin,,Germany,Research Fellow,Retail Strategy & Premium Customer Experience,Digital Transformation of Heritage Luxury Houses
Isabella391 Lanvin,1953-03-23,Amsterdam,,Netherlands,Academic Researcher,Cross-Cultural Luxury Consumption Patterns,Neuromarketing Insights in Premium Brand Loyalty
Carlos392 Silva,1955-04-07,Sydney,New South Wales,Australia,University Professor,Retail Strategy & Premium Customer Experience,Neuromarketing Insights in Premium Brand Loyalty
Gianluca393 Vuitton,1979-06-03,London,,United Kingdom,Luxury Branding Academic,Luxury Consumer Behavior & Hedonic Consumption,Consumer Hedonic Motivation and Experiential Luxury
Hans394 Jansen,1978-09-17,Madrid,,Spain,Luxury Marketing Expert,Advanced Brand Equity and Valuation Research,Cross-National Consumer Behavior Analysis
Matteo395 Pinault,1931-02-03,Zurich,,Switzerland,Research Fellow,Advanced Brand Equity and Valuation Research,Sustainable Luxury Goods Supply Chain Strategy
Wei396 Van Der Berg,1962-06-27,Barcelona,Catalonia,Spain,Luxury Marketing Expert,Cross-Cultural Luxury Consumption Patterns,Digital Transformation of Heritage Luxury Houses
Francesca397 Boucheron,1965-06-13,Tokyo,,Japan,Luxury Branding Academic,Retail Strategy & Premium Customer Experience,Luxury Scarcity and Veblen Effect Modeling
Stefan398 Chen,1926-11-27,Montreal,Quebec,Canada,Research Fellow,Digital Innovation in Luxury Goods Markets,Luxury Scarcity and Veblen Effect Modeling
Alessandra399 Cacharel,1914-03-15,Geneva,,Switzerland,Premium Brand Consultant,Luxury Consumer Behavior & Hedonic Consumption,Neuromarketing Insights in Premium Brand Loyalty
Hiroshi400 Jansen,1971-06-16,Singapore,,Singapore,Premium Brand Consultant,Advanced Brand Equity and Valuation Research,Prestige Brand Architecture and Identity Construction
Olivier401 Hermes,1978-04-05,Zurich,,Switzerland,Luxury Brand Strategist,Advanced Brand Equity and Valuation Research,Prestige Brand Architecture and Identity Construction
Klaus402 Santos,1954-06-09,Vancouver,British Columbia,Canada,Distinguished Scholar,Empirical Marketing Science & Academic Scholarship,Neuromarketing Insights in Premium Brand Loyalty
Camille403 Castellano,1934-05-26,Amsterdam,,Netherlands,Principal Investigator,Retail Strategy & Premium Customer Experience,Cross-National Consumer Behavior Analysis
Marco404 Horvath,1916-05-09,Vienna,,Austria,Distinguished Scholar,Academic Research in Consumer Psychology,Empirical Frameworks for Academic Marketing Research
Camille405 Boucheron,1928-01-23,Munich,Bavaria,Germany,Luxury Fashion Business Expert,Retail Strategy & Premium Customer Experience,Digital Transformation of Heritage Luxury Houses
Sarah406 Jansen,1955-01-19,Sydney,New South Wales,Australia,Luxury Brand Strategist,Advanced Brand Equity and Valuation Research,Digital Transformation of Heritage Luxury Houses
Kenzo407 Kawakubo,1900-03-17,Zurich,,Switzerland,Premium Brand Consultant,Cross-Cultural Luxury Consumption Patterns,Luxury Scarcity and Veblen Effect Modeling
Hiroshi408 Muller,1921-05-27,Berlin,,Germany,Luxury Retail Researcher,Luxury Consumer Behavior & Hedonic Consumption,Empirical Frameworks for Academic Marketing Research
Antoine409 Rabanne,1963-05-26,Amsterdam,,Netherlands,Distinguished Scholar,Academic Research in Consumer Psychology,Empirical Frameworks for Academic Marketing Research
Pierre410 Jansen,1951-11-12,Amsterdam,,Netherlands,Principal Investigator,Digital Innovation in Luxury Goods Markets,Luxury Scarcity and Veblen Effect Modeling
Camille411 Riva,1969-11-14,Barcelona,Catalonia,Spain,Principal Investigator,Luxury Brand Management & Prestige Positioning,Prestige Brand Architecture and Identity Construction
Maria412 MacDonald,1952-10-03,Berlin,,Germany,Research Professor,Retail Strategy & Premium Customer Experience,Cross-National Consumer Behavior Analysis
Mei413 Cartier,1962-04-26,Munich,Bavaria,Germany,University Professor,Cross-Cultural Luxury Consumption Patterns,Neuromarketing Insights in Premium Brand Loyalty
Klaus414 Lefevre,1902-02-24,Sydney,New South Wales,Australia,University Professor,Retail Strategy & Premium Customer Experience,Digital Transformation of Heritage Luxury Houses
Akiko415 Vettori,1915-05-03,Amsterdam,,Netherlands,Premium Brand Consultant,Empirical Marketing Science & Academic Scholarship,Sustainable Luxury Goods Supply Chain Strategy
Hiroshi416 MacDonald,1976-01-16,London,,United Kingdom,Research Fellow,Advanced Brand Equity and Valuation Research,Empirical Frameworks for Academic Marketing Research
Sophie417 Cartier,1978-02-18,Tokyo,,Japan,Luxury Marketing Expert,Empirical Marketing Science & Academic Scholarship,Luxury Scarcity and Veblen Effect Modeling
Pierre418 Jansen,1929-07-26,Vancouver,British Columbia,Canada,Premium Brand Consultant,Luxury Consumer Behavior & Hedonic Consumption,Sustainable Luxury Goods Supply Chain Strategy
Akiko419 Dumas,1921-12-12,Vancouver,British Columbia,Canada,Premium Brand Consultant,Luxury Consumer Behavior & Hedonic Consumption,Consumer Hedonic Motivation and Experiential Luxury
Li420 Rossi,1903-07-07,Montreal,Quebec,Canada,University Professor,Cross-Cultural Luxury Consumption Patterns,Digital Transformation of Heritage Luxury Houses
Francesca421 Miyake,1942-05-12,Munich,Bavaria,Germany,Research Fellow,Academic Research in Consumer Psychology,Consumer Hedonic Motivation and Experiential Luxury
Maria422 Conti,1947-05-19,New York City,New York,United States,Academic Researcher,Luxury Consumer Behavior & Hedonic Consumption,Empirical Frameworks for Academic Marketing Research
Camille423 Guerlain,1910-10-18,London,,United Kingdom,Premium Brand Consultant,Digital Innovation in Luxury Goods Markets,Consumer Hedonic Motivation and Experiential Luxury
Elena424 Lefevre,1938-04-24,Berlin,,Germany,Luxury Brand Strategist,Retail Strategy & Premium Customer Experience,Luxury Scarcity and Veblen Effect Modeling
Thierry425 Bettencourt,1963-05-05,New York City,New York,United States,Luxury Marketing Expert,Cross-Cultural Luxury Consumption Patterns,Empirical Frameworks for Academic Marketing Research
David426 Silva,1974-10-23,Geneva,,Switzerland,Luxury Marketing Expert,Cross-Cultural Luxury Consumption Patterns,Luxury Scarcity and Veblen Effect Modeling
Sophie427 Lanvin,1947-01-26,Vienna,,Austria,Luxury Brand Strategist,Academic Research in Consumer Psychology,Luxury Scarcity and Veblen Effect Modeling
Marco428 Santos,1917-12-08,Geneva,,Switzerland,University Professor,Retail Strategy & Premium Customer Experience,Neuromarketing Insights in Premium Brand Loyalty
Sophie429 Bettencourt,1941-12-05,Vienna,,Austria,Luxury Fashion Business Expert,Digital Innovation in Luxury Goods Markets,Prestige Brand Architecture and Identity Construction
Anna430 Muller,1926-05-17,Milan,,Italy,Distinguished Scholar,Cross-Cultural Luxury Consumption Patterns,Consumer Hedonic Motivation and Experiential Luxury
Laurent431 Pinault,1923-07-14,Berlin,,Germany,Academic Researcher,Cross-Cultural Luxury Consumption Patterns,Empirical Frameworks for Academic Marketing Research
Elena432 Muller,1927-04-08,New York City,New York,United States,University Professor,Academic Research in Consumer Psychology,Empirical Frameworks for Academic Marketing Research
Elena433 Lanvin,1925-08-10,Copenhagen,,Denmark,Research Professor,Retail Strategy & Premium Customer Experience,Empirical Frameworks for Academic Marketing Research
Elena434 Conti,1926-04-20,Barcelona,Catalonia,Spain,Luxury Brand Strategist,Luxury Brand Management & Prestige Positioning,Digital Transformation of Heritage Luxury Houses
Akiko435 Boucheron,1933-10-10,Paris,,France,Luxury Brand Strategist,Advanced Brand Equity and Valuation Research,Cross-National Consumer Behavior Analysis
Stefan436 Yamamoto,1932-01-18,Barcelona,Catalonia,Spain,Principal Investigator,Cross-Cultural Luxury Consumption Patterns,Consumer Hedonic Motivation and Experiential Luxury
Guillaume437 Aoki,1947-01-16,Paris,,France,Research Fellow,Luxury Brand Management & Prestige Positioning,Empirical Frameworks for Academic Marketing Research
Anna438 Conti,1962-01-17,Milan,,Italy,Premium Brand Consultant,Cross-Cultural Luxury Consumption Patterns,Neuromarketing Insights in Premium Brand Loyalty
Mei439 Guerlain,1911-02-26,Munich,Bavaria,Germany,Luxury Brand Strategist,Digital Innovation in Luxury Goods Markets,Digital Transformation of Heritage Luxury Houses
Jonathan440 MacDonald,1900-01-05,Zurich,,Switzerland,Luxury Marketing Expert,Digital Innovation in Luxury Goods Markets,Digital Transformation of Heritage Luxury Houses
Akiko441 Miyake,1960-11-03,Amsterdam,,Netherlands,Academic Researcher,Retail Strategy & Premium Customer Experience,Consumer Hedonic Motivation and Experiential Luxury
Kenji442 Muller,1917-01-28,Vancouver,British Columbia,Canada,University Professor,Cross-Cultural Luxury Consumption Patterns,Prestige Brand Architecture and Identity Construction
Kenzo443 Kawakubo,1941-03-01,Stockholm,,Sweden,Premium Brand Consultant,Luxury Consumer Behavior & Hedonic Consumption,Sustainable Luxury Goods Supply Chain Strategy
Elizabeth444 Silva,1920-06-22,Copenhagen,,Denmark,Luxury Branding Academic,Empirical Marketing Science & Academic Scholarship,Neuromarketing Insights in Premium Brand Loyalty
Mei445 Boucheron,1938-01-06,Berlin,,Germany,Luxury Marketing Expert,Empirical Marketing Science & Academic Scholarship,Sustainable Luxury Goods Supply Chain Strategy
Jean446 Santos,1967-04-21,Madrid,,Spain,Luxury Marketing Expert,Empirical Marketing Science & Academic Scholarship,Consumer Hedonic Motivation and Experiential Luxury
Jin447 Dumas,1926-11-12,Amsterdam,,Netherlands,Distinguished Scholar,Luxury Brand Management & Prestige Positioning,Sustainable Luxury Goods Supply Chain Strategy
Carlos448 Horvath,1905-08-05,Melbourne,Victoria,Australia,University Professor,Luxury Brand Management & Prestige Positioning,Empirical Frameworks for Academic Marketing Research
Alessandra449 Hermes,1948-02-28,Munich,Bavaria,Germany,Luxury Marketing Expert,Academic Research in Consumer Psychology,Digital Transformation of Heritage Luxury Houses
Marco450 Kowalski,1906-04-23,Copenhagen,,Denmark,Luxury Marketing Expert,Luxury Brand Management & Prestige Positioning,Empirical Frameworks for Academic Marketing Research
Olivier451 Lanvin,1904-03-22,Stockholm,,Sweden,Luxury Branding Academic,Advanced Brand Equity and Valuation Research,Digital Transformation of Heritage Luxury Houses
Li452 MacDonald,1941-06-16,Stockholm,,Sweden,Luxury Branding Academic,Academic Research in Consumer Psychology,Empirical Frameworks for Academic Marketing Research
Jin453 Aoki,1952-03-20,Milan,,Italy,Premium Brand Consultant,Cross-Cultural Luxury Consumption Patterns,Sustainable Luxury Goods Supply Chain Strategy
Maria454 Silva,1970-10-19,Melbourne,Victoria,Australia,University Professor,Retail Strategy & Premium Customer Experience,Cross-National Consumer Behavior Analysis
Olivier455 Hermes,1979-04-11,Berlin,,Germany,Research Professor,Digital Innovation in Luxury Goods Markets,Luxury Scarcity and Veblen Effect Modeling
Elena456 Schmidt,1975-04-27,Milan,,Italy,Luxury Branding Academic,Cross-Cultural Luxury Consumption Patterns,Prestige Brand Architecture and Identity Construction
Gianluca457 Riva,1936-08-22,Vienna,,Austria,Distinguished Scholar,Luxury Consumer Behavior & Hedonic Consumption,Sustainable Luxury Goods Supply Chain Strategy
Elena458 Yamamoto,1979-07-16,Madrid,,Spain,Premium Brand Consultant,Academic Research in Consumer Psychology,Cross-National Consumer Behavior Analysis
Frederic459 Guerlain,1951-05-21,Vienna,,Austria,Luxury Branding Academic,Luxury Brand Management & Prestige Positioning,Sustainable Luxury Goods Supply Chain Strategy
Pierre460 Van Der Berg,1978-12-05,Montreal,Quebec,Canada,Luxury Fashion Business Expert,Digital Innovation in Luxury Goods Markets,Consumer Hedonic Motivation and Experiential Luxury
Alessandra461 Bettencourt,1979-05-09,New York City,New York,United States,Academic Researcher,Luxury Brand Management & Prestige Positioning,Neuromarketing Insights in Premium Brand Loyalty
David462 Horvath,1934-07-02,Melbourne,Victoria,Australia,Research Professor,Digital Innovation in Luxury Goods Markets,Cross-National Consumer Behavior Analysis
Sophie463 Cacharel,1941-09-06,Singapore,,Singapore,Luxury Branding Academic,Empirical Marketing Science & Academic Scholarship,Consumer Hedonic Motivation and Experiential Luxury
Wei464 Wang,1935-02-27,Vienna,,Austria,Distinguished Scholar,Academic Research in Consumer Psychology,Consumer Hedonic Motivation and Experiential Luxury
Matteo465 Vettori,1964-10-21,London,,United Kingdom,Luxury Retail Researcher,Advanced Brand Equity and Valuation Research,Prestige Brand Architecture and Identity Construction
Stefan466 MacDonald,1937-03-20,New York City,New York,United States,Principal Investigator,Luxury Brand Management & Prestige Positioning,Digital Transformation of Heritage Luxury Houses
Olivier467 Dumas,1902-02-08,Berlin,,Germany,Research Fellow,Empirical Marketing Science & Academic Scholarship,Consumer Hedonic Motivation and Experiential Luxury
Hiroshi468 Chen,1941-01-03,New York City,New York,United States,Principal Investigator,Retail Strategy & Premium Customer Experience,Cross-National Consumer Behavior Analysis
Kenzo469 Vuitton,1903-05-26,Barcelona,Catalonia,Spain,Distinguished Scholar,Retail Strategy & Premium Customer Experience,Prestige Brand Architecture and Identity Construction
David470 Dubois,1922-01-27,Zurich,,Switzerland,Luxury Branding Academic,Academic Research in Consumer Psychology,Empirical Frameworks for Academic Marketing Research
Isabella471 Chopard,1947-12-26,Stockholm,,Sweden,Luxury Fashion Business Expert,Luxury Brand Management & Prestige Positioning,Cross-National Consumer Behavior Analysis
Giovanni472 Santos,1919-07-08,New York City,New York,United States,Distinguished Scholar,Luxury Brand Management & Prestige Positioning,Cross-National Consumer Behavior Analysis
Mei473 Balmain,1966-01-08,Madrid,,Spain,University Professor,Luxury Consumer Behavior & Hedonic Consumption,Consumer Hedonic Motivation and Experiential Luxury
Pierre474 Novak,1930-04-06,Copenhagen,,Denmark,Luxury Brand Strategist,Digital Innovation in Luxury Goods Markets,Prestige Brand Architecture and Identity Construction
Camille475 Kawakubo,1923-01-27,Singapore,,Singapore,University Professor,Luxury Brand Management & Prestige Positioning,Luxury Scarcity and Veblen Effect Modeling
Pierre476 Muller,1913-11-13,Montreal,Quebec,Canada,University Professor,Luxury Brand Management & Prestige Positioning,Cross-National Consumer Behavior Analysis
Sophie477 Guerlain,1954-08-01,Madrid,,Spain,Principal Investigator,Luxury Brand Management & Prestige Positioning,Prestige Brand Architecture and Identity Construction
Hiroshi478 Kowalski,1924-10-28,Berlin,,Germany,Luxury Retail Researcher,Academic Research in Consumer Psychology,Cross-National Consumer Behavior Analysis
Antoine479 Rabanne,1920-03-07,Paris,,France,Luxury Fashion Business Expert,Luxury Brand Management & Prestige Positioning,Empirical Frameworks for Academic Marketing Research
Jonathan480 Yamamoto,1945-01-06,Vancouver,British Columbia,Canada,Luxury Marketing Expert,Academic Research in Consumer Psychology,Digital Transformation of Heritage Luxury Houses
Beatrice481 Hermes,1950-02-12,Zurich,,Switzerland,Research Professor,Luxury Consumer Behavior & Hedonic Consumption,Sustainable Luxury Goods Supply Chain Strategy
Elena482 Wang,1959-06-02,Milan,,Italy,Research Professor,Advanced Brand Equity and Valuation Research,Prestige Brand Architecture and Identity Construction
Matteo483 Arnault,1944-04-19,New York City,New York,United States,University Professor,Academic Research in Consumer Psychology,Sustainable Luxury Goods Supply Chain Strategy
Pierre484 Dubois,1901-03-20,Stockholm,,Sweden,Research Fellow,Retail Strategy & Premium Customer Experience,Cross-National Consumer Behavior Analysis
Matteo485 Aoki,1968-11-25,Berlin,,Germany,Luxury Marketing Expert,Academic Research in Consumer Psychology,Prestige Brand Architecture and Identity Construction
Maria486 Tanaka,1927-12-25,Munich,Bavaria,Germany,Luxury Brand Strategist,Digital Innovation in Luxury Goods Markets,Cross-National Consumer Behavior Analysis
Kenzo487 Aoki,1976-11-15,Montreal,Quebec,Canada,Premium Brand Consultant,Empirical Marketing Science & Academic Scholarship,Sustainable Luxury Goods Supply Chain Strategy
Pierre488 Chen,1959-07-15,Madrid,,Spain,Luxury Marketing Expert,Luxury Consumer Behavior & Hedonic Consumption,Digital Transformation of Heritage Luxury Houses
Frederic489 Arnault,1904-07-23,Montreal,Quebec,Canada,Premium Brand Consultant,Advanced Brand Equity and Valuation Research,Luxury Scarcity and Veblen Effect Modeling
Marco490 Weber,1925-12-13,London,,United Kingdom,Research Professor,Luxury Consumer Behavior & Hedonic Consumption,Cross-National Consumer Behavior Analysis
Laurent491 Chopard,1924-07-19,Munich,Bavaria,Germany,Premium Brand Consultant,Retail Strategy & Premium Customer Experience,Prestige Brand Architecture and Identity Construction
Miguel492 MacDonald,1902-08-09,Copenhagen,,Denmark,Luxury Fashion Business Expert,Luxury Consumer Behavior & Hedonic Consumption,Cross-National Consumer Behavior Analysis
Frederic493 Cartier,1967-11-27,Vienna,,Austria,Academic Researcher,Luxury Consumer Behavior & Hedonic Consumption,Consumer Hedonic Motivation and Experiential Luxury
Anna494 Kowalski,1960-10-02,Singapore,,Singapore,Academic Researcher,Empirical Marketing Science & Academic Scholarship,Luxury Scarcity and Veblen Effect Modeling
Akiko495 Boucheron,1941-07-20,Stockholm,,Sweden,Luxury Marketing Expert,Empirical Marketing Science & Academic Scholarship,Consumer Hedonic Motivation and Experiential Luxury
Jean496 Kowalski,1909-03-15,Stockholm,,Sweden,Luxury Marketing Expert,Digital Innovation in Luxury Goods Markets,Neuromarketing Insights in Premium Brand Loyalty
Nathalie497 Bettencourt,1968-12-03,Paris,,France,Distinguished Scholar,Empirical Marketing Science & Academic Scholarship,Digital Transformation of Heritage Luxury Houses
Klaus498 Van Der Berg,1911-08-06,Berlin,,Germany,Distinguished Scholar,Digital Innovation in Luxury Goods Markets,Neuromarketing Insights in Premium Brand Loyalty
Akiko499 Hermes,1973-09-17,Paris,,France,Distinguished Scholar,Digital Innovation in Luxury Goods Markets,Consumer Hedonic Motivation and Experiential Luxury
Carlos500 Lefevre,1930-05-16,New York City,New York,United States,Luxury Branding Academic,Academic Research in Consumer Psychology,Sustainable Luxury Goods Supply Chain Strategy
Sophie501 Balmain,1905-11-10,Zurich,,Switzerland,Distinguished Scholar,Empirical Marketing Science & Academic Scholarship,Empirical Frameworks for Academic Marketing Research
Hiroshi502 Kowalski,1936-04-01,Berlin,,Germany,Distinguished Scholar,Digital Innovation in Luxury Goods Markets,Neuromarketing Insights in Premium Brand Loyalty
Akiko503 Riva,1923-09-25,Milan,,Italy,Distinguished Scholar,Luxury Brand Management & Prestige Positioning,Luxury Scarcity and Veblen Effect Modeling
Anna504 Weber,1958-11-19,Zurich,,Switzerland,Luxury Marketing Expert,Academic Research in Consumer Psychology,Cross-National Consumer Behavior Analysis
Olivier505 Kawakubo,1977-12-25,Singapore,,Singapore,Research Professor,Empirical Marketing Science & Academic Scholarship,Cross-National Consumer Behavior Analysis
Hans506 Schmidt,1907-07-21,Copenhagen,,Denmark,Luxury Branding Academic,Cross-Cultural Luxury Consumption Patterns,Cross-National Consumer Behavior Analysis
Akiko507 Hermes,1933-02-16,Munich,Bavaria,Germany,Principal Investigator,Academic Research in Consumer Psychology,Digital Transformation of Heritage Luxury Houses
Hans508 Silva,1950-10-12,Madrid,,Spain,Academic Researcher,Cross-Cultural Luxury Consumption Patterns,Digital Transformation of Heritage Luxury Houses
Isabella509 Castellano,1963-08-14,New York City,New York,United States,Luxury Brand Strategist,Luxury Consumer Behavior & Hedonic Consumption,Empirical Frameworks for Academic Marketing Research
Sarah510 Rossi,1926-09-16,Madrid,,Spain,Luxury Brand Strategist,Academic Research in Consumer Psychology,Sustainable Luxury Goods Supply Chain Strategy
Nathalie511 Miyake,1958-06-12,Melbourne,Victoria,Australia,Research Fellow,Luxury Brand Management & Prestige Positioning,Neuromarketing Insights in Premium Brand Loyalty
David512 O'Connor,1975-05-11,Amsterdam,,Netherlands,Research Professor,Academic Research in Consumer Psychology,Empirical Frameworks for Academic Marketing Research
Nathalie513 Lanvin,1962-02-11,Vienna,,Austria,Academic Researcher,Cross-Cultural Luxury Consumption Patterns,Sustainable Luxury Goods Supply Chain Strategy
Jean514 Kowalski,1911-02-19,Vancouver,British Columbia,Canada,Research Professor,Empirical Marketing Science & Academic Scholarship,Neuromarketing Insights in Premium Brand Loyalty
Beatrice515 Hermes,1964-05-05,Singapore,,Singapore,Luxury Branding Academic,Retail Strategy & Premium Customer Experience,Consumer Hedonic Motivation and Experiential Luxury
Elizabeth516 Tanaka,1971-12-22,London,,United Kingdom,Luxury Fashion Business Expert,Retail Strategy & Premium Customer Experience,Consumer Hedonic Motivation and Experiential Luxury
Matteo517 Dumas,1908-04-15,New York City,New York,United States,Research Fellow,Retail Strategy & Premium Customer Experience,Cross-National Consumer Behavior Analysis
Elizabeth518 Novak,1942-03-22,Munich,Bavaria,Germany,Academic Researcher,Cross-Cultural Luxury Consumption Patterns,Digital Transformation of Heritage Luxury Houses
Nathalie519 Balmain,1910-02-28,Montreal,Quebec,Canada,Luxury Fashion Business Expert,Advanced Brand Equity and Valuation Research,Cross-National Consumer Behavior Analysis
Elizabeth520 Horvath,1952-07-23,Berlin,,Germany,Academic Researcher,Digital Innovation in Luxury Goods Markets,Luxury Scarcity and Veblen Effect Modeling
Nathalie521 Guerlain,1914-02-10,London,,United Kingdom,Distinguished Scholar,Empirical Marketing Science & Academic Scholarship,Consumer Hedonic Motivation and Experiential Luxury
Giovanni522 Weber,1908-07-07,Sydney,New South Wales,Australia,Research Professor,Empirical Marketing Science & Academic Scholarship,Digital Transformation of Heritage Luxury Houses
Thierry523 Boucheron,1922-03-21,Zurich,,Switzerland,Research Fellow,Retail Strategy & Premium Customer Experience,Digital Transformation of Heritage Luxury Houses
Wei524 Chen,1966-06-22,New York City,New York,United States,Research Fellow,Digital Innovation in Luxury Goods Markets,Empirical Frameworks for Academic Marketing Research
Thierry525 Rabanne,1953-09-24,Paris,,France,Luxury Brand Strategist,Retail Strategy & Premium Customer Experience,Empirical Frameworks for Academic Marketing Research
Li526 Schmidt,1932-04-28,Stockholm,,Sweden,Luxury Branding Academic,Retail Strategy & Premium Customer Experience,Cross-National Consumer Behavior Analysis
Kenzo527 Hermes,1921-04-17,Vienna,,Austria,University Professor,Empirical Marketing Science & Academic Scholarship,Digital Transformation of Heritage Luxury Houses
Miguel528 Yamamoto,1953-08-11,Melbourne,Victoria,Australia,Research Professor,Academic Research in Consumer Psychology,Prestige Brand Architecture and Identity Construction
Guillaume529 Cacharel,1927-11-03,Amsterdam,,Netherlands,Luxury Brand Strategist,Empirical Marketing Science & Academic Scholarship,Neuromarketing Insights in Premium Brand Loyalty
Elizabeth530 MacDonald,1927-05-06,Melbourne,Victoria,Australia,Premium Brand Consultant,Retail Strategy & Premium Customer Experience,Digital Transformation of Heritage Luxury Houses
Isabella531 Boucheron,1928-04-04,Melbourne,Victoria,Australia,Luxury Branding Academic,Cross-Cultural Luxury Consumption Patterns,Luxury Scarcity and Veblen Effect Modeling
Kenji532 O'Connor,1933-12-06,Zurich,,Switzerland,Premium Brand Consultant,Academic Research in Consumer Psychology,Cross-National Consumer Behavior Analysis
Olivier533 Hermes,1902-12-02,Barcelona,Catalonia,Spain,Academic Researcher,Academic Research in Consumer Psychology,Neuromarketing Insights in Premium Brand Loyalty
Maria534 Dubois,1962-03-16,Sydney,New South Wales,Australia,Principal Investigator,Academic Research in Consumer Psychology,Sustainable Luxury Goods Supply Chain Strategy
Frederic535 Pinault,1912-09-08,New York City,New York,United States,University Professor,Empirical Marketing Science & Academic Scholarship,Consumer Hedonic Motivation and Experiential Luxury
Elizabeth536 Van Der Berg,1923-12-02,Geneva,,Switzerland,Luxury Retail Researcher,Advanced Brand Equity and Valuation Research,Empirical Frameworks for Academic Marketing Research
Guillaume537 Aoki,1931-05-28,Singapore,,Singapore,Academic Researcher,Empirical Marketing Science & Academic Scholarship,Cross-National Consumer Behavior Analysis
Marco538 Dubois,1915-06-08,New York City,New York,United States,Luxury Fashion Business Expert,Retail Strategy & Premium Customer Experience,Consumer Hedonic Motivation and Experiential Luxury
Camille539 Vettori,1956-10-12,Amsterdam,,Netherlands,Research Professor,Academic Research in Consumer Psychology,Consumer Hedonic Motivation and Experiential Luxury
Hans540 Kowalski,1931-01-06,Copenhagen,,Denmark,Academic Researcher,Luxury Brand Management & Prestige Positioning,Empirical Frameworks for Academic Marketing Research
Jin541 Castellano,1925-08-10,Madrid,,Spain,Research Fellow,Empirical Marketing Science & Academic Scholarship,Luxury Scarcity and Veblen Effect Modeling
Li542 Yamamoto,1951-06-25,Munich,Bavaria,Germany,Research Professor,Advanced Brand Equity and Valuation Research,Digital Transformation of Heritage Luxury Houses
Sophie543 Miyake,1940-12-09,Amsterdam,,Netherlands,University Professor,Digital Innovation in Luxury Goods Markets,Cross-National Consumer Behavior Analysis
Stefan544 Lefevre,1942-06-04,Berlin,,Germany,Distinguished Scholar,Digital Innovation in Luxury Goods Markets,Prestige Brand Architecture and Identity Construction
Camille545 Boucheron,1944-12-08,Barcelona,Catalonia,Spain,Luxury Retail Researcher,Digital Innovation in Luxury Goods Markets,Consumer Hedonic Motivation and Experiential Luxury
Anna546 Chen,1945-05-24,Geneva,,Switzerland,Research Fellow,Luxury Brand Management & Prestige Positioning,Consumer Hedonic Motivation and Experiential Luxury
Elena547 Miyake,1943-11-24,Vienna,,Austria,Luxury Branding Academic,Cross-Cultural Luxury Consumption Patterns,Empirical Frameworks for Academic Marketing Research
Marco548 Novak,1921-06-11,Vienna,,Austria,Luxury Retail Researcher,Luxury Brand Management & Prestige Positioning,Consumer Hedonic Motivation and Experiential Luxury
Jin549 Lanvin,1913-08-09,Montreal,Quebec,Canada,Premium Brand Consultant,Cross-Cultural Luxury Consumption Patterns,Sustainable Luxury Goods Supply Chain Strategy
Marco550 Jansen,1942-01-13,Tokyo,,Japan,Luxury Retail Researcher,Advanced Brand Equity and Valuation Research,Neuromarketing Insights in Premium Brand Loyalty
Akiko551 Chopard,1946-04-14,Berlin,,Germany,Luxury Marketing Expert,Academic Research in Consumer Psychology,Prestige Brand Architecture and Identity Construction
Hans552 Dubois,1933-12-26,Zurich,,Switzerland,Research Fellow,Retail Strategy & Premium Customer Experience,Sustainable Luxury Goods Supply Chain Strategy
Matteo553 Rabanne,1947-07-23,Madrid,,Spain,Luxury Retail Researcher,Academic Research in Consumer Psychology,Prestige Brand Architecture and Identity Construction
Wei554 Silva,1913-11-20,Barcelona,Catalonia,Spain,Luxury Brand Strategist,Retail Strategy & Premium Customer Experience,Neuromarketing Insights in Premium Brand Loyalty
Elena555 Riva,1954-03-22,Copenhagen,,Denmark,Luxury Branding Academic,Luxury Consumer Behavior & Hedonic Consumption,Prestige Brand Architecture and Identity Construction
Carlos556 Lefevre,1974-06-06,Copenhagen,,Denmark,Research Professor,Digital Innovation in Luxury Goods Markets,Empirical Frameworks for Academic Marketing Research
Sophie557 Rabanne,1968-01-08,Montreal,Quebec,Canada,Distinguished Scholar,Empirical Marketing Science & Academic Scholarship,Consumer Hedonic Motivation and Experiential Luxury
Marco558 Muller,1952-03-10,Zurich,,Switzerland,Luxury Brand Strategist,Academic Research in Consumer Psychology,Cross-National Consumer Behavior Analysis
Camille559 Lanvin,1932-10-26,Berlin,,Germany,Luxury Branding Academic,Empirical Marketing Science & Academic Scholarship,Sustainable Luxury Goods Supply Chain Strategy
Wei560 Van Der Berg,1923-05-19,Barcelona,Catalonia,Spain,Luxury Marketing Expert,Retail Strategy & Premium Customer Experience,Prestige Brand Architecture and Identity Construction
Mei561 Riva,1920-09-19,Milan,,Italy,Luxury Fashion Business Expert,Advanced Brand Equity and Valuation Research,Consumer Hedonic Motivation and Experiential Luxury
Jonathan562 Dubois,1949-02-24,Barcelona,Catalonia,Spain,Research Professor,Cross-Cultural Luxury Consumption Patterns,Cross-National Consumer Behavior Analysis
Francesca563 Dumas,1944-11-06,Paris,,France,Distinguished Scholar,Digital Innovation in Luxury Goods Markets,Digital Transformation of Heritage Luxury Houses
Sarah564 Silva,1964-11-09,Vancouver,British Columbia,Canada,Distinguished Scholar,Luxury Consumer Behavior & Hedonic Consumption,Luxury Scarcity and Veblen Effect Modeling
Akiko565 Aoki,1946-11-13,Paris,,France,Luxury Brand Strategist,Academic Research in Consumer Psychology,Sustainable Luxury Goods Supply Chain Strategy
Miguel566 Jansen,1921-09-03,New York City,New York,United States,Luxury Marketing Expert,Retail Strategy & Premium Customer Experience,Cross-National Consumer Behavior Analysis
Thierry567 Bettencourt,1928-02-03,London,,United Kingdom,Luxury Fashion Business Expert,Luxury Consumer Behavior & Hedonic Consumption,Sustainable Luxury Goods Supply Chain Strategy
David568 O'Connor,1964-02-23,Paris,,France,University Professor,Cross-Cultural Luxury Consumption Patterns,Cross-National Consumer Behavior Analysis
Elena569 Cartier,1949-10-07,Geneva,,Switzerland,Premium Brand Consultant,Digital Innovation in Luxury Goods Markets,Neuromarketing Insights in Premium Brand Loyalty
Hans570 MacDonald,1966-07-05,New York City,New York,United States,Premium Brand Consultant,Digital Innovation in Luxury Goods Markets,Neuromarketing Insights in Premium Brand Loyalty
Mei571 Kawakubo,1903-10-14,Singapore,,Singapore,Luxury Brand Strategist,Cross-Cultural Luxury Consumption Patterns,Prestige Brand Architecture and Identity Construction
Hans572 Weber,1914-04-23,Munich,Bavaria,Germany,Luxury Branding Academic,Digital Innovation in Luxury Goods Markets,Sustainable Luxury Goods Supply Chain Strategy
Sophie573 Hermes,1946-06-15,Sydney,New South Wales,Australia,Research Professor,Advanced Brand Equity and Valuation Research,Luxury Scarcity and Veblen Effect Modeling
Giovanni574 Silva,1949-05-21,Melbourne,Victoria,Australia,Luxury Branding Academic,Cross-Cultural Luxury Consumption Patterns,Consumer Hedonic Motivation and Experiential Luxury
Akiko575 Bettencourt,1961-02-22,Zurich,,Switzerland,Premium Brand Consultant,Luxury Brand Management & Prestige Positioning,Sustainable Luxury Goods Supply Chain Strategy
Anna576 Silva,1923-05-05,Vienna,,Austria,Research Professor,Retail Strategy & Premium Customer Experience,Sustainable Luxury Goods Supply Chain Strategy
Isabella577 Arnault,1905-12-02,Melbourne,Victoria,Australia,Luxury Brand Strategist,Luxury Brand Management & Prestige Positioning,Sustainable Luxury Goods Supply Chain Strategy
Jonathan578 Van Der Berg,1978-04-28,Amsterdam,,Netherlands,Academic Researcher,Retail Strategy & Premium Customer Experience,Empirical Frameworks for Academic Marketing Research
Isabella579 Vuitton,1940-11-22,Geneva,,Switzerland,Distinguished Scholar,Digital Innovation in Luxury Goods Markets,Consumer Hedonic Motivation and Experiential Luxury
Wei580 Horvath,1923-08-10,Paris,,France,Luxury Fashion Business Expert,Advanced Brand Equity and Valuation Research,Luxury Scarcity and Veblen Effect Modeling
Nathalie581 Aoki,1942-02-25,Stockholm,,Sweden,Luxury Marketing Expert,Digital Innovation in Luxury Goods Markets,Sustainable Luxury Goods Supply Chain Strategy
Pierre582 Lefevre,1972-04-28,Munich,Bavaria,Germany,Distinguished Scholar,Luxury Consumer Behavior & Hedonic Consumption,Sustainable Luxury Goods Supply Chain Strategy
Kenzo583 Cacharel,1908-03-24,Melbourne,Victoria,Australia,Research Professor,Luxury Brand Management & Prestige Positioning,Sustainable Luxury Goods Supply Chain Strategy
Elizabeth584 Horvath,1900-02-18,Sydney,New South Wales,Australia,Luxury Marketing Expert,Retail Strategy & Premium Customer Experience,Cross-National Consumer Behavior Analysis
Antoine585 Bettencourt,1964-11-04,New York City,New York,United States,Principal Investigator,Retail Strategy & Premium Customer Experience,Sustainable Luxury Goods Supply Chain Strategy
Giovanni586 Yamamoto,1918-01-10,Copenhagen,,Denmark,University Professor,Empirical Marketing Science & Academic Scholarship,Neuromarketing Insights in Premium Brand Loyalty
Mei587 Chopard,1949-06-06,Paris,,France,Premium Brand Consultant,Luxury Consumer Behavior & Hedonic Consumption,Prestige Brand Architecture and Identity Construction
Carlos588 Muller,1904-10-14,Madrid,,Spain,Luxury Retail Researcher,Luxury Brand Management & Prestige Positioning,Luxury Scarcity and Veblen Effect Modeling
Gianluca589 Kawakubo,1954-10-18,Barcelona,Catalonia,Spain,Academic Researcher,Academic Research in Consumer Psychology,Consumer Hedonic Motivation and Experiential Luxury
Jean590 Wang,1938-08-07,Copenhagen,,Denmark,Principal Investigator,Empirical Marketing Science & Academic Scholarship,Consumer Hedonic Motivation and Experiential Luxury
Nathalie591 Cacharel,1919-06-06,London,,United Kingdom,University Professor,Retail Strategy & Premium Customer Experience,Luxury Scarcity and Veblen Effect Modeling
Pierre592 Wang,1942-08-22,Milan,,Italy,Academic Researcher,Academic Research in Consumer Psychology,Consumer Hedonic Motivation and Experiential Luxury
Jin593 Cartier,1925-06-16,Munich,Bavaria,Germany,Distinguished Scholar,Retail Strategy & Premium Customer Experience,Prestige Brand Architecture and Identity Construction
Jonathan594 Weber,1954-04-10,Zurich,,Switzerland,Luxury Retail Researcher,Cross-Cultural Luxury Consumption Patterns,Consumer Hedonic Motivation and Experiential Luxury
Matteo595 Castellano,1963-06-05,Stockholm,,Sweden,Luxury Fashion Business Expert,Luxury Brand Management & Prestige Positioning,Empirical Frameworks for Academic Marketing Research
Li596 Van Der Berg,1964-11-26,Barcelona,Catalonia,Spain,Principal Investigator,Empirical Marketing Science & Academic Scholarship,Consumer Hedonic Motivation and Experiential Luxury
Sophie597 Aoki,1940-01-15,Sydney,New South Wales,Australia,Luxury Branding Academic,Luxury Consumer Behavior & Hedonic Consumption,Digital Transformation of Heritage Luxury Houses
Elena598 O'Connor,1952-10-07,Paris,,France,Premium Brand Consultant,Academic Research in Consumer Psychology,Consumer Hedonic Motivation and Experiential Luxury
Kenzo599 Riva,1942-02-18,Tokyo,,Japan,Distinguished Scholar,Retail Strategy & Premium Customer Experience,Cross-National Consumer Behavior Analysis
