Full Name,Birth Date (YYYY-MM-DD),Birth City,Birth State/Province (if applicable),Birth Country,Primary Profession,Primary Research Area,Major Contribution
Arthur Ellis 1,1972-02-28,Toronto,Ontario,Canada,Transport & Export Executive,Customer Acquisition & High-Volume Sales Leadership,High-Performance B2B Sales Methodologies and Key Account Management
Ignacio Ingram 2,1948-06-03,Sydney,New South Wales,Australia,Commercial Sales Director,Customer Acquisition & High-Volume Sales Leadership,Multimodal Freight Interconnectivity and Port Logistics
Monica Harris 3,1917-06-20,Chicago,Illinois,United States,Global Freight Expert,B2B Commercial Sales Strategy & Distribution Networks,Containerized Freight Standardization and Global Trade Expansion
Paula Evans 4,1913-12-21,Dubai,,United Arab Emirates,Transportation Economist,B2B Commercial Sales Strategy & Distribution Networks,Dynamic Route Optimization for Express Parcel Delivery
Xavier Vance 5,1905-12-18,Seattle,Washington,United States,Ride-Hailing Innovator,Global Supply Chain Optimization & Export Logistics,On-Demand Dispatch Algorithms and Urban Cab Service Scaling
Kenji Vaughan 6,1901-11-18,Panama City,,Panama,Supply Chain Researcher,B2B Commercial Sales Strategy & Distribution Networks,Enterprise Sales Force Automation and Channel Distribution Models
Ignacio White 7,1909-11-12,Panama City,,Panama,Transport & Export Executive,Urban Mobility & Ride-Hailing Network Economics,Dynamic Route Optimization for Express Parcel Delivery
Fiona Tanaka 8,1952-01-07,Hamburg,,Germany,Transportation Economist,B2B Commercial Sales Strategy & Distribution Networks,Multimodal Freight Interconnectivity and Port Logistics
Zachary Vaughan 9,1943-05-28,Panama City,,Panama,Transportation Economist,Freight Forwarding & Maritime Transport Management,Enterprise Sales Force Automation and Channel Distribution Models
Zoe Larson 10,1952-05-23,Chicago,Illinois,United States,Commercial Sales Director,Global Supply Chain Optimization & Export Logistics,Multimodal Freight Interconnectivity and Port Logistics
Patrick Young 11,1971-01-18,Rotterdam,,Netherlands,Sales Leadership Pioneer,B2B Commercial Sales Strategy & Distribution Networks,Multimodal Freight Interconnectivity and Port Logistics
Yvonne King 12,1933-12-19,Singapore,,Singapore,Delivery Network Strategist,Last-Mile Delivery Innovation & Autonomous Transit,Dynamic Route Optimization for Express Parcel Delivery
Thomas Lewis 13,1912-05-02,Chicago,Illinois,United States,Sales Leadership Pioneer,Urban Mobility & Ride-Hailing Network Economics,Enterprise Sales Force Automation and Channel Distribution Models
Patrick Patel 14,1902-03-20,Los Angeles,California,United States,Transport & Export Executive,Urban Mobility & Ride-Hailing Network Economics,High-Performance B2B Sales Methodologies and Key Account Management
Quentin Zimmermann 15,1916-06-14,Rotterdam,,Netherlands,Last-Mile Delivery Specialist,Freight Forwarding & Maritime Transport Management,Containerized Freight Standardization and Global Trade Expansion
Zachary Vance 16,1925-06-19,Tokyo,,Japan,Last-Mile Delivery Specialist,B2B Commercial Sales Strategy & Distribution Networks,Enterprise Sales Force Automation and Channel Distribution Models
Zachary Black 17,1909-07-11,Montreal,Quebec,Canada,Last-Mile Delivery Specialist,Freight Forwarding & Maritime Transport Management,On-Demand Dispatch Algorithms and Urban Cab Service Scaling
Teresa Cole 18,1904-11-26,London,,United Kingdom,Sales Leadership Pioneer,Customer Acquisition & High-Volume Sales Leadership,Containerized Freight Standardization and Global Trade Expansion
Martin Vance 19,1921-01-17,Los Angeles,California,United States,Delivery Network Strategist,Customer Acquisition & High-Volume Sales Leadership,Dynamic Route Optimization for Express Parcel Delivery
Bernard Foster 20,1943-07-16,Paris,,France,Supply Chain Researcher,Last-Mile Delivery Innovation & Autonomous Transit,Containerized Freight Standardization and Global Trade Expansion
Stanley Jensen 21,1937-11-21,Sydney,New South Wales,Australia,Commercial Sales Director,Last-Mile Delivery Innovation & Autonomous Transit,On-Demand Dispatch Algorithms and Urban Cab Service Scaling
Teresa Fisher 22,1960-05-16,Panama City,,Panama,Cab Service Founder,B2B Commercial Sales Strategy & Distribution Networks,Enterprise Sales Force Automation and Channel Distribution Models
Diana Miller 23,1951-04-18,Singapore,,Singapore,Global Freight Expert,B2B Commercial Sales Strategy & Distribution Networks,Dynamic Route Optimization for Express Parcel Delivery
Walter Foster 24,1964-07-28,Los Angeles,California,United States,Logistics Pioneer,Global Supply Chain Optimization & Export Logistics,On-Demand Dispatch Algorithms and Urban Cab Service Scaling
Karl Turner 25,1976-12-04,Seattle,Washington,United States,Export Trade Strategist,Customer Acquisition & High-Volume Sales Leadership,Multimodal Freight Interconnectivity and Port Logistics
Fiona Phillips 26,1915-08-27,Paris,,France,Last-Mile Delivery Specialist,Customer Acquisition & High-Volume Sales Leadership,On-Demand Dispatch Algorithms and Urban Cab Service Scaling
Irene Nelson 27,1950-02-03,Seattle,Washington,United States,Global Freight Expert,Last-Mile Delivery Innovation & Autonomous Transit,Containerized Freight Standardization and Global Trade Expansion
Norman Nelson 28,1919-11-21,Singapore,,Singapore,Sales Leadership Pioneer,B2B Commercial Sales Strategy & Distribution Networks,Multimodal Freight Interconnectivity and Port Logistics
Richard Evans 29,1980-12-15,New York City,New York,United States,Ride-Hailing Innovator,Global Supply Chain Optimization & Export Logistics,Dynamic Route Optimization for Express Parcel Delivery
Harold Vance 30,1935-08-27,Chicago,Illinois,United States,Sales Leadership Pioneer,Customer Acquisition & High-Volume Sales Leadership,Multimodal Freight Interconnectivity and Port Logistics
Grace Walker 31,1915-03-21,Antwerp,,Belgium,Transport & Export Executive,Last-Mile Delivery Innovation & Autonomous Transit,Containerized Freight Standardization and Global Trade Expansion
Clara Ellis 32,1973-01-12,Zurich,,Switzerland,Ride-Hailing Innovator,Freight Forwarding & Maritime Transport Management,On-Demand Dispatch Algorithms and Urban Cab Service Scaling
Alice Owens 33,1948-11-10,San Francisco,California,United States,Transport & Export Executive,Urban Mobility & Ride-Hailing Network Economics,Multimodal Freight Interconnectivity and Port Logistics
Nora Klein 34,1931-02-28,Seattle,Washington,United States,Transport & Export Executive,Freight Forwarding & Maritime Transport Management,High-Performance B2B Sales Methodologies and Key Account Management
Charles Phillips 35,1958-01-10,Hong Kong,,China,Sales Leadership Pioneer,Customer Acquisition & High-Volume Sales Leadership,Multimodal Freight Interconnectivity and Port Logistics
Quentin Patel 36,1944-06-06,Paris,,France,Logistics Pioneer,Last-Mile Delivery Innovation & Autonomous Transit,Containerized Freight Standardization and Global Trade Expansion
Karl Aoki 37,1970-03-25,Shanghai,,China,Commercial Sales Director,Global Supply Chain Optimization & Export Logistics,On-Demand Dispatch Algorithms and Urban Cab Service Scaling
David Aoki 38,1927-01-10,Zurich,,Switzerland,Cab Service Founder,Customer Acquisition & High-Volume Sales Leadership,On-Demand Dispatch Algorithms and Urban Cab Service Scaling
Hannah Sutton 39,1915-01-11,San Francisco,California,United States,Cab Service Founder,Customer Acquisition & High-Volume Sales Leadership,On-Demand Dispatch Algorithms and Urban Cab Service Scaling
Zoe Quinn 40,1971-12-17,Zurich,,Switzerland,Transport & Export Executive,B2B Commercial Sales Strategy & Distribution Networks,Enterprise Sales Force Automation and Channel Distribution Models
Arthur Harris 41,1903-11-22,Zurich,,Switzerland,Global Freight Expert,Last-Mile Delivery Innovation & Autonomous Transit,Enterprise Sales Force Automation and Channel Distribution Models
Oscar Davies 42,1977-12-27,Chicago,Illinois,United States,Transport & Export Executive,Customer Acquisition & High-Volume Sales Leadership,Containerized Freight Standardization and Global Trade Expansion
Zoe Quinn 43,1958-08-21,Dubai,,United Arab Emirates,Ride-Hailing Innovator,B2B Commercial Sales Strategy & Distribution Networks,Dynamic Route Optimization for Express Parcel Delivery
Yuri Garcia 44,1935-03-08,Toronto,Ontario,Canada,Sales Leadership Pioneer,Last-Mile Delivery Innovation & Autonomous Transit,Containerized Freight Standardization and Global Trade Expansion
David Larson 45,1948-06-07,Shanghai,,China,Sales Leadership Pioneer,Urban Mobility & Ride-Hailing Network Economics,On-Demand Dispatch Algorithms and Urban Cab Service Scaling
Valerie Evans 46,1941-02-03,Chicago,Illinois,United States,Delivery Network Strategist,Global Supply Chain Optimization & Export Logistics,Enterprise Sales Force Automation and Channel Distribution Models
Alice Garcia 47,1943-09-15,Antwerp,,Belgium,Last-Mile Delivery Specialist,B2B Commercial Sales Strategy & Distribution Networks,Containerized Freight Standardization and Global Trade Expansion
Zoe Tanaka 48,1929-05-26,London,,United Kingdom,Delivery Network Strategist,Customer Acquisition & High-Volume Sales Leadership,Multimodal Freight Interconnectivity and Port Logistics
Evelyn Turner 49,1950-06-09,Sydney,New South Wales,Australia,Cab Service Founder,B2B Commercial Sales Strategy & Distribution Networks,Multimodal Freight Interconnectivity and Port Logistics
Paula Vance 50,1916-05-28,Seattle,Washington,United States,Ride-Hailing Innovator,Urban Mobility & Ride-Hailing Network Economics,Enterprise Sales Force Automation and Channel Distribution Models
Bernard Vaughan 51,1974-05-24,Panama City,,Panama,Logistics Pioneer,B2B Commercial Sales Strategy & Distribution Networks,On-Demand Dispatch Algorithms and Urban Cab Service Scaling
Brenda Davies 52,1934-07-28,Antwerp,,Belgium,Export Trade Strategist,Last-Mile Delivery Innovation & Autonomous Transit,Enterprise Sales Force Automation and Channel Distribution Models
Paula Phillips 53,1946-07-10,New York City,New York,United States,Export Trade Strategist,Global Supply Chain Optimization & Export Logistics,Dynamic Route Optimization for Express Parcel Delivery
Clara Jensen 54,1949-08-11,Toronto,Ontario,Canada,Supply Chain Researcher,Last-Mile Delivery Innovation & Autonomous Transit,Multimodal Freight Interconnectivity and Port Logistics
David Russell 55,1981-06-10,Hamburg,,Germany,Ride-Hailing Innovator,B2B Commercial Sales Strategy & Distribution Networks,High-Performance B2B Sales Methodologies and Key Account Management
Yuri Klein 56,1930-10-01,Hamburg,,Germany,Delivery Network Strategist,Customer Acquisition & High-Volume Sales Leadership,Dynamic Route Optimization for Express Parcel Delivery
Ignacio White 57,1980-03-09,Rotterdam,,Netherlands,Global Freight Expert,Urban Mobility & Ride-Hailing Network Economics,Containerized Freight Standardization and Global Trade Expansion
Harold Andersen 58,1948-12-17,Dubai,,United Arab Emirates,Global Freight Expert,Global Supply Chain Optimization & Export Logistics,Multimodal Freight Interconnectivity and Port Logistics
Clara Henderson 59,1931-07-27,Hong Kong,,China,Export Trade Strategist,Urban Mobility & Ride-Hailing Network Economics,High-Performance B2B Sales Methodologies and Key Account Management
Xavier Johnson 60,1921-08-23,Montreal,Quebec,Canada,Supply Chain Researcher,Urban Mobility & Ride-Hailing Network Economics,Dynamic Route Optimization for Express Parcel Delivery
Zoe Nelson 61,1979-02-21,Singapore,,Singapore,Ride-Hailing Innovator,Urban Mobility & Ride-Hailing Network Economics,On-Demand Dispatch Algorithms and Urban Cab Service Scaling
Olga Davies 62,1903-11-08,Montreal,Quebec,Canada,Logistics Pioneer,Global Supply Chain Optimization & Export Logistics,On-Demand Dispatch Algorithms and Urban Cab Service Scaling
Grace Peters 63,1905-12-27,Shanghai,,China,Global Freight Expert,Global Supply Chain Optimization & Export Logistics,On-Demand Dispatch Algorithms and Urban Cab Service Scaling
Zachary Larson 64,1953-02-10,Chicago,Illinois,United States,Export Trade Strategist,Freight Forwarding & Maritime Transport Management,Dynamic Route Optimization for Express Parcel Delivery
Teresa Ellis 65,1945-01-24,Toronto,Ontario,Canada,Transport & Export Executive,B2B Commercial Sales Strategy & Distribution Networks,High-Performance B2B Sales Methodologies and Key Account Management
Teresa Zimmermann 66,1976-10-15,Antwerp,,Belgium,Transportation Economist,B2B Commercial Sales Strategy & Distribution Networks,On-Demand Dispatch Algorithms and Urban Cab Service Scaling
Ulysses Roberts 67,1979-01-09,Antwerp,,Belgium,Sales Leadership Pioneer,Urban Mobility & Ride-Hailing Network Economics,Enterprise Sales Force Automation and Channel Distribution Models
Brenda Abbott 68,1941-06-08,Shanghai,,China,Sales Leadership Pioneer,Urban Mobility & Ride-Hailing Network Economics,High-Performance B2B Sales Methodologies and Key Account Management
Charles Turner 69,1928-06-18,Chicago,Illinois,United States,Delivery Network Strategist,Freight Forwarding & Maritime Transport Management,Enterprise Sales Force Automation and Channel Distribution Models
Zoe Jensen 70,1946-11-19,Dubai,,United Arab Emirates,Supply Chain Researcher,Customer Acquisition & High-Volume Sales Leadership,Containerized Freight Standardization and Global Trade Expansion
Thomas Evans 71,1949-02-09,Dubai,,United Arab Emirates,Supply Chain Researcher,Global Supply Chain Optimization & Export Logistics,Dynamic Route Optimization for Express Parcel Delivery
Walter Johnson 72,1940-10-18,Paris,,France,Ride-Hailing Innovator,Global Supply Chain Optimization & Export Logistics,Dynamic Route Optimization for Express Parcel Delivery
Patrick Harris 73,1981-12-16,Shanghai,,China,Sales Leadership Pioneer,B2B Commercial Sales Strategy & Distribution Networks,High-Performance B2B Sales Methodologies and Key Account Management
Martin Baker 74,1920-10-14,Montreal,Quebec,Canada,Logistics Pioneer,Last-Mile Delivery Innovation & Autonomous Transit,Enterprise Sales Force Automation and Channel Distribution Models
Martin Dixon 75,1961-04-24,Dubai,,United Arab Emirates,Commercial Sales Director,Global Supply Chain Optimization & Export Logistics,On-Demand Dispatch Algorithms and Urban Cab Service Scaling
Martin Newman 76,1905-04-28,Seattle,Washington,United States,Commercial Sales Director,B2B Commercial Sales Strategy & Distribution Networks,Containerized Freight Standardization and Global Trade Expansion
Irene Gibson 77,1912-09-22,Tokyo,,Japan,Delivery Network Strategist,Customer Acquisition & High-Volume Sales Leadership,High-Performance B2B Sales Methodologies and Key Account Management
Sandra Gibson 78,1972-05-03,Panama City,,Panama,Transport & Export Executive,Freight Forwarding & Maritime Transport Management,On-Demand Dispatch Algorithms and Urban Cab Service Scaling
Oscar Lewis 79,1963-03-15,Chicago,Illinois,United States,Transportation Economist,Last-Mile Delivery Innovation & Autonomous Transit,High-Performance B2B Sales Methodologies and Key Account Management
Martin Miller 80,1970-11-22,Sydney,New South Wales,Australia,Transport & Export Executive,Urban Mobility & Ride-Hailing Network Economics,Dynamic Route Optimization for Express Parcel Delivery
Alice Wong 81,1913-06-18,Dubai,,United Arab Emirates,Supply Chain Researcher,Freight Forwarding & Maritime Transport Management,Enterprise Sales Force Automation and Channel Distribution Models
Karl Ingram 82,1924-07-24,San Francisco,California,United States,Transportation Economist,Urban Mobility & Ride-Hailing Network Economics,Dynamic Route Optimization for Express Parcel Delivery
Norman Russell 83,1928-10-15,San Francisco,California,United States,Transportation Economist,Urban Mobility & Ride-Hailing Network Economics,Dynamic Route Optimization for Express Parcel Delivery
Martin Cole 84,1970-12-05,Singapore,,Singapore,Sales Leadership Pioneer,B2B Commercial Sales Strategy & Distribution Networks,On-Demand Dispatch Algorithms and Urban Cab Service Scaling
Louis Young 85,1921-11-22,Dubai,,United Arab Emirates,Logistics Pioneer,Last-Mile Delivery Innovation & Autonomous Transit,On-Demand Dispatch Algorithms and Urban Cab Service Scaling
Arthur Cole 86,1922-11-21,Antwerp,,Belgium,Cab Service Founder,Last-Mile Delivery Innovation & Autonomous Transit,High-Performance B2B Sales Methodologies and Key Account Management
Arthur Lewis 87,1922-03-19,Toronto,Ontario,Canada,Sales Leadership Pioneer,Customer Acquisition & High-Volume Sales Leadership,On-Demand Dispatch Algorithms and Urban Cab Service Scaling
Olga Tanaka 88,1979-01-16,Chicago,Illinois,United States,Delivery Network Strategist,B2B Commercial Sales Strategy & Distribution Networks,On-Demand Dispatch Algorithms and Urban Cab Service Scaling
Harold Ellis 89,1912-12-13,Rotterdam,,Netherlands,Delivery Network Strategist,Last-Mile Delivery Innovation & Autonomous Transit,High-Performance B2B Sales Methodologies and Key Account Management
Martin Taylor 90,1908-12-20,Toronto,Ontario,Canada,Logistics Pioneer,Urban Mobility & Ride-Hailing Network Economics,Containerized Freight Standardization and Global Trade Expansion
Alice Phillips 91,1900-12-09,Zurich,,Switzerland,Ride-Hailing Innovator,Last-Mile Delivery Innovation & Autonomous Transit,Enterprise Sales Force Automation and Channel Distribution Models
James Morgan 92,1969-07-13,New York City,New York,United States,Transportation Economist,B2B Commercial Sales Strategy & Distribution Networks,Enterprise Sales Force Automation and Channel Distribution Models
Karl Lewis 93,1960-07-15,New York City,New York,United States,Supply Chain Researcher,Global Supply Chain Optimization & Export Logistics,High-Performance B2B Sales Methodologies and Key Account Management
Wendy King 94,1914-01-18,New York City,New York,United States,Export Trade Strategist,Urban Mobility & Ride-Hailing Network Economics,High-Performance B2B Sales Methodologies and Key Account Management
James Zimmermann 95,1928-06-15,Rotterdam,,Netherlands,Supply Chain Researcher,Freight Forwarding & Maritime Transport Management,High-Performance B2B Sales Methodologies and Key Account Management
Stanley Smith 96,1924-07-22,Singapore,,Singapore,Cab Service Founder,Customer Acquisition & High-Volume Sales Leadership,Enterprise Sales Force Automation and Channel Distribution Models
Clara White 97,1913-10-25,Montreal,Quebec,Canada,Export Trade Strategist,Last-Mile Delivery Innovation & Autonomous Transit,On-Demand Dispatch Algorithms and Urban Cab Service Scaling
George King 98,1980-11-21,Rotterdam,,Netherlands,Delivery Network Strategist,Urban Mobility & Ride-Hailing Network Economics,Multimodal Freight Interconnectivity and Port Logistics
Valerie Quinn 99,1917-09-23,Seattle,Washington,United States,Logistics Pioneer,Last-Mile Delivery Innovation & Autonomous Transit,On-Demand Dispatch Algorithms and Urban Cab Service Scaling
Paula Miller 100,1930-05-21,Los Angeles,California,United States,Delivery Network Strategist,B2B Commercial Sales Strategy & Distribution Networks,Enterprise Sales Force Automation and Channel Distribution Models
Charles Cole 101,1915-06-06,Los Angeles,California,United States,Last-Mile Delivery Specialist,Urban Mobility & Ride-Hailing Network Economics,Containerized Freight Standardization and Global Trade Expansion
Rachel King 102,1960-11-10,Sydney,New South Wales,Australia,Logistics Pioneer,Last-Mile Delivery Innovation & Autonomous Transit,Containerized Freight Standardization and Global Trade Expansion
Zoe King 103,1980-09-03,Toronto,Ontario,Canada,Cab Service Founder,Urban Mobility & Ride-Hailing Network Economics,On-Demand Dispatch Algorithms and Urban Cab Service Scaling
Yvonne Dixon 104,1970-04-02,Shanghai,,China,Logistics Pioneer,Freight Forwarding & Maritime Transport Management,Multimodal Freight Interconnectivity and Port Logistics
Alice Nelson 105,1975-03-03,Panama City,,Panama,Sales Leadership Pioneer,Last-Mile Delivery Innovation & Autonomous Transit,High-Performance B2B Sales Methodologies and Key Account Management
Martin Gibson 106,1927-06-21,New York City,New York,United States,Logistics Pioneer,B2B Commercial Sales Strategy & Distribution Networks,Enterprise Sales Force Automation and Channel Distribution Models
Quentin Vance 107,1905-08-02,Singapore,,Singapore,Logistics Pioneer,Freight Forwarding & Maritime Transport Management,Dynamic Route Optimization for Express Parcel Delivery
Victor Abbott 108,1966-11-21,Toronto,Ontario,Canada,Delivery Network Strategist,Urban Mobility & Ride-Hailing Network Economics,Dynamic Route Optimization for Express Parcel Delivery
Walter White 109,1901-11-06,Dubai,,United Arab Emirates,Export Trade Strategist,Urban Mobility & Ride-Hailing Network Economics,On-Demand Dispatch Algorithms and Urban Cab Service Scaling
Valerie Fisher 110,1973-08-27,Los Angeles,California,United States,Transport & Export Executive,Customer Acquisition & High-Volume Sales Leadership,Containerized Freight Standardization and Global Trade Expansion
Fiona Gibson 111,1919-03-22,London,,United Kingdom,Supply Chain Researcher,Customer Acquisition & High-Volume Sales Leadership,Enterprise Sales Force Automation and Channel Distribution Models
Teresa Turner 112,1981-06-19,Sydney,New South Wales,Australia,Supply Chain Researcher,B2B Commercial Sales Strategy & Distribution Networks,Multimodal Freight Interconnectivity and Port Logistics
Richard Vaughan 113,1944-05-14,Chicago,Illinois,United States,Export Trade Strategist,Global Supply Chain Optimization & Export Logistics,High-Performance B2B Sales Methodologies and Key Account Management
Quentin Owens 114,1961-01-02,New York City,New York,United States,Cab Service Founder,B2B Commercial Sales Strategy & Distribution Networks,Dynamic Route Optimization for Express Parcel Delivery
Hannah Patel 115,1947-04-05,New York City,New York,United States,Supply Chain Researcher,Customer Acquisition & High-Volume Sales Leadership,Dynamic Route Optimization for Express Parcel Delivery
Charles Russell 116,1936-03-02,San Francisco,California,United States,Delivery Network Strategist,Customer Acquisition & High-Volume Sales Leadership,On-Demand Dispatch Algorithms and Urban Cab Service Scaling
Zachary Patel 117,1941-12-23,Montreal,Quebec,Canada,Cab Service Founder,B2B Commercial Sales Strategy & Distribution Networks,Enterprise Sales Force Automation and Channel Distribution Models
Thomas Young 118,1929-09-17,Antwerp,,Belgium,Global Freight Expert,B2B Commercial Sales Strategy & Distribution Networks,Dynamic Route Optimization for Express Parcel Delivery
Ignacio Wong 119,1937-10-08,Antwerp,,Belgium,Cab Service Founder,Last-Mile Delivery Innovation & Autonomous Transit,Dynamic Route Optimization for Express Parcel Delivery
Norman Phillips 120,1902-08-13,Dubai,,United Arab Emirates,Cab Service Founder,B2B Commercial Sales Strategy & Distribution Networks,High-Performance B2B Sales Methodologies and Key Account Management
Diana Evans 121,1961-02-20,Panama City,,Panama,Logistics Pioneer,Urban Mobility & Ride-Hailing Network Economics,On-Demand Dispatch Algorithms and Urban Cab Service Scaling
Valerie Wong 122,1958-06-22,Chicago,Illinois,United States,Last-Mile Delivery Specialist,Freight Forwarding & Maritime Transport Management,Containerized Freight Standardization and Global Trade Expansion
Teresa Dixon 123,1946-12-20,Rotterdam,,Netherlands,Sales Leadership Pioneer,Last-Mile Delivery Innovation & Autonomous Transit,Enterprise Sales Force Automation and Channel Distribution Models
Arthur O'Connor 124,1960-04-02,Hamburg,,Germany,Commercial Sales Director,Freight Forwarding & Maritime Transport Management,Dynamic Route Optimization for Express Parcel Delivery
Arthur Newman 125,1944-04-24,Seattle,Washington,United States,Ride-Hailing Innovator,Urban Mobility & Ride-Hailing Network Economics,On-Demand Dispatch Algorithms and Urban Cab Service Scaling
Frank Wong 126,1972-10-16,Hong Kong,,China,Delivery Network Strategist,Last-Mile Delivery Innovation & Autonomous Transit,Enterprise Sales Force Automation and Channel Distribution Models
Walter Harris 127,1953-06-12,Dubai,,United Arab Emirates,Global Freight Expert,Last-Mile Delivery Innovation & Autonomous Transit,Dynamic Route Optimization for Express Parcel Delivery
Diana Larson 128,1958-10-23,Seattle,Washington,United States,Cab Service Founder,Urban Mobility & Ride-Hailing Network Economics,High-Performance B2B Sales Methodologies and Key Account Management
Thomas Peters 129,1964-12-22,Antwerp,,Belgium,Last-Mile Delivery Specialist,B2B Commercial Sales Strategy & Distribution Networks,Containerized Freight Standardization and Global Trade Expansion
Thomas Jensen 130,1924-12-28,Seattle,Washington,United States,Commercial Sales Director,Global Supply Chain Optimization & Export Logistics,Multimodal Freight Interconnectivity and Port Logistics
Oscar Peters 131,1951-09-17,Panama City,,Panama,Commercial Sales Director,Global Supply Chain Optimization & Export Logistics,Enterprise Sales Force Automation and Channel Distribution Models
Wendy Gibson 132,1933-10-01,Toronto,Ontario,Canada,Export Trade Strategist,Customer Acquisition & High-Volume Sales Leadership,On-Demand Dispatch Algorithms and Urban Cab Service Scaling
Valerie Evans 133,1914-12-14,Seattle,Washington,United States,Transportation Economist,Freight Forwarding & Maritime Transport Management,On-Demand Dispatch Algorithms and Urban Cab Service Scaling
Irene Iversen 134,1935-08-06,Montreal,Quebec,Canada,Delivery Network Strategist,Freight Forwarding & Maritime Transport Management,Multimodal Freight Interconnectivity and Port Logistics
Wendy Turner 135,1926-12-02,Rotterdam,,Netherlands,Sales Leadership Pioneer,B2B Commercial Sales Strategy & Distribution Networks,Multimodal Freight Interconnectivity and Port Logistics
Martin Smith 136,1909-03-01,Shanghai,,China,Delivery Network Strategist,Last-Mile Delivery Innovation & Autonomous Transit,On-Demand Dispatch Algorithms and Urban Cab Service Scaling
Wendy Turner 137,1975-11-26,Sydney,New South Wales,Australia,Global Freight Expert,Customer Acquisition & High-Volume Sales Leadership,Containerized Freight Standardization and Global Trade Expansion
Kenji Russell 138,1957-01-10,Shanghai,,China,Supply Chain Researcher,Global Supply Chain Optimization & Export Logistics,Multimodal Freight Interconnectivity and Port Logistics
Alice Davies 139,1901-12-20,Paris,,France,Delivery Network Strategist,Last-Mile Delivery Innovation & Autonomous Transit,Multimodal Freight Interconnectivity and Port Logistics
Sandra Foster 140,1909-12-12,London,,United Kingdom,Delivery Network Strategist,Global Supply Chain Optimization & Export Logistics,Enterprise Sales Force Automation and Channel Distribution Models
George Ellis 141,1978-11-26,Zurich,,Switzerland,Commercial Sales Director,Last-Mile Delivery Innovation & Autonomous Transit,Multimodal Freight Interconnectivity and Port Logistics
Fiona Russell 142,1912-05-02,Antwerp,,Belgium,Delivery Network Strategist,Customer Acquisition & High-Volume Sales Leadership,Multimodal Freight Interconnectivity and Port Logistics
Stanley Russell 143,1979-10-26,Los Angeles,California,United States,Commercial Sales Director,Global Supply Chain Optimization & Export Logistics,Dynamic Route Optimization for Express Parcel Delivery
Yuri Smith 144,1919-02-08,Singapore,,Singapore,Sales Leadership Pioneer,B2B Commercial Sales Strategy & Distribution Networks,Enterprise Sales Force Automation and Channel Distribution Models
Martin Morgan 145,1922-07-21,Singapore,,Singapore,Transportation Economist,Global Supply Chain Optimization & Export Logistics,Enterprise Sales Force Automation and Channel Distribution Models
Diana Phillips 146,1958-05-14,Sydney,New South Wales,Australia,Ride-Hailing Innovator,Customer Acquisition & High-Volume Sales Leadership,Enterprise Sales Force Automation and Channel Distribution Models
Karen White 147,1902-03-21,Sydney,New South Wales,Australia,Last-Mile Delivery Specialist,Urban Mobility & Ride-Hailing Network Economics,Enterprise Sales Force Automation and Channel Distribution Models
Stanley Quinn 148,1926-06-15,Chicago,Illinois,United States,Export Trade Strategist,Customer Acquisition & High-Volume Sales Leadership,Enterprise Sales Force Automation and Channel Distribution Models
Sandra Nelson 149,1920-11-20,Hamburg,,Germany,Transport & Export Executive,Last-Mile Delivery Innovation & Autonomous Transit,Containerized Freight Standardization and Global Trade Expansion
Hannah Harris 150,1911-11-19,Seattle,Washington,United States,Commercial Sales Director,Last-Mile Delivery Innovation & Autonomous Transit,High-Performance B2B Sales Methodologies and Key Account Management
Yvonne Young 151,1958-02-24,Rotterdam,,Netherlands,Transport & Export Executive,Freight Forwarding & Maritime Transport Management,On-Demand Dispatch Algorithms and Urban Cab Service Scaling
Evelyn Gibson 152,1978-05-09,Hamburg,,Germany,Supply Chain Researcher,B2B Commercial Sales Strategy & Distribution Networks,On-Demand Dispatch Algorithms and Urban Cab Service Scaling
Louis Abbott 153,1932-05-10,Tokyo,,Japan,Last-Mile Delivery Specialist,Last-Mile Delivery Innovation & Autonomous Transit,High-Performance B2B Sales Methodologies and Key Account Management
Monica Sutton 154,1962-12-13,Paris,,France,Export Trade Strategist,Freight Forwarding & Maritime Transport Management,Multimodal Freight Interconnectivity and Port Logistics
Yvonne Phillips 155,1955-02-09,New York City,New York,United States,Ride-Hailing Innovator,B2B Commercial Sales Strategy & Distribution Networks,Containerized Freight Standardization and Global Trade Expansion
Monica Walker 156,1901-09-13,Singapore,,Singapore,Supply Chain Researcher,Freight Forwarding & Maritime Transport Management,On-Demand Dispatch Algorithms and Urban Cab Service Scaling
Irene Foster 157,1916-06-20,Rotterdam,,Netherlands,Transport & Export Executive,Global Supply Chain Optimization & Export Logistics,On-Demand Dispatch Algorithms and Urban Cab Service Scaling
Norman Roberts 158,1916-10-11,Seattle,Washington,United States,Supply Chain Researcher,Customer Acquisition & High-Volume Sales Leadership,High-Performance B2B Sales Methodologies and Key Account Management
Grace Evans 159,1981-08-05,New York City,New York,United States,Supply Chain Researcher,B2B Commercial Sales Strategy & Distribution Networks,Containerized Freight Standardization and Global Trade Expansion
Nora Foster 160,1927-11-16,Toronto,Ontario,Canada,Supply Chain Researcher,Customer Acquisition & High-Volume Sales Leadership,Dynamic Route Optimization for Express Parcel Delivery
Kenji Smith 161,1921-02-25,Shanghai,,China,Commercial Sales Director,B2B Commercial Sales Strategy & Distribution Networks,On-Demand Dispatch Algorithms and Urban Cab Service Scaling
Clara Tanaka 162,1931-11-10,Seattle,Washington,United States,Ride-Hailing Innovator,Customer Acquisition & High-Volume Sales Leadership,On-Demand Dispatch Algorithms and Urban Cab Service Scaling
Martin Vaughan 163,1967-10-04,Chicago,Illinois,United States,Last-Mile Delivery Specialist,Urban Mobility & Ride-Hailing Network Economics,Containerized Freight Standardization and Global Trade Expansion
Hannah Klein 164,1910-05-21,Sydney,New South Wales,Australia,Transportation Economist,Last-Mile Delivery Innovation & Autonomous Transit,Dynamic Route Optimization for Express Parcel Delivery
Charles Andersen 165,1923-03-08,Singapore,,Singapore,Transport & Export Executive,Freight Forwarding & Maritime Transport Management,Multimodal Freight Interconnectivity and Port Logistics
Karen Turner 166,1917-03-09,Zurich,,Switzerland,Transportation Economist,Last-Mile Delivery Innovation & Autonomous Transit,Dynamic Route Optimization for Express Parcel Delivery
Brenda Andersen 167,1906-12-01,Los Angeles,California,United States,Transport & Export Executive,B2B Commercial Sales Strategy & Distribution Networks,On-Demand Dispatch Algorithms and Urban Cab Service Scaling
Martin Miller 168,1924-05-16,Tokyo,,Japan,Transport & Export Executive,Customer Acquisition & High-Volume Sales Leadership,Multimodal Freight Interconnectivity and Port Logistics
Paula King 169,1933-03-27,Rotterdam,,Netherlands,Commercial Sales Director,Customer Acquisition & High-Volume Sales Leadership,Containerized Freight Standardization and Global Trade Expansion
James Carter 170,1958-09-08,Shanghai,,China,Cab Service Founder,Global Supply Chain Optimization & Export Logistics,Multimodal Freight Interconnectivity and Port Logistics
Hannah Gibson 171,1914-08-05,Antwerp,,Belgium,Sales Leadership Pioneer,Urban Mobility & Ride-Hailing Network Economics,High-Performance B2B Sales Methodologies and Key Account Management
Yvonne Roberts 172,1952-01-21,San Francisco,California,United States,Sales Leadership Pioneer,Last-Mile Delivery Innovation & Autonomous Transit,High-Performance B2B Sales Methodologies and Key Account Management
Norman Cole 173,1961-09-22,Toronto,Ontario,Canada,Delivery Network Strategist,Freight Forwarding & Maritime Transport Management,On-Demand Dispatch Algorithms and Urban Cab Service Scaling
Patrick Larson 174,1963-01-03,Hamburg,,Germany,Global Freight Expert,Customer Acquisition & High-Volume Sales Leadership,Multimodal Freight Interconnectivity and Port Logistics
Ignacio Davies 175,1937-01-12,Dubai,,United Arab Emirates,Last-Mile Delivery Specialist,Global Supply Chain Optimization & Export Logistics,Dynamic Route Optimization for Express Parcel Delivery
Stanley Ellis 176,1958-02-27,San Francisco,California,United States,Last-Mile Delivery Specialist,Global Supply Chain Optimization & Export Logistics,High-Performance B2B Sales Methodologies and Key Account Management
Walter Patel 177,1970-04-02,Tokyo,,Japan,Export Trade Strategist,Customer Acquisition & High-Volume Sales Leadership,On-Demand Dispatch Algorithms and Urban Cab Service Scaling
Paula Young 178,1953-11-18,Toronto,Ontario,Canada,Last-Mile Delivery Specialist,B2B Commercial Sales Strategy & Distribution Networks,Containerized Freight Standardization and Global Trade Expansion
Irene Owens 179,1958-09-05,Antwerp,,Belgium,Global Freight Expert,Customer Acquisition & High-Volume Sales Leadership,Containerized Freight Standardization and Global Trade Expansion
Harold Vance 180,1967-03-20,Tokyo,,Japan,Delivery Network Strategist,Global Supply Chain Optimization & Export Logistics,High-Performance B2B Sales Methodologies and Key Account Management
Valerie Foster 181,1964-07-23,Panama City,,Panama,Last-Mile Delivery Specialist,Last-Mile Delivery Innovation & Autonomous Transit,Multimodal Freight Interconnectivity and Port Logistics
Frank Smith 182,1957-12-04,Hamburg,,Germany,Export Trade Strategist,B2B Commercial Sales Strategy & Distribution Networks,Enterprise Sales Force Automation and Channel Distribution Models
Victor Fisher 183,1935-09-20,Hamburg,,Germany,Cab Service Founder,Last-Mile Delivery Innovation & Autonomous Transit,Dynamic Route Optimization for Express Parcel Delivery
Louis Tanaka 184,1928-03-05,Sydney,New South Wales,Australia,Commercial Sales Director,Urban Mobility & Ride-Hailing Network Economics,Containerized Freight Standardization and Global Trade Expansion
Diana Ellis 185,1950-04-24,Toronto,Ontario,Canada,Global Freight Expert,Customer Acquisition & High-Volume Sales Leadership,On-Demand Dispatch Algorithms and Urban Cab Service Scaling
Wendy Phillips 186,1929-08-19,Shanghai,,China,Transport & Export Executive,Global Supply Chain Optimization & Export Logistics,High-Performance B2B Sales Methodologies and Key Account Management
Nora Russell 187,1973-07-20,London,,United Kingdom,Global Freight Expert,Global Supply Chain Optimization & Export Logistics,Containerized Freight Standardization and Global Trade Expansion
Ulysses Baker 188,1980-02-24,Singapore,,Singapore,Commercial Sales Director,B2B Commercial Sales Strategy & Distribution Networks,Containerized Freight Standardization and Global Trade Expansion
Stanley Taylor 189,1911-11-26,Seattle,Washington,United States,Last-Mile Delivery Specialist,Urban Mobility & Ride-Hailing Network Economics,On-Demand Dispatch Algorithms and Urban Cab Service Scaling
George Harris 190,1937-03-16,Hong Kong,,China,Ride-Hailing Innovator,Customer Acquisition & High-Volume Sales Leadership,Enterprise Sales Force Automation and Channel Distribution Models
Fiona Abbott 191,1968-02-26,Sydney,New South Wales,Australia,Export Trade Strategist,Freight Forwarding & Maritime Transport Management,High-Performance B2B Sales Methodologies and Key Account Management
Teresa Turner 192,1961-06-24,Seattle,Washington,United States,Transport & Export Executive,Last-Mile Delivery Innovation & Autonomous Transit,Multimodal Freight Interconnectivity and Port Logistics
Zoe Sutton 193,1922-07-19,San Francisco,California,United States,Supply Chain Researcher,Freight Forwarding & Maritime Transport Management,On-Demand Dispatch Algorithms and Urban Cab Service Scaling
Bernard Davies 194,1926-01-04,Hong Kong,,China,Transport & Export Executive,Urban Mobility & Ride-Hailing Network Economics,Containerized Freight Standardization and Global Trade Expansion
Kenji Young 195,1927-10-09,Dubai,,United Arab Emirates,Logistics Pioneer,Urban Mobility & Ride-Hailing Network Economics,Dynamic Route Optimization for Express Parcel Delivery
Louis Cole 196,1934-03-10,Hong Kong,,China,Ride-Hailing Innovator,Global Supply Chain Optimization & Export Logistics,Containerized Freight Standardization and Global Trade Expansion
George Owens 197,1943-03-10,San Francisco,California,United States,Commercial Sales Director,Global Supply Chain Optimization & Export Logistics,Dynamic Route Optimization for Express Parcel Delivery
Kenji O'Connor 198,1900-05-05,Zurich,,Switzerland,Export Trade Strategist,Global Supply Chain Optimization & Export Logistics,On-Demand Dispatch Algorithms and Urban Cab Service Scaling
Xavier Aoki 199,1951-11-01,New York City,New York,United States,Ride-Hailing Innovator,Freight Forwarding & Maritime Transport Management,On-Demand Dispatch Algorithms and Urban Cab Service Scaling
Martin Black 200,1901-10-01,Los Angeles,California,United States,Commercial Sales Director,Last-Mile Delivery Innovation & Autonomous Transit,Enterprise Sales Force Automation and Channel Distribution Models
Martin Peters 201,1915-08-26,Toronto,Ontario,Canada,Ride-Hailing Innovator,Global Supply Chain Optimization & Export Logistics,Enterprise Sales Force Automation and Channel Distribution Models
Zoe Klein 202,1928-10-15,Seattle,Washington,United States,Sales Leadership Pioneer,Last-Mile Delivery Innovation & Autonomous Transit,Containerized Freight Standardization and Global Trade Expansion
Brenda Young 203,1924-01-08,Dubai,,United Arab Emirates,Cab Service Founder,B2B Commercial Sales Strategy & Distribution Networks,Dynamic Route Optimization for Express Parcel Delivery
Arthur Ingram 204,1925-12-28,Hong Kong,,China,Cab Service Founder,Urban Mobility & Ride-Hailing Network Economics,On-Demand Dispatch Algorithms and Urban Cab Service Scaling
Diana Walker 205,1908-06-16,Tokyo,,Japan,Ride-Hailing Innovator,B2B Commercial Sales Strategy & Distribution Networks,Dynamic Route Optimization for Express Parcel Delivery
Zachary Aoki 206,1965-04-07,Sydney,New South Wales,Australia,Transportation Economist,Freight Forwarding & Maritime Transport Management,Multimodal Freight Interconnectivity and Port Logistics
David O'Connor 207,1964-04-02,New York City,New York,United States,Delivery Network Strategist,Urban Mobility & Ride-Hailing Network Economics,On-Demand Dispatch Algorithms and Urban Cab Service Scaling
Hannah Peters 208,1926-09-07,Zurich,,Switzerland,Cab Service Founder,Freight Forwarding & Maritime Transport Management,On-Demand Dispatch Algorithms and Urban Cab Service Scaling
Clara Peters 209,1905-03-16,Sydney,New South Wales,Australia,Export Trade Strategist,Urban Mobility & Ride-Hailing Network Economics,Dynamic Route Optimization for Express Parcel Delivery
Olga Vaughan 210,1918-09-02,Zurich,,Switzerland,Supply Chain Researcher,Last-Mile Delivery Innovation & Autonomous Transit,High-Performance B2B Sales Methodologies and Key Account Management
Stanley Klein 211,1920-08-04,Antwerp,,Belgium,Global Freight Expert,Customer Acquisition & High-Volume Sales Leadership,Enterprise Sales Force Automation and Channel Distribution Models
Charles Tanaka 212,1956-02-16,Los Angeles,California,United States,Commercial Sales Director,Last-Mile Delivery Innovation & Autonomous Transit,High-Performance B2B Sales Methodologies and Key Account Management
Richard Black 213,1965-01-09,Singapore,,Singapore,Global Freight Expert,Freight Forwarding & Maritime Transport Management,Multimodal Freight Interconnectivity and Port Logistics
Rachel Larson 214,1922-05-18,Paris,,France,Commercial Sales Director,Last-Mile Delivery Innovation & Autonomous Transit,Multimodal Freight Interconnectivity and Port Logistics
Karl Harris 215,1904-08-23,Singapore,,Singapore,Global Freight Expert,Global Supply Chain Optimization & Export Logistics,Dynamic Route Optimization for Express Parcel Delivery
Stanley Larson 216,1934-06-20,Toronto,Ontario,Canada,Last-Mile Delivery Specialist,Last-Mile Delivery Innovation & Autonomous Transit,High-Performance B2B Sales Methodologies and Key Account Management
Wendy Baker 217,1975-04-14,San Francisco,California,United States,Transport & Export Executive,Freight Forwarding & Maritime Transport Management,On-Demand Dispatch Algorithms and Urban Cab Service Scaling
Laura Jensen 218,1911-05-19,Shanghai,,China,Sales Leadership Pioneer,Freight Forwarding & Maritime Transport Management,High-Performance B2B Sales Methodologies and Key Account Management
Irene Ingram 219,1933-07-19,Hamburg,,Germany,Transport & Export Executive,Urban Mobility & Ride-Hailing Network Economics,Dynamic Route Optimization for Express Parcel Delivery
Evelyn Vance 220,1954-11-20,Seattle,Washington,United States,Cab Service Founder,B2B Commercial Sales Strategy & Distribution Networks,Multimodal Freight Interconnectivity and Port Logistics
Richard Tanaka 221,1907-04-14,Paris,,France,Last-Mile Delivery Specialist,Urban Mobility & Ride-Hailing Network Economics,High-Performance B2B Sales Methodologies and Key Account Management
Richard Quinn 222,1929-04-26,Toronto,Ontario,Canada,Delivery Network Strategist,Global Supply Chain Optimization & Export Logistics,Containerized Freight Standardization and Global Trade Expansion
Norman Baker 223,1956-06-13,Paris,,France,Supply Chain Researcher,B2B Commercial Sales Strategy & Distribution Networks,Multimodal Freight Interconnectivity and Port Logistics
Wendy Henderson 224,1924-04-06,Zurich,,Switzerland,Supply Chain Researcher,Freight Forwarding & Maritime Transport Management,On-Demand Dispatch Algorithms and Urban Cab Service Scaling
Xavier Morgan 225,1912-10-11,Dubai,,United Arab Emirates,Export Trade Strategist,Global Supply Chain Optimization & Export Logistics,High-Performance B2B Sales Methodologies and Key Account Management
Clara Baker 226,1926-05-02,Tokyo,,Japan,Transport & Export Executive,Global Supply Chain Optimization & Export Logistics,Dynamic Route Optimization for Express Parcel Delivery
Charles Sutton 227,1960-05-20,London,,United Kingdom,Sales Leadership Pioneer,Urban Mobility & Ride-Hailing Network Economics,Dynamic Route Optimization for Express Parcel Delivery
Karl Miller 228,1958-10-27,Los Angeles,California,United States,Delivery Network Strategist,Last-Mile Delivery Innovation & Autonomous Transit,Multimodal Freight Interconnectivity and Port Logistics
Patrick Abbott 229,1964-09-25,Rotterdam,,Netherlands,Supply Chain Researcher,Freight Forwarding & Maritime Transport Management,Multimodal Freight Interconnectivity and Port Logistics
Paula Vaughan 230,1970-08-09,Chicago,Illinois,United States,Supply Chain Researcher,Freight Forwarding & Maritime Transport Management,Multimodal Freight Interconnectivity and Port Logistics
Xavier Baker 231,1970-09-01,Paris,,France,Ride-Hailing Innovator,Global Supply Chain Optimization & Export Logistics,Containerized Freight Standardization and Global Trade Expansion
David Evans 232,1952-07-20,Los Angeles,California,United States,Last-Mile Delivery Specialist,Customer Acquisition & High-Volume Sales Leadership,High-Performance B2B Sales Methodologies and Key Account Management
Olga Sato 233,1935-04-02,Toronto,Ontario,Canada,Delivery Network Strategist,B2B Commercial Sales Strategy & Distribution Networks,High-Performance B2B Sales Methodologies and Key Account Management
Grace Jensen 234,1912-02-25,Hong Kong,,China,Ride-Hailing Innovator,Freight Forwarding & Maritime Transport Management,Containerized Freight Standardization and Global Trade Expansion
Yuri Miller 235,1912-08-22,Shanghai,,China,Commercial Sales Director,B2B Commercial Sales Strategy & Distribution Networks,Dynamic Route Optimization for Express Parcel Delivery
Rachel Zimmermann 236,1972-06-05,Paris,,France,Delivery Network Strategist,Customer Acquisition & High-Volume Sales Leadership,Enterprise Sales Force Automation and Channel Distribution Models
Zoe Foster 237,1975-10-23,Hong Kong,,China,Last-Mile Delivery Specialist,Global Supply Chain Optimization & Export Logistics,Containerized Freight Standardization and Global Trade Expansion
Ulysses Russell 238,1911-02-16,New York City,New York,United States,Sales Leadership Pioneer,Customer Acquisition & High-Volume Sales Leadership,Dynamic Route Optimization for Express Parcel Delivery
Hannah Iversen 239,1931-05-24,Paris,,France,Transportation Economist,Customer Acquisition & High-Volume Sales Leadership,Dynamic Route Optimization for Express Parcel Delivery
Karen Turner 240,1928-11-12,Antwerp,,Belgium,Last-Mile Delivery Specialist,Customer Acquisition & High-Volume Sales Leadership,Containerized Freight Standardization and Global Trade Expansion
Yvonne Sutton 241,1938-07-22,Antwerp,,Belgium,Logistics Pioneer,Freight Forwarding & Maritime Transport Management,On-Demand Dispatch Algorithms and Urban Cab Service Scaling
Ulysses Taylor 242,1945-08-28,New York City,New York,United States,Export Trade Strategist,Customer Acquisition & High-Volume Sales Leadership,Multimodal Freight Interconnectivity and Port Logistics
Quentin Walker 243,1949-08-09,Hamburg,,Germany,Export Trade Strategist,Customer Acquisition & High-Volume Sales Leadership,High-Performance B2B Sales Methodologies and Key Account Management
Charles Quinn 244,1926-10-04,Toronto,Ontario,Canada,Global Freight Expert,Urban Mobility & Ride-Hailing Network Economics,Multimodal Freight Interconnectivity and Port Logistics
Karen Davies 245,1978-09-03,Zurich,,Switzerland,Delivery Network Strategist,Last-Mile Delivery Innovation & Autonomous Transit,High-Performance B2B Sales Methodologies and Key Account Management
David Wong 246,1932-07-13,Seattle,Washington,United States,Export Trade Strategist,Urban Mobility & Ride-Hailing Network Economics,On-Demand Dispatch Algorithms and Urban Cab Service Scaling
Bernard Roberts 247,1925-10-17,Montreal,Quebec,Canada,Logistics Pioneer,Freight Forwarding & Maritime Transport Management,High-Performance B2B Sales Methodologies and Key Account Management
Oscar Young 248,1935-06-02,Singapore,,Singapore,Commercial Sales Director,Global Supply Chain Optimization & Export Logistics,On-Demand Dispatch Algorithms and Urban Cab Service Scaling
Olga Harris 249,1912-10-10,Seattle,Washington,United States,Global Freight Expert,Customer Acquisition & High-Volume Sales Leadership,Dynamic Route Optimization for Express Parcel Delivery
Karl Ingram 250,1977-05-06,Dubai,,United Arab Emirates,Logistics Pioneer,Last-Mile Delivery Innovation & Autonomous Transit,Enterprise Sales Force Automation and Channel Distribution Models
Rachel Klein 251,1949-07-27,Antwerp,,Belgium,Transportation Economist,B2B Commercial Sales Strategy & Distribution Networks,High-Performance B2B Sales Methodologies and Key Account Management
Oscar Quinn 252,1900-08-08,Antwerp,,Belgium,Cab Service Founder,Last-Mile Delivery Innovation & Autonomous Transit,Dynamic Route Optimization for Express Parcel Delivery
Karen Zimmermann 253,1940-07-15,Tokyo,,Japan,Export Trade Strategist,B2B Commercial Sales Strategy & Distribution Networks,Enterprise Sales Force Automation and Channel Distribution Models
Valerie Ellis 254,1912-04-15,Toronto,Ontario,Canada,Transport & Export Executive,Last-Mile Delivery Innovation & Autonomous Transit,Dynamic Route Optimization for Express Parcel Delivery
Zoe Taylor 255,1927-06-12,Hong Kong,,China,Last-Mile Delivery Specialist,Freight Forwarding & Maritime Transport Management,Dynamic Route Optimization for Express Parcel Delivery
Sandra Gibson 256,1960-08-18,Sydney,New South Wales,Australia,Transport & Export Executive,Global Supply Chain Optimization & Export Logistics,Multimodal Freight Interconnectivity and Port Logistics
Irene White 257,1917-11-16,Montreal,Quebec,Canada,Global Freight Expert,Freight Forwarding & Maritime Transport Management,High-Performance B2B Sales Methodologies and Key Account Management
Julia White 258,1928-07-07,Sydney,New South Wales,Australia,Transportation Economist,Freight Forwarding & Maritime Transport Management,High-Performance B2B Sales Methodologies and Key Account Management
Louis Zimmermann 259,1909-12-21,Sydney,New South Wales,Australia,Supply Chain Researcher,Customer Acquisition & High-Volume Sales Leadership,On-Demand Dispatch Algorithms and Urban Cab Service Scaling
Edward Sato 260,1937-08-04,San Francisco,California,United States,Sales Leadership Pioneer,Customer Acquisition & High-Volume Sales Leadership,Containerized Freight Standardization and Global Trade Expansion
George Garcia 261,1917-10-14,Hong Kong,,China,Commercial Sales Director,Last-Mile Delivery Innovation & Autonomous Transit,High-Performance B2B Sales Methodologies and Key Account Management
Sandra Black 262,1930-05-12,Seattle,Washington,United States,Cab Service Founder,Freight Forwarding & Maritime Transport Management,High-Performance B2B Sales Methodologies and Key Account Management
Julia Phillips 263,1962-01-21,Dubai,,United Arab Emirates,Supply Chain Researcher,Global Supply Chain Optimization & Export Logistics,High-Performance B2B Sales Methodologies and Key Account Management
Ignacio Henderson 264,1944-10-15,Rotterdam,,Netherlands,Cab Service Founder,Customer Acquisition & High-Volume Sales Leadership,Multimodal Freight Interconnectivity and Port Logistics
Yvonne Fisher 265,1910-08-07,Paris,,France,Logistics Pioneer,Freight Forwarding & Maritime Transport Management,High-Performance B2B Sales Methodologies and Key Account Management
Laura Evans 266,1962-08-03,Hong Kong,,China,Last-Mile Delivery Specialist,B2B Commercial Sales Strategy & Distribution Networks,High-Performance B2B Sales Methodologies and Key Account Management
Yvonne Ellis 267,1950-12-14,London,,United Kingdom,Last-Mile Delivery Specialist,Freight Forwarding & Maritime Transport Management,Containerized Freight Standardization and Global Trade Expansion
Rachel Foster 268,1974-09-17,Dubai,,United Arab Emirates,Delivery Network Strategist,Global Supply Chain Optimization & Export Logistics,On-Demand Dispatch Algorithms and Urban Cab Service Scaling
Laura Larson 269,1931-04-26,Hong Kong,,China,Sales Leadership Pioneer,Freight Forwarding & Maritime Transport Management,Multimodal Freight Interconnectivity and Port Logistics
Laura Walker 270,1956-09-12,London,,United Kingdom,Commercial Sales Director,Urban Mobility & Ride-Hailing Network Economics,Enterprise Sales Force Automation and Channel Distribution Models
Bernard Ellis 271,1923-05-08,Rotterdam,,Netherlands,Export Trade Strategist,Urban Mobility & Ride-Hailing Network Economics,Multimodal Freight Interconnectivity and Port Logistics
Wendy Evans 272,1946-09-18,Rotterdam,,Netherlands,Logistics Pioneer,Urban Mobility & Ride-Hailing Network Economics,Containerized Freight Standardization and Global Trade Expansion
James Sutton 273,1958-06-16,Dubai,,United Arab Emirates,Sales Leadership Pioneer,B2B Commercial Sales Strategy & Distribution Networks,Containerized Freight Standardization and Global Trade Expansion
Yuri Ingram 274,1927-04-19,Hong Kong,,China,Sales Leadership Pioneer,Urban Mobility & Ride-Hailing Network Economics,Dynamic Route Optimization for Express Parcel Delivery
Sandra Taylor 275,1977-01-25,London,,United Kingdom,Transport & Export Executive,Customer Acquisition & High-Volume Sales Leadership,High-Performance B2B Sales Methodologies and Key Account Management
Valerie Owens 276,1959-01-13,Seattle,Washington,United States,Sales Leadership Pioneer,Customer Acquisition & High-Volume Sales Leadership,High-Performance B2B Sales Methodologies and Key Account Management
James Foster 277,1957-10-26,Seattle,Washington,United States,Transport & Export Executive,Customer Acquisition & High-Volume Sales Leadership,Enterprise Sales Force Automation and Channel Distribution Models
Karen Cole 278,1917-04-11,Panama City,,Panama,Commercial Sales Director,Customer Acquisition & High-Volume Sales Leadership,Multimodal Freight Interconnectivity and Port Logistics
Karen Wong 279,1918-09-03,San Francisco,California,United States,Commercial Sales Director,B2B Commercial Sales Strategy & Distribution Networks,Multimodal Freight Interconnectivity and Port Logistics
Nora Smith 280,1960-08-22,Panama City,,Panama,Cab Service Founder,Freight Forwarding & Maritime Transport Management,Multimodal Freight Interconnectivity and Port Logistics
Quentin Davies 281,1923-03-13,Singapore,,Singapore,Global Freight Expert,Customer Acquisition & High-Volume Sales Leadership,Multimodal Freight Interconnectivity and Port Logistics
George Russell 282,1915-08-19,Los Angeles,California,United States,Logistics Pioneer,Urban Mobility & Ride-Hailing Network Economics,Multimodal Freight Interconnectivity and Port Logistics
Nora Cole 283,1960-06-28,Antwerp,,Belgium,Commercial Sales Director,Global Supply Chain Optimization & Export Logistics,Multimodal Freight Interconnectivity and Port Logistics
Brenda Zimmermann 284,1903-12-18,Montreal,Quebec,Canada,Cab Service Founder,Customer Acquisition & High-Volume Sales Leadership,On-Demand Dispatch Algorithms and Urban Cab Service Scaling
Paula Garcia 285,1931-07-01,London,,United Kingdom,Export Trade Strategist,Urban Mobility & Ride-Hailing Network Economics,Multimodal Freight Interconnectivity and Port Logistics
Fiona Iversen 286,1919-08-10,Los Angeles,California,United States,Delivery Network Strategist,B2B Commercial Sales Strategy & Distribution Networks,High-Performance B2B Sales Methodologies and Key Account Management
Norman Abbott 287,1928-01-07,Hamburg,,Germany,Supply Chain Researcher,Last-Mile Delivery Innovation & Autonomous Transit,High-Performance B2B Sales Methodologies and Key Account Management
Frank Taylor 288,1933-12-17,Dubai,,United Arab Emirates,Transportation Economist,B2B Commercial Sales Strategy & Distribution Networks,Multimodal Freight Interconnectivity and Port Logistics
Victor Sato 289,1909-12-21,Shanghai,,China,Sales Leadership Pioneer,Urban Mobility & Ride-Hailing Network Economics,Dynamic Route Optimization for Express Parcel Delivery
Frank Smith 290,1944-01-27,New York City,New York,United States,Last-Mile Delivery Specialist,Customer Acquisition & High-Volume Sales Leadership,On-Demand Dispatch Algorithms and Urban Cab Service Scaling
Ulysses Lewis 291,1948-04-15,Zurich,,Switzerland,Sales Leadership Pioneer,B2B Commercial Sales Strategy & Distribution Networks,High-Performance B2B Sales Methodologies and Key Account Management
Charles Smith 292,1919-08-06,Rotterdam,,Netherlands,Transportation Economist,Customer Acquisition & High-Volume Sales Leadership,High-Performance B2B Sales Methodologies and Key Account Management
Rachel Larson 293,1945-08-10,New York City,New York,United States,Cab Service Founder,Last-Mile Delivery Innovation & Autonomous Transit,Containerized Freight Standardization and Global Trade Expansion
Paula Lewis 294,1922-07-05,San Francisco,California,United States,Last-Mile Delivery Specialist,B2B Commercial Sales Strategy & Distribution Networks,Enterprise Sales Force Automation and Channel Distribution Models
Hannah Iversen 295,1917-11-26,Seattle,Washington,United States,Last-Mile Delivery Specialist,B2B Commercial Sales Strategy & Distribution Networks,High-Performance B2B Sales Methodologies and Key Account Management
Grace Ingram 296,1901-12-28,Antwerp,,Belgium,Ride-Hailing Innovator,Global Supply Chain Optimization & Export Logistics,Dynamic Route Optimization for Express Parcel Delivery
Grace Fisher 297,1940-09-04,Tokyo,,Japan,Delivery Network Strategist,Customer Acquisition & High-Volume Sales Leadership,Dynamic Route Optimization for Express Parcel Delivery
Alice Cole 298,1976-03-04,Panama City,,Panama,Supply Chain Researcher,B2B Commercial Sales Strategy & Distribution Networks,High-Performance B2B Sales Methodologies and Key Account Management
Karl Ingram 299,1913-09-10,Panama City,,Panama,Last-Mile Delivery Specialist,Customer Acquisition & High-Volume Sales Leadership,Containerized Freight Standardization and Global Trade Expansion
Diana Ingram 300,1929-06-17,London,,United Kingdom,Global Freight Expert,Last-Mile Delivery Innovation & Autonomous Transit,On-Demand Dispatch Algorithms and Urban Cab Service Scaling
Arthur Ellis 301,1940-10-14,Tokyo,,Japan,Sales Leadership Pioneer,B2B Commercial Sales Strategy & Distribution Networks,On-Demand Dispatch Algorithms and Urban Cab Service Scaling
David Abbott 302,1957-01-18,Singapore,,Singapore,Ride-Hailing Innovator,B2B Commercial Sales Strategy & Distribution Networks,Containerized Freight Standardization and Global Trade Expansion
Diana Sutton 303,1960-04-20,Dubai,,United Arab Emirates,Ride-Hailing Innovator,Freight Forwarding & Maritime Transport Management,Containerized Freight Standardization and Global Trade Expansion
Clara Fisher 304,1912-09-18,Chicago,Illinois,United States,Delivery Network Strategist,Urban Mobility & Ride-Hailing Network Economics,Multimodal Freight Interconnectivity and Port Logistics
Monica Henderson 305,1917-07-21,Los Angeles,California,United States,Supply Chain Researcher,Customer Acquisition & High-Volume Sales Leadership,Containerized Freight Standardization and Global Trade Expansion
Nora Dixon 306,1910-01-16,Seattle,Washington,United States,Global Freight Expert,Freight Forwarding & Maritime Transport Management,Multimodal Freight Interconnectivity and Port Logistics
James Carter 307,1924-01-22,Sydney,New South Wales,Australia,Supply Chain Researcher,Global Supply Chain Optimization & Export Logistics,Containerized Freight Standardization and Global Trade Expansion
Charles Jensen 308,1917-08-19,Zurich,,Switzerland,Logistics Pioneer,B2B Commercial Sales Strategy & Distribution Networks,Enterprise Sales Force Automation and Channel Distribution Models
Teresa Turner 309,1981-11-06,New York City,New York,United States,Global Freight Expert,Customer Acquisition & High-Volume Sales Leadership,On-Demand Dispatch Algorithms and Urban Cab Service Scaling
Teresa Patel 310,1905-04-28,Panama City,,Panama,Last-Mile Delivery Specialist,Customer Acquisition & High-Volume Sales Leadership,High-Performance B2B Sales Methodologies and Key Account Management
Thomas King 311,1944-12-13,London,,United Kingdom,Sales Leadership Pioneer,Customer Acquisition & High-Volume Sales Leadership,On-Demand Dispatch Algorithms and Urban Cab Service Scaling
Evelyn Morgan 312,1954-02-22,Montreal,Quebec,Canada,Supply Chain Researcher,Urban Mobility & Ride-Hailing Network Economics,Dynamic Route Optimization for Express Parcel Delivery
Karl Tanaka 313,1903-08-14,Hong Kong,,China,Supply Chain Researcher,B2B Commercial Sales Strategy & Distribution Networks,On-Demand Dispatch Algorithms and Urban Cab Service Scaling
Harold Young 314,1915-08-25,Singapore,,Singapore,Global Freight Expert,Freight Forwarding & Maritime Transport Management,Enterprise Sales Force Automation and Channel Distribution Models
Ignacio Foster 315,1954-04-03,Toronto,Ontario,Canada,Logistics Pioneer,B2B Commercial Sales Strategy & Distribution Networks,High-Performance B2B Sales Methodologies and Key Account Management
Louis Aoki 316,1965-12-07,Antwerp,,Belgium,Logistics Pioneer,Freight Forwarding & Maritime Transport Management,Containerized Freight Standardization and Global Trade Expansion
Sandra Dixon 317,1962-02-19,New York City,New York,United States,Global Freight Expert,Freight Forwarding & Maritime Transport Management,Dynamic Route Optimization for Express Parcel Delivery
Nora Davies 318,1910-06-06,Shanghai,,China,Last-Mile Delivery Specialist,Last-Mile Delivery Innovation & Autonomous Transit,High-Performance B2B Sales Methodologies and Key Account Management
Thomas Fisher 319,1922-06-07,Seattle,Washington,United States,Transport & Export Executive,Urban Mobility & Ride-Hailing Network Economics,Multimodal Freight Interconnectivity and Port Logistics
Sandra Evans 320,1977-05-14,Montreal,Quebec,Canada,Sales Leadership Pioneer,Global Supply Chain Optimization & Export Logistics,On-Demand Dispatch Algorithms and Urban Cab Service Scaling
Grace Black 321,1939-04-13,Sydney,New South Wales,Australia,Sales Leadership Pioneer,Last-Mile Delivery Innovation & Autonomous Transit,Dynamic Route Optimization for Express Parcel Delivery
Wendy Newman 322,1981-10-20,San Francisco,California,United States,Transport & Export Executive,Freight Forwarding & Maritime Transport Management,High-Performance B2B Sales Methodologies and Key Account Management
Irene Fisher 323,1910-10-17,Paris,,France,Export Trade Strategist,B2B Commercial Sales Strategy & Distribution Networks,Multimodal Freight Interconnectivity and Port Logistics
Stanley Jensen 324,1961-07-08,Zurich,,Switzerland,Export Trade Strategist,Urban Mobility & Ride-Hailing Network Economics,Enterprise Sales Force Automation and Channel Distribution Models
Irene Vaughan 325,1951-02-26,Sydney,New South Wales,Australia,Supply Chain Researcher,Freight Forwarding & Maritime Transport Management,Multimodal Freight Interconnectivity and Port Logistics
Clara Sutton 326,1951-06-15,Los Angeles,California,United States,Delivery Network Strategist,Last-Mile Delivery Innovation & Autonomous Transit,Dynamic Route Optimization for Express Parcel Delivery
Arthur Sutton 327,1979-02-07,Panama City,,Panama,Logistics Pioneer,Urban Mobility & Ride-Hailing Network Economics,Containerized Freight Standardization and Global Trade Expansion
Ulysses Miller 328,1970-11-28,Dubai,,United Arab Emirates,Ride-Hailing Innovator,Last-Mile Delivery Innovation & Autonomous Transit,Multimodal Freight Interconnectivity and Port Logistics
Hannah Ingram 329,1932-02-24,Dubai,,United Arab Emirates,Export Trade Strategist,Freight Forwarding & Maritime Transport Management,On-Demand Dispatch Algorithms and Urban Cab Service Scaling
Teresa Russell 330,1913-08-21,Antwerp,,Belgium,Global Freight Expert,B2B Commercial Sales Strategy & Distribution Networks,On-Demand Dispatch Algorithms and Urban Cab Service Scaling
George Vaughan 331,1973-01-20,Montreal,Quebec,Canada,Ride-Hailing Innovator,Global Supply Chain Optimization & Export Logistics,High-Performance B2B Sales Methodologies and Key Account Management
Nora Taylor 332,1917-02-10,Panama City,,Panama,Sales Leadership Pioneer,Global Supply Chain Optimization & Export Logistics,Containerized Freight Standardization and Global Trade Expansion
Oscar Young 333,1953-03-21,Singapore,,Singapore,Export Trade Strategist,Global Supply Chain Optimization & Export Logistics,Dynamic Route Optimization for Express Parcel Delivery
Ulysses Sato 334,1974-07-19,Hong Kong,,China,Supply Chain Researcher,Global Supply Chain Optimization & Export Logistics,High-Performance B2B Sales Methodologies and Key Account Management
Wendy King 335,1940-02-01,San Francisco,California,United States,Global Freight Expert,Customer Acquisition & High-Volume Sales Leadership,Enterprise Sales Force Automation and Channel Distribution Models
Brenda Sutton 336,1924-05-22,Tokyo,,Japan,Cab Service Founder,Freight Forwarding & Maritime Transport Management,Enterprise Sales Force Automation and Channel Distribution Models
Evelyn O'Connor 337,1918-08-20,Hong Kong,,China,Ride-Hailing Innovator,Customer Acquisition & High-Volume Sales Leadership,Dynamic Route Optimization for Express Parcel Delivery
Patrick Garcia 338,1912-01-06,Shanghai,,China,Commercial Sales Director,B2B Commercial Sales Strategy & Distribution Networks,High-Performance B2B Sales Methodologies and Key Account Management
Bernard Evans 339,1909-08-22,Shanghai,,China,Ride-Hailing Innovator,Global Supply Chain Optimization & Export Logistics,Multimodal Freight Interconnectivity and Port Logistics
David Morgan 340,1944-12-01,Zurich,,Switzerland,Sales Leadership Pioneer,Customer Acquisition & High-Volume Sales Leadership,On-Demand Dispatch Algorithms and Urban Cab Service Scaling
Harold Henderson 341,1904-11-14,Paris,,France,Global Freight Expert,Global Supply Chain Optimization & Export Logistics,Enterprise Sales Force Automation and Channel Distribution Models
Laura Carter 342,1918-02-03,New York City,New York,United States,Cab Service Founder,Customer Acquisition & High-Volume Sales Leadership,On-Demand Dispatch Algorithms and Urban Cab Service Scaling
Zachary Ingram 343,1910-03-28,Paris,,France,Global Freight Expert,Customer Acquisition & High-Volume Sales Leadership,Dynamic Route Optimization for Express Parcel Delivery
Fiona Evans 344,1949-12-05,Sydney,New South Wales,Australia,Delivery Network Strategist,Last-Mile Delivery Innovation & Autonomous Transit,Enterprise Sales Force Automation and Channel Distribution Models
Fiona Davies 345,1946-10-05,Hong Kong,,China,Transport & Export Executive,Freight Forwarding & Maritime Transport Management,Dynamic Route Optimization for Express Parcel Delivery
Stanley Jensen 346,1970-10-10,Antwerp,,Belgium,Supply Chain Researcher,Global Supply Chain Optimization & Export Logistics,On-Demand Dispatch Algorithms and Urban Cab Service Scaling
Fiona Ellis 347,1981-11-12,San Francisco,California,United States,Supply Chain Researcher,Freight Forwarding & Maritime Transport Management,Multimodal Freight Interconnectivity and Port Logistics
Patrick King 348,1921-12-27,Singapore,,Singapore,Delivery Network Strategist,Customer Acquisition & High-Volume Sales Leadership,High-Performance B2B Sales Methodologies and Key Account Management
Karl Morgan 349,1940-05-10,Zurich,,Switzerland,Supply Chain Researcher,B2B Commercial Sales Strategy & Distribution Networks,Containerized Freight Standardization and Global Trade Expansion
Patrick Larson 350,1909-04-06,Los Angeles,California,United States,Sales Leadership Pioneer,Freight Forwarding & Maritime Transport Management,High-Performance B2B Sales Methodologies and Key Account Management
Ignacio Owens 351,1959-06-28,Panama City,,Panama,Logistics Pioneer,Last-Mile Delivery Innovation & Autonomous Transit,Enterprise Sales Force Automation and Channel Distribution Models
Richard White 352,1929-09-21,Toronto,Ontario,Canada,Sales Leadership Pioneer,B2B Commercial Sales Strategy & Distribution Networks,Enterprise Sales Force Automation and Channel Distribution Models
Nora Phillips 353,1936-04-11,Hong Kong,,China,Last-Mile Delivery Specialist,B2B Commercial Sales Strategy & Distribution Networks,Dynamic Route Optimization for Express Parcel Delivery
Olga Patel 354,1961-02-06,Montreal,Quebec,Canada,Supply Chain Researcher,Last-Mile Delivery Innovation & Autonomous Transit,Dynamic Route Optimization for Express Parcel Delivery
Monica Dixon 355,1926-11-14,Montreal,Quebec,Canada,Cab Service Founder,Global Supply Chain Optimization & Export Logistics,Multimodal Freight Interconnectivity and Port Logistics
Martin Nelson 356,1905-07-18,New York City,New York,United States,Export Trade Strategist,Freight Forwarding & Maritime Transport Management,Containerized Freight Standardization and Global Trade Expansion
Thomas Patel 357,1934-04-10,Toronto,Ontario,Canada,Global Freight Expert,Urban Mobility & Ride-Hailing Network Economics,Multimodal Freight Interconnectivity and Port Logistics
Karl Carter 358,1932-02-23,Sydney,New South Wales,Australia,Global Freight Expert,Last-Mile Delivery Innovation & Autonomous Transit,High-Performance B2B Sales Methodologies and Key Account Management
Kenji Russell 359,1943-02-15,Sydney,New South Wales,Australia,Commercial Sales Director,Urban Mobility & Ride-Hailing Network Economics,Containerized Freight Standardization and Global Trade Expansion
Ignacio Roberts 360,1929-10-06,Montreal,Quebec,Canada,Cab Service Founder,Freight Forwarding & Maritime Transport Management,High-Performance B2B Sales Methodologies and Key Account Management
Clara Davies 361,1922-07-01,London,,United Kingdom,Global Freight Expert,Urban Mobility & Ride-Hailing Network Economics,Containerized Freight Standardization and Global Trade Expansion
Walter Ingram 362,1966-04-19,Singapore,,Singapore,Ride-Hailing Innovator,Last-Mile Delivery Innovation & Autonomous Transit,Containerized Freight Standardization and Global Trade Expansion
Clara Jensen 363,1941-08-14,Zurich,,Switzerland,Ride-Hailing Innovator,B2B Commercial Sales Strategy & Distribution Networks,High-Performance B2B Sales Methodologies and Key Account Management
Yvonne Newman 364,1961-10-18,Shanghai,,China,Supply Chain Researcher,Freight Forwarding & Maritime Transport Management,High-Performance B2B Sales Methodologies and Key Account Management
Hannah Zimmermann 365,1936-09-24,Toronto,Ontario,Canada,Cab Service Founder,Last-Mile Delivery Innovation & Autonomous Transit,Multimodal Freight Interconnectivity and Port Logistics
Harold Sutton 366,1935-01-02,Hong Kong,,China,Sales Leadership Pioneer,Last-Mile Delivery Innovation & Autonomous Transit,Containerized Freight Standardization and Global Trade Expansion
Olga Zimmermann 367,1937-11-10,Seattle,Washington,United States,Global Freight Expert,Freight Forwarding & Maritime Transport Management,High-Performance B2B Sales Methodologies and Key Account Management
Evelyn King 368,1978-01-14,New York City,New York,United States,Last-Mile Delivery Specialist,Freight Forwarding & Maritime Transport Management,On-Demand Dispatch Algorithms and Urban Cab Service Scaling
Ulysses Zimmermann 369,1908-03-12,Antwerp,,Belgium,Supply Chain Researcher,Freight Forwarding & Maritime Transport Management,High-Performance B2B Sales Methodologies and Key Account Management
Julia Miller 370,1913-06-17,Hamburg,,Germany,Delivery Network Strategist,Last-Mile Delivery Innovation & Autonomous Transit,Dynamic Route Optimization for Express Parcel Delivery
Norman Smith 371,1930-09-11,Rotterdam,,Netherlands,Ride-Hailing Innovator,B2B Commercial Sales Strategy & Distribution Networks,High-Performance B2B Sales Methodologies and Key Account Management
Diana Johnson 372,1945-05-14,Hamburg,,Germany,Logistics Pioneer,Last-Mile Delivery Innovation & Autonomous Transit,Dynamic Route Optimization for Express Parcel Delivery
Paula Cole 373,1974-09-06,Antwerp,,Belgium,Transport & Export Executive,Global Supply Chain Optimization & Export Logistics,Enterprise Sales Force Automation and Channel Distribution Models
Rachel Turner 374,1923-04-15,Paris,,France,Commercial Sales Director,Last-Mile Delivery Innovation & Autonomous Transit,On-Demand Dispatch Algorithms and Urban Cab Service Scaling
Alice Smith 375,1978-04-06,Paris,,France,Sales Leadership Pioneer,Last-Mile Delivery Innovation & Autonomous Transit,Enterprise Sales Force Automation and Channel Distribution Models
Monica Aoki 376,1924-08-28,Antwerp,,Belgium,Global Freight Expert,Global Supply Chain Optimization & Export Logistics,High-Performance B2B Sales Methodologies and Key Account Management
Charles Johnson 377,1905-06-13,Montreal,Quebec,Canada,Export Trade Strategist,Last-Mile Delivery Innovation & Autonomous Transit,Dynamic Route Optimization for Express Parcel Delivery
Richard Morgan 378,1914-11-15,Los Angeles,California,United States,Global Freight Expert,B2B Commercial Sales Strategy & Distribution Networks,Containerized Freight Standardization and Global Trade Expansion
Victor Black 379,1929-07-04,New York City,New York,United States,Global Freight Expert,Global Supply Chain Optimization & Export Logistics,Dynamic Route Optimization for Express Parcel Delivery
Grace Foster 380,1959-10-09,Dubai,,United Arab Emirates,Export Trade Strategist,Customer Acquisition & High-Volume Sales Leadership,Enterprise Sales Force Automation and Channel Distribution Models
Brenda Gibson 381,1912-01-19,Montreal,Quebec,Canada,Logistics Pioneer,Global Supply Chain Optimization & Export Logistics,Enterprise Sales Force Automation and Channel Distribution Models
Irene Klein 382,1922-03-12,Seattle,Washington,United States,Transportation Economist,Freight Forwarding & Maritime Transport Management,Containerized Freight Standardization and Global Trade Expansion
James Roberts 383,1981-11-13,Hong Kong,,China,Supply Chain Researcher,Last-Mile Delivery Innovation & Autonomous Transit,Enterprise Sales Force Automation and Channel Distribution Models
Julia Zimmermann 384,1965-08-28,Antwerp,,Belgium,Delivery Network Strategist,Urban Mobility & Ride-Hailing Network Economics,Enterprise Sales Force Automation and Channel Distribution Models
Walter White 385,1927-09-24,Dubai,,United Arab Emirates,Sales Leadership Pioneer,Freight Forwarding & Maritime Transport Management,Enterprise Sales Force Automation and Channel Distribution Models
Monica Klein 386,1926-07-09,Dubai,,United Arab Emirates,Delivery Network Strategist,Urban Mobility & Ride-Hailing Network Economics,Containerized Freight Standardization and Global Trade Expansion
Patrick Johnson 387,1981-09-11,London,,United Kingdom,Supply Chain Researcher,Freight Forwarding & Maritime Transport Management,Containerized Freight Standardization and Global Trade Expansion
David Owens 388,1927-04-19,Hong Kong,,China,Logistics Pioneer,Global Supply Chain Optimization & Export Logistics,On-Demand Dispatch Algorithms and Urban Cab Service Scaling
Monica Larson 389,1977-06-19,Panama City,,Panama,Transportation Economist,B2B Commercial Sales Strategy & Distribution Networks,High-Performance B2B Sales Methodologies and Key Account Management
Valerie Larson 390,1971-08-07,Hamburg,,Germany,Global Freight Expert,B2B Commercial Sales Strategy & Distribution Networks,Dynamic Route Optimization for Express Parcel Delivery
Brenda Smith 391,1931-07-21,Singapore,,Singapore,Delivery Network Strategist,Customer Acquisition & High-Volume Sales Leadership,Dynamic Route Optimization for Express Parcel Delivery
Evelyn Ellis 392,1945-06-20,Panama City,,Panama,Commercial Sales Director,Global Supply Chain Optimization & Export Logistics,High-Performance B2B Sales Methodologies and Key Account Management
Frank Vance 393,1929-12-09,Zurich,,Switzerland,Cab Service Founder,Freight Forwarding & Maritime Transport Management,On-Demand Dispatch Algorithms and Urban Cab Service Scaling
Valerie Quinn 394,1906-09-22,Paris,,France,Ride-Hailing Innovator,Last-Mile Delivery Innovation & Autonomous Transit,Dynamic Route Optimization for Express Parcel Delivery
Bernard Harris 395,1957-10-11,Paris,,France,Commercial Sales Director,Global Supply Chain Optimization & Export Logistics,Containerized Freight Standardization and Global Trade Expansion
Stanley Tanaka 396,1937-09-04,Chicago,Illinois,United States,Export Trade Strategist,Last-Mile Delivery Innovation & Autonomous Transit,On-Demand Dispatch Algorithms and Urban Cab Service Scaling
Diana Carter 397,1960-10-22,Tokyo,,Japan,Transport & Export Executive,B2B Commercial Sales Strategy & Distribution Networks,Enterprise Sales Force Automation and Channel Distribution Models
Teresa Evans 398,1965-04-14,Singapore,,Singapore,Logistics Pioneer,Urban Mobility & Ride-Hailing Network Economics,On-Demand Dispatch Algorithms and Urban Cab Service Scaling
Karl O'Connor 399,1979-05-04,Antwerp,,Belgium,Logistics Pioneer,Urban Mobility & Ride-Hailing Network Economics,Dynamic Route Optimization for Express Parcel Delivery
Clara Foster 400,1909-04-20,Zurich,,Switzerland,Cab Service Founder,Last-Mile Delivery Innovation & Autonomous Transit,On-Demand Dispatch Algorithms and Urban Cab Service Scaling
Thomas Nelson 401,1930-07-18,Dubai,,United Arab Emirates,Export Trade Strategist,Last-Mile Delivery Innovation & Autonomous Transit,Multimodal Freight Interconnectivity and Port Logistics
Clara Ingram 402,1970-05-16,Montreal,Quebec,Canada,Global Freight Expert,B2B Commercial Sales Strategy & Distribution Networks,On-Demand Dispatch Algorithms and Urban Cab Service Scaling
Paula Baker 403,1943-04-21,Tokyo,,Japan,Global Freight Expert,Freight Forwarding & Maritime Transport Management,Multimodal Freight Interconnectivity and Port Logistics
Monica Jensen 404,1921-05-05,Tokyo,,Japan,Delivery Network Strategist,Last-Mile Delivery Innovation & Autonomous Transit,Containerized Freight Standardization and Global Trade Expansion
Olga Henderson 405,1947-01-23,Los Angeles,California,United States,Commercial Sales Director,Customer Acquisition & High-Volume Sales Leadership,Enterprise Sales Force Automation and Channel Distribution Models
Wendy Foster 406,1947-07-04,Antwerp,,Belgium,Export Trade Strategist,Freight Forwarding & Maritime Transport Management,Multimodal Freight Interconnectivity and Port Logistics
Victor Young 407,1921-04-21,Singapore,,Singapore,Logistics Pioneer,Urban Mobility & Ride-Hailing Network Economics,Dynamic Route Optimization for Express Parcel Delivery
Karen Johnson 408,1976-03-14,Montreal,Quebec,Canada,Cab Service Founder,B2B Commercial Sales Strategy & Distribution Networks,Dynamic Route Optimization for Express Parcel Delivery
Charles Larson 409,1911-01-09,Tokyo,,Japan,Sales Leadership Pioneer,Freight Forwarding & Maritime Transport Management,Containerized Freight Standardization and Global Trade Expansion
Richard Evans 410,1930-03-18,Paris,,France,Ride-Hailing Innovator,Urban Mobility & Ride-Hailing Network Economics,Multimodal Freight Interconnectivity and Port Logistics
Sandra Cole 411,1900-10-07,Rotterdam,,Netherlands,Last-Mile Delivery Specialist,Last-Mile Delivery Innovation & Autonomous Transit,On-Demand Dispatch Algorithms and Urban Cab Service Scaling
Walter Fisher 412,1973-07-17,Tokyo,,Japan,Export Trade Strategist,Freight Forwarding & Maritime Transport Management,Containerized Freight Standardization and Global Trade Expansion
Sandra Vaughan 413,1970-10-26,Rotterdam,,Netherlands,Supply Chain Researcher,Global Supply Chain Optimization & Export Logistics,On-Demand Dispatch Algorithms and Urban Cab Service Scaling
Diana Klein 414,1950-12-17,Dubai,,United Arab Emirates,Global Freight Expert,Urban Mobility & Ride-Hailing Network Economics,Containerized Freight Standardization and Global Trade Expansion
Sandra Miller 415,1965-03-20,San Francisco,California,United States,Global Freight Expert,Global Supply Chain Optimization & Export Logistics,Dynamic Route Optimization for Express Parcel Delivery
Julia Owens 416,1941-06-02,Panama City,,Panama,Export Trade Strategist,B2B Commercial Sales Strategy & Distribution Networks,Containerized Freight Standardization and Global Trade Expansion
Xavier Vance 417,1921-10-10,Toronto,Ontario,Canada,Sales Leadership Pioneer,Global Supply Chain Optimization & Export Logistics,Containerized Freight Standardization and Global Trade Expansion
Patrick Black 418,1909-02-19,Los Angeles,California,United States,Global Freight Expert,Last-Mile Delivery Innovation & Autonomous Transit,Enterprise Sales Force Automation and Channel Distribution Models
George Nelson 419,1943-05-14,Los Angeles,California,United States,Transport & Export Executive,B2B Commercial Sales Strategy & Distribution Networks,High-Performance B2B Sales Methodologies and Key Account Management
Kenji Ellis 420,1915-09-13,Seattle,Washington,United States,Ride-Hailing Innovator,Freight Forwarding & Maritime Transport Management,High-Performance B2B Sales Methodologies and Key Account Management
Grace Ingram 421,1918-03-21,London,,United Kingdom,Last-Mile Delivery Specialist,Freight Forwarding & Maritime Transport Management,On-Demand Dispatch Algorithms and Urban Cab Service Scaling
Kenji Carter 422,1978-04-21,Tokyo,,Japan,Sales Leadership Pioneer,Freight Forwarding & Maritime Transport Management,Multimodal Freight Interconnectivity and Port Logistics
Harold Cole 423,1912-03-12,Hamburg,,Germany,Sales Leadership Pioneer,Freight Forwarding & Maritime Transport Management,Containerized Freight Standardization and Global Trade Expansion
Walter Wong 424,1904-12-18,San Francisco,California,United States,Commercial Sales Director,Urban Mobility & Ride-Hailing Network Economics,Containerized Freight Standardization and Global Trade Expansion
Clara Evans 425,1933-06-08,Seattle,Washington,United States,Cab Service Founder,Global Supply Chain Optimization & Export Logistics,Containerized Freight Standardization and Global Trade Expansion
Zoe Jensen 426,1921-12-23,Singapore,,Singapore,Transportation Economist,Freight Forwarding & Maritime Transport Management,High-Performance B2B Sales Methodologies and Key Account Management
Fiona Evans 427,1925-01-08,New York City,New York,United States,Ride-Hailing Innovator,B2B Commercial Sales Strategy & Distribution Networks,On-Demand Dispatch Algorithms and Urban Cab Service Scaling
Yvonne Quinn 428,1952-12-01,Los Angeles,California,United States,Ride-Hailing Innovator,Last-Mile Delivery Innovation & Autonomous Transit,Containerized Freight Standardization and Global Trade Expansion
Martin Evans 429,1945-10-16,London,,United Kingdom,Global Freight Expert,Global Supply Chain Optimization & Export Logistics,Multimodal Freight Interconnectivity and Port Logistics
Wendy Vaughan 430,1933-03-22,London,,United Kingdom,Commercial Sales Director,Customer Acquisition & High-Volume Sales Leadership,Multimodal Freight Interconnectivity and Port Logistics
Martin Owens 431,1970-06-25,Chicago,Illinois,United States,Transportation Economist,Customer Acquisition & High-Volume Sales Leadership,High-Performance B2B Sales Methodologies and Key Account Management
Rachel Miller 432,1943-04-27,San Francisco,California,United States,Delivery Network Strategist,Last-Mile Delivery Innovation & Autonomous Transit,Containerized Freight Standardization and Global Trade Expansion
Thomas Phillips 433,1931-06-04,Shanghai,,China,Last-Mile Delivery Specialist,Urban Mobility & Ride-Hailing Network Economics,Multimodal Freight Interconnectivity and Port Logistics
Stanley Gibson 434,1904-06-09,Dubai,,United Arab Emirates,Supply Chain Researcher,Last-Mile Delivery Innovation & Autonomous Transit,Multimodal Freight Interconnectivity and Port Logistics
George Henderson 435,1978-07-07,Toronto,Ontario,Canada,Supply Chain Researcher,Last-Mile Delivery Innovation & Autonomous Transit,Multimodal Freight Interconnectivity and Port Logistics
Harold Sato 436,1939-12-19,Dubai,,United Arab Emirates,Logistics Pioneer,B2B Commercial Sales Strategy & Distribution Networks,On-Demand Dispatch Algorithms and Urban Cab Service Scaling
Paula Nelson 437,1965-09-12,San Francisco,California,United States,Sales Leadership Pioneer,Freight Forwarding & Maritime Transport Management,Enterprise Sales Force Automation and Channel Distribution Models
Bernard Morgan 438,1979-10-19,Los Angeles,California,United States,Ride-Hailing Innovator,Urban Mobility & Ride-Hailing Network Economics,Containerized Freight Standardization and Global Trade Expansion
Diana Smith 439,1937-04-27,Sydney,New South Wales,Australia,Transportation Economist,Freight Forwarding & Maritime Transport Management,Dynamic Route Optimization for Express Parcel Delivery
Bernard Klein 440,1955-02-05,Los Angeles,California,United States,Ride-Hailing Innovator,Freight Forwarding & Maritime Transport Management,High-Performance B2B Sales Methodologies and Key Account Management
Martin Johnson 441,1953-11-17,Sydney,New South Wales,Australia,Global Freight Expert,Customer Acquisition & High-Volume Sales Leadership,Dynamic Route Optimization for Express Parcel Delivery
Fiona Morgan 442,1949-11-24,Shanghai,,China,Transportation Economist,Last-Mile Delivery Innovation & Autonomous Transit,Multimodal Freight Interconnectivity and Port Logistics
Valerie Patel 443,1926-04-23,Tokyo,,Japan,Global Freight Expert,Customer Acquisition & High-Volume Sales Leadership,Containerized Freight Standardization and Global Trade Expansion
Olga Lewis 444,1948-04-28,Chicago,Illinois,United States,Transportation Economist,Last-Mile Delivery Innovation & Autonomous Transit,Dynamic Route Optimization for Express Parcel Delivery
Oscar Foster 445,1922-02-22,Montreal,Quebec,Canada,Sales Leadership Pioneer,Customer Acquisition & High-Volume Sales Leadership,On-Demand Dispatch Algorithms and Urban Cab Service Scaling
Ignacio Jensen 446,1923-08-12,Antwerp,,Belgium,Logistics Pioneer,Urban Mobility & Ride-Hailing Network Economics,Multimodal Freight Interconnectivity and Port Logistics
Paula Davies 447,1962-11-27,Panama City,,Panama,Supply Chain Researcher,Customer Acquisition & High-Volume Sales Leadership,Containerized Freight Standardization and Global Trade Expansion
Charles Quinn 448,1907-06-03,Dubai,,United Arab Emirates,Delivery Network Strategist,Customer Acquisition & High-Volume Sales Leadership,Multimodal Freight Interconnectivity and Port Logistics
Ignacio Fisher 449,1973-10-22,Los Angeles,California,United States,Ride-Hailing Innovator,Customer Acquisition & High-Volume Sales Leadership,Dynamic Route Optimization for Express Parcel Delivery
Julia Smith 450,1924-01-25,Toronto,Ontario,Canada,Transportation Economist,Customer Acquisition & High-Volume Sales Leadership,Containerized Freight Standardization and Global Trade Expansion
Bernard Gibson 451,1917-12-03,San Francisco,California,United States,Transportation Economist,Freight Forwarding & Maritime Transport Management,Dynamic Route Optimization for Express Parcel Delivery
Martin Sutton 452,1943-01-04,Montreal,Quebec,Canada,Ride-Hailing Innovator,Last-Mile Delivery Innovation & Autonomous Transit,High-Performance B2B Sales Methodologies and Key Account Management
Laura Russell 453,1917-08-17,New York City,New York,United States,Cab Service Founder,Urban Mobility & Ride-Hailing Network Economics,Dynamic Route Optimization for Express Parcel Delivery
Zachary Sutton 454,1913-05-18,Montreal,Quebec,Canada,Sales Leadership Pioneer,Freight Forwarding & Maritime Transport Management,High-Performance B2B Sales Methodologies and Key Account Management
Arthur Cole 455,1955-01-18,Seattle,Washington,United States,Transport & Export Executive,Last-Mile Delivery Innovation & Autonomous Transit,Dynamic Route Optimization for Express Parcel Delivery
Norman Larson 456,1978-02-25,Montreal,Quebec,Canada,Transport & Export Executive,Last-Mile Delivery Innovation & Autonomous Transit,Containerized Freight Standardization and Global Trade Expansion
Brenda Cole 457,1972-09-04,Montreal,Quebec,Canada,Ride-Hailing Innovator,Freight Forwarding & Maritime Transport Management,Enterprise Sales Force Automation and Channel Distribution Models
Julia Ingram 458,1943-09-20,Dubai,,United Arab Emirates,Delivery Network Strategist,Customer Acquisition & High-Volume Sales Leadership,Enterprise Sales Force Automation and Channel Distribution Models
Yvonne Peters 459,1939-06-28,Montreal,Quebec,Canada,Cab Service Founder,Freight Forwarding & Maritime Transport Management,Containerized Freight Standardization and Global Trade Expansion
Irene Turner 460,1974-06-06,Singapore,,Singapore,Last-Mile Delivery Specialist,B2B Commercial Sales Strategy & Distribution Networks,On-Demand Dispatch Algorithms and Urban Cab Service Scaling
Martin Sato 461,1932-08-28,Sydney,New South Wales,Australia,Global Freight Expert,B2B Commercial Sales Strategy & Distribution Networks,On-Demand Dispatch Algorithms and Urban Cab Service Scaling
Sandra Newman 462,1967-09-10,London,,United Kingdom,Sales Leadership Pioneer,B2B Commercial Sales Strategy & Distribution Networks,High-Performance B2B Sales Methodologies and Key Account Management
Yuri Peters 463,1931-12-03,London,,United Kingdom,Commercial Sales Director,Urban Mobility & Ride-Hailing Network Economics,Containerized Freight Standardization and Global Trade Expansion
Frank Harris 464,1931-09-14,Tokyo,,Japan,Transport & Export Executive,B2B Commercial Sales Strategy & Distribution Networks,Containerized Freight Standardization and Global Trade Expansion
Victor Klein 465,1964-11-07,Panama City,,Panama,Export Trade Strategist,Freight Forwarding & Maritime Transport Management,Dynamic Route Optimization for Express Parcel Delivery
Rachel Jensen 466,1939-10-09,Zurich,,Switzerland,Cab Service Founder,Global Supply Chain Optimization & Export Logistics,Enterprise Sales Force Automation and Channel Distribution Models
Hannah Sato 467,1938-10-09,New York City,New York,United States,Commercial Sales Director,Freight Forwarding & Maritime Transport Management,Containerized Freight Standardization and Global Trade Expansion
Valerie Foster 468,1959-10-21,Singapore,,Singapore,Cab Service Founder,B2B Commercial Sales Strategy & Distribution Networks,Enterprise Sales Force Automation and Channel Distribution Models
Walter Nelson 469,1941-03-13,Panama City,,Panama,Transportation Economist,Urban Mobility & Ride-Hailing Network Economics,Multimodal Freight Interconnectivity and Port Logistics
Martin Tanaka 470,1958-04-22,San Francisco,California,United States,Export Trade Strategist,Global Supply Chain Optimization & Export Logistics,Enterprise Sales Force Automation and Channel Distribution Models
Karen Russell 471,1918-12-28,Zurich,,Switzerland,Delivery Network Strategist,Urban Mobility & Ride-Hailing Network Economics,Dynamic Route Optimization for Express Parcel Delivery
Bernard Morgan 472,1939-12-20,Shanghai,,China,Export Trade Strategist,Urban Mobility & Ride-Hailing Network Economics,Multimodal Freight Interconnectivity and Port Logistics
Stanley Gibson 473,1979-08-09,San Francisco,California,United States,Transport & Export Executive,Last-Mile Delivery Innovation & Autonomous Transit,High-Performance B2B Sales Methodologies and Key Account Management
Diana Vance 474,1922-02-02,Rotterdam,,Netherlands,Last-Mile Delivery Specialist,Global Supply Chain Optimization & Export Logistics,Containerized Freight Standardization and Global Trade Expansion
Julia Johnson 475,1924-08-08,Toronto,Ontario,Canada,Transport & Export Executive,B2B Commercial Sales Strategy & Distribution Networks,Containerized Freight Standardization and Global Trade Expansion
Brenda Morgan 476,1903-02-17,Chicago,Illinois,United States,Delivery Network Strategist,Customer Acquisition & High-Volume Sales Leadership,Enterprise Sales Force Automation and Channel Distribution Models
Sandra Baker 477,1927-12-16,Paris,,France,Commercial Sales Director,Global Supply Chain Optimization & Export Logistics,Containerized Freight Standardization and Global Trade Expansion
Thomas Iversen 478,1973-09-01,Tokyo,,Japan,Cab Service Founder,Freight Forwarding & Maritime Transport Management,On-Demand Dispatch Algorithms and Urban Cab Service Scaling
Fiona Tanaka 479,1956-09-02,Dubai,,United Arab Emirates,Transport & Export Executive,Customer Acquisition & High-Volume Sales Leadership,Dynamic Route Optimization for Express Parcel Delivery
Irene Nelson 480,1928-05-02,Panama City,,Panama,Last-Mile Delivery Specialist,Customer Acquisition & High-Volume Sales Leadership,Dynamic Route Optimization for Express Parcel Delivery
Nora Sato 481,1911-10-10,Singapore,,Singapore,Commercial Sales Director,Last-Mile Delivery Innovation & Autonomous Transit,High-Performance B2B Sales Methodologies and Key Account Management
Teresa Evans 482,1933-04-01,San Francisco,California,United States,Transportation Economist,Last-Mile Delivery Innovation & Autonomous Transit,Dynamic Route Optimization for Express Parcel Delivery
Norman Garcia 483,1961-11-07,Antwerp,,Belgium,Logistics Pioneer,Urban Mobility & Ride-Hailing Network Economics,On-Demand Dispatch Algorithms and Urban Cab Service Scaling
Quentin Taylor 484,1917-08-14,San Francisco,California,United States,Commercial Sales Director,Freight Forwarding & Maritime Transport Management,Containerized Freight Standardization and Global Trade Expansion
Hannah Lewis 485,1976-01-24,Chicago,Illinois,United States,Sales Leadership Pioneer,Global Supply Chain Optimization & Export Logistics,Containerized Freight Standardization and Global Trade Expansion
Wendy Roberts 486,1970-06-05,San Francisco,California,United States,Supply Chain Researcher,Urban Mobility & Ride-Hailing Network Economics,Containerized Freight Standardization and Global Trade Expansion
Teresa Lewis 487,1903-01-13,Shanghai,,China,Cab Service Founder,Customer Acquisition & High-Volume Sales Leadership,Dynamic Route Optimization for Express Parcel Delivery
Brenda Dixon 488,1915-10-17,London,,United Kingdom,Delivery Network Strategist,Customer Acquisition & High-Volume Sales Leadership,Multimodal Freight Interconnectivity and Port Logistics
Evelyn Black 489,1921-12-22,Toronto,Ontario,Canada,Export Trade Strategist,Urban Mobility & Ride-Hailing Network Economics,Dynamic Route Optimization for Express Parcel Delivery
Victor Evans 490,1943-12-09,Paris,,France,Global Freight Expert,Freight Forwarding & Maritime Transport Management,On-Demand Dispatch Algorithms and Urban Cab Service Scaling
Stanley Phillips 491,1916-12-27,Montreal,Quebec,Canada,Cab Service Founder,Customer Acquisition & High-Volume Sales Leadership,Enterprise Sales Force Automation and Channel Distribution Models
Grace Zimmermann 492,1919-01-10,Dubai,,United Arab Emirates,Logistics Pioneer,Urban Mobility & Ride-Hailing Network Economics,Multimodal Freight Interconnectivity and Port Logistics
Yuri Newman 493,1931-07-10,New York City,New York,United States,Logistics Pioneer,Global Supply Chain Optimization & Export Logistics,Dynamic Route Optimization for Express Parcel Delivery
Fiona Larson 494,1953-02-19,Hong Kong,,China,Transportation Economist,Global Supply Chain Optimization & Export Logistics,Enterprise Sales Force Automation and Channel Distribution Models
Ignacio Roberts 495,1977-07-03,Tokyo,,Japan,Export Trade Strategist,B2B Commercial Sales Strategy & Distribution Networks,High-Performance B2B Sales Methodologies and Key Account Management
Rachel Morgan 496,1902-02-22,Tokyo,,Japan,Transportation Economist,Global Supply Chain Optimization & Export Logistics,On-Demand Dispatch Algorithms and Urban Cab Service Scaling
Zachary Aoki 497,1940-02-21,Hong Kong,,China,Cab Service Founder,Global Supply Chain Optimization & Export Logistics,Enterprise Sales Force Automation and Channel Distribution Models
Thomas Foster 498,1976-03-19,Hong Kong,,China,Commercial Sales Director,Customer Acquisition & High-Volume Sales Leadership,High-Performance B2B Sales Methodologies and Key Account Management
Oscar Young 499,1954-06-13,New York City,New York,United States,Transportation Economist,Global Supply Chain Optimization & Export Logistics,High-Performance B2B Sales Methodologies and Key Account Management
Diana Carter 500,1919-11-05,Shanghai,,China,Sales Leadership Pioneer,Freight Forwarding & Maritime Transport Management,Dynamic Route Optimization for Express Parcel Delivery
Walter Vance 501,1971-05-08,Toronto,Ontario,Canada,Delivery Network Strategist,Customer Acquisition & High-Volume Sales Leadership,Enterprise Sales Force Automation and Channel Distribution Models
Norman Jensen 502,1929-01-26,Antwerp,,Belgium,Transportation Economist,Last-Mile Delivery Innovation & Autonomous Transit,High-Performance B2B Sales Methodologies and Key Account Management
Paula Walker 503,1908-06-18,Panama City,,Panama,Logistics Pioneer,Customer Acquisition & High-Volume Sales Leadership,Dynamic Route Optimization for Express Parcel Delivery
Quentin Phillips 504,1916-01-12,Hamburg,,Germany,Cab Service Founder,Urban Mobility & Ride-Hailing Network Economics,Containerized Freight Standardization and Global Trade Expansion
Wendy Vance 505,1952-01-09,Sydney,New South Wales,Australia,Last-Mile Delivery Specialist,Global Supply Chain Optimization & Export Logistics,Multimodal Freight Interconnectivity and Port Logistics
Ulysses Iversen 506,1956-05-25,Rotterdam,,Netherlands,Logistics Pioneer,Customer Acquisition & High-Volume Sales Leadership,Dynamic Route Optimization for Express Parcel Delivery
Sandra Walker 507,1969-06-20,Sydney,New South Wales,Australia,Delivery Network Strategist,Customer Acquisition & High-Volume Sales Leadership,On-Demand Dispatch Algorithms and Urban Cab Service Scaling
Julia Davies 508,1972-07-03,Tokyo,,Japan,Ride-Hailing Innovator,B2B Commercial Sales Strategy & Distribution Networks,Dynamic Route Optimization for Express Parcel Delivery
Irene Taylor 509,1973-11-28,Montreal,Quebec,Canada,Cab Service Founder,Urban Mobility & Ride-Hailing Network Economics,Enterprise Sales Force Automation and Channel Distribution Models
Teresa Vaughan 510,1963-12-08,New York City,New York,United States,Global Freight Expert,Global Supply Chain Optimization & Export Logistics,High-Performance B2B Sales Methodologies and Key Account Management
Zoe Baker 511,1957-02-02,Tokyo,,Japan,Logistics Pioneer,Global Supply Chain Optimization & Export Logistics,Multimodal Freight Interconnectivity and Port Logistics
Harold Walker 512,1969-08-11,Rotterdam,,Netherlands,Transport & Export Executive,Customer Acquisition & High-Volume Sales Leadership,Dynamic Route Optimization for Express Parcel Delivery
David Dixon 513,1965-03-05,Toronto,Ontario,Canada,Cab Service Founder,Global Supply Chain Optimization & Export Logistics,On-Demand Dispatch Algorithms and Urban Cab Service Scaling
Evelyn Evans 514,1952-05-18,Toronto,Ontario,Canada,Sales Leadership Pioneer,Last-Mile Delivery Innovation & Autonomous Transit,Enterprise Sales Force Automation and Channel Distribution Models
Walter Newman 515,1981-10-20,San Francisco,California,United States,Ride-Hailing Innovator,B2B Commercial Sales Strategy & Distribution Networks,Enterprise Sales Force Automation and Channel Distribution Models
Bernard Vance 516,1966-02-01,Paris,,France,Transport & Export Executive,Global Supply Chain Optimization & Export Logistics,Enterprise Sales Force Automation and Channel Distribution Models
Edward Aoki 517,1978-10-16,Seattle,Washington,United States,Delivery Network Strategist,Global Supply Chain Optimization & Export Logistics,High-Performance B2B Sales Methodologies and Key Account Management
Clara Garcia 518,1909-09-09,Sydney,New South Wales,Australia,Sales Leadership Pioneer,Freight Forwarding & Maritime Transport Management,Containerized Freight Standardization and Global Trade Expansion
Brenda Davies 519,1945-01-21,Dubai,,United Arab Emirates,Commercial Sales Director,B2B Commercial Sales Strategy & Distribution Networks,Dynamic Route Optimization for Express Parcel Delivery
Yvonne Lewis 520,1951-05-17,Zurich,,Switzerland,Logistics Pioneer,Last-Mile Delivery Innovation & Autonomous Transit,Multimodal Freight Interconnectivity and Port Logistics
Laura Zimmermann 521,1902-06-15,Chicago,Illinois,United States,Global Freight Expert,B2B Commercial Sales Strategy & Distribution Networks,Containerized Freight Standardization and Global Trade Expansion
Irene Dixon 522,1945-11-21,Chicago,Illinois,United States,Global Freight Expert,B2B Commercial Sales Strategy & Distribution Networks,On-Demand Dispatch Algorithms and Urban Cab Service Scaling
Valerie Sato 523,1958-04-16,Los Angeles,California,United States,Cab Service Founder,B2B Commercial Sales Strategy & Distribution Networks,Containerized Freight Standardization and Global Trade Expansion
Diana Ingram 524,1950-05-01,Chicago,Illinois,United States,Transport & Export Executive,Global Supply Chain Optimization & Export Logistics,On-Demand Dispatch Algorithms and Urban Cab Service Scaling
Bernard Miller 525,1919-09-25,Singapore,,Singapore,Commercial Sales Director,Freight Forwarding & Maritime Transport Management,High-Performance B2B Sales Methodologies and Key Account Management
David Fisher 526,1945-12-06,Tokyo,,Japan,Transportation Economist,Customer Acquisition & High-Volume Sales Leadership,High-Performance B2B Sales Methodologies and Key Account Management
Valerie Sutton 527,1918-10-09,Antwerp,,Belgium,Cab Service Founder,Urban Mobility & Ride-Hailing Network Economics,High-Performance B2B Sales Methodologies and Key Account Management
Oscar Peters 528,1948-12-16,New York City,New York,United States,Commercial Sales Director,Urban Mobility & Ride-Hailing Network Economics,Dynamic Route Optimization for Express Parcel Delivery
Quentin Wong 529,1916-06-28,Shanghai,,China,Ride-Hailing Innovator,Customer Acquisition & High-Volume Sales Leadership,On-Demand Dispatch Algorithms and Urban Cab Service Scaling
Zachary White 530,1940-06-12,New York City,New York,United States,Supply Chain Researcher,Global Supply Chain Optimization & Export Logistics,Multimodal Freight Interconnectivity and Port Logistics
Norman Henderson 531,1900-10-22,Shanghai,,China,Sales Leadership Pioneer,Freight Forwarding & Maritime Transport Management,High-Performance B2B Sales Methodologies and Key Account Management
Grace Andersen 532,1915-06-15,New York City,New York,United States,Last-Mile Delivery Specialist,Freight Forwarding & Maritime Transport Management,Dynamic Route Optimization for Express Parcel Delivery
Edward Dixon 533,1909-06-19,Toronto,Ontario,Canada,Commercial Sales Director,Urban Mobility & Ride-Hailing Network Economics,On-Demand Dispatch Algorithms and Urban Cab Service Scaling
Clara Young 534,1980-02-20,Singapore,,Singapore,Global Freight Expert,Global Supply Chain Optimization & Export Logistics,Containerized Freight Standardization and Global Trade Expansion
Stanley Taylor 535,1949-04-18,Hamburg,,Germany,Sales Leadership Pioneer,Last-Mile Delivery Innovation & Autonomous Transit,Multimodal Freight Interconnectivity and Port Logistics
Walter Larson 536,1940-03-21,Shanghai,,China,Transportation Economist,Last-Mile Delivery Innovation & Autonomous Transit,Containerized Freight Standardization and Global Trade Expansion
Evelyn Taylor 537,1961-01-19,London,,United Kingdom,Global Freight Expert,Urban Mobility & Ride-Hailing Network Economics,Dynamic Route Optimization for Express Parcel Delivery
Yuri Russell 538,1971-09-12,Rotterdam,,Netherlands,Export Trade Strategist,Freight Forwarding & Maritime Transport Management,High-Performance B2B Sales Methodologies and Key Account Management
Norman Abbott 539,1928-07-12,Seattle,Washington,United States,Delivery Network Strategist,Global Supply Chain Optimization & Export Logistics,Enterprise Sales Force Automation and Channel Distribution Models
Brenda Ingram 540,1957-06-24,Tokyo,,Japan,Transportation Economist,B2B Commercial Sales Strategy & Distribution Networks,High-Performance B2B Sales Methodologies and Key Account Management
Evelyn Cole 541,1980-12-18,Panama City,,Panama,Sales Leadership Pioneer,Freight Forwarding & Maritime Transport Management,Enterprise Sales Force Automation and Channel Distribution Models
Louis Ingram 542,1905-05-13,Hong Kong,,China,Supply Chain Researcher,B2B Commercial Sales Strategy & Distribution Networks,Containerized Freight Standardization and Global Trade Expansion
Martin Wong 543,1962-11-15,Dubai,,United Arab Emirates,Ride-Hailing Innovator,Last-Mile Delivery Innovation & Autonomous Transit,Enterprise Sales Force Automation and Channel Distribution Models
Victor Ingram 544,1938-08-14,Tokyo,,Japan,Last-Mile Delivery Specialist,Global Supply Chain Optimization & Export Logistics,Containerized Freight Standardization and Global Trade Expansion
Irene Andersen 545,1981-08-24,New York City,New York,United States,Supply Chain Researcher,Last-Mile Delivery Innovation & Autonomous Transit,Multimodal Freight Interconnectivity and Port Logistics
Stanley Taylor 546,1930-04-19,Sydney,New South Wales,Australia,Sales Leadership Pioneer,Freight Forwarding & Maritime Transport Management,High-Performance B2B Sales Methodologies and Key Account Management
Thomas Cole 547,1957-10-05,Chicago,Illinois,United States,Logistics Pioneer,Freight Forwarding & Maritime Transport Management,Multimodal Freight Interconnectivity and Port Logistics
Stanley Aoki 548,1949-04-12,Rotterdam,,Netherlands,Export Trade Strategist,B2B Commercial Sales Strategy & Distribution Networks,Multimodal Freight Interconnectivity and Port Logistics
Norman Sato 549,1925-06-22,Toronto,Ontario,Canada,Ride-Hailing Innovator,Freight Forwarding & Maritime Transport Management,On-Demand Dispatch Algorithms and Urban Cab Service Scaling
David Walker 550,1931-02-02,Montreal,Quebec,Canada,Transportation Economist,B2B Commercial Sales Strategy & Distribution Networks,Dynamic Route Optimization for Express Parcel Delivery
Kenji Wong 551,1965-11-18,Zurich,,Switzerland,Transport & Export Executive,Urban Mobility & Ride-Hailing Network Economics,Dynamic Route Optimization for Express Parcel Delivery
Clara King 552,1934-01-05,Toronto,Ontario,Canada,Sales Leadership Pioneer,Last-Mile Delivery Innovation & Autonomous Transit,Containerized Freight Standardization and Global Trade Expansion
Bernard Wong 553,1927-05-27,San Francisco,California,United States,Transport & Export Executive,Last-Mile Delivery Innovation & Autonomous Transit,Dynamic Route Optimization for Express Parcel Delivery
Thomas Davies 554,1931-08-01,Chicago,Illinois,United States,Transportation Economist,Urban Mobility & Ride-Hailing Network Economics,On-Demand Dispatch Algorithms and Urban Cab Service Scaling
Walter Andersen 555,1919-01-05,Seattle,Washington,United States,Supply Chain Researcher,B2B Commercial Sales Strategy & Distribution Networks,Enterprise Sales Force Automation and Channel Distribution Models
Bernard Fisher 556,1934-07-05,Montreal,Quebec,Canada,Transport & Export Executive,Global Supply Chain Optimization & Export Logistics,Dynamic Route Optimization for Express Parcel Delivery
Grace Carter 557,1966-07-22,Shanghai,,China,Commercial Sales Director,Global Supply Chain Optimization & Export Logistics,High-Performance B2B Sales Methodologies and Key Account Management
Victor Aoki 558,1909-11-12,Los Angeles,California,United States,Transportation Economist,B2B Commercial Sales Strategy & Distribution Networks,On-Demand Dispatch Algorithms and Urban Cab Service Scaling
Quentin Peters 559,1926-04-23,Montreal,Quebec,Canada,Export Trade Strategist,Freight Forwarding & Maritime Transport Management,Containerized Freight Standardization and Global Trade Expansion
Hannah Sutton 560,1907-01-21,Zurich,,Switzerland,Sales Leadership Pioneer,Freight Forwarding & Maritime Transport Management,Multimodal Freight Interconnectivity and Port Logistics
Evelyn Foster 561,1966-10-17,Zurich,,Switzerland,Delivery Network Strategist,Customer Acquisition & High-Volume Sales Leadership,Multimodal Freight Interconnectivity and Port Logistics
Alice Peters 562,1949-08-08,Hamburg,,Germany,Export Trade Strategist,Freight Forwarding & Maritime Transport Management,Dynamic Route Optimization for Express Parcel Delivery
Edward Wong 563,1980-03-24,Los Angeles,California,United States,Ride-Hailing Innovator,Freight Forwarding & Maritime Transport Management,Containerized Freight Standardization and Global Trade Expansion
Yuri Taylor 564,1950-08-17,Seattle,Washington,United States,Transport & Export Executive,B2B Commercial Sales Strategy & Distribution Networks,Dynamic Route Optimization for Express Parcel Delivery
Karen Roberts 565,1955-01-16,London,,United Kingdom,Commercial Sales Director,Customer Acquisition & High-Volume Sales Leadership,High-Performance B2B Sales Methodologies and Key Account Management
Hannah O'Connor 566,1932-09-02,Chicago,Illinois,United States,Sales Leadership Pioneer,Customer Acquisition & High-Volume Sales Leadership,Dynamic Route Optimization for Express Parcel Delivery
Ulysses Gibson 567,1903-07-14,Sydney,New South Wales,Australia,Logistics Pioneer,Last-Mile Delivery Innovation & Autonomous Transit,Enterprise Sales Force Automation and Channel Distribution Models
Evelyn Morgan 568,1960-03-02,Antwerp,,Belgium,Commercial Sales Director,Freight Forwarding & Maritime Transport Management,Enterprise Sales Force Automation and Channel Distribution Models
Yuri Phillips 569,1957-05-24,New York City,New York,United States,Transport & Export Executive,Customer Acquisition & High-Volume Sales Leadership,Containerized Freight Standardization and Global Trade Expansion
Victor O'Connor 570,1966-12-22,San Francisco,California,United States,Sales Leadership Pioneer,Urban Mobility & Ride-Hailing Network Economics,Dynamic Route Optimization for Express Parcel Delivery
Frank Taylor 571,1914-09-01,Shanghai,,China,Ride-Hailing Innovator,Urban Mobility & Ride-Hailing Network Economics,Containerized Freight Standardization and Global Trade Expansion
Stanley Sutton 572,1911-07-13,Paris,,France,Sales Leadership Pioneer,Last-Mile Delivery Innovation & Autonomous Transit,Multimodal Freight Interconnectivity and Port Logistics
George Patel 573,1971-03-17,Zurich,,Switzerland,Global Freight Expert,Global Supply Chain Optimization & Export Logistics,Dynamic Route Optimization for Express Parcel Delivery
Richard Abbott 574,1981-05-23,Antwerp,,Belgium,Ride-Hailing Innovator,Customer Acquisition & High-Volume Sales Leadership,On-Demand Dispatch Algorithms and Urban Cab Service Scaling
Oscar Black 575,1974-10-04,Paris,,France,Export Trade Strategist,Last-Mile Delivery Innovation & Autonomous Transit,Containerized Freight Standardization and Global Trade Expansion
Alice Cole 576,1981-09-03,Panama City,,Panama,Delivery Network Strategist,B2B Commercial Sales Strategy & Distribution Networks,On-Demand Dispatch Algorithms and Urban Cab Service Scaling
Diana Abbott 577,1947-10-04,Singapore,,Singapore,Global Freight Expert,Freight Forwarding & Maritime Transport Management,High-Performance B2B Sales Methodologies and Key Account Management
Laura White 578,1921-12-14,Toronto,Ontario,Canada,Global Freight Expert,Freight Forwarding & Maritime Transport Management,Enterprise Sales Force Automation and Channel Distribution Models
Wendy Larson 579,1937-02-12,Sydney,New South Wales,Australia,Transport & Export Executive,Last-Mile Delivery Innovation & Autonomous Transit,Containerized Freight Standardization and Global Trade Expansion
Nora White 580,1971-11-27,Sydney,New South Wales,Australia,Logistics Pioneer,Urban Mobility & Ride-Hailing Network Economics,Dynamic Route Optimization for Express Parcel Delivery
David Russell 581,1973-01-21,Los Angeles,California,United States,Global Freight Expert,B2B Commercial Sales Strategy & Distribution Networks,Dynamic Route Optimization for Express Parcel Delivery
Richard Andersen 582,1952-07-14,London,,United Kingdom,Sales Leadership Pioneer,Global Supply Chain Optimization & Export Logistics,Dynamic Route Optimization for Express Parcel Delivery
Grace Walker 583,1915-03-01,Paris,,France,Last-Mile Delivery Specialist,B2B Commercial Sales Strategy & Distribution Networks,High-Performance B2B Sales Methodologies and Key Account Management
David Sato 584,1921-10-04,Singapore,,Singapore,Cab Service Founder,B2B Commercial Sales Strategy & Distribution Networks,Dynamic Route Optimization for Express Parcel Delivery
Julia Zimmermann 585,1949-08-23,Chicago,Illinois,United States,Global Freight Expert,Customer Acquisition & High-Volume Sales Leadership,Containerized Freight Standardization and Global Trade Expansion
Sandra Davies 586,1939-01-14,Singapore,,Singapore,Last-Mile Delivery Specialist,Customer Acquisition & High-Volume Sales Leadership,Containerized Freight Standardization and Global Trade Expansion
Sandra Morgan 587,1968-02-15,Sydney,New South Wales,Australia,Commercial Sales Director,Freight Forwarding & Maritime Transport Management,Enterprise Sales Force Automation and Channel Distribution Models
Monica O'Connor 588,1905-04-28,Sydney,New South Wales,Australia,Commercial Sales Director,Freight Forwarding & Maritime Transport Management,Multimodal Freight Interconnectivity and Port Logistics
Rachel Johnson 589,1914-11-01,London,,United Kingdom,Sales Leadership Pioneer,B2B Commercial Sales Strategy & Distribution Networks,Enterprise Sales Force Automation and Channel Distribution Models
Quentin Evans 590,1972-06-14,New York City,New York,United States,Cab Service Founder,Last-Mile Delivery Innovation & Autonomous Transit,High-Performance B2B Sales Methodologies and Key Account Management
Charles Klein 591,1916-01-03,Seattle,Washington,United States,Transport & Export Executive,Global Supply Chain Optimization & Export Logistics,High-Performance B2B Sales Methodologies and Key Account Management
Bernard Sato 592,1979-11-04,Antwerp,,Belgium,Commercial Sales Director,Last-Mile Delivery Innovation & Autonomous Transit,High-Performance B2B Sales Methodologies and Key Account Management
Evelyn Turner 593,1954-04-16,Paris,,France,Ride-Hailing Innovator,Global Supply Chain Optimization & Export Logistics,On-Demand Dispatch Algorithms and Urban Cab Service Scaling
Richard Jensen 594,1950-03-26,Panama City,,Panama,Transportation Economist,Urban Mobility & Ride-Hailing Network Economics,Multimodal Freight Interconnectivity and Port Logistics
James Russell 595,1938-01-06,Zurich,,Switzerland,Commercial Sales Director,Global Supply Chain Optimization & Export Logistics,On-Demand Dispatch Algorithms and Urban Cab Service Scaling
Diana Foster 596,1905-03-24,Dubai,,United Arab Emirates,Export Trade Strategist,Global Supply Chain Optimization & Export Logistics,High-Performance B2B Sales Methodologies and Key Account Management
Zachary Vaughan 597,1940-04-09,Shanghai,,China,Logistics Pioneer,Customer Acquisition & High-Volume Sales Leadership,Multimodal Freight Interconnectivity and Port Logistics
Charles Patel 598,1907-01-25,London,,United Kingdom,Sales Leadership Pioneer,Last-Mile Delivery Innovation & Autonomous Transit,On-Demand Dispatch Algorithms and Urban Cab Service Scaling
Karl Baker 599,1958-07-08,Tokyo,,Japan,Transportation Economist,Last-Mile Delivery Innovation & Autonomous Transit,High-Performance B2B Sales Methodologies and Key Account Management
James Jensen 600,1979-12-08,Paris,,France,Export Trade Strategist,Urban Mobility & Ride-Hailing Network Economics,Multimodal Freight Interconnectivity and Port Logistics
