Full Name,Birth Date (YYYY-MM-DD),Birth City,Birth State/Province (if applicable),Birth Country,Primary Profession,Primary Research Area,Major Contribution
Tennessee Vonnegut 1,1939-12-06,Buenos Aires,,Argentina,Screenwriter & Playwright,Cinematic Screenwriting & Dramatic Three-Act Structure,Defining Magical Realism in World Literature and Latin American Prose
Agatha Garcia Lorca 2,1938-06-20,New York City,New York,United States,Comic Book Writer,Graphic Novel Literature & Deconstruction of Superhero Archetypes,Revolutionizing Graphic Novels and Mature Comic Book Storytelling
Jorge De Beauvoir 3,1974-01-26,Lagos,,Nigeria,Non-Fiction & Essayist,Magical Realism & Post-Colonial Cultural Identity in Fiction,Mastering Cinematic Screenplays and Memorable Hollywood Dialogue
Tom R.R. Martin 4,1974-12-12,Boston,Massachusetts,United States,Poet & Literary Critic,Epic Fantasy Worldbuilding & Mythopoetic Narrative Structure,Shaping Speculative Science Fiction and Laws of Robotics
Samuel Bradbury 5,1909-08-11,Paris,,France,Screenwriter & Playwright,Cinematic Screenwriting & Dramatic Three-Act Structure,Mastering Cinematic Screenplays and Memorable Hollywood Dialogue
Alan Herbert 6,1939-02-15,Prague,,Czech Republic,Comic Book Writer,Magical Realism & Post-Colonial Cultural Identity in Fiction,Shaping Speculative Science Fiction and Laws of Robotics
C.S. Le Guin 7,1987-10-02,Tokyo,,Japan,Science Fiction Author,Epic Fantasy Worldbuilding & Mythopoetic Narrative Structure,Defining Magical Realism in World Literature and Latin American Prose
Arthur Neruda 8,1943-05-19,Boston,Massachusetts,United States,Novelist & Author,Cinematic Screenwriting & Dramatic Three-Act Structure,Pioneering Modern Epic Fantasy and Comprehensive Mythological Universes
Samuel Dahl 9,1972-04-28,Berlin,,Germany,Screenplay Writer,Cinematic Screenwriting & Dramatic Three-Act Structure,Revolutionizing Graphic Novels and Mature Comic Book Storytelling
Tennessee Woolf 10,1914-11-17,Buenos Aires,,Argentina,Novelist & Author,Graphic Novel Literature & Deconstruction of Superhero Archetypes,Advancing Modernist Narrative Techniques and Psychological Realism
Tennessee Gaiman 11,1902-10-23,Mumbai,Maharashtra,India,Screenplay Writer,"Modernist Literature, Stream-of-Consciousness & Poetic Form",Shaping Speculative Science Fiction and Laws of Robotics
Alan Dahl 12,1932-12-09,Buenos Aires,,Argentina,Dramatic Playwright,Graphic Novel Literature & Deconstruction of Superhero Archetypes,Mastering Cinematic Screenplays and Memorable Hollywood Dialogue
Frank Lee 13,1919-01-02,New York City,New York,United States,Graphic Novelist,Science Fiction Speculative Futures & Philosophical Exploration,Revolutionizing Graphic Novels and Mature Comic Book Storytelling
Neil Le Guin 14,1934-06-08,Chicago,Illinois,United States,Screenplay Writer,Graphic Novel Literature & Deconstruction of Superhero Archetypes,Mastering Cinematic Screenplays and Memorable Hollywood Dialogue
Pablo Morrison 15,1980-06-01,Sydney,New South Wales,Australia,Science Fiction Author,Cinematic Screenwriting & Dramatic Three-Act Structure,Advancing Modernist Narrative Techniques and Psychological Realism
Frank Orwell 16,1970-06-18,Chicago,Illinois,United States,Non-Fiction & Essayist,Graphic Novel Literature & Deconstruction of Superhero Archetypes,Defining Magical Realism in World Literature and Latin American Prose
J.R.R. Smith 17,1914-08-02,Paris,,France,Non-Fiction & Essayist,Cinematic Screenwriting & Dramatic Three-Act Structure,Shaping Speculative Science Fiction and Laws of Robotics
George Sedaris 18,1922-04-22,Chicago,Illinois,United States,Non-Fiction & Essayist,Magical Realism & Post-Colonial Cultural Identity in Fiction,Advancing Modernist Narrative Techniques and Psychological Realism
Pablo Moore 19,1940-09-14,Chicago,Illinois,United States,Comic Book Writer,"Modernist Literature, Stream-of-Consciousness & Poetic Form",Shaping Speculative Science Fiction and Laws of Robotics
Pablo Gaiman 20,1961-07-28,San Francisco,California,United States,Comic Book Writer,Science Fiction Speculative Futures & Philosophical Exploration,Pioneering Modern Epic Fantasy and Comprehensive Mythological Universes
Aldous Foster Wallace 21,1955-09-02,Berlin,,Germany,Screenplay Writer,Science Fiction Speculative Futures & Philosophical Exploration,Shaping Speculative Science Fiction and Laws of Robotics
Isaac Herbert 22,1916-02-06,New York City,New York,United States,Screenplay Writer,Graphic Novel Literature & Deconstruction of Superhero Archetypes,Revolutionizing Graphic Novels and Mature Comic Book Storytelling
Ernest Rowling 23,1955-02-03,San Francisco,California,United States,Literary Fiction Author,Cinematic Screenwriting & Dramatic Three-Act Structure,Shaping Speculative Science Fiction and Laws of Robotics
Neil Camus 24,1904-01-22,New York City,New York,United States,Graphic Novelist,Magical Realism & Post-Colonial Cultural Identity in Fiction,Pioneering Modern Epic Fantasy and Comprehensive Mythological Universes
Pablo Asimov 25,1959-06-22,London,,United Kingdom,Screenplay Writer,Science Fiction Speculative Futures & Philosophical Exploration,Mastering Cinematic Screenplays and Memorable Hollywood Dialogue
J.K. King 26,1961-01-15,Boston,Massachusetts,United States,Fantasy & Adventure Writer,Magical Realism & Post-Colonial Cultural Identity in Fiction,Advancing Modernist Narrative Techniques and Psychological Realism
Ray Neruda 27,1972-01-20,New York City,New York,United States,Non-Fiction & Essayist,Graphic Novel Literature & Deconstruction of Superhero Archetypes,Revolutionizing Graphic Novels and Mature Comic Book Storytelling
Haruki Neruda 28,1945-11-19,New York City,New York,United States,Graphic Novelist,Cinematic Screenwriting & Dramatic Three-Act Structure,Pioneering Modern Epic Fantasy and Comprehensive Mythological Universes
Harold Miller 29,1930-11-22,Moscow,,Russia,Poetry Laureate,"Modernist Literature, Stream-of-Consciousness & Poetic Form",Mastering Cinematic Screenplays and Memorable Hollywood Dialogue
Tennessee Asimov 30,1969-08-17,Boston,Massachusetts,United States,Screenplay Writer,"Modernist Literature, Stream-of-Consciousness & Poetic Form",Advancing Modernist Narrative Techniques and Psychological Realism
Aldous Garcia Marquez 31,1938-02-15,Edinburgh,,United Kingdom,Graphic Novelist,"Modernist Literature, Stream-of-Consciousness & Poetic Form",Shaping Speculative Science Fiction and Laws of Robotics
Haruki Vonnegut 32,1970-11-06,Vancouver,British Columbia,Canada,Novelist & Author,Science Fiction Speculative Futures & Philosophical Exploration,Shaping Speculative Science Fiction and Laws of Robotics
Pablo Foster Wallace 33,1927-01-04,Santiago,,Chile,Graphic Novelist,Epic Fantasy Worldbuilding & Mythopoetic Narrative Structure,Defining Magical Realism in World Literature and Latin American Prose
Tennessee Morrison 34,1940-11-20,New York City,New York,United States,Non-Fiction & Essayist,Graphic Novel Literature & Deconstruction of Superhero Archetypes,Revolutionizing Graphic Novels and Mature Comic Book Storytelling
Kurt Beckett 35,1955-02-02,Chicago,Illinois,United States,Comic Book Writer,Cinematic Screenwriting & Dramatic Three-Act Structure,Shaping Speculative Science Fiction and Laws of Robotics
Stephen Sedaris 36,1973-11-04,New York City,New York,United States,Literary Fiction Author,Magical Realism & Post-Colonial Cultural Identity in Fiction,Mastering Cinematic Screenplays and Memorable Hollywood Dialogue
Jorge Smith 37,1936-12-16,Paris,,France,Poet & Literary Critic,Graphic Novel Literature & Deconstruction of Superhero Archetypes,Revolutionizing Graphic Novels and Mature Comic Book Storytelling
Stephen Neruda 38,1980-01-27,Boston,Massachusetts,United States,Science Fiction Author,Epic Fantasy Worldbuilding & Mythopoetic Narrative Structure,Defining Magical Realism in World Literature and Latin American Prose
J.K. Herbert 39,1900-10-16,San Francisco,California,United States,Poetry Laureate,Science Fiction Speculative Futures & Philosophical Exploration,Shaping Speculative Science Fiction and Laws of Robotics
Simone Herbert 40,1948-10-17,Boston,Massachusetts,United States,Graphic Novelist,"Modernist Literature, Stream-of-Consciousness & Poetic Form",Advancing Modernist Narrative Techniques and Psychological Realism
Kurt Garcia Marquez 41,1917-05-03,Toronto,Ontario,Canada,Non-Fiction & Essayist,Epic Fantasy Worldbuilding & Mythopoetic Narrative Structure,Shaping Speculative Science Fiction and Laws of Robotics
J.K. Williams 42,1970-05-20,London,,United Kingdom,Comic Book Writer,Science Fiction Speculative Futures & Philosophical Exploration,Mastering Cinematic Screenplays and Memorable Hollywood Dialogue
Arthur Woolf 43,1973-04-17,Chicago,Illinois,United States,Novelist & Author,Cinematic Screenwriting & Dramatic Three-Act Structure,Pioneering Modern Epic Fantasy and Comprehensive Mythological Universes
Chimamanda Murakami 44,1900-06-07,Dublin,,Ireland,Screenwriter & Playwright,Science Fiction Speculative Futures & Philosophical Exploration,Revolutionizing Graphic Novels and Mature Comic Book Storytelling
Samuel O'Neill 45,1931-03-08,Dublin,,Ireland,Dramatic Playwright,Epic Fantasy Worldbuilding & Mythopoetic Narrative Structure,Pioneering Modern Epic Fantasy and Comprehensive Mythological Universes
J.R.R. Hemingway 46,1926-08-12,Paris,,France,Poetry Laureate,Graphic Novel Literature & Deconstruction of Superhero Archetypes,Shaping Speculative Science Fiction and Laws of Robotics
Aldous Foster Wallace 47,1938-11-06,Buenos Aires,,Argentina,Screenplay Writer,Science Fiction Speculative Futures & Philosophical Exploration,Pioneering Modern Epic Fantasy and Comprehensive Mythological Universes
Harold Herbert 48,1926-03-01,Chicago,Illinois,United States,Comic Book Writer,Magical Realism & Post-Colonial Cultural Identity in Fiction,Shaping Speculative Science Fiction and Laws of Robotics
Ursula Adichie 49,1936-06-04,Chicago,Illinois,United States,Comic Book Writer,Magical Realism & Post-Colonial Cultural Identity in Fiction,Mastering Cinematic Screenplays and Memorable Hollywood Dialogue
Aldous Sedaris 50,1966-02-21,Tokyo,,Japan,Literary Fiction Author,Magical Realism & Post-Colonial Cultural Identity in Fiction,Defining Magical Realism in World Literature and Latin American Prose
Agatha Clarke 51,1967-01-15,Vancouver,British Columbia,Canada,Screenwriter & Playwright,Science Fiction Speculative Futures & Philosophical Exploration,Mastering Cinematic Screenplays and Memorable Hollywood Dialogue
Jorge Orwell 52,1905-04-07,Chicago,Illinois,United States,Science Fiction Author,Epic Fantasy Worldbuilding & Mythopoetic Narrative Structure,Defining Magical Realism in World Literature and Latin American Prose
Alan Rowling 53,1926-06-01,London,,United Kingdom,Science Fiction Author,Magical Realism & Post-Colonial Cultural Identity in Fiction,Mastering Cinematic Screenplays and Memorable Hollywood Dialogue
George King 54,1947-11-11,Boston,Massachusetts,United States,Non-Fiction & Essayist,Science Fiction Speculative Futures & Philosophical Exploration,Defining Magical Realism in World Literature and Latin American Prose
Frank Garcia Lorca 55,1917-06-07,Vienna,,Austria,Fantasy & Adventure Writer,Epic Fantasy Worldbuilding & Mythopoetic Narrative Structure,Advancing Modernist Narrative Techniques and Psychological Realism
Stan Christie 56,1904-04-03,Buenos Aires,,Argentina,Science Fiction Author,Magical Realism & Post-Colonial Cultural Identity in Fiction,Revolutionizing Graphic Novels and Mature Comic Book Storytelling
J.K. Orwell 57,1966-04-13,Paris,,France,Dramatic Playwright,Epic Fantasy Worldbuilding & Mythopoetic Narrative Structure,Pioneering Modern Epic Fantasy and Comprehensive Mythological Universes
Kurt Williams 58,1920-08-02,Moscow,,Russia,Fantasy & Adventure Writer,Cinematic Screenwriting & Dramatic Three-Act Structure,Shaping Speculative Science Fiction and Laws of Robotics
Chimamanda Garcia Marquez 59,1930-01-25,Santiago,,Chile,Science Fiction Author,Epic Fantasy Worldbuilding & Mythopoetic Narrative Structure,Mastering Cinematic Screenplays and Memorable Hollywood Dialogue
Roald Rowling 60,1940-09-20,San Francisco,California,United States,Literary Fiction Author,Epic Fantasy Worldbuilding & Mythopoetic Narrative Structure,Defining Magical Realism in World Literature and Latin American Prose
Chimamanda O'Neill 61,1918-05-10,Vancouver,British Columbia,Canada,Dramatic Playwright,Graphic Novel Literature & Deconstruction of Superhero Archetypes,Revolutionizing Graphic Novels and Mature Comic Book Storytelling
J.K. Neruda 62,1958-06-20,Tokyo,,Japan,Science Fiction Author,Magical Realism & Post-Colonial Cultural Identity in Fiction,Mastering Cinematic Screenplays and Memorable Hollywood Dialogue
Franz Kafka 63,1955-06-23,Sydney,New South Wales,Australia,Science Fiction Author,Cinematic Screenwriting & Dramatic Three-Act Structure,Shaping Speculative Science Fiction and Laws of Robotics
Albert Dahl 64,1960-10-03,Paris,,France,Screenwriter & Playwright,Cinematic Screenwriting & Dramatic Three-Act Structure,Mastering Cinematic Screenplays and Memorable Hollywood Dialogue
J.R.R. Miller 65,1900-05-12,Chicago,Illinois,United States,Screenwriter & Playwright,Magical Realism & Post-Colonial Cultural Identity in Fiction,Defining Magical Realism in World Literature and Latin American Prose
Zadie Camus 66,1929-05-06,San Francisco,California,United States,Poetry Laureate,Science Fiction Speculative Futures & Philosophical Exploration,Mastering Cinematic Screenplays and Memorable Hollywood Dialogue
Simone R.R. Martin 67,1960-10-21,San Francisco,California,United States,Poet & Literary Critic,Cinematic Screenwriting & Dramatic Three-Act Structure,Shaping Speculative Science Fiction and Laws of Robotics
Haruki Borges 68,1934-02-03,Prague,,Czech Republic,Poet & Literary Critic,"Modernist Literature, Stream-of-Consciousness & Poetic Form",Defining Magical Realism in World Literature and Latin American Prose
Agatha Williams 69,1911-01-20,Tokyo,,Japan,Comic Book Writer,Epic Fantasy Worldbuilding & Mythopoetic Narrative Structure,Mastering Cinematic Screenplays and Memorable Hollywood Dialogue
C.S. Vonnegut 70,1950-08-11,Chicago,Illinois,United States,Comic Book Writer,Graphic Novel Literature & Deconstruction of Superhero Archetypes,Mastering Cinematic Screenplays and Memorable Hollywood Dialogue
Tennessee O'Neill 71,1982-07-02,New York City,New York,United States,Poetry Laureate,Magical Realism & Post-Colonial Cultural Identity in Fiction,Shaping Speculative Science Fiction and Laws of Robotics
Maya Lee 72,1944-10-01,Lagos,,Nigeria,Novelist & Author,Science Fiction Speculative Futures & Philosophical Exploration,Pioneering Modern Epic Fantasy and Comprehensive Mythological Universes
Toni De Beauvoir 73,1989-05-16,New York City,New York,United States,Screenwriter & Playwright,Science Fiction Speculative Futures & Philosophical Exploration,Shaping Speculative Science Fiction and Laws of Robotics
Tennessee Asimov 74,1937-08-27,San Francisco,California,United States,Novelist & Author,Cinematic Screenwriting & Dramatic Three-Act Structure,Defining Magical Realism in World Literature and Latin American Prose
Ursula Hemingway 75,1928-07-20,Boston,Massachusetts,United States,Comic Book Writer,Epic Fantasy Worldbuilding & Mythopoetic Narrative Structure,Advancing Modernist Narrative Techniques and Psychological Realism
Arthur Adichie 76,1957-07-15,Toronto,Ontario,Canada,Comic Book Writer,Science Fiction Speculative Futures & Philosophical Exploration,Pioneering Modern Epic Fantasy and Comprehensive Mythological Universes
J.R.R. Orwell 77,1963-07-15,Prague,,Czech Republic,Screenwriter & Playwright,Cinematic Screenwriting & Dramatic Three-Act Structure,Mastering Cinematic Screenplays and Memorable Hollywood Dialogue
Isaac Morrison 78,1949-12-19,London,,United Kingdom,Comic Book Writer,"Modernist Literature, Stream-of-Consciousness & Poetic Form",Advancing Modernist Narrative Techniques and Psychological Realism
Isaac Asimov 79,1983-08-28,Dublin,,Ireland,Screenwriter & Playwright,Cinematic Screenwriting & Dramatic Three-Act Structure,Shaping Speculative Science Fiction and Laws of Robotics
Tennessee Moore 80,1952-11-20,Vancouver,British Columbia,Canada,Non-Fiction & Essayist,Epic Fantasy Worldbuilding & Mythopoetic Narrative Structure,Defining Magical Realism in World Literature and Latin American Prose
Isaac Christie 81,1959-04-23,San Francisco,California,United States,Dramatic Playwright,Science Fiction Speculative Futures & Philosophical Exploration,Pioneering Modern Epic Fantasy and Comprehensive Mythological Universes
Tennessee Murakami 82,1942-11-11,London,,United Kingdom,Screenplay Writer,Magical Realism & Post-Colonial Cultural Identity in Fiction,Defining Magical Realism in World Literature and Latin American Prose
Arthur Asimov 83,1933-01-14,Prague,,Czech Republic,Non-Fiction & Essayist,Graphic Novel Literature & Deconstruction of Superhero Archetypes,Revolutionizing Graphic Novels and Mature Comic Book Storytelling
Tom Foster Wallace 84,1970-03-21,Berlin,,Germany,Fantasy & Adventure Writer,Graphic Novel Literature & Deconstruction of Superhero Archetypes,Advancing Modernist Narrative Techniques and Psychological Realism
Samuel Sedaris 85,1939-04-20,London,,United Kingdom,Screenwriter & Playwright,"Modernist Literature, Stream-of-Consciousness & Poetic Form",Defining Magical Realism in World Literature and Latin American Prose
George Orwell 86,1919-12-05,Vancouver,British Columbia,Canada,Poetry Laureate,Graphic Novel Literature & Deconstruction of Superhero Archetypes,Advancing Modernist Narrative Techniques and Psychological Realism
Alan Camus 87,1917-10-13,Dublin,,Ireland,Graphic Novelist,"Modernist Literature, Stream-of-Consciousness & Poetic Form",Shaping Speculative Science Fiction and Laws of Robotics
Maya Pinter 88,1948-05-14,Lagos,,Nigeria,Science Fiction Author,Cinematic Screenwriting & Dramatic Three-Act Structure,Advancing Modernist Narrative Techniques and Psychological Realism
Haruki Herbert 89,1916-02-13,Edinburgh,,United Kingdom,Graphic Novelist,Magical Realism & Post-Colonial Cultural Identity in Fiction,Defining Magical Realism in World Literature and Latin American Prose
Harold Foster Wallace 90,1932-03-18,Dublin,,Ireland,Non-Fiction & Essayist,Magical Realism & Post-Colonial Cultural Identity in Fiction,Pioneering Modern Epic Fantasy and Comprehensive Mythological Universes
Isaac Rowling 91,1964-05-24,New York City,New York,United States,Graphic Novelist,"Modernist Literature, Stream-of-Consciousness & Poetic Form",Mastering Cinematic Screenplays and Memorable Hollywood Dialogue
Agatha Clarke 92,1988-05-10,Moscow,,Russia,Literary Fiction Author,"Modernist Literature, Stream-of-Consciousness & Poetic Form",Pioneering Modern Epic Fantasy and Comprehensive Mythological Universes
Neil Dahl 93,1977-05-11,Tokyo,,Japan,Novelist & Author,Graphic Novel Literature & Deconstruction of Superhero Archetypes,Pioneering Modern Epic Fantasy and Comprehensive Mythological Universes
Frank De Beauvoir 94,1932-11-13,Prague,,Czech Republic,Non-Fiction & Essayist,Graphic Novel Literature & Deconstruction of Superhero Archetypes,Mastering Cinematic Screenplays and Memorable Hollywood Dialogue
Tennessee Garcia Marquez 95,1960-01-11,Berlin,,Germany,Comic Book Writer,Graphic Novel Literature & Deconstruction of Superhero Archetypes,Mastering Cinematic Screenplays and Memorable Hollywood Dialogue
Gabriel Dahl 96,1983-05-22,Dublin,,Ireland,Literary Fiction Author,Epic Fantasy Worldbuilding & Mythopoetic Narrative Structure,Advancing Modernist Narrative Techniques and Psychological Realism
Maya Smith 97,1931-06-12,Buenos Aires,,Argentina,Dramatic Playwright,Epic Fantasy Worldbuilding & Mythopoetic Narrative Structure,Advancing Modernist Narrative Techniques and Psychological Realism
Albert Williams 98,1903-06-03,Dublin,,Ireland,Screenwriter & Playwright,Graphic Novel Literature & Deconstruction of Superhero Archetypes,Revolutionizing Graphic Novels and Mature Comic Book Storytelling
David Kafka 99,1948-07-24,Vienna,,Austria,Screenwriter & Playwright,Graphic Novel Literature & Deconstruction of Superhero Archetypes,Pioneering Modern Epic Fantasy and Comprehensive Mythological Universes
Samuel Vonnegut 100,1976-09-24,San Francisco,California,United States,Comic Book Writer,Epic Fantasy Worldbuilding & Mythopoetic Narrative Structure,Pioneering Modern Epic Fantasy and Comprehensive Mythological Universes
Roald Pinter 101,1924-04-16,Vancouver,British Columbia,Canada,Literary Fiction Author,Epic Fantasy Worldbuilding & Mythopoetic Narrative Structure,Shaping Speculative Science Fiction and Laws of Robotics
Arthur Woolf 102,1955-03-04,Sydney,New South Wales,Australia,Dramatic Playwright,"Modernist Literature, Stream-of-Consciousness & Poetic Form",Pioneering Modern Epic Fantasy and Comprehensive Mythological Universes
Neil Orwell 103,1915-12-18,Edinburgh,,United Kingdom,Poet & Literary Critic,Epic Fantasy Worldbuilding & Mythopoetic Narrative Structure,Revolutionizing Graphic Novels and Mature Comic Book Storytelling
Stan Orwell 104,1986-11-19,Paris,,France,Poetry Laureate,Epic Fantasy Worldbuilding & Mythopoetic Narrative Structure,Mastering Cinematic Screenplays and Memorable Hollywood Dialogue
Ray Orwell 105,1902-04-03,Berlin,,Germany,Novelist & Author,Cinematic Screenwriting & Dramatic Three-Act Structure,Shaping Speculative Science Fiction and Laws of Robotics
George Neruda 106,1936-10-20,Prague,,Czech Republic,Screenplay Writer,Graphic Novel Literature & Deconstruction of Superhero Archetypes,Revolutionizing Graphic Novels and Mature Comic Book Storytelling
Tennessee Asimov 107,1905-05-22,Dublin,,Ireland,Non-Fiction & Essayist,Science Fiction Speculative Futures & Philosophical Exploration,Shaping Speculative Science Fiction and Laws of Robotics
Federico Garcia Lorca 108,1931-07-10,New York City,New York,United States,Dramatic Playwright,Epic Fantasy Worldbuilding & Mythopoetic Narrative Structure,Shaping Speculative Science Fiction and Laws of Robotics
Chimamanda Garcia Marquez 109,1988-12-28,Lagos,,Nigeria,Dramatic Playwright,"Modernist Literature, Stream-of-Consciousness & Poetic Form",Advancing Modernist Narrative Techniques and Psychological Realism
J.K. Vonnegut 110,1962-02-10,Moscow,,Russia,Novelist & Author,"Modernist Literature, Stream-of-Consciousness & Poetic Form",Advancing Modernist Narrative Techniques and Psychological Realism
Neil Bradbury 111,1969-05-04,London,,United Kingdom,Dramatic Playwright,Magical Realism & Post-Colonial Cultural Identity in Fiction,Shaping Speculative Science Fiction and Laws of Robotics
Haruki Rowling 112,1936-06-06,Tokyo,,Japan,Science Fiction Author,Science Fiction Speculative Futures & Philosophical Exploration,Shaping Speculative Science Fiction and Laws of Robotics
Simone Murakami 113,1953-06-27,Moscow,,Russia,Poetry Laureate,Epic Fantasy Worldbuilding & Mythopoetic Narrative Structure,Pioneering Modern Epic Fantasy and Comprehensive Mythological Universes
Ray Murakami 114,1968-04-19,Tokyo,,Japan,Dramatic Playwright,"Modernist Literature, Stream-of-Consciousness & Poetic Form",Shaping Speculative Science Fiction and Laws of Robotics
Maya Foster Wallace 115,1967-03-02,Buenos Aires,,Argentina,Literary Fiction Author,"Modernist Literature, Stream-of-Consciousness & Poetic Form",Revolutionizing Graphic Novels and Mature Comic Book Storytelling
C.S. O'Neill 116,1924-09-28,Toronto,Ontario,Canada,Non-Fiction & Essayist,Epic Fantasy Worldbuilding & Mythopoetic Narrative Structure,Advancing Modernist Narrative Techniques and Psychological Realism
Chimamanda Adichie 117,1970-04-14,Paris,,France,Literary Fiction Author,Science Fiction Speculative Futures & Philosophical Exploration,Shaping Speculative Science Fiction and Laws of Robotics
George Tolkien 118,1945-11-19,Prague,,Czech Republic,Science Fiction Author,Cinematic Screenwriting & Dramatic Three-Act Structure,Shaping Speculative Science Fiction and Laws of Robotics
Harold Orwell 119,1911-06-07,London,,United Kingdom,Screenplay Writer,Graphic Novel Literature & Deconstruction of Superhero Archetypes,Pioneering Modern Epic Fantasy and Comprehensive Mythological Universes
Tom Adichie 120,1907-01-01,New York City,New York,United States,Dramatic Playwright,"Modernist Literature, Stream-of-Consciousness & Poetic Form",Shaping Speculative Science Fiction and Laws of Robotics
Harold Tolkien 121,1900-07-16,Santiago,,Chile,Non-Fiction & Essayist,"Modernist Literature, Stream-of-Consciousness & Poetic Form",Advancing Modernist Narrative Techniques and Psychological Realism
Zadie Gaiman 122,1909-10-24,Toronto,Ontario,Canada,Graphic Novelist,Graphic Novel Literature & Deconstruction of Superhero Archetypes,Pioneering Modern Epic Fantasy and Comprehensive Mythological Universes
Alan Vonnegut 123,1939-05-16,Prague,,Czech Republic,Dramatic Playwright,Graphic Novel Literature & Deconstruction of Superhero Archetypes,Mastering Cinematic Screenplays and Memorable Hollywood Dialogue
Neil Borges 124,1978-12-26,Vancouver,British Columbia,Canada,Screenwriter & Playwright,Epic Fantasy Worldbuilding & Mythopoetic Narrative Structure,Advancing Modernist Narrative Techniques and Psychological Realism
Ernest Williams 125,1932-02-18,Sydney,New South Wales,Australia,Fantasy & Adventure Writer,Science Fiction Speculative Futures & Philosophical Exploration,Revolutionizing Graphic Novels and Mature Comic Book Storytelling
Samuel Smith 126,1950-09-05,Sydney,New South Wales,Australia,Poet & Literary Critic,Magical Realism & Post-Colonial Cultural Identity in Fiction,Shaping Speculative Science Fiction and Laws of Robotics
Haruki Lee 127,1920-08-08,Prague,,Czech Republic,Screenplay Writer,Magical Realism & Post-Colonial Cultural Identity in Fiction,Mastering Cinematic Screenplays and Memorable Hollywood Dialogue
J.K. Huxley 128,1900-12-08,Vienna,,Austria,Comic Book Writer,Epic Fantasy Worldbuilding & Mythopoetic Narrative Structure,Advancing Modernist Narrative Techniques and Psychological Realism
Chimamanda King 129,1955-11-11,Lagos,,Nigeria,Science Fiction Author,Graphic Novel Literature & Deconstruction of Superhero Archetypes,Pioneering Modern Epic Fantasy and Comprehensive Mythological Universes
Isaac Sedaris 130,1904-11-13,Berlin,,Germany,Dramatic Playwright,Epic Fantasy Worldbuilding & Mythopoetic Narrative Structure,Revolutionizing Graphic Novels and Mature Comic Book Storytelling
Gabriel Foster Wallace 131,1953-10-22,Tokyo,,Japan,Non-Fiction & Essayist,Science Fiction Speculative Futures & Philosophical Exploration,Pioneering Modern Epic Fantasy and Comprehensive Mythological Universes
C.S. Beckett 132,1938-06-12,Chicago,Illinois,United States,Dramatic Playwright,Cinematic Screenwriting & Dramatic Three-Act Structure,Shaping Speculative Science Fiction and Laws of Robotics
Ursula Miller 133,1913-06-25,San Francisco,California,United States,Screenplay Writer,Cinematic Screenwriting & Dramatic Three-Act Structure,Pioneering Modern Epic Fantasy and Comprehensive Mythological Universes
Alan Vonnegut 134,1917-03-04,Chicago,Illinois,United States,Poetry Laureate,Graphic Novel Literature & Deconstruction of Superhero Archetypes,Revolutionizing Graphic Novels and Mature Comic Book Storytelling
Zadie Angelou 135,1967-09-14,Vienna,,Austria,Science Fiction Author,Epic Fantasy Worldbuilding & Mythopoetic Narrative Structure,Mastering Cinematic Screenplays and Memorable Hollywood Dialogue
Franz Stoppard 136,1961-01-13,Vancouver,British Columbia,Canada,Fantasy & Adventure Writer,Graphic Novel Literature & Deconstruction of Superhero Archetypes,Revolutionizing Graphic Novels and Mature Comic Book Storytelling
George Orwell 137,1966-11-04,London,,United Kingdom,Dramatic Playwright,Cinematic Screenwriting & Dramatic Three-Act Structure,Pioneering Modern Epic Fantasy and Comprehensive Mythological Universes
Chimamanda Garcia Lorca 138,1945-10-01,San Francisco,California,United States,Poetry Laureate,Graphic Novel Literature & Deconstruction of Superhero Archetypes,Pioneering Modern Epic Fantasy and Comprehensive Mythological Universes
Chimamanda King 139,1946-04-11,New York City,New York,United States,Dramatic Playwright,Magical Realism & Post-Colonial Cultural Identity in Fiction,Pioneering Modern Epic Fantasy and Comprehensive Mythological Universes
Chimamanda Lee 140,1926-02-22,Buenos Aires,,Argentina,Science Fiction Author,"Modernist Literature, Stream-of-Consciousness & Poetic Form",Revolutionizing Graphic Novels and Mature Comic Book Storytelling
Pablo Morrison 141,1953-03-23,Moscow,,Russia,Screenplay Writer,Epic Fantasy Worldbuilding & Mythopoetic Narrative Structure,Defining Magical Realism in World Literature and Latin American Prose
Tom Vonnegut 142,1947-09-11,Chicago,Illinois,United States,Screenplay Writer,Magical Realism & Post-Colonial Cultural Identity in Fiction,Mastering Cinematic Screenplays and Memorable Hollywood Dialogue
Ernest Orwell 143,1966-06-26,Vancouver,British Columbia,Canada,Comic Book Writer,"Modernist Literature, Stream-of-Consciousness & Poetic Form",Shaping Speculative Science Fiction and Laws of Robotics
Harold R.R. Martin 144,1984-11-27,Moscow,,Russia,Graphic Novelist,Science Fiction Speculative Futures & Philosophical Exploration,Mastering Cinematic Screenplays and Memorable Hollywood Dialogue
Tennessee Borges 145,1948-05-16,Lagos,,Nigeria,Screenwriter & Playwright,Cinematic Screenwriting & Dramatic Three-Act Structure,Revolutionizing Graphic Novels and Mature Comic Book Storytelling
Zadie Beckett 146,1984-09-07,San Francisco,California,United States,Screenwriter & Playwright,"Modernist Literature, Stream-of-Consciousness & Poetic Form",Shaping Speculative Science Fiction and Laws of Robotics
Chimamanda Beckett 147,1966-01-03,New York City,New York,United States,Dramatic Playwright,Cinematic Screenwriting & Dramatic Three-Act Structure,Defining Magical Realism in World Literature and Latin American Prose
C.S. Moore 148,1938-11-06,Buenos Aires,,Argentina,Comic Book Writer,Magical Realism & Post-Colonial Cultural Identity in Fiction,Shaping Speculative Science Fiction and Laws of Robotics
Arthur Murakami 149,1904-05-03,Vancouver,British Columbia,Canada,Novelist & Author,Epic Fantasy Worldbuilding & Mythopoetic Narrative Structure,Shaping Speculative Science Fiction and Laws of Robotics
Arthur R.R. Martin 150,1928-03-26,Berlin,,Germany,Fantasy & Adventure Writer,Cinematic Screenwriting & Dramatic Three-Act Structure,Revolutionizing Graphic Novels and Mature Comic Book Storytelling
Simone Huxley 151,1924-03-16,Moscow,,Russia,Screenplay Writer,Cinematic Screenwriting & Dramatic Three-Act Structure,Pioneering Modern Epic Fantasy and Comprehensive Mythological Universes
J.R.R. Christie 152,1963-06-23,Moscow,,Russia,Dramatic Playwright,Magical Realism & Post-Colonial Cultural Identity in Fiction,Defining Magical Realism in World Literature and Latin American Prose
Maya Borges 153,1922-01-28,London,,United Kingdom,Poetry Laureate,Cinematic Screenwriting & Dramatic Three-Act Structure,Revolutionizing Graphic Novels and Mature Comic Book Storytelling
Frank Bradbury 154,1918-07-18,San Francisco,California,United States,Comic Book Writer,Epic Fantasy Worldbuilding & Mythopoetic Narrative Structure,Advancing Modernist Narrative Techniques and Psychological Realism
Agatha Garcia Marquez 155,1948-06-04,Buenos Aires,,Argentina,Poet & Literary Critic,Magical Realism & Post-Colonial Cultural Identity in Fiction,Pioneering Modern Epic Fantasy and Comprehensive Mythological Universes
David Asimov 156,1905-02-07,Chicago,Illinois,United States,Graphic Novelist,Graphic Novel Literature & Deconstruction of Superhero Archetypes,Advancing Modernist Narrative Techniques and Psychological Realism
George Dahl 157,1939-04-02,Edinburgh,,United Kingdom,Comic Book Writer,Epic Fantasy Worldbuilding & Mythopoetic Narrative Structure,Revolutionizing Graphic Novels and Mature Comic Book Storytelling
Gabriel Lewis 158,1914-01-16,Mumbai,Maharashtra,India,Screenplay Writer,Magical Realism & Post-Colonial Cultural Identity in Fiction,Pioneering Modern Epic Fantasy and Comprehensive Mythological Universes
Arthur Tolkien 159,1933-04-23,Vienna,,Austria,Screenplay Writer,Epic Fantasy Worldbuilding & Mythopoetic Narrative Structure,Revolutionizing Graphic Novels and Mature Comic Book Storytelling
Albert Sedaris 160,1930-01-18,Santiago,,Chile,Novelist & Author,Epic Fantasy Worldbuilding & Mythopoetic Narrative Structure,Defining Magical Realism in World Literature and Latin American Prose
David Murakami 161,1979-02-28,Mumbai,Maharashtra,India,Comic Book Writer,Science Fiction Speculative Futures & Philosophical Exploration,Mastering Cinematic Screenplays and Memorable Hollywood Dialogue
Maya O'Neill 162,1913-11-12,Toronto,Ontario,Canada,Screenwriter & Playwright,Cinematic Screenwriting & Dramatic Three-Act Structure,Revolutionizing Graphic Novels and Mature Comic Book Storytelling
George Tolkien 163,1958-03-09,Boston,Massachusetts,United States,Non-Fiction & Essayist,"Modernist Literature, Stream-of-Consciousness & Poetic Form",Mastering Cinematic Screenplays and Memorable Hollywood Dialogue
Chimamanda Smith 164,1929-06-24,Edinburgh,,United Kingdom,Science Fiction Author,"Modernist Literature, Stream-of-Consciousness & Poetic Form",Revolutionizing Graphic Novels and Mature Comic Book Storytelling
Zadie Christie 165,1915-01-15,Buenos Aires,,Argentina,Novelist & Author,"Modernist Literature, Stream-of-Consciousness & Poetic Form",Revolutionizing Graphic Novels and Mature Comic Book Storytelling
George Tolkien 166,1901-04-06,Prague,,Czech Republic,Comic Book Writer,Science Fiction Speculative Futures & Philosophical Exploration,Advancing Modernist Narrative Techniques and Psychological Realism
Stephen Herbert 167,1964-12-17,Chicago,Illinois,United States,Non-Fiction & Essayist,Cinematic Screenwriting & Dramatic Three-Act Structure,Shaping Speculative Science Fiction and Laws of Robotics
Pablo Dahl 168,1927-12-10,Vancouver,British Columbia,Canada,Graphic Novelist,Magical Realism & Post-Colonial Cultural Identity in Fiction,Revolutionizing Graphic Novels and Mature Comic Book Storytelling
Franz Le Guin 169,1952-11-09,Tokyo,,Japan,Screenplay Writer,Graphic Novel Literature & Deconstruction of Superhero Archetypes,Advancing Modernist Narrative Techniques and Psychological Realism
Pablo Le Guin 170,1932-03-27,Vancouver,British Columbia,Canada,Poet & Literary Critic,"Modernist Literature, Stream-of-Consciousness & Poetic Form",Revolutionizing Graphic Novels and Mature Comic Book Storytelling
Samuel Beckett 171,1962-06-25,Sydney,New South Wales,Australia,Non-Fiction & Essayist,"Modernist Literature, Stream-of-Consciousness & Poetic Form",Advancing Modernist Narrative Techniques and Psychological Realism
Neil Bradbury 172,1971-07-19,Lagos,,Nigeria,Fantasy & Adventure Writer,Cinematic Screenwriting & Dramatic Three-Act Structure,Defining Magical Realism in World Literature and Latin American Prose
Harold Tolkien 173,1945-10-12,San Francisco,California,United States,Novelist & Author,Graphic Novel Literature & Deconstruction of Superhero Archetypes,Defining Magical Realism in World Literature and Latin American Prose
Eugene Beckett 174,1900-03-20,San Francisco,California,United States,Dramatic Playwright,Graphic Novel Literature & Deconstruction of Superhero Archetypes,Shaping Speculative Science Fiction and Laws of Robotics
Maya Dahl 175,1923-04-04,Toronto,Ontario,Canada,Fantasy & Adventure Writer,Epic Fantasy Worldbuilding & Mythopoetic Narrative Structure,Shaping Speculative Science Fiction and Laws of Robotics
J.R.R. Asimov 176,1912-05-04,San Francisco,California,United States,Poetry Laureate,Science Fiction Speculative Futures & Philosophical Exploration,Pioneering Modern Epic Fantasy and Comprehensive Mythological Universes
J.R.R. Stoppard 177,1929-01-03,Lagos,,Nigeria,Fantasy & Adventure Writer,Science Fiction Speculative Futures & Philosophical Exploration,Mastering Cinematic Screenplays and Memorable Hollywood Dialogue
Kurt Stoppard 178,1987-01-22,Vancouver,British Columbia,Canada,Science Fiction Author,Magical Realism & Post-Colonial Cultural Identity in Fiction,Shaping Speculative Science Fiction and Laws of Robotics
Kurt R.R. Martin 179,1966-11-21,London,,United Kingdom,Comic Book Writer,Graphic Novel Literature & Deconstruction of Superhero Archetypes,Advancing Modernist Narrative Techniques and Psychological Realism
Frank Le Guin 180,1929-03-09,Mumbai,Maharashtra,India,Dramatic Playwright,Science Fiction Speculative Futures & Philosophical Exploration,Shaping Speculative Science Fiction and Laws of Robotics
David Clarke 181,1956-03-26,Berlin,,Germany,Dramatic Playwright,Cinematic Screenwriting & Dramatic Three-Act Structure,Shaping Speculative Science Fiction and Laws of Robotics
Frank Lee 182,1922-03-08,Sydney,New South Wales,Australia,Poetry Laureate,Science Fiction Speculative Futures & Philosophical Exploration,Revolutionizing Graphic Novels and Mature Comic Book Storytelling
J.K. Lewis 183,1923-04-01,Vancouver,British Columbia,Canada,Dramatic Playwright,Graphic Novel Literature & Deconstruction of Superhero Archetypes,Advancing Modernist Narrative Techniques and Psychological Realism
Pablo Williams 184,1949-02-24,Vienna,,Austria,Dramatic Playwright,Science Fiction Speculative Futures & Philosophical Exploration,Revolutionizing Graphic Novels and Mature Comic Book Storytelling
Arthur Pinter 185,1941-01-16,Sydney,New South Wales,Australia,Comic Book Writer,Science Fiction Speculative Futures & Philosophical Exploration,Advancing Modernist Narrative Techniques and Psychological Realism
Arthur Garcia Lorca 186,1956-12-14,Santiago,,Chile,Graphic Novelist,Epic Fantasy Worldbuilding & Mythopoetic Narrative Structure,Shaping Speculative Science Fiction and Laws of Robotics
C.S. King 187,1909-08-13,Berlin,,Germany,Dramatic Playwright,Cinematic Screenwriting & Dramatic Three-Act Structure,Mastering Cinematic Screenplays and Memorable Hollywood Dialogue
Maya Kafka 188,1917-06-16,Edinburgh,,United Kingdom,Graphic Novelist,Magical Realism & Post-Colonial Cultural Identity in Fiction,Pioneering Modern Epic Fantasy and Comprehensive Mythological Universes
Agatha Le Guin 189,1922-02-04,Dublin,,Ireland,Poetry Laureate,Epic Fantasy Worldbuilding & Mythopoetic Narrative Structure,Advancing Modernist Narrative Techniques and Psychological Realism
George Gaiman 190,1976-08-01,Paris,,France,Dramatic Playwright,Magical Realism & Post-Colonial Cultural Identity in Fiction,Shaping Speculative Science Fiction and Laws of Robotics
Albert Foster Wallace 191,1954-11-26,Vienna,,Austria,Screenwriter & Playwright,Magical Realism & Post-Colonial Cultural Identity in Fiction,Mastering Cinematic Screenplays and Memorable Hollywood Dialogue
Kurt Moore 192,1926-12-05,Buenos Aires,,Argentina,Science Fiction Author,Graphic Novel Literature & Deconstruction of Superhero Archetypes,Defining Magical Realism in World Literature and Latin American Prose
Albert Angelou 193,1921-05-18,Boston,Massachusetts,United States,Poetry Laureate,"Modernist Literature, Stream-of-Consciousness & Poetic Form",Advancing Modernist Narrative Techniques and Psychological Realism
J.K. Stoppard 194,1925-07-22,Tokyo,,Japan,Screenwriter & Playwright,"Modernist Literature, Stream-of-Consciousness & Poetic Form",Advancing Modernist Narrative Techniques and Psychological Realism
J.R.R. Camus 195,1971-10-21,Berlin,,Germany,Non-Fiction & Essayist,Cinematic Screenwriting & Dramatic Three-Act Structure,Revolutionizing Graphic Novels and Mature Comic Book Storytelling
Federico Hemingway 196,1983-10-03,Prague,,Czech Republic,Comic Book Writer,Cinematic Screenwriting & Dramatic Three-Act Structure,Pioneering Modern Epic Fantasy and Comprehensive Mythological Universes
Tennessee Borges 197,1904-08-09,Chicago,Illinois,United States,Poetry Laureate,Graphic Novel Literature & Deconstruction of Superhero Archetypes,Shaping Speculative Science Fiction and Laws of Robotics
Agatha Vonnegut 198,1918-05-14,San Francisco,California,United States,Literary Fiction Author,"Modernist Literature, Stream-of-Consciousness & Poetic Form",Revolutionizing Graphic Novels and Mature Comic Book Storytelling
Frank Asimov 199,1959-04-19,Berlin,,Germany,Graphic Novelist,Magical Realism & Post-Colonial Cultural Identity in Fiction,Shaping Speculative Science Fiction and Laws of Robotics
Maya De Beauvoir 200,1917-08-26,Berlin,,Germany,Comic Book Writer,"Modernist Literature, Stream-of-Consciousness & Poetic Form",Defining Magical Realism in World Literature and Latin American Prose
Harold Asimov 201,1959-07-10,Buenos Aires,,Argentina,Poet & Literary Critic,Graphic Novel Literature & Deconstruction of Superhero Archetypes,Mastering Cinematic Screenplays and Memorable Hollywood Dialogue
Toni Borges 202,1908-10-25,Dublin,,Ireland,Screenwriter & Playwright,Science Fiction Speculative Futures & Philosophical Exploration,Pioneering Modern Epic Fantasy and Comprehensive Mythological Universes
David Garcia Marquez 203,1917-03-02,Sydney,New South Wales,Australia,Literary Fiction Author,"Modernist Literature, Stream-of-Consciousness & Poetic Form",Advancing Modernist Narrative Techniques and Psychological Realism
Eugene Clarke 204,1943-01-23,Berlin,,Germany,Dramatic Playwright,Cinematic Screenwriting & Dramatic Three-Act Structure,Revolutionizing Graphic Novels and Mature Comic Book Storytelling
Jorge Sedaris 205,1977-08-23,Chicago,Illinois,United States,Graphic Novelist,"Modernist Literature, Stream-of-Consciousness & Poetic Form",Shaping Speculative Science Fiction and Laws of Robotics
Ray Pinter 206,1919-01-02,Moscow,,Russia,Fantasy & Adventure Writer,Science Fiction Speculative Futures & Philosophical Exploration,Defining Magical Realism in World Literature and Latin American Prose
Ernest Garcia Lorca 207,1921-11-10,Moscow,,Russia,Non-Fiction & Essayist,Graphic Novel Literature & Deconstruction of Superhero Archetypes,Advancing Modernist Narrative Techniques and Psychological Realism
Aldous Le Guin 208,1933-05-02,Toronto,Ontario,Canada,Literary Fiction Author,"Modernist Literature, Stream-of-Consciousness & Poetic Form",Mastering Cinematic Screenplays and Memorable Hollywood Dialogue
Aldous Williams 209,1946-08-18,Tokyo,,Japan,Screenwriter & Playwright,Epic Fantasy Worldbuilding & Mythopoetic Narrative Structure,Defining Magical Realism in World Literature and Latin American Prose
Samuel Vonnegut 210,1935-03-24,London,,United Kingdom,Comic Book Writer,Science Fiction Speculative Futures & Philosophical Exploration,Shaping Speculative Science Fiction and Laws of Robotics
Neil Rowling 211,1981-01-08,San Francisco,California,United States,Fantasy & Adventure Writer,Cinematic Screenwriting & Dramatic Three-Act Structure,Revolutionizing Graphic Novels and Mature Comic Book Storytelling
Jorge Dahl 212,1908-10-14,Sydney,New South Wales,Australia,Non-Fiction & Essayist,Science Fiction Speculative Futures & Philosophical Exploration,Advancing Modernist Narrative Techniques and Psychological Realism
Toni Woolf 213,1955-07-09,Chicago,Illinois,United States,Poetry Laureate,Magical Realism & Post-Colonial Cultural Identity in Fiction,Shaping Speculative Science Fiction and Laws of Robotics
Virginia Camus 214,1959-02-06,San Francisco,California,United States,Poetry Laureate,Graphic Novel Literature & Deconstruction of Superhero Archetypes,Revolutionizing Graphic Novels and Mature Comic Book Storytelling
Pablo Neruda 215,1920-01-24,Chicago,Illinois,United States,Comic Book Writer,Graphic Novel Literature & Deconstruction of Superhero Archetypes,Advancing Modernist Narrative Techniques and Psychological Realism
Eugene Vonnegut 216,1971-08-07,San Francisco,California,United States,Screenwriter & Playwright,"Modernist Literature, Stream-of-Consciousness & Poetic Form",Pioneering Modern Epic Fantasy and Comprehensive Mythological Universes
C.S. Bradbury 217,1932-06-20,Edinburgh,,United Kingdom,Poetry Laureate,Cinematic Screenwriting & Dramatic Three-Act Structure,Defining Magical Realism in World Literature and Latin American Prose
Albert Angelou 218,1959-08-18,Chicago,Illinois,United States,Literary Fiction Author,Epic Fantasy Worldbuilding & Mythopoetic Narrative Structure,Advancing Modernist Narrative Techniques and Psychological Realism
Maya Williams 219,1921-09-20,London,,United Kingdom,Novelist & Author,"Modernist Literature, Stream-of-Consciousness & Poetic Form",Advancing Modernist Narrative Techniques and Psychological Realism
Kurt Herbert 220,1952-04-06,Vienna,,Austria,Screenplay Writer,Epic Fantasy Worldbuilding & Mythopoetic Narrative Structure,Defining Magical Realism in World Literature and Latin American Prose
Stephen Garcia Lorca 221,1965-06-11,Toronto,Ontario,Canada,Dramatic Playwright,Cinematic Screenwriting & Dramatic Three-Act Structure,Mastering Cinematic Screenplays and Memorable Hollywood Dialogue
Chimamanda R.R. Martin 222,1932-12-04,Santiago,,Chile,Science Fiction Author,Science Fiction Speculative Futures & Philosophical Exploration,Pioneering Modern Epic Fantasy and Comprehensive Mythological Universes
Zadie Christie 223,1924-08-18,Boston,Massachusetts,United States,Screenwriter & Playwright,Graphic Novel Literature & Deconstruction of Superhero Archetypes,Mastering Cinematic Screenplays and Memorable Hollywood Dialogue
Kurt Williams 224,1946-12-08,Vancouver,British Columbia,Canada,Screenwriter & Playwright,Cinematic Screenwriting & Dramatic Three-Act Structure,Pioneering Modern Epic Fantasy and Comprehensive Mythological Universes
J.R.R. Stoppard 225,1949-03-19,Sydney,New South Wales,Australia,Science Fiction Author,Epic Fantasy Worldbuilding & Mythopoetic Narrative Structure,Defining Magical Realism in World Literature and Latin American Prose
George Pinter 226,1911-06-10,New York City,New York,United States,Non-Fiction & Essayist,Science Fiction Speculative Futures & Philosophical Exploration,Defining Magical Realism in World Literature and Latin American Prose
Stan Foster Wallace 227,1979-04-07,Sydney,New South Wales,Australia,Non-Fiction & Essayist,Epic Fantasy Worldbuilding & Mythopoetic Narrative Structure,Shaping Speculative Science Fiction and Laws of Robotics
Eugene Tolkien 228,1970-06-05,Chicago,Illinois,United States,Dramatic Playwright,Graphic Novel Literature & Deconstruction of Superhero Archetypes,Advancing Modernist Narrative Techniques and Psychological Realism
Tennessee Lewis 229,1936-07-11,Toronto,Ontario,Canada,Graphic Novelist,Graphic Novel Literature & Deconstruction of Superhero Archetypes,Mastering Cinematic Screenplays and Memorable Hollywood Dialogue
J.K. Angelou 230,1917-12-24,Chicago,Illinois,United States,Graphic Novelist,Graphic Novel Literature & Deconstruction of Superhero Archetypes,Advancing Modernist Narrative Techniques and Psychological Realism
Stan Adichie 231,1986-07-23,Moscow,,Russia,Novelist & Author,Magical Realism & Post-Colonial Cultural Identity in Fiction,Pioneering Modern Epic Fantasy and Comprehensive Mythological Universes
Gabriel Huxley 232,1979-10-27,Vancouver,British Columbia,Canada,Non-Fiction & Essayist,Cinematic Screenwriting & Dramatic Three-Act Structure,Shaping Speculative Science Fiction and Laws of Robotics
George Dahl 233,1925-09-11,Berlin,,Germany,Graphic Novelist,Magical Realism & Post-Colonial Cultural Identity in Fiction,Shaping Speculative Science Fiction and Laws of Robotics
Toni Miller 234,1964-12-27,Buenos Aires,,Argentina,Dramatic Playwright,Graphic Novel Literature & Deconstruction of Superhero Archetypes,Mastering Cinematic Screenplays and Memorable Hollywood Dialogue
Aldous Murakami 235,1936-04-06,San Francisco,California,United States,Poetry Laureate,"Modernist Literature, Stream-of-Consciousness & Poetic Form",Mastering Cinematic Screenplays and Memorable Hollywood Dialogue
Tom Stoppard 236,1959-12-09,Santiago,,Chile,Science Fiction Author,Epic Fantasy Worldbuilding & Mythopoetic Narrative Structure,Mastering Cinematic Screenplays and Memorable Hollywood Dialogue
J.K. Borges 237,1946-11-12,Mumbai,Maharashtra,India,Fantasy & Adventure Writer,Science Fiction Speculative Futures & Philosophical Exploration,Pioneering Modern Epic Fantasy and Comprehensive Mythological Universes
Pablo Borges 238,1937-09-08,Vienna,,Austria,Dramatic Playwright,Cinematic Screenwriting & Dramatic Three-Act Structure,Shaping Speculative Science Fiction and Laws of Robotics
Gabriel Tolkien 239,1976-05-04,San Francisco,California,United States,Screenwriter & Playwright,"Modernist Literature, Stream-of-Consciousness & Poetic Form",Shaping Speculative Science Fiction and Laws of Robotics
Zadie Angelou 240,1954-01-11,Lagos,,Nigeria,Science Fiction Author,Cinematic Screenwriting & Dramatic Three-Act Structure,Revolutionizing Graphic Novels and Mature Comic Book Storytelling
Harold Le Guin 241,1922-08-22,Prague,,Czech Republic,Fantasy & Adventure Writer,"Modernist Literature, Stream-of-Consciousness & Poetic Form",Mastering Cinematic Screenplays and Memorable Hollywood Dialogue
Toni Sedaris 242,1913-03-17,Buenos Aires,,Argentina,Screenwriter & Playwright,Science Fiction Speculative Futures & Philosophical Exploration,Advancing Modernist Narrative Techniques and Psychological Realism
Stan Hemingway 243,1973-12-02,Moscow,,Russia,Screenwriter & Playwright,"Modernist Literature, Stream-of-Consciousness & Poetic Form",Pioneering Modern Epic Fantasy and Comprehensive Mythological Universes
C.S. Stoppard 244,1904-04-01,Boston,Massachusetts,United States,Poet & Literary Critic,"Modernist Literature, Stream-of-Consciousness & Poetic Form",Advancing Modernist Narrative Techniques and Psychological Realism
Frank Garcia Marquez 245,1962-11-16,New York City,New York,United States,Graphic Novelist,Epic Fantasy Worldbuilding & Mythopoetic Narrative Structure,Defining Magical Realism in World Literature and Latin American Prose
Jorge Lewis 246,1977-04-17,Sydney,New South Wales,Australia,Comic Book Writer,Science Fiction Speculative Futures & Philosophical Exploration,Shaping Speculative Science Fiction and Laws of Robotics
C.S. Lee 247,1964-06-18,Lagos,,Nigeria,Non-Fiction & Essayist,Magical Realism & Post-Colonial Cultural Identity in Fiction,Shaping Speculative Science Fiction and Laws of Robotics
Haruki Lee 248,1977-01-04,San Francisco,California,United States,Poet & Literary Critic,Magical Realism & Post-Colonial Cultural Identity in Fiction,Mastering Cinematic Screenplays and Memorable Hollywood Dialogue
Ernest Beckett 249,1905-10-08,San Francisco,California,United States,Poetry Laureate,Cinematic Screenwriting & Dramatic Three-Act Structure,Advancing Modernist Narrative Techniques and Psychological Realism
Neil Garcia Lorca 250,1956-01-19,Sydney,New South Wales,Australia,Graphic Novelist,Epic Fantasy Worldbuilding & Mythopoetic Narrative Structure,Mastering Cinematic Screenplays and Memorable Hollywood Dialogue
Tennessee O'Neill 251,1979-04-03,Berlin,,Germany,Graphic Novelist,Epic Fantasy Worldbuilding & Mythopoetic Narrative Structure,Shaping Speculative Science Fiction and Laws of Robotics
Eugene Kafka 252,1983-02-12,Dublin,,Ireland,Poet & Literary Critic,Magical Realism & Post-Colonial Cultural Identity in Fiction,Revolutionizing Graphic Novels and Mature Comic Book Storytelling
Chimamanda Gaiman 253,1932-07-11,Lagos,,Nigeria,Dramatic Playwright,Graphic Novel Literature & Deconstruction of Superhero Archetypes,Shaping Speculative Science Fiction and Laws of Robotics
Federico Christie 254,1957-03-17,Paris,,France,Comic Book Writer,Cinematic Screenwriting & Dramatic Three-Act Structure,Advancing Modernist Narrative Techniques and Psychological Realism
Ray Stoppard 255,1919-09-02,Prague,,Czech Republic,Novelist & Author,Epic Fantasy Worldbuilding & Mythopoetic Narrative Structure,Advancing Modernist Narrative Techniques and Psychological Realism
Stephen Neruda 256,1949-08-23,Dublin,,Ireland,Dramatic Playwright,Cinematic Screenwriting & Dramatic Three-Act Structure,Advancing Modernist Narrative Techniques and Psychological Realism
Haruki Morrison 257,1980-12-13,Prague,,Czech Republic,Poet & Literary Critic,Epic Fantasy Worldbuilding & Mythopoetic Narrative Structure,Mastering Cinematic Screenplays and Memorable Hollywood Dialogue
Pablo Beckett 258,1951-09-01,Sydney,New South Wales,Australia,Literary Fiction Author,Science Fiction Speculative Futures & Philosophical Exploration,Defining Magical Realism in World Literature and Latin American Prose
Tom Murakami 259,1937-04-17,Dublin,,Ireland,Novelist & Author,Epic Fantasy Worldbuilding & Mythopoetic Narrative Structure,Advancing Modernist Narrative Techniques and Psychological Realism
Albert Hemingway 260,1972-11-14,Buenos Aires,,Argentina,Screenwriter & Playwright,Science Fiction Speculative Futures & Philosophical Exploration,Defining Magical Realism in World Literature and Latin American Prose
Arthur Murakami 261,1965-01-15,Berlin,,Germany,Fantasy & Adventure Writer,Science Fiction Speculative Futures & Philosophical Exploration,Mastering Cinematic Screenplays and Memorable Hollywood Dialogue
Haruki Woolf 262,1982-10-20,Vancouver,British Columbia,Canada,Novelist & Author,Epic Fantasy Worldbuilding & Mythopoetic Narrative Structure,Revolutionizing Graphic Novels and Mature Comic Book Storytelling
Kurt Tolkien 263,1974-02-07,Buenos Aires,,Argentina,Poet & Literary Critic,Epic Fantasy Worldbuilding & Mythopoetic Narrative Structure,Shaping Speculative Science Fiction and Laws of Robotics
C.S. Sedaris 264,1936-06-28,Prague,,Czech Republic,Non-Fiction & Essayist,Cinematic Screenwriting & Dramatic Three-Act Structure,Advancing Modernist Narrative Techniques and Psychological Realism
Franz Lee 265,1975-03-04,London,,United Kingdom,Science Fiction Author,Epic Fantasy Worldbuilding & Mythopoetic Narrative Structure,Revolutionizing Graphic Novels and Mature Comic Book Storytelling
Neil Vonnegut 266,1917-08-04,Lagos,,Nigeria,Literary Fiction Author,Graphic Novel Literature & Deconstruction of Superhero Archetypes,Pioneering Modern Epic Fantasy and Comprehensive Mythological Universes
George De Beauvoir 267,1969-11-08,Buenos Aires,,Argentina,Poet & Literary Critic,Science Fiction Speculative Futures & Philosophical Exploration,Shaping Speculative Science Fiction and Laws of Robotics
Kurt Stoppard 268,1962-05-19,Boston,Massachusetts,United States,Graphic Novelist,Epic Fantasy Worldbuilding & Mythopoetic Narrative Structure,Defining Magical Realism in World Literature and Latin American Prose
Tennessee Pinter 269,1989-01-16,Lagos,,Nigeria,Screenwriter & Playwright,Epic Fantasy Worldbuilding & Mythopoetic Narrative Structure,Pioneering Modern Epic Fantasy and Comprehensive Mythological Universes
Alan Rowling 270,1987-07-15,Edinburgh,,United Kingdom,Screenplay Writer,Magical Realism & Post-Colonial Cultural Identity in Fiction,Revolutionizing Graphic Novels and Mature Comic Book Storytelling
Frank Murakami 271,1938-04-10,Vienna,,Austria,Comic Book Writer,Cinematic Screenwriting & Dramatic Three-Act Structure,Shaping Speculative Science Fiction and Laws of Robotics
Arthur Moore 272,1962-11-26,Buenos Aires,,Argentina,Poet & Literary Critic,Graphic Novel Literature & Deconstruction of Superhero Archetypes,Mastering Cinematic Screenplays and Memorable Hollywood Dialogue
David Hemingway 273,1906-02-22,New York City,New York,United States,Science Fiction Author,Epic Fantasy Worldbuilding & Mythopoetic Narrative Structure,Revolutionizing Graphic Novels and Mature Comic Book Storytelling
Eugene Kafka 274,1912-07-24,San Francisco,California,United States,Fantasy & Adventure Writer,Graphic Novel Literature & Deconstruction of Superhero Archetypes,Shaping Speculative Science Fiction and Laws of Robotics
Roald Vonnegut 275,1939-06-20,San Francisco,California,United States,Science Fiction Author,Cinematic Screenwriting & Dramatic Three-Act Structure,Mastering Cinematic Screenplays and Memorable Hollywood Dialogue
Eugene Gaiman 276,1957-05-15,Tokyo,,Japan,Comic Book Writer,"Modernist Literature, Stream-of-Consciousness & Poetic Form",Mastering Cinematic Screenplays and Memorable Hollywood Dialogue
Arthur Camus 277,1900-02-12,New York City,New York,United States,Poet & Literary Critic,Cinematic Screenwriting & Dramatic Three-Act Structure,Mastering Cinematic Screenplays and Memorable Hollywood Dialogue
Kurt Orwell 278,1914-07-26,Berlin,,Germany,Fantasy & Adventure Writer,Magical Realism & Post-Colonial Cultural Identity in Fiction,Defining Magical Realism in World Literature and Latin American Prose
Zadie Camus 279,1969-06-26,Boston,Massachusetts,United States,Fantasy & Adventure Writer,Cinematic Screenwriting & Dramatic Three-Act Structure,Defining Magical Realism in World Literature and Latin American Prose
Toni Morrison 280,1910-09-03,Paris,,France,Graphic Novelist,Graphic Novel Literature & Deconstruction of Superhero Archetypes,Advancing Modernist Narrative Techniques and Psychological Realism
Samuel Sedaris 281,1923-02-12,Santiago,,Chile,Poetry Laureate,Magical Realism & Post-Colonial Cultural Identity in Fiction,Advancing Modernist Narrative Techniques and Psychological Realism
Franz Clarke 282,1966-10-01,Sydney,New South Wales,Australia,Screenwriter & Playwright,Epic Fantasy Worldbuilding & Mythopoetic Narrative Structure,Mastering Cinematic Screenplays and Memorable Hollywood Dialogue
Agatha Murakami 283,1973-04-18,Boston,Massachusetts,United States,Non-Fiction & Essayist,Graphic Novel Literature & Deconstruction of Superhero Archetypes,Mastering Cinematic Screenplays and Memorable Hollywood Dialogue
Roald Vonnegut 284,1919-12-24,Berlin,,Germany,Poetry Laureate,Cinematic Screenwriting & Dramatic Three-Act Structure,Revolutionizing Graphic Novels and Mature Comic Book Storytelling
Simone Asimov 285,1939-07-10,Toronto,Ontario,Canada,Poetry Laureate,"Modernist Literature, Stream-of-Consciousness & Poetic Form",Pioneering Modern Epic Fantasy and Comprehensive Mythological Universes
Arthur Neruda 286,1910-10-17,New York City,New York,United States,Fantasy & Adventure Writer,"Modernist Literature, Stream-of-Consciousness & Poetic Form",Shaping Speculative Science Fiction and Laws of Robotics
Gabriel Angelou 287,1954-04-28,Vancouver,British Columbia,Canada,Graphic Novelist,"Modernist Literature, Stream-of-Consciousness & Poetic Form",Defining Magical Realism in World Literature and Latin American Prose
C.S. Vonnegut 288,1958-08-23,Paris,,France,Fantasy & Adventure Writer,Graphic Novel Literature & Deconstruction of Superhero Archetypes,Defining Magical Realism in World Literature and Latin American Prose
Franz Lewis 289,1947-04-13,Chicago,Illinois,United States,Fantasy & Adventure Writer,Science Fiction Speculative Futures & Philosophical Exploration,Revolutionizing Graphic Novels and Mature Comic Book Storytelling
Tom Beckett 290,1927-08-03,Toronto,Ontario,Canada,Science Fiction Author,Cinematic Screenwriting & Dramatic Three-Act Structure,Pioneering Modern Epic Fantasy and Comprehensive Mythological Universes
Pablo Miller 291,1959-09-08,San Francisco,California,United States,Non-Fiction & Essayist,Epic Fantasy Worldbuilding & Mythopoetic Narrative Structure,Pioneering Modern Epic Fantasy and Comprehensive Mythological Universes
Virginia Vonnegut 292,1937-06-12,Toronto,Ontario,Canada,Fantasy & Adventure Writer,"Modernist Literature, Stream-of-Consciousness & Poetic Form",Pioneering Modern Epic Fantasy and Comprehensive Mythological Universes
Albert Sedaris 293,1904-08-09,Edinburgh,,United Kingdom,Poet & Literary Critic,"Modernist Literature, Stream-of-Consciousness & Poetic Form",Shaping Speculative Science Fiction and Laws of Robotics
Haruki Pinter 294,1965-02-14,Berlin,,Germany,Screenplay Writer,Science Fiction Speculative Futures & Philosophical Exploration,Mastering Cinematic Screenplays and Memorable Hollywood Dialogue
Arthur Herbert 295,1922-11-19,Moscow,,Russia,Fantasy & Adventure Writer,Graphic Novel Literature & Deconstruction of Superhero Archetypes,Revolutionizing Graphic Novels and Mature Comic Book Storytelling
Haruki Tolkien 296,1938-08-22,Lagos,,Nigeria,Literary Fiction Author,Cinematic Screenwriting & Dramatic Three-Act Structure,Mastering Cinematic Screenplays and Memorable Hollywood Dialogue
Albert Foster Wallace 297,1974-01-12,Vancouver,British Columbia,Canada,Poetry Laureate,Cinematic Screenwriting & Dramatic Three-Act Structure,Pioneering Modern Epic Fantasy and Comprehensive Mythological Universes
Agatha Miller 298,1969-04-14,New York City,New York,United States,Novelist & Author,Epic Fantasy Worldbuilding & Mythopoetic Narrative Structure,Revolutionizing Graphic Novels and Mature Comic Book Storytelling
Kurt Herbert 299,1936-07-18,Sydney,New South Wales,Australia,Literary Fiction Author,Epic Fantasy Worldbuilding & Mythopoetic Narrative Structure,Advancing Modernist Narrative Techniques and Psychological Realism
Samuel O'Neill 300,1928-02-25,Moscow,,Russia,Poetry Laureate,Magical Realism & Post-Colonial Cultural Identity in Fiction,Pioneering Modern Epic Fantasy and Comprehensive Mythological Universes
Haruki Rowling 301,1911-09-17,Sydney,New South Wales,Australia,Poet & Literary Critic,Science Fiction Speculative Futures & Philosophical Exploration,Mastering Cinematic Screenplays and Memorable Hollywood Dialogue
Frank Asimov 302,1937-06-21,Paris,,France,Comic Book Writer,Epic Fantasy Worldbuilding & Mythopoetic Narrative Structure,Pioneering Modern Epic Fantasy and Comprehensive Mythological Universes
Stan Dahl 303,1961-08-02,New York City,New York,United States,Dramatic Playwright,Cinematic Screenwriting & Dramatic Three-Act Structure,Mastering Cinematic Screenplays and Memorable Hollywood Dialogue
Jorge Herbert 304,1938-04-07,Vancouver,British Columbia,Canada,Science Fiction Author,Magical Realism & Post-Colonial Cultural Identity in Fiction,Pioneering Modern Epic Fantasy and Comprehensive Mythological Universes
Virginia Camus 305,1944-03-05,Lagos,,Nigeria,Dramatic Playwright,Science Fiction Speculative Futures & Philosophical Exploration,Shaping Speculative Science Fiction and Laws of Robotics
C.S. Le Guin 306,1972-07-16,Berlin,,Germany,Literary Fiction Author,Epic Fantasy Worldbuilding & Mythopoetic Narrative Structure,Shaping Speculative Science Fiction and Laws of Robotics
Stan Smith 307,1937-11-09,Berlin,,Germany,Comic Book Writer,"Modernist Literature, Stream-of-Consciousness & Poetic Form",Revolutionizing Graphic Novels and Mature Comic Book Storytelling
Zadie Tolkien 308,1931-06-22,Tokyo,,Japan,Novelist & Author,Epic Fantasy Worldbuilding & Mythopoetic Narrative Structure,Advancing Modernist Narrative Techniques and Psychological Realism
Virginia O'Neill 309,1989-08-05,Vienna,,Austria,Screenplay Writer,Science Fiction Speculative Futures & Philosophical Exploration,Shaping Speculative Science Fiction and Laws of Robotics
Frank Morrison 310,1915-05-15,Moscow,,Russia,Screenwriter & Playwright,Science Fiction Speculative Futures & Philosophical Exploration,Mastering Cinematic Screenplays and Memorable Hollywood Dialogue
Tennessee Neruda 311,1915-05-26,Lagos,,Nigeria,Fantasy & Adventure Writer,Cinematic Screenwriting & Dramatic Three-Act Structure,Revolutionizing Graphic Novels and Mature Comic Book Storytelling
Frank Smith 312,1920-04-04,Lagos,,Nigeria,Poet & Literary Critic,Graphic Novel Literature & Deconstruction of Superhero Archetypes,Shaping Speculative Science Fiction and Laws of Robotics
Ursula Foster Wallace 313,1943-06-11,Paris,,France,Novelist & Author,Cinematic Screenwriting & Dramatic Three-Act Structure,Revolutionizing Graphic Novels and Mature Comic Book Storytelling
J.K. Hemingway 314,1986-07-26,Tokyo,,Japan,Fantasy & Adventure Writer,Magical Realism & Post-Colonial Cultural Identity in Fiction,Mastering Cinematic Screenplays and Memorable Hollywood Dialogue
Toni Garcia Marquez 315,1953-06-26,Chicago,Illinois,United States,Screenplay Writer,Magical Realism & Post-Colonial Cultural Identity in Fiction,Advancing Modernist Narrative Techniques and Psychological Realism
Ray Tolkien 316,1963-02-23,Paris,,France,Novelist & Author,Graphic Novel Literature & Deconstruction of Superhero Archetypes,Advancing Modernist Narrative Techniques and Psychological Realism
Arthur Gaiman 317,1983-07-04,Vancouver,British Columbia,Canada,Dramatic Playwright,Graphic Novel Literature & Deconstruction of Superhero Archetypes,Pioneering Modern Epic Fantasy and Comprehensive Mythological Universes
Neil Moore 318,1944-10-28,Vancouver,British Columbia,Canada,Poet & Literary Critic,Science Fiction Speculative Futures & Philosophical Exploration,Revolutionizing Graphic Novels and Mature Comic Book Storytelling
C.S. Le Guin 319,1956-11-02,Sydney,New South Wales,Australia,Dramatic Playwright,Magical Realism & Post-Colonial Cultural Identity in Fiction,Revolutionizing Graphic Novels and Mature Comic Book Storytelling
Tennessee Miller 320,1960-05-22,Tokyo,,Japan,Fantasy & Adventure Writer,Science Fiction Speculative Futures & Philosophical Exploration,Advancing Modernist Narrative Techniques and Psychological Realism
Simone De Beauvoir 321,1947-08-07,Moscow,,Russia,Fantasy & Adventure Writer,Graphic Novel Literature & Deconstruction of Superhero Archetypes,Mastering Cinematic Screenplays and Memorable Hollywood Dialogue
Neil Kafka 322,1915-01-16,Mumbai,Maharashtra,India,Novelist & Author,Science Fiction Speculative Futures & Philosophical Exploration,Mastering Cinematic Screenplays and Memorable Hollywood Dialogue
Ernest Adichie 323,1968-09-23,Dublin,,Ireland,Poetry Laureate,Magical Realism & Post-Colonial Cultural Identity in Fiction,Pioneering Modern Epic Fantasy and Comprehensive Mythological Universes
Ernest Herbert 324,1944-11-11,Vienna,,Austria,Comic Book Writer,Graphic Novel Literature & Deconstruction of Superhero Archetypes,Shaping Speculative Science Fiction and Laws of Robotics
Kurt Vonnegut 325,1963-09-13,Berlin,,Germany,Poet & Literary Critic,Epic Fantasy Worldbuilding & Mythopoetic Narrative Structure,Mastering Cinematic Screenplays and Memorable Hollywood Dialogue
Tennessee Vonnegut 326,1951-02-01,San Francisco,California,United States,Non-Fiction & Essayist,Graphic Novel Literature & Deconstruction of Superhero Archetypes,Advancing Modernist Narrative Techniques and Psychological Realism
Toni Pinter 327,1922-09-03,Lagos,,Nigeria,Novelist & Author,"Modernist Literature, Stream-of-Consciousness & Poetic Form",Mastering Cinematic Screenplays and Memorable Hollywood Dialogue
J.K. De Beauvoir 328,1951-09-12,Prague,,Czech Republic,Novelist & Author,Magical Realism & Post-Colonial Cultural Identity in Fiction,Defining Magical Realism in World Literature and Latin American Prose
Chimamanda Sedaris 329,1945-11-17,New York City,New York,United States,Screenwriter & Playwright,Epic Fantasy Worldbuilding & Mythopoetic Narrative Structure,Defining Magical Realism in World Literature and Latin American Prose
Tennessee Herbert 330,1925-11-21,New York City,New York,United States,Fantasy & Adventure Writer,Science Fiction Speculative Futures & Philosophical Exploration,Advancing Modernist Narrative Techniques and Psychological Realism
Virginia Pinter 331,1982-02-18,Prague,,Czech Republic,Graphic Novelist,Magical Realism & Post-Colonial Cultural Identity in Fiction,Pioneering Modern Epic Fantasy and Comprehensive Mythological Universes
Tennessee De Beauvoir 332,1939-12-10,Santiago,,Chile,Poet & Literary Critic,Cinematic Screenwriting & Dramatic Three-Act Structure,Mastering Cinematic Screenplays and Memorable Hollywood Dialogue
C.S. Sedaris 333,1927-12-17,Vienna,,Austria,Poetry Laureate,Magical Realism & Post-Colonial Cultural Identity in Fiction,Shaping Speculative Science Fiction and Laws of Robotics
J.R.R. Huxley 334,1948-07-24,Buenos Aires,,Argentina,Fantasy & Adventure Writer,Cinematic Screenwriting & Dramatic Three-Act Structure,Pioneering Modern Epic Fantasy and Comprehensive Mythological Universes
George Borges 335,1987-03-02,Mumbai,Maharashtra,India,Literary Fiction Author,Magical Realism & Post-Colonial Cultural Identity in Fiction,Advancing Modernist Narrative Techniques and Psychological Realism
Arthur Bradbury 336,1989-01-19,Lagos,,Nigeria,Dramatic Playwright,Cinematic Screenwriting & Dramatic Three-Act Structure,Mastering Cinematic Screenplays and Memorable Hollywood Dialogue
Stephen R.R. Martin 337,1923-03-14,Vancouver,British Columbia,Canada,Poetry Laureate,Science Fiction Speculative Futures & Philosophical Exploration,Shaping Speculative Science Fiction and Laws of Robotics
Harold Foster Wallace 338,1929-12-26,Boston,Massachusetts,United States,Dramatic Playwright,Cinematic Screenwriting & Dramatic Three-Act Structure,Advancing Modernist Narrative Techniques and Psychological Realism
Ernest Pinter 339,1973-05-22,Vancouver,British Columbia,Canada,Non-Fiction & Essayist,Science Fiction Speculative Futures & Philosophical Exploration,Defining Magical Realism in World Literature and Latin American Prose
Roald Camus 340,1905-01-20,Mumbai,Maharashtra,India,Screenwriter & Playwright,Cinematic Screenwriting & Dramatic Three-Act Structure,Mastering Cinematic Screenplays and Memorable Hollywood Dialogue
Haruki Garcia Lorca 341,1946-04-09,Edinburgh,,United Kingdom,Non-Fiction & Essayist,Epic Fantasy Worldbuilding & Mythopoetic Narrative Structure,Revolutionizing Graphic Novels and Mature Comic Book Storytelling
Tom Camus 342,1933-05-15,Mumbai,Maharashtra,India,Novelist & Author,Graphic Novel Literature & Deconstruction of Superhero Archetypes,Defining Magical Realism in World Literature and Latin American Prose
J.R.R. Hemingway 343,1926-11-22,Paris,,France,Novelist & Author,Epic Fantasy Worldbuilding & Mythopoetic Narrative Structure,Revolutionizing Graphic Novels and Mature Comic Book Storytelling
Federico Dahl 344,1979-07-28,Vancouver,British Columbia,Canada,Non-Fiction & Essayist,"Modernist Literature, Stream-of-Consciousness & Poetic Form",Shaping Speculative Science Fiction and Laws of Robotics
Gabriel King 345,1924-04-16,Mumbai,Maharashtra,India,Graphic Novelist,Epic Fantasy Worldbuilding & Mythopoetic Narrative Structure,Pioneering Modern Epic Fantasy and Comprehensive Mythological Universes
Virginia Asimov 346,1933-03-17,New York City,New York,United States,Comic Book Writer,"Modernist Literature, Stream-of-Consciousness & Poetic Form",Pioneering Modern Epic Fantasy and Comprehensive Mythological Universes
Chimamanda Beckett 347,1918-06-26,Toronto,Ontario,Canada,Screenplay Writer,Magical Realism & Post-Colonial Cultural Identity in Fiction,Mastering Cinematic Screenplays and Memorable Hollywood Dialogue
Tennessee Pinter 348,1982-08-23,Chicago,Illinois,United States,Science Fiction Author,Epic Fantasy Worldbuilding & Mythopoetic Narrative Structure,Defining Magical Realism in World Literature and Latin American Prose
C.S. Sedaris 349,1960-11-18,Dublin,,Ireland,Fantasy & Adventure Writer,"Modernist Literature, Stream-of-Consciousness & Poetic Form",Advancing Modernist Narrative Techniques and Psychological Realism
Tennessee Murakami 350,1902-08-07,Vancouver,British Columbia,Canada,Literary Fiction Author,Cinematic Screenwriting & Dramatic Three-Act Structure,Pioneering Modern Epic Fantasy and Comprehensive Mythological Universes
C.S. Stoppard 351,1932-04-17,Toronto,Ontario,Canada,Novelist & Author,Magical Realism & Post-Colonial Cultural Identity in Fiction,Revolutionizing Graphic Novels and Mature Comic Book Storytelling
Virginia Angelou 352,1924-06-17,Berlin,,Germany,Non-Fiction & Essayist,"Modernist Literature, Stream-of-Consciousness & Poetic Form",Mastering Cinematic Screenplays and Memorable Hollywood Dialogue
George R.R. Martin 353,1988-01-02,San Francisco,California,United States,Novelist & Author,Magical Realism & Post-Colonial Cultural Identity in Fiction,Advancing Modernist Narrative Techniques and Psychological Realism
Ray Stoppard 354,1978-03-15,Moscow,,Russia,Literary Fiction Author,Epic Fantasy Worldbuilding & Mythopoetic Narrative Structure,Mastering Cinematic Screenplays and Memorable Hollywood Dialogue
Arthur Lee 355,1962-09-17,Paris,,France,Poet & Literary Critic,Graphic Novel Literature & Deconstruction of Superhero Archetypes,Revolutionizing Graphic Novels and Mature Comic Book Storytelling
Haruki Neruda 356,1965-09-09,Chicago,Illinois,United States,Non-Fiction & Essayist,Magical Realism & Post-Colonial Cultural Identity in Fiction,Defining Magical Realism in World Literature and Latin American Prose
Harold Adichie 357,1968-02-19,Paris,,France,Dramatic Playwright,Magical Realism & Post-Colonial Cultural Identity in Fiction,Mastering Cinematic Screenplays and Memorable Hollywood Dialogue
Franz Foster Wallace 358,1926-09-04,San Francisco,California,United States,Screenwriter & Playwright,Science Fiction Speculative Futures & Philosophical Exploration,Mastering Cinematic Screenplays and Memorable Hollywood Dialogue
Gabriel Garcia Lorca 359,1907-05-11,Santiago,,Chile,Dramatic Playwright,Science Fiction Speculative Futures & Philosophical Exploration,Mastering Cinematic Screenplays and Memorable Hollywood Dialogue
Agatha Adichie 360,1959-10-13,San Francisco,California,United States,Non-Fiction & Essayist,Graphic Novel Literature & Deconstruction of Superhero Archetypes,Mastering Cinematic Screenplays and Memorable Hollywood Dialogue
Albert O'Neill 361,1915-12-08,Paris,,France,Fantasy & Adventure Writer,Magical Realism & Post-Colonial Cultural Identity in Fiction,Defining Magical Realism in World Literature and Latin American Prose
George Gaiman 362,1936-03-28,Moscow,,Russia,Poet & Literary Critic,"Modernist Literature, Stream-of-Consciousness & Poetic Form",Mastering Cinematic Screenplays and Memorable Hollywood Dialogue
Franz Vonnegut 363,1910-01-03,Chicago,Illinois,United States,Novelist & Author,Science Fiction Speculative Futures & Philosophical Exploration,Pioneering Modern Epic Fantasy and Comprehensive Mythological Universes
Haruki Dahl 364,1917-10-05,Vancouver,British Columbia,Canada,Screenwriter & Playwright,Cinematic Screenwriting & Dramatic Three-Act Structure,Mastering Cinematic Screenplays and Memorable Hollywood Dialogue
Albert Hemingway 365,1980-06-11,Sydney,New South Wales,Australia,Science Fiction Author,Science Fiction Speculative Futures & Philosophical Exploration,Mastering Cinematic Screenplays and Memorable Hollywood Dialogue
Haruki King 366,1961-12-23,Berlin,,Germany,Screenplay Writer,Epic Fantasy Worldbuilding & Mythopoetic Narrative Structure,Shaping Speculative Science Fiction and Laws of Robotics
Tennessee Tolkien 367,1974-05-19,Paris,,France,Science Fiction Author,Graphic Novel Literature & Deconstruction of Superhero Archetypes,Mastering Cinematic Screenplays and Memorable Hollywood Dialogue
Maya Foster Wallace 368,1966-02-20,Sydney,New South Wales,Australia,Dramatic Playwright,Epic Fantasy Worldbuilding & Mythopoetic Narrative Structure,Pioneering Modern Epic Fantasy and Comprehensive Mythological Universes
Franz Hemingway 369,1943-01-04,Moscow,,Russia,Literary Fiction Author,Graphic Novel Literature & Deconstruction of Superhero Archetypes,Pioneering Modern Epic Fantasy and Comprehensive Mythological Universes
Zadie Woolf 370,1988-01-09,Vancouver,British Columbia,Canada,Poet & Literary Critic,Graphic Novel Literature & Deconstruction of Superhero Archetypes,Shaping Speculative Science Fiction and Laws of Robotics
David Miller 371,1952-09-04,Vienna,,Austria,Fantasy & Adventure Writer,Science Fiction Speculative Futures & Philosophical Exploration,Defining Magical Realism in World Literature and Latin American Prose
Eugene Beckett 372,1904-07-08,Moscow,,Russia,Poetry Laureate,Science Fiction Speculative Futures & Philosophical Exploration,Pioneering Modern Epic Fantasy and Comprehensive Mythological Universes
Tennessee King 373,1979-10-26,San Francisco,California,United States,Screenwriter & Playwright,Cinematic Screenwriting & Dramatic Three-Act Structure,Revolutionizing Graphic Novels and Mature Comic Book Storytelling
David Clarke 374,1921-12-03,Berlin,,Germany,Comic Book Writer,Cinematic Screenwriting & Dramatic Three-Act Structure,Revolutionizing Graphic Novels and Mature Comic Book Storytelling
Stephen Sedaris 375,1939-07-25,Vienna,,Austria,Graphic Novelist,Graphic Novel Literature & Deconstruction of Superhero Archetypes,Pioneering Modern Epic Fantasy and Comprehensive Mythological Universes
Pablo Rowling 376,1950-10-11,Dublin,,Ireland,Novelist & Author,"Modernist Literature, Stream-of-Consciousness & Poetic Form",Pioneering Modern Epic Fantasy and Comprehensive Mythological Universes
Agatha Stoppard 377,1937-01-10,Dublin,,Ireland,Graphic Novelist,"Modernist Literature, Stream-of-Consciousness & Poetic Form",Advancing Modernist Narrative Techniques and Psychological Realism
Ursula Asimov 378,1909-09-11,Buenos Aires,,Argentina,Poet & Literary Critic,Magical Realism & Post-Colonial Cultural Identity in Fiction,Mastering Cinematic Screenplays and Memorable Hollywood Dialogue
Neil Woolf 379,1950-02-10,Santiago,,Chile,Graphic Novelist,"Modernist Literature, Stream-of-Consciousness & Poetic Form",Advancing Modernist Narrative Techniques and Psychological Realism
Alan Smith 380,1913-09-17,Lagos,,Nigeria,Comic Book Writer,"Modernist Literature, Stream-of-Consciousness & Poetic Form",Pioneering Modern Epic Fantasy and Comprehensive Mythological Universes
Samuel Smith 381,1924-05-18,Santiago,,Chile,Literary Fiction Author,Graphic Novel Literature & Deconstruction of Superhero Archetypes,Pioneering Modern Epic Fantasy and Comprehensive Mythological Universes
Arthur O'Neill 382,1989-05-01,Chicago,Illinois,United States,Poetry Laureate,Epic Fantasy Worldbuilding & Mythopoetic Narrative Structure,Defining Magical Realism in World Literature and Latin American Prose
Albert King 383,1934-07-28,Boston,Massachusetts,United States,Literary Fiction Author,Cinematic Screenwriting & Dramatic Three-Act Structure,Shaping Speculative Science Fiction and Laws of Robotics
Gabriel Morrison 384,1959-05-09,Vienna,,Austria,Comic Book Writer,Magical Realism & Post-Colonial Cultural Identity in Fiction,Shaping Speculative Science Fiction and Laws of Robotics
C.S. King 385,1950-09-03,Prague,,Czech Republic,Novelist & Author,Epic Fantasy Worldbuilding & Mythopoetic Narrative Structure,Pioneering Modern Epic Fantasy and Comprehensive Mythological Universes
Stephen O'Neill 386,1987-07-24,Vienna,,Austria,Non-Fiction & Essayist,Epic Fantasy Worldbuilding & Mythopoetic Narrative Structure,Shaping Speculative Science Fiction and Laws of Robotics
Ursula Murakami 387,1938-04-14,Mumbai,Maharashtra,India,Graphic Novelist,Cinematic Screenwriting & Dramatic Three-Act Structure,Shaping Speculative Science Fiction and Laws of Robotics
Aldous Orwell 388,1918-12-11,New York City,New York,United States,Novelist & Author,"Modernist Literature, Stream-of-Consciousness & Poetic Form",Shaping Speculative Science Fiction and Laws of Robotics
J.K. Moore 389,1906-09-18,Moscow,,Russia,Poet & Literary Critic,"Modernist Literature, Stream-of-Consciousness & Poetic Form",Advancing Modernist Narrative Techniques and Psychological Realism
Federico Borges 390,1907-06-07,Vienna,,Austria,Screenwriter & Playwright,Cinematic Screenwriting & Dramatic Three-Act Structure,Advancing Modernist Narrative Techniques and Psychological Realism
Franz Moore 391,1962-07-03,Berlin,,Germany,Screenplay Writer,Cinematic Screenwriting & Dramatic Three-Act Structure,Advancing Modernist Narrative Techniques and Psychological Realism
Zadie Morrison 392,1947-03-16,Toronto,Ontario,Canada,Graphic Novelist,Science Fiction Speculative Futures & Philosophical Exploration,Defining Magical Realism in World Literature and Latin American Prose
Arthur Garcia Lorca 393,1909-05-28,Vancouver,British Columbia,Canada,Screenwriter & Playwright,Graphic Novel Literature & Deconstruction of Superhero Archetypes,Advancing Modernist Narrative Techniques and Psychological Realism
Stan Beckett 394,1915-09-07,Berlin,,Germany,Graphic Novelist,Epic Fantasy Worldbuilding & Mythopoetic Narrative Structure,Pioneering Modern Epic Fantasy and Comprehensive Mythological Universes
Simone De Beauvoir 395,1931-07-19,Vienna,,Austria,Screenplay Writer,Graphic Novel Literature & Deconstruction of Superhero Archetypes,Shaping Speculative Science Fiction and Laws of Robotics
C.S. Morrison 396,1901-06-24,London,,United Kingdom,Dramatic Playwright,Cinematic Screenwriting & Dramatic Three-Act Structure,Advancing Modernist Narrative Techniques and Psychological Realism
David Pinter 397,1961-05-14,Mumbai,Maharashtra,India,Screenwriter & Playwright,Graphic Novel Literature & Deconstruction of Superhero Archetypes,Advancing Modernist Narrative Techniques and Psychological Realism
Jorge Camus 398,1906-02-06,Santiago,,Chile,Non-Fiction & Essayist,"Modernist Literature, Stream-of-Consciousness & Poetic Form",Defining Magical Realism in World Literature and Latin American Prose
Albert Morrison 399,1940-11-13,Mumbai,Maharashtra,India,Screenwriter & Playwright,Graphic Novel Literature & Deconstruction of Superhero Archetypes,Pioneering Modern Epic Fantasy and Comprehensive Mythological Universes
Ray Christie 400,1940-10-04,Vancouver,British Columbia,Canada,Non-Fiction & Essayist,Cinematic Screenwriting & Dramatic Three-Act Structure,Revolutionizing Graphic Novels and Mature Comic Book Storytelling
Ursula Neruda 401,1987-07-08,Chicago,Illinois,United States,Poetry Laureate,Graphic Novel Literature & Deconstruction of Superhero Archetypes,Mastering Cinematic Screenplays and Memorable Hollywood Dialogue
Toni Angelou 402,1970-03-03,Vienna,,Austria,Comic Book Writer,Graphic Novel Literature & Deconstruction of Superhero Archetypes,Pioneering Modern Epic Fantasy and Comprehensive Mythological Universes
Ursula Murakami 403,1984-03-12,London,,United Kingdom,Poetry Laureate,Epic Fantasy Worldbuilding & Mythopoetic Narrative Structure,Pioneering Modern Epic Fantasy and Comprehensive Mythological Universes
David Bradbury 404,1901-02-28,Mumbai,Maharashtra,India,Poet & Literary Critic,Science Fiction Speculative Futures & Philosophical Exploration,Revolutionizing Graphic Novels and Mature Comic Book Storytelling
Jorge De Beauvoir 405,1902-07-13,Tokyo,,Japan,Dramatic Playwright,Graphic Novel Literature & Deconstruction of Superhero Archetypes,Revolutionizing Graphic Novels and Mature Comic Book Storytelling
J.R.R. Hemingway 406,1909-09-19,Chicago,Illinois,United States,Comic Book Writer,Epic Fantasy Worldbuilding & Mythopoetic Narrative Structure,Shaping Speculative Science Fiction and Laws of Robotics
Alan Pinter 407,1979-06-26,Tokyo,,Japan,Science Fiction Author,Epic Fantasy Worldbuilding & Mythopoetic Narrative Structure,Shaping Speculative Science Fiction and Laws of Robotics
Stan Orwell 408,1936-10-23,Boston,Massachusetts,United States,Fantasy & Adventure Writer,Graphic Novel Literature & Deconstruction of Superhero Archetypes,Advancing Modernist Narrative Techniques and Psychological Realism
Arthur Dahl 409,1941-10-26,Berlin,,Germany,Screenplay Writer,"Modernist Literature, Stream-of-Consciousness & Poetic Form",Shaping Speculative Science Fiction and Laws of Robotics
Franz Neruda 410,1916-02-20,Lagos,,Nigeria,Poet & Literary Critic,Epic Fantasy Worldbuilding & Mythopoetic Narrative Structure,Mastering Cinematic Screenplays and Memorable Hollywood Dialogue
Kurt Huxley 411,1989-07-04,San Francisco,California,United States,Graphic Novelist,Cinematic Screenwriting & Dramatic Three-Act Structure,Pioneering Modern Epic Fantasy and Comprehensive Mythological Universes
Simone Bradbury 412,1977-10-22,Edinburgh,,United Kingdom,Science Fiction Author,Magical Realism & Post-Colonial Cultural Identity in Fiction,Revolutionizing Graphic Novels and Mature Comic Book Storytelling
Chimamanda Beckett 413,1908-10-07,Chicago,Illinois,United States,Comic Book Writer,Science Fiction Speculative Futures & Philosophical Exploration,Mastering Cinematic Screenplays and Memorable Hollywood Dialogue
Ursula Lee 414,1940-02-05,London,,United Kingdom,Screenwriter & Playwright,Graphic Novel Literature & Deconstruction of Superhero Archetypes,Shaping Speculative Science Fiction and Laws of Robotics
Stephen Bradbury 415,1926-07-07,Vienna,,Austria,Dramatic Playwright,Science Fiction Speculative Futures & Philosophical Exploration,Mastering Cinematic Screenplays and Memorable Hollywood Dialogue
Maya Rowling 416,1901-10-02,Mumbai,Maharashtra,India,Screenwriter & Playwright,Graphic Novel Literature & Deconstruction of Superhero Archetypes,Mastering Cinematic Screenplays and Memorable Hollywood Dialogue
Virginia Miller 417,1935-03-04,Buenos Aires,,Argentina,Fantasy & Adventure Writer,Science Fiction Speculative Futures & Philosophical Exploration,Revolutionizing Graphic Novels and Mature Comic Book Storytelling
Zadie Borges 418,1911-10-28,Tokyo,,Japan,Screenplay Writer,Science Fiction Speculative Futures & Philosophical Exploration,Mastering Cinematic Screenplays and Memorable Hollywood Dialogue
Frank Murakami 419,1944-02-24,Chicago,Illinois,United States,Novelist & Author,Science Fiction Speculative Futures & Philosophical Exploration,Advancing Modernist Narrative Techniques and Psychological Realism
Eugene Le Guin 420,1950-02-15,Tokyo,,Japan,Science Fiction Author,Magical Realism & Post-Colonial Cultural Identity in Fiction,Revolutionizing Graphic Novels and Mature Comic Book Storytelling
Frank Sedaris 421,1911-02-22,Tokyo,,Japan,Poet & Literary Critic,"Modernist Literature, Stream-of-Consciousness & Poetic Form",Advancing Modernist Narrative Techniques and Psychological Realism
George O'Neill 422,1904-08-04,Lagos,,Nigeria,Screenwriter & Playwright,"Modernist Literature, Stream-of-Consciousness & Poetic Form",Advancing Modernist Narrative Techniques and Psychological Realism
Tennessee Foster Wallace 423,1960-10-08,San Francisco,California,United States,Dramatic Playwright,Epic Fantasy Worldbuilding & Mythopoetic Narrative Structure,Defining Magical Realism in World Literature and Latin American Prose
Eugene O'Neill 424,1937-03-20,San Francisco,California,United States,Fantasy & Adventure Writer,Graphic Novel Literature & Deconstruction of Superhero Archetypes,Shaping Speculative Science Fiction and Laws of Robotics
J.R.R. Camus 425,1914-12-25,Mumbai,Maharashtra,India,Science Fiction Author,Epic Fantasy Worldbuilding & Mythopoetic Narrative Structure,Defining Magical Realism in World Literature and Latin American Prose
George Pinter 426,1963-02-21,Tokyo,,Japan,Poet & Literary Critic,Epic Fantasy Worldbuilding & Mythopoetic Narrative Structure,Revolutionizing Graphic Novels and Mature Comic Book Storytelling
Virginia Lee 427,1907-09-14,Dublin,,Ireland,Fantasy & Adventure Writer,"Modernist Literature, Stream-of-Consciousness & Poetic Form",Advancing Modernist Narrative Techniques and Psychological Realism
Aldous Pinter 428,1969-11-28,Moscow,,Russia,Poetry Laureate,"Modernist Literature, Stream-of-Consciousness & Poetic Form",Advancing Modernist Narrative Techniques and Psychological Realism
George Kafka 429,1957-09-08,Berlin,,Germany,Dramatic Playwright,Cinematic Screenwriting & Dramatic Three-Act Structure,Defining Magical Realism in World Literature and Latin American Prose
Isaac Kafka 430,1950-07-10,Paris,,France,Graphic Novelist,Cinematic Screenwriting & Dramatic Three-Act Structure,Shaping Speculative Science Fiction and Laws of Robotics
Haruki Pinter 431,1980-04-10,Vienna,,Austria,Graphic Novelist,Epic Fantasy Worldbuilding & Mythopoetic Narrative Structure,Revolutionizing Graphic Novels and Mature Comic Book Storytelling
Virginia Huxley 432,1920-03-03,Sydney,New South Wales,Australia,Literary Fiction Author,Science Fiction Speculative Futures & Philosophical Exploration,Pioneering Modern Epic Fantasy and Comprehensive Mythological Universes
Virginia Herbert 433,1921-03-26,Chicago,Illinois,United States,Non-Fiction & Essayist,Epic Fantasy Worldbuilding & Mythopoetic Narrative Structure,Revolutionizing Graphic Novels and Mature Comic Book Storytelling
Haruki Camus 434,1965-04-23,Moscow,,Russia,Poet & Literary Critic,Epic Fantasy Worldbuilding & Mythopoetic Narrative Structure,Defining Magical Realism in World Literature and Latin American Prose
Frank Angelou 435,1988-02-14,Buenos Aires,,Argentina,Graphic Novelist,Magical Realism & Post-Colonial Cultural Identity in Fiction,Shaping Speculative Science Fiction and Laws of Robotics
David Beckett 436,1923-08-11,Berlin,,Germany,Graphic Novelist,Cinematic Screenwriting & Dramatic Three-Act Structure,Advancing Modernist Narrative Techniques and Psychological Realism
Ray Angelou 437,1949-08-01,Edinburgh,,United Kingdom,Literary Fiction Author,Cinematic Screenwriting & Dramatic Three-Act Structure,Shaping Speculative Science Fiction and Laws of Robotics
Alan Kafka 438,1908-12-17,New York City,New York,United States,Science Fiction Author,Epic Fantasy Worldbuilding & Mythopoetic Narrative Structure,Shaping Speculative Science Fiction and Laws of Robotics
Isaac Angelou 439,1908-07-13,Berlin,,Germany,Novelist & Author,"Modernist Literature, Stream-of-Consciousness & Poetic Form",Revolutionizing Graphic Novels and Mature Comic Book Storytelling
Ernest Williams 440,1910-04-05,Moscow,,Russia,Dramatic Playwright,Cinematic Screenwriting & Dramatic Three-Act Structure,Mastering Cinematic Screenplays and Memorable Hollywood Dialogue
Federico Rowling 441,1983-09-19,Buenos Aires,,Argentina,Literary Fiction Author,"Modernist Literature, Stream-of-Consciousness & Poetic Form",Pioneering Modern Epic Fantasy and Comprehensive Mythological Universes
Harold Garcia Lorca 442,1961-06-14,San Francisco,California,United States,Dramatic Playwright,Magical Realism & Post-Colonial Cultural Identity in Fiction,Revolutionizing Graphic Novels and Mature Comic Book Storytelling
George King 443,1962-06-06,Vancouver,British Columbia,Canada,Science Fiction Author,Cinematic Screenwriting & Dramatic Three-Act Structure,Defining Magical Realism in World Literature and Latin American Prose
Chimamanda Williams 444,1915-02-03,Chicago,Illinois,United States,Poetry Laureate,Graphic Novel Literature & Deconstruction of Superhero Archetypes,Pioneering Modern Epic Fantasy and Comprehensive Mythological Universes
Stan Dahl 445,1928-01-14,Vienna,,Austria,Literary Fiction Author,Science Fiction Speculative Futures & Philosophical Exploration,Defining Magical Realism in World Literature and Latin American Prose
Samuel Garcia Marquez 446,1985-01-04,Berlin,,Germany,Screenwriter & Playwright,Science Fiction Speculative Futures & Philosophical Exploration,Shaping Speculative Science Fiction and Laws of Robotics
Stan Asimov 447,1975-12-02,Sydney,New South Wales,Australia,Fantasy & Adventure Writer,Cinematic Screenwriting & Dramatic Three-Act Structure,Revolutionizing Graphic Novels and Mature Comic Book Storytelling
Ray Angelou 448,1976-08-26,Moscow,,Russia,Screenwriter & Playwright,Science Fiction Speculative Futures & Philosophical Exploration,Pioneering Modern Epic Fantasy and Comprehensive Mythological Universes
Simone Asimov 449,1975-04-20,Mumbai,Maharashtra,India,Dramatic Playwright,Magical Realism & Post-Colonial Cultural Identity in Fiction,Mastering Cinematic Screenplays and Memorable Hollywood Dialogue
Stan Stoppard 450,1969-02-10,Buenos Aires,,Argentina,Fantasy & Adventure Writer,Epic Fantasy Worldbuilding & Mythopoetic Narrative Structure,Mastering Cinematic Screenplays and Memorable Hollywood Dialogue
Alan Foster Wallace 451,1914-01-17,Prague,,Czech Republic,Poet & Literary Critic,"Modernist Literature, Stream-of-Consciousness & Poetic Form",Shaping Speculative Science Fiction and Laws of Robotics
Stan Stoppard 452,1912-02-04,San Francisco,California,United States,Comic Book Writer,Cinematic Screenwriting & Dramatic Three-Act Structure,Pioneering Modern Epic Fantasy and Comprehensive Mythological Universes
Alan Vonnegut 453,1932-04-08,Berlin,,Germany,Literary Fiction Author,Science Fiction Speculative Futures & Philosophical Exploration,Pioneering Modern Epic Fantasy and Comprehensive Mythological Universes
Ernest King 454,1926-07-09,Santiago,,Chile,Non-Fiction & Essayist,"Modernist Literature, Stream-of-Consciousness & Poetic Form",Advancing Modernist Narrative Techniques and Psychological Realism
Tennessee Miller 455,1961-02-02,Buenos Aires,,Argentina,Comic Book Writer,Graphic Novel Literature & Deconstruction of Superhero Archetypes,Defining Magical Realism in World Literature and Latin American Prose
Harold Lee 456,1911-03-23,Mumbai,Maharashtra,India,Poet & Literary Critic,Science Fiction Speculative Futures & Philosophical Exploration,Advancing Modernist Narrative Techniques and Psychological Realism
Alan Moore 457,1954-03-07,London,,United Kingdom,Fantasy & Adventure Writer,Epic Fantasy Worldbuilding & Mythopoetic Narrative Structure,Pioneering Modern Epic Fantasy and Comprehensive Mythological Universes
Ursula Garcia Lorca 458,1913-02-23,Boston,Massachusetts,United States,Comic Book Writer,Epic Fantasy Worldbuilding & Mythopoetic Narrative Structure,Revolutionizing Graphic Novels and Mature Comic Book Storytelling
Jorge Bradbury 459,1960-12-07,Boston,Massachusetts,United States,Poetry Laureate,"Modernist Literature, Stream-of-Consciousness & Poetic Form",Revolutionizing Graphic Novels and Mature Comic Book Storytelling
Arthur Christie 460,1979-01-06,Paris,,France,Comic Book Writer,Graphic Novel Literature & Deconstruction of Superhero Archetypes,Shaping Speculative Science Fiction and Laws of Robotics
Gabriel Hemingway 461,1967-06-20,Sydney,New South Wales,Australia,Fantasy & Adventure Writer,Epic Fantasy Worldbuilding & Mythopoetic Narrative Structure,Shaping Speculative Science Fiction and Laws of Robotics
Maya Dahl 462,1975-02-15,Santiago,,Chile,Fantasy & Adventure Writer,Magical Realism & Post-Colonial Cultural Identity in Fiction,Revolutionizing Graphic Novels and Mature Comic Book Storytelling
David R.R. Martin 463,1949-11-17,Dublin,,Ireland,Screenwriter & Playwright,"Modernist Literature, Stream-of-Consciousness & Poetic Form",Pioneering Modern Epic Fantasy and Comprehensive Mythological Universes
Pablo Vonnegut 464,1902-07-27,Toronto,Ontario,Canada,Literary Fiction Author,"Modernist Literature, Stream-of-Consciousness & Poetic Form",Shaping Speculative Science Fiction and Laws of Robotics
Franz Sedaris 465,1904-05-02,Buenos Aires,,Argentina,Non-Fiction & Essayist,Graphic Novel Literature & Deconstruction of Superhero Archetypes,Shaping Speculative Science Fiction and Laws of Robotics
Alan O'Neill 466,1983-03-10,Moscow,,Russia,Non-Fiction & Essayist,Magical Realism & Post-Colonial Cultural Identity in Fiction,Defining Magical Realism in World Literature and Latin American Prose
George Borges 467,1943-01-20,Berlin,,Germany,Dramatic Playwright,Graphic Novel Literature & Deconstruction of Superhero Archetypes,Revolutionizing Graphic Novels and Mature Comic Book Storytelling
Chimamanda Le Guin 468,1971-02-02,Toronto,Ontario,Canada,Poetry Laureate,Magical Realism & Post-Colonial Cultural Identity in Fiction,Shaping Speculative Science Fiction and Laws of Robotics
Franz Le Guin 469,1959-08-26,Santiago,,Chile,Screenwriter & Playwright,Science Fiction Speculative Futures & Philosophical Exploration,Pioneering Modern Epic Fantasy and Comprehensive Mythological Universes
Federico Asimov 470,1987-07-25,Santiago,,Chile,Dramatic Playwright,Magical Realism & Post-Colonial Cultural Identity in Fiction,Pioneering Modern Epic Fantasy and Comprehensive Mythological Universes
Zadie Orwell 471,1910-07-10,Lagos,,Nigeria,Non-Fiction & Essayist,Epic Fantasy Worldbuilding & Mythopoetic Narrative Structure,Pioneering Modern Epic Fantasy and Comprehensive Mythological Universes
Chimamanda King 472,1911-03-28,Chicago,Illinois,United States,Novelist & Author,Science Fiction Speculative Futures & Philosophical Exploration,Revolutionizing Graphic Novels and Mature Comic Book Storytelling
Stan Dahl 473,1927-12-17,Edinburgh,,United Kingdom,Screenwriter & Playwright,Magical Realism & Post-Colonial Cultural Identity in Fiction,Defining Magical Realism in World Literature and Latin American Prose
Virginia Sedaris 474,1986-11-16,Moscow,,Russia,Dramatic Playwright,Cinematic Screenwriting & Dramatic Three-Act Structure,Pioneering Modern Epic Fantasy and Comprehensive Mythological Universes
Ernest Stoppard 475,1976-10-06,Moscow,,Russia,Dramatic Playwright,Graphic Novel Literature & Deconstruction of Superhero Archetypes,Pioneering Modern Epic Fantasy and Comprehensive Mythological Universes
Alan Sedaris 476,1979-01-28,Vienna,,Austria,Comic Book Writer,Magical Realism & Post-Colonial Cultural Identity in Fiction,Defining Magical Realism in World Literature and Latin American Prose
Franz Miller 477,1972-10-02,Chicago,Illinois,United States,Poetry Laureate,Science Fiction Speculative Futures & Philosophical Exploration,Defining Magical Realism in World Literature and Latin American Prose
Toni Lee 478,1973-02-11,Chicago,Illinois,United States,Graphic Novelist,Cinematic Screenwriting & Dramatic Three-Act Structure,Shaping Speculative Science Fiction and Laws of Robotics
Arthur Lee 479,1905-05-01,Santiago,,Chile,Poet & Literary Critic,Science Fiction Speculative Futures & Philosophical Exploration,Defining Magical Realism in World Literature and Latin American Prose
Isaac Sedaris 480,1942-08-22,Prague,,Czech Republic,Science Fiction Author,Magical Realism & Post-Colonial Cultural Identity in Fiction,Advancing Modernist Narrative Techniques and Psychological Realism
Agatha Smith 481,1900-08-03,Berlin,,Germany,Literary Fiction Author,Science Fiction Speculative Futures & Philosophical Exploration,Revolutionizing Graphic Novels and Mature Comic Book Storytelling
Gabriel Lee 482,1987-07-19,San Francisco,California,United States,Poetry Laureate,Science Fiction Speculative Futures & Philosophical Exploration,Pioneering Modern Epic Fantasy and Comprehensive Mythological Universes
J.K. Asimov 483,1950-11-20,Mumbai,Maharashtra,India,Dramatic Playwright,Magical Realism & Post-Colonial Cultural Identity in Fiction,Shaping Speculative Science Fiction and Laws of Robotics
Zadie Lewis 484,1967-11-04,Boston,Massachusetts,United States,Literary Fiction Author,"Modernist Literature, Stream-of-Consciousness & Poetic Form",Mastering Cinematic Screenplays and Memorable Hollywood Dialogue
Gabriel Woolf 485,1984-04-21,Tokyo,,Japan,Novelist & Author,Cinematic Screenwriting & Dramatic Three-Act Structure,Shaping Speculative Science Fiction and Laws of Robotics
Neil Beckett 486,1952-02-03,Edinburgh,,United Kingdom,Novelist & Author,Magical Realism & Post-Colonial Cultural Identity in Fiction,Revolutionizing Graphic Novels and Mature Comic Book Storytelling
Frank Stoppard 487,1909-09-02,Lagos,,Nigeria,Novelist & Author,"Modernist Literature, Stream-of-Consciousness & Poetic Form",Shaping Speculative Science Fiction and Laws of Robotics
Arthur Lee 488,1909-09-18,Dublin,,Ireland,Poet & Literary Critic,Magical Realism & Post-Colonial Cultural Identity in Fiction,Revolutionizing Graphic Novels and Mature Comic Book Storytelling
Aldous R.R. Martin 489,1908-09-16,Vancouver,British Columbia,Canada,Poet & Literary Critic,Graphic Novel Literature & Deconstruction of Superhero Archetypes,Advancing Modernist Narrative Techniques and Psychological Realism
Tennessee Neruda 490,1931-04-14,Vienna,,Austria,Comic Book Writer,Graphic Novel Literature & Deconstruction of Superhero Archetypes,Pioneering Modern Epic Fantasy and Comprehensive Mythological Universes
Albert Huxley 491,1982-04-07,Lagos,,Nigeria,Poetry Laureate,Graphic Novel Literature & Deconstruction of Superhero Archetypes,Defining Magical Realism in World Literature and Latin American Prose
Agatha Morrison 492,1953-03-16,Prague,,Czech Republic,Literary Fiction Author,Science Fiction Speculative Futures & Philosophical Exploration,Advancing Modernist Narrative Techniques and Psychological Realism
Arthur Stoppard 493,1954-05-25,Edinburgh,,United Kingdom,Literary Fiction Author,Graphic Novel Literature & Deconstruction of Superhero Archetypes,Revolutionizing Graphic Novels and Mature Comic Book Storytelling
Albert Tolkien 494,1917-08-23,San Francisco,California,United States,Science Fiction Author,Epic Fantasy Worldbuilding & Mythopoetic Narrative Structure,Defining Magical Realism in World Literature and Latin American Prose
Tennessee Herbert 495,1977-08-28,Chicago,Illinois,United States,Comic Book Writer,Cinematic Screenwriting & Dramatic Three-Act Structure,Mastering Cinematic Screenplays and Memorable Hollywood Dialogue
David Rowling 496,1920-06-11,Paris,,France,Dramatic Playwright,Magical Realism & Post-Colonial Cultural Identity in Fiction,Revolutionizing Graphic Novels and Mature Comic Book Storytelling
Tom Miller 497,1923-08-28,Moscow,,Russia,Poetry Laureate,Science Fiction Speculative Futures & Philosophical Exploration,Shaping Speculative Science Fiction and Laws of Robotics
Alan Lee 498,1984-07-13,London,,United Kingdom,Poet & Literary Critic,Cinematic Screenwriting & Dramatic Three-Act Structure,Revolutionizing Graphic Novels and Mature Comic Book Storytelling
Albert Angelou 499,1904-05-23,Paris,,France,Poetry Laureate,Graphic Novel Literature & Deconstruction of Superhero Archetypes,Revolutionizing Graphic Novels and Mature Comic Book Storytelling
Tennessee Bradbury 500,1968-04-04,Buenos Aires,,Argentina,Comic Book Writer,Epic Fantasy Worldbuilding & Mythopoetic Narrative Structure,Pioneering Modern Epic Fantasy and Comprehensive Mythological Universes
Arthur Moore 501,1943-09-24,Toronto,Ontario,Canada,Graphic Novelist,Cinematic Screenwriting & Dramatic Three-Act Structure,Mastering Cinematic Screenplays and Memorable Hollywood Dialogue
J.R.R. Clarke 502,1904-06-05,Edinburgh,,United Kingdom,Screenplay Writer,Cinematic Screenwriting & Dramatic Three-Act Structure,Defining Magical Realism in World Literature and Latin American Prose
Agatha Garcia Lorca 503,1912-03-21,Boston,Massachusetts,United States,Dramatic Playwright,Cinematic Screenwriting & Dramatic Three-Act Structure,Defining Magical Realism in World Literature and Latin American Prose
Eugene Tolkien 504,1952-10-09,Prague,,Czech Republic,Fantasy & Adventure Writer,Graphic Novel Literature & Deconstruction of Superhero Archetypes,Defining Magical Realism in World Literature and Latin American Prose
Roald Pinter 505,1976-12-08,Vancouver,British Columbia,Canada,Screenwriter & Playwright,Science Fiction Speculative Futures & Philosophical Exploration,Advancing Modernist Narrative Techniques and Psychological Realism
Frank Garcia Lorca 506,1963-02-28,Chicago,Illinois,United States,Novelist & Author,Cinematic Screenwriting & Dramatic Three-Act Structure,Defining Magical Realism in World Literature and Latin American Prose
Jorge R.R. Martin 507,1908-01-09,Berlin,,Germany,Screenplay Writer,Epic Fantasy Worldbuilding & Mythopoetic Narrative Structure,Pioneering Modern Epic Fantasy and Comprehensive Mythological Universes
Gabriel Adichie 508,1954-02-08,Edinburgh,,United Kingdom,Screenplay Writer,Cinematic Screenwriting & Dramatic Three-Act Structure,Mastering Cinematic Screenplays and Memorable Hollywood Dialogue
Aldous Williams 509,1930-02-26,Boston,Massachusetts,United States,Non-Fiction & Essayist,Graphic Novel Literature & Deconstruction of Superhero Archetypes,Pioneering Modern Epic Fantasy and Comprehensive Mythological Universes
Frank Beckett 510,1980-09-18,Boston,Massachusetts,United States,Poetry Laureate,Magical Realism & Post-Colonial Cultural Identity in Fiction,Defining Magical Realism in World Literature and Latin American Prose
David R.R. Martin 511,1935-09-22,San Francisco,California,United States,Screenwriter & Playwright,Epic Fantasy Worldbuilding & Mythopoetic Narrative Structure,Revolutionizing Graphic Novels and Mature Comic Book Storytelling
Maya Bradbury 512,1952-12-10,Berlin,,Germany,Poet & Literary Critic,"Modernist Literature, Stream-of-Consciousness & Poetic Form",Pioneering Modern Epic Fantasy and Comprehensive Mythological Universes
Simone Smith 513,1966-12-24,Boston,Massachusetts,United States,Screenwriter & Playwright,Cinematic Screenwriting & Dramatic Three-Act Structure,Revolutionizing Graphic Novels and Mature Comic Book Storytelling
Simone Dahl 514,1920-05-01,Chicago,Illinois,United States,Non-Fiction & Essayist,"Modernist Literature, Stream-of-Consciousness & Poetic Form",Defining Magical Realism in World Literature and Latin American Prose
Pablo Pinter 515,1929-11-28,Moscow,,Russia,Non-Fiction & Essayist,Cinematic Screenwriting & Dramatic Three-Act Structure,Defining Magical Realism in World Literature and Latin American Prose
Arthur Williams 516,1955-12-05,Paris,,France,Novelist & Author,Magical Realism & Post-Colonial Cultural Identity in Fiction,Defining Magical Realism in World Literature and Latin American Prose
Jorge King 517,1921-03-22,Berlin,,Germany,Dramatic Playwright,Graphic Novel Literature & Deconstruction of Superhero Archetypes,Shaping Speculative Science Fiction and Laws of Robotics
Stan Murakami 518,1920-11-22,Toronto,Ontario,Canada,Science Fiction Author,Cinematic Screenwriting & Dramatic Three-Act Structure,Mastering Cinematic Screenplays and Memorable Hollywood Dialogue
Stephen Bradbury 519,1936-11-15,Moscow,,Russia,Screenwriter & Playwright,Cinematic Screenwriting & Dramatic Three-Act Structure,Shaping Speculative Science Fiction and Laws of Robotics
Ray Sedaris 520,1929-08-20,Paris,,France,Fantasy & Adventure Writer,Epic Fantasy Worldbuilding & Mythopoetic Narrative Structure,Mastering Cinematic Screenplays and Memorable Hollywood Dialogue
David Huxley 521,1982-01-18,Paris,,France,Fantasy & Adventure Writer,Magical Realism & Post-Colonial Cultural Identity in Fiction,Pioneering Modern Epic Fantasy and Comprehensive Mythological Universes
George O'Neill 522,1962-07-09,Moscow,,Russia,Literary Fiction Author,Cinematic Screenwriting & Dramatic Three-Act Structure,Advancing Modernist Narrative Techniques and Psychological Realism
Agatha Borges 523,1914-08-14,Mumbai,Maharashtra,India,Poetry Laureate,Magical Realism & Post-Colonial Cultural Identity in Fiction,Shaping Speculative Science Fiction and Laws of Robotics
Simone Kafka 524,1908-09-17,Moscow,,Russia,Poetry Laureate,Science Fiction Speculative Futures & Philosophical Exploration,Revolutionizing Graphic Novels and Mature Comic Book Storytelling
Ursula O'Neill 525,1911-03-02,San Francisco,California,United States,Novelist & Author,"Modernist Literature, Stream-of-Consciousness & Poetic Form",Pioneering Modern Epic Fantasy and Comprehensive Mythological Universes
Pablo Le Guin 526,1945-01-03,Prague,,Czech Republic,Non-Fiction & Essayist,Epic Fantasy Worldbuilding & Mythopoetic Narrative Structure,Revolutionizing Graphic Novels and Mature Comic Book Storytelling
Stephen King 527,1904-10-04,Toronto,Ontario,Canada,Science Fiction Author,Graphic Novel Literature & Deconstruction of Superhero Archetypes,Defining Magical Realism in World Literature and Latin American Prose
Arthur King 528,1979-09-03,Lagos,,Nigeria,Science Fiction Author,Science Fiction Speculative Futures & Philosophical Exploration,Pioneering Modern Epic Fantasy and Comprehensive Mythological Universes
J.K. King 529,1934-04-13,Lagos,,Nigeria,Screenplay Writer,Epic Fantasy Worldbuilding & Mythopoetic Narrative Structure,Shaping Speculative Science Fiction and Laws of Robotics
David Asimov 530,1988-07-02,Mumbai,Maharashtra,India,Science Fiction Author,Science Fiction Speculative Futures & Philosophical Exploration,Pioneering Modern Epic Fantasy and Comprehensive Mythological Universes
Neil Hemingway 531,1971-11-25,Paris,,France,Graphic Novelist,"Modernist Literature, Stream-of-Consciousness & Poetic Form",Shaping Speculative Science Fiction and Laws of Robotics
Gabriel Rowling 532,1902-11-20,Lagos,,Nigeria,Science Fiction Author,Graphic Novel Literature & Deconstruction of Superhero Archetypes,Defining Magical Realism in World Literature and Latin American Prose
Aldous Pinter 533,1909-06-16,Berlin,,Germany,Screenwriter & Playwright,Cinematic Screenwriting & Dramatic Three-Act Structure,Defining Magical Realism in World Literature and Latin American Prose
Pablo Rowling 534,1965-11-15,Toronto,Ontario,Canada,Non-Fiction & Essayist,Cinematic Screenwriting & Dramatic Three-Act Structure,Pioneering Modern Epic Fantasy and Comprehensive Mythological Universes
Franz Miller 535,1980-09-27,Dublin,,Ireland,Comic Book Writer,Cinematic Screenwriting & Dramatic Three-Act Structure,Revolutionizing Graphic Novels and Mature Comic Book Storytelling
Arthur Huxley 536,1977-02-04,Dublin,,Ireland,Non-Fiction & Essayist,Science Fiction Speculative Futures & Philosophical Exploration,Revolutionizing Graphic Novels and Mature Comic Book Storytelling
J.R.R. Clarke 537,1946-08-22,Buenos Aires,,Argentina,Screenplay Writer,Graphic Novel Literature & Deconstruction of Superhero Archetypes,Revolutionizing Graphic Novels and Mature Comic Book Storytelling
Stephen Le Guin 538,1921-06-08,Paris,,France,Literary Fiction Author,Cinematic Screenwriting & Dramatic Three-Act Structure,Advancing Modernist Narrative Techniques and Psychological Realism
Arthur Christie 539,1959-04-02,Edinburgh,,United Kingdom,Poetry Laureate,Epic Fantasy Worldbuilding & Mythopoetic Narrative Structure,Revolutionizing Graphic Novels and Mature Comic Book Storytelling
Roald Asimov 540,1951-08-17,Paris,,France,Non-Fiction & Essayist,Science Fiction Speculative Futures & Philosophical Exploration,Shaping Speculative Science Fiction and Laws of Robotics
Haruki Gaiman 541,1903-09-28,Vancouver,British Columbia,Canada,Dramatic Playwright,Epic Fantasy Worldbuilding & Mythopoetic Narrative Structure,Shaping Speculative Science Fiction and Laws of Robotics
Franz Sedaris 542,1946-09-27,Dublin,,Ireland,Comic Book Writer,Science Fiction Speculative Futures & Philosophical Exploration,Pioneering Modern Epic Fantasy and Comprehensive Mythological Universes
Harold Hemingway 543,1963-06-15,Chicago,Illinois,United States,Comic Book Writer,"Modernist Literature, Stream-of-Consciousness & Poetic Form",Defining Magical Realism in World Literature and Latin American Prose
Ursula Morrison 544,1918-06-12,Prague,,Czech Republic,Comic Book Writer,Epic Fantasy Worldbuilding & Mythopoetic Narrative Structure,Defining Magical Realism in World Literature and Latin American Prose
Frank Huxley 545,1906-04-15,Prague,,Czech Republic,Literary Fiction Author,Epic Fantasy Worldbuilding & Mythopoetic Narrative Structure,Shaping Speculative Science Fiction and Laws of Robotics
Roald King 546,1970-11-23,Toronto,Ontario,Canada,Comic Book Writer,"Modernist Literature, Stream-of-Consciousness & Poetic Form",Advancing Modernist Narrative Techniques and Psychological Realism
J.R.R. Clarke 547,1953-11-22,Vancouver,British Columbia,Canada,Screenwriter & Playwright,Magical Realism & Post-Colonial Cultural Identity in Fiction,Pioneering Modern Epic Fantasy and Comprehensive Mythological Universes
Samuel Williams 548,1905-07-20,Sydney,New South Wales,Australia,Poet & Literary Critic,Epic Fantasy Worldbuilding & Mythopoetic Narrative Structure,Shaping Speculative Science Fiction and Laws of Robotics
Albert Kafka 549,1956-10-22,Toronto,Ontario,Canada,Screenwriter & Playwright,Graphic Novel Literature & Deconstruction of Superhero Archetypes,Pioneering Modern Epic Fantasy and Comprehensive Mythological Universes
Samuel Hemingway 550,1971-01-09,Paris,,France,Screenplay Writer,Science Fiction Speculative Futures & Philosophical Exploration,Pioneering Modern Epic Fantasy and Comprehensive Mythological Universes
Samuel Kafka 551,1961-07-03,Vancouver,British Columbia,Canada,Fantasy & Adventure Writer,Cinematic Screenwriting & Dramatic Three-Act Structure,Defining Magical Realism in World Literature and Latin American Prose
Stan Dahl 552,1914-06-28,Vienna,,Austria,Screenplay Writer,Epic Fantasy Worldbuilding & Mythopoetic Narrative Structure,Revolutionizing Graphic Novels and Mature Comic Book Storytelling
Franz Pinter 553,1954-05-25,Mumbai,Maharashtra,India,Screenwriter & Playwright,Science Fiction Speculative Futures & Philosophical Exploration,Defining Magical Realism in World Literature and Latin American Prose
Neil Adichie 554,1963-12-15,Buenos Aires,,Argentina,Screenwriter & Playwright,Science Fiction Speculative Futures & Philosophical Exploration,Pioneering Modern Epic Fantasy and Comprehensive Mythological Universes
Toni Garcia Marquez 555,1958-04-04,New York City,New York,United States,Graphic Novelist,Cinematic Screenwriting & Dramatic Three-Act Structure,Revolutionizing Graphic Novels and Mature Comic Book Storytelling
George Le Guin 556,1905-10-18,Prague,,Czech Republic,Poetry Laureate,"Modernist Literature, Stream-of-Consciousness & Poetic Form",Mastering Cinematic Screenplays and Memorable Hollywood Dialogue
Jorge Miller 557,1901-02-05,Prague,,Czech Republic,Screenplay Writer,Epic Fantasy Worldbuilding & Mythopoetic Narrative Structure,Pioneering Modern Epic Fantasy and Comprehensive Mythological Universes
Simone O'Neill 558,1918-06-25,Vancouver,British Columbia,Canada,Graphic Novelist,Epic Fantasy Worldbuilding & Mythopoetic Narrative Structure,Defining Magical Realism in World Literature and Latin American Prose
Ursula Hemingway 559,1960-12-18,New York City,New York,United States,Dramatic Playwright,Graphic Novel Literature & Deconstruction of Superhero Archetypes,Mastering Cinematic Screenplays and Memorable Hollywood Dialogue
Arthur Neruda 560,1931-12-27,Santiago,,Chile,Screenplay Writer,Epic Fantasy Worldbuilding & Mythopoetic Narrative Structure,Pioneering Modern Epic Fantasy and Comprehensive Mythological Universes
Arthur Williams 561,1925-02-28,Dublin,,Ireland,Graphic Novelist,Cinematic Screenwriting & Dramatic Three-Act Structure,Shaping Speculative Science Fiction and Laws of Robotics
Chimamanda Pinter 562,1948-06-06,Paris,,France,Poet & Literary Critic,Magical Realism & Post-Colonial Cultural Identity in Fiction,Revolutionizing Graphic Novels and Mature Comic Book Storytelling
Arthur Angelou 563,1916-10-01,Tokyo,,Japan,Non-Fiction & Essayist,Cinematic Screenwriting & Dramatic Three-Act Structure,Pioneering Modern Epic Fantasy and Comprehensive Mythological Universes
Franz Smith 564,1974-05-08,London,,United Kingdom,Poetry Laureate,Science Fiction Speculative Futures & Philosophical Exploration,Mastering Cinematic Screenplays and Memorable Hollywood Dialogue
Maya Lee 565,1924-08-28,Lagos,,Nigeria,Dramatic Playwright,Magical Realism & Post-Colonial Cultural Identity in Fiction,Pioneering Modern Epic Fantasy and Comprehensive Mythological Universes
Chimamanda Beckett 566,1905-04-23,Santiago,,Chile,Novelist & Author,Epic Fantasy Worldbuilding & Mythopoetic Narrative Structure,Revolutionizing Graphic Novels and Mature Comic Book Storytelling
Frank Sedaris 567,1924-03-23,Toronto,Ontario,Canada,Comic Book Writer,Cinematic Screenwriting & Dramatic Three-Act Structure,Revolutionizing Graphic Novels and Mature Comic Book Storytelling
Harold Garcia Lorca 568,1985-02-12,Boston,Massachusetts,United States,Graphic Novelist,Cinematic Screenwriting & Dramatic Three-Act Structure,Mastering Cinematic Screenplays and Memorable Hollywood Dialogue
Frank Adichie 569,1902-02-22,Paris,,France,Science Fiction Author,Science Fiction Speculative Futures & Philosophical Exploration,Pioneering Modern Epic Fantasy and Comprehensive Mythological Universes
Arthur Gaiman 570,1930-09-06,San Francisco,California,United States,Screenplay Writer,Cinematic Screenwriting & Dramatic Three-Act Structure,Defining Magical Realism in World Literature and Latin American Prose
Aldous Moore 571,1939-03-26,London,,United Kingdom,Poetry Laureate,Epic Fantasy Worldbuilding & Mythopoetic Narrative Structure,Shaping Speculative Science Fiction and Laws of Robotics
Virginia Beckett 572,1958-11-08,New York City,New York,United States,Screenwriter & Playwright,Magical Realism & Post-Colonial Cultural Identity in Fiction,Advancing Modernist Narrative Techniques and Psychological Realism
Harold Garcia Marquez 573,1926-09-22,Boston,Massachusetts,United States,Non-Fiction & Essayist,Graphic Novel Literature & Deconstruction of Superhero Archetypes,Advancing Modernist Narrative Techniques and Psychological Realism
Zadie Moore 574,1966-02-06,Mumbai,Maharashtra,India,Science Fiction Author,Cinematic Screenwriting & Dramatic Three-Act Structure,Shaping Speculative Science Fiction and Laws of Robotics
Gabriel Beckett 575,1945-12-28,Vienna,,Austria,Non-Fiction & Essayist,Epic Fantasy Worldbuilding & Mythopoetic Narrative Structure,Pioneering Modern Epic Fantasy and Comprehensive Mythological Universes
Gabriel De Beauvoir 576,1984-06-02,Paris,,France,Non-Fiction & Essayist,Magical Realism & Post-Colonial Cultural Identity in Fiction,Mastering Cinematic Screenplays and Memorable Hollywood Dialogue
Federico Christie 577,1927-12-21,Lagos,,Nigeria,Poetry Laureate,"Modernist Literature, Stream-of-Consciousness & Poetic Form",Shaping Speculative Science Fiction and Laws of Robotics
George Smith 578,1913-10-08,Buenos Aires,,Argentina,Dramatic Playwright,Epic Fantasy Worldbuilding & Mythopoetic Narrative Structure,Pioneering Modern Epic Fantasy and Comprehensive Mythological Universes
Isaac Stoppard 579,1972-01-19,Tokyo,,Japan,Science Fiction Author,Science Fiction Speculative Futures & Philosophical Exploration,Revolutionizing Graphic Novels and Mature Comic Book Storytelling
George Neruda 580,1963-01-22,San Francisco,California,United States,Novelist & Author,"Modernist Literature, Stream-of-Consciousness & Poetic Form",Mastering Cinematic Screenplays and Memorable Hollywood Dialogue
C.S. Rowling 581,1917-11-11,San Francisco,California,United States,Poet & Literary Critic,Science Fiction Speculative Futures & Philosophical Exploration,Defining Magical Realism in World Literature and Latin American Prose
Roald Sedaris 582,1984-10-05,Edinburgh,,United Kingdom,Graphic Novelist,Graphic Novel Literature & Deconstruction of Superhero Archetypes,Defining Magical Realism in World Literature and Latin American Prose
Roald Sedaris 583,1951-11-07,Edinburgh,,United Kingdom,Non-Fiction & Essayist,Graphic Novel Literature & Deconstruction of Superhero Archetypes,Mastering Cinematic Screenplays and Memorable Hollywood Dialogue
George Morrison 584,1922-09-16,Santiago,,Chile,Fantasy & Adventure Writer,Epic Fantasy Worldbuilding & Mythopoetic Narrative Structure,Pioneering Modern Epic Fantasy and Comprehensive Mythological Universes
Simone De Beauvoir 585,1972-08-06,Edinburgh,,United Kingdom,Fantasy & Adventure Writer,Cinematic Screenwriting & Dramatic Three-Act Structure,Revolutionizing Graphic Novels and Mature Comic Book Storytelling
Eugene Sedaris 586,1975-09-19,San Francisco,California,United States,Non-Fiction & Essayist,Magical Realism & Post-Colonial Cultural Identity in Fiction,Pioneering Modern Epic Fantasy and Comprehensive Mythological Universes
Stan R.R. Martin 587,1980-01-07,Chicago,Illinois,United States,Non-Fiction & Essayist,Epic Fantasy Worldbuilding & Mythopoetic Narrative Structure,Shaping Speculative Science Fiction and Laws of Robotics
Toni Angelou 588,1957-11-06,Boston,Massachusetts,United States,Screenwriter & Playwright,Magical Realism & Post-Colonial Cultural Identity in Fiction,Defining Magical Realism in World Literature and Latin American Prose
Ursula Woolf 589,1925-06-24,Paris,,France,Literary Fiction Author,Science Fiction Speculative Futures & Philosophical Exploration,Mastering Cinematic Screenplays and Memorable Hollywood Dialogue
Pablo Camus 590,1916-12-22,Vancouver,British Columbia,Canada,Screenwriter & Playwright,"Modernist Literature, Stream-of-Consciousness & Poetic Form",Shaping Speculative Science Fiction and Laws of Robotics
C.S. Orwell 591,1949-01-28,Vancouver,British Columbia,Canada,Screenplay Writer,Science Fiction Speculative Futures & Philosophical Exploration,Pioneering Modern Epic Fantasy and Comprehensive Mythological Universes
Agatha Moore 592,1938-11-04,Chicago,Illinois,United States,Poetry Laureate,"Modernist Literature, Stream-of-Consciousness & Poetic Form",Advancing Modernist Narrative Techniques and Psychological Realism
Maya Dahl 593,1934-11-01,Berlin,,Germany,Literary Fiction Author,Magical Realism & Post-Colonial Cultural Identity in Fiction,Shaping Speculative Science Fiction and Laws of Robotics
David Dahl 594,1949-02-17,Santiago,,Chile,Screenwriter & Playwright,Science Fiction Speculative Futures & Philosophical Exploration,Advancing Modernist Narrative Techniques and Psychological Realism
Frank Angelou 595,1938-02-08,Edinburgh,,United Kingdom,Poetry Laureate,Cinematic Screenwriting & Dramatic Three-Act Structure,Defining Magical Realism in World Literature and Latin American Prose
Albert Smith 596,1936-11-19,Lagos,,Nigeria,Comic Book Writer,Science Fiction Speculative Futures & Philosophical Exploration,Advancing Modernist Narrative Techniques and Psychological Realism
Jorge Lewis 597,1941-12-21,London,,United Kingdom,Screenwriter & Playwright,"Modernist Literature, Stream-of-Consciousness & Poetic Form",Mastering Cinematic Screenplays and Memorable Hollywood Dialogue
Agatha Williams 598,1964-02-24,Paris,,France,Screenplay Writer,Cinematic Screenwriting & Dramatic Three-Act Structure,Revolutionizing Graphic Novels and Mature Comic Book Storytelling
Aldous Woolf 599,1908-02-26,Mumbai,Maharashtra,India,Fantasy & Adventure Writer,Cinematic Screenwriting & Dramatic Three-Act Structure,Revolutionizing Graphic Novels and Mature Comic Book Storytelling
Neil Orwell 600,1984-08-04,San Francisco,California,United States,Literary Fiction Author,Cinematic Screenwriting & Dramatic Three-Act Structure,Advancing Modernist Narrative Techniques and Psychological Realism
